238,220,3185647
215,194,3243138
201,188,3190222
216,199,3140618
189,176,3018595
194,177,2939395
201,186,3289451
181,173,3133848
228,219,3135844
195,184,3254081
201,175,3076010
215,194,3094166
192,164,2950021
213,190,2801818
218,203,3160172
243,224,3117742
210,192,3115637
216,206,3133318
190,178,3212499
222,209,3364128
219,204,3152851
201,190,3197108
237,216,3258493
208,188,3123171
185,173,2851253
222,207,3134562
224,206,3312584
203,186,3416382
186,173,2960691
213,195,3080714
207,184,3182084
220,202,2967268
212,194,3148405
187,170,3148267
215,203,3271509
206,182,3086923
218,194,3020435
196,185,3032641
215,202,3228154
240,224,3369048
195,180,3187507
222,210,3355383
201,184,3045961
219,198,3204952
219,201,3382619
241,223,3323291
234,216,3325152
208,196,3015357
214,191,3208536
214,196,3222218
183,164,3084051
202,181,3237030
180,169,3020541
255,234,3324231
200,183,3053080
203,182,3125848
185,175,3095331
207,193,3220735
220,206,3296750
210,194,3290208
190,177,2942311
203,181,2904218
177,156,3007698
209,192,3081957
225,206,3349725
214,199,3209718
192,177,3192444
204,189,3028430
212,199,3290008
193,181,3137929
201,183,3044083
195,177,3151205
212,201,3126148
201,183,3050877
228,209,3208935
238,227,3127058
198,185,3174825
231,213,3332774
232,207,3096763
223,209,2978415
230,210,3158755
217,198,3203830
213,195,3100674
218,199,3200256
224,204,3143201
217,203,3204246
192,176,3155509
228,210,3157837
222,214,3090965
200,183,3001473
199,184,3284835
214,203,3276616
214,197,3316278
199,183,3136859
189,175,3114685
207,187,3176088
237,222,3156944
205,185,3007560
210,200,3187634
200,188,2771564
211,195,3427978
209,197,3126357
224,210,3241853
211,201,3130168
189,177,3151560
219,194,3243529
225,209,3151825
220,211,3135031
198,184,2983161
213,197,3160929
176,160,3000783
212,192,3193651
235,223,3311882
195,181,3229326
194,176,3045201
192,177,3122014
202,180,3203367
221,198,3207895
179,162,3111137
207,192,3154276
210,193,3220218
221,203,3264488
203,185,3043913
226,206,3191038
224,204,3333688
198,183,2961035
247,227,3248371
198,179,3336190
194,180,3200543
199,175,3072644
214,199,2996602
177,168,3051800
238,223,3130759
236,212,3300487
180,169,3143696
190,178,3186639
183,172,3121885
192,177,2910915
233,212,3288940
206,191,3078171
205,193,3313665
197,175,2976472
202,184,2995292
175,156,3108723
199,185,3080525
228,214,3120715
177,159,2832228
229,211,3134816
217,202,3185545
212,196,3222480
207,189,3238811
224,207,3140382
226,204,3135720
210,191,3040002
221,201,3184174
198,180,2998060
209,188,3168077
216,201,3114989
188,173,3048243
207,193,2942459
222,202,3107121
203,188,3312881
191,176,3202951
236,216,3140414
212,197,3404658
181,175,2845322
208,193,3065689
208,191,3125960
199,178,3057682
214,194,3094690
208,185,3058724
224,203,3197823
184,168,3040427
210,195,3385913
196,179,3282444
220,196,3280231
213,188,3068040
232,209,3420310
219,200,3241557
224,209,3437039
181,162,3246139
218,199,3123553
234,216,3354891
233,206,3203522
184,173,2913751
216,198,3225676
219,203,3260120
198,184,3145797
202,182,3067967
252,237,3274091
221,202,3361641
216,194,3123827
204,187,3109075
205,190,3041310
201,190,3072400
204,187,3040893
225,204,3254528
187,174,3108064
242,227,3276167
216,189,3235378
199,179,3026686
212,194,3074058
251,236,3273590
206,190,3334984
212,197,3121048
212,201,3217273
201,182,3006300
229,209,3137807
172,159,3237415
199,184,3095104
216,198,3263506
203,190,3260521
210,192,3151541
214,199,3101213
222,204,3041847
193,182,2996434
181,165,3127539
198,177,3024762
221,203,3320365
230,212,3338684
241,222,3197275
224,206,3249665
261,241,3512433
223,204,3173305
175,159,3006590
208,187,3130011
183,171,3155513
239,225,3326535
199,178,3054143
204,191,3174186
234,224,3272108
173,163,3156943
203,187,3177620
214,196,3252719
190,176,3038720
214,198,3113422
179,165,3244293
245,226,3330714
220,206,3318066
202,191,3207539
205,191,3162996
186,165,3163294
206,188,3163729
195,181,3204409
236,221,3263324
203,187,3243942
234,212,3210133
225,212,3365663
212,195,3074035
235,226,3234858
221,206,3153712
252,227,3095242
196,177,3104134
214,196,3235122
209,192,3125913
226,204,3090994
204,189,3239698
197,180,3247450
212,201,3279307
209,188,3115004
188,170,2997802
201,186,3026128
216,203,3006260
231,218,3304524
188,177,2895860
195,182,3228948
210,194,3122933
202,188,3091964
203,187,3279548
229,212,3257486
209,193,3081335
218,203,3262054
248,228,3199930
216,194,3027795
214,201,3106738
214,203,3063227
209,192,3129897
192,171,2941023
222,204,3440778
208,189,3010263
229,214,3085008
210,189,3193178
203,184,3368503
192,176,3086607
210,194,3293071
209,197,3263636
210,190,3218914
206,184,3160678
179,162,2971302
229,212,3163867
215,202,3062534
200,182,2806669
197,180,3324473
211,196,3203453
182,171,3162709
222,206,3262201
200,186,3193744
234,219,3202963
209,187,3158730
216,202,3293423
233,219,3114251
239,224,3147036
221,205,3271186
216,194,3068971
187,175,3143127
197,184,3011962
216,200,3126623
209,184,3078570
206,191,3024000
224,207,3140844
262,235,3144162
228,205,3258435
230,218,3300435
220,210,3320885
209,188,3090890
202,180,2975301
203,191,3281724
191,176,3092203
205,183,3154950
229,209,3108119
218,201,3350764
176,158,3060290
198,184,3060855
231,216,3186468
238,224,3292914
239,223,3233585
226,210,3282920
207,192,3048812
197,182,3219025
205,182,3054082
208,195,3339443
211,192,3287333
196,181,3070013
213,190,3181823
232,212,2815974
211,192,3186289
197,181,3086465
236,221,3207484
190,180,3363693
212,196,3215431
232,210,3299567
213,193,3393680
212,194,3321401
226,204,3062035
221,209,3090630
222,196,3004065
186,172,3012483
236,219,3235923
232,213,3114788
200,190,3224514
222,197,3135889
178,161,3056631
209,186,3121838
199,183,3038827
232,219,3264852
221,201,3076868
221,204,3367753
223,201,3243180
220,199,3350382
199,187,3051902
195,184,2968805
234,217,3164305
233,215,3434478
201,179,3124065
217,197,3189212
171,158,3079315
193,175,3187399
195,182,3237676
210,195,3107730
224,197,3071772
207,185,3188147
240,213,3333005
172,160,2900336
158,147,2971888
204,182,3060170
194,180,3121058
194,176,3085677
199,180,3147993
206,187,3236346
260,248,3623514
244,230,3078101
180,157,3050279
199,189,3389396
230,209,3257091
210,191,2985706
247,222,3134832
213,191,3193912
199,185,2998195
172,152,2924862
193,176,2920163
190,168,3024263
203,192,3186886
238,210,3214018
227,206,3186901
192,178,3161328
219,204,3290616
210,191,3073354
198,184,3386625
191,180,3083249
231,214,3185589
207,188,3144059
226,213,3082809
215,196,3238583
206,189,3081949
209,192,3193914
200,188,3352400
215,203,3137456
188,165,2969179
224,204,3346478
212,194,3405915
226,211,3289838
217,203,3081429
214,200,3147090
201,182,3124134
210,191,3386515
223,194,3094625
195,175,2843826
193,174,3177795
211,197,3234612
210,198,3389886
226,213,3327031
191,178,3005586
209,181,2894682
184,164,3115893
203,182,3155103
200,185,3133108
208,194,3325072
212,197,3196279
221,202,3379457
216,197,3012810
207,190,3020884
201,191,3221449
208,191,3017057
210,195,2975161
179,172,3042801
238,220,3323711
230,216,3001823
228,212,3350054
226,210,3298828
212,195,3285036
185,166,2939327
199,180,3199301
236,219,3209160
195,180,3219426
211,188,2999138
206,188,3164920
214,194,3270509
207,194,2854525
192,171,3208467
207,193,3221996
198,186,3193909
215,199,3446560
208,191,3134079
209,186,3287334
201,187,3063176
219,212,3212955
229,215,3181811
214,202,3227469
201,187,2913002
212,196,3513077
212,191,3013917
208,191,2877725
224,208,2993437
203,188,3081637
197,176,3342757
219,200,3008950
180,163,3185449
201,181,3073507
202,192,3096002
231,215,3397150
178,165,3019393
191,165,2970096
217,193,3055552
214,202,3353580
216,196,3317502
184,174,2979751
221,205,3323398
186,168,3212797
210,197,3273729
196,185,3005915
216,204,2946695
195,182,3003225
195,186,3145550
218,199,3124466
219,202,3199265
221,196,3103814
199,187,2978802
212,193,3006166
220,197,3100756
215,202,3324672
237,216,3047363
205,190,3169374
195,184,2846657
203,191,3066973
212,196,3286416
206,193,3156852
244,228,3187666
196,179,2903259
208,189,3145578
207,190,3223391
198,184,3081174
211,196,3020848
208,193,3354443
215,194,3077979
220,204,3252410
204,192,3012932
210,187,3026206
236,214,3111345
209,189,3112393
201,186,3211858
222,208,3147537
224,208,3030513
218,195,3339897
205,182,3106994
204,192,3094429
216,206,3299721
216,204,3114127
217,195,3185427
215,198,3111524
185,173,2929507
228,209,3280415
189,176,3112976
204,189,3111262
225,211,3221389
227,205,3172653
201,188,3191965
236,224,3295269
255,231,3273948
220,199,3162916
204,190,3124452
204,181,3148942
209,200,3276955
211,194,3307913
187,172,3240690
193,176,3229963
216,201,3326914
205,185,3205148
212,200,3196865
214,202,3107022
205,189,3154595
188,169,3112113
218,206,3162004
209,194,3218628
220,206,3121732
198,186,3080298
195,179,3234703
216,201,3130389
192,179,3062576
186,168,2927917
215,201,3156166
179,168,2884737
211,183,3124597
207,187,3349556
225,214,3350124
212,190,3131863
205,187,2995035
198,183,3182893
197,182,3035392
205,184,3087968
207,181,3062387
221,206,3258955
202,185,2906565
207,189,3267492
198,181,3127833
208,193,3143960
228,214,3133440
209,188,3269492
185,168,3073724
200,182,3211386
194,180,3111918
229,211,3253341
229,200,3195128
167,151,3035688
228,205,3159406
183,168,2988060
233,216,3284287
230,206,3150419
209,198,2993938
191,172,3110226
194,175,3164499
197,181,3038706
215,201,3324405
200,174,2960543
191,171,3190531
196,177,3283031
228,209,3173080
212,194,3249263
214,189,3116043
242,228,3375675
204,189,2905723
221,208,3192481
205,190,3328045
209,192,3151681
186,167,2919370
219,198,3217003
192,170,3104042
230,215,3149487
257,237,3194002
201,178,3178880
223,206,3195048
217,203,3265495
211,194,3014381
208,190,3149215
199,183,3087219
211,183,3110462
205,192,3114019
216,206,3181286
184,172,2927414
195,177,3201197
211,199,3343693
215,191,3301029
220,202,3212969
215,193,3089693
189,172,3171018
193,174,3008480
235,209,3076107
239,228,3278787
198,181,3006228
265,243,3249395
200,186,3146054
197,173,3012127
208,188,3150195
228,207,3299718
226,208,3006398
202,188,3106609
240,225,3140251
238,216,3340639
223,209,3145783
207,189,3095812
197,189,3169455
217,200,3445883
237,217,3216184
222,203,3355959
190,173,3143890
221,211,3275131
230,207,3223091
200,174,3180008
184,172,3106504
205,188,3092966
198,184,3270996
193,167,2952564
213,191,2987514
220,195,3256884
197,184,2970591
224,206,2909263
202,185,3103854
226,206,3197030
241,228,3262174
218,203,3038966
206,195,3224806
231,209,3241983
187,173,3175029
208,188,2874456
197,188,3235490
208,185,3147740
230,216,3194566
185,171,2979200
192,175,2993027
199,183,3013088
228,209,3195506
206,188,2998214
235,221,3293193
220,206,3209416
197,181,3013044
227,210,3208523
226,214,3251655
217,201,2932707
221,201,3265047
205,190,3199801
200,182,3091868
214,199,3280402
199,179,3261368
189,173,3020748
188,172,3131061
232,215,3189395
242,226,3259233
215,201,3206872
201,181,3160052
192,179,3050531
179,163,2934840
215,199,3290979
255,242,3170594
209,191,2894193
220,203,3185158
225,204,3284206
200,186,3166204
187,176,3121761
229,216,3132581
191,177,3144924
186,167,2994571
239,218,3317535
204,187,3107176
216,203,3070012
217,200,2970091
259,238,3476529
182,169,2973260
211,200,2888268
227,207,3433003
198,186,3272837
205,189,3192040
199,181,3115821
208,190,3319182
195,179,2759477
207,189,3191910
222,199,3107174
193,177,3010359
244,224,3148924
199,180,3162701
216,201,3330469
195,177,3091004
237,211,3128638
213,203,3170902
201,186,3284403
216,202,3177469
177,167,3011390
215,200,3210649
232,217,2996661
213,195,3342077
186,167,3043381
222,203,3162834
243,221,3263152
210,194,2964935
194,175,3050587
251,224,3338311
196,184,3146841
250,221,3537285
231,214,3237073
203,184,3021655
220,210,3107170
219,206,3387207
229,215,3144484
206,184,3210312
175,162,2993762
210,193,3177028
210,192,3312720
208,186,3156420
229,216,3381027
237,215,3345373
236,218,3242888
227,211,3195115
185,174,3188925
240,224,3225872
201,187,3113630
199,187,3049714
215,190,3117854
227,207,3133609
207,189,3138200
204,194,3315771
193,177,2971234
195,180,3010881
241,228,3164463
235,215,3171073
227,208,3236889
218,192,3121317
202,175,2967953
204,182,3051244
215,194,3247845
203,188,3206946
203,183,3064992
191,176,3075146
208,194,3203241
205,191,3195617
232,215,3276811
216,200,3180768
180,165,3085665
222,205,2979822
209,193,3091081
195,182,3038325
240,229,3276003
197,173,3005876
177,159,3019262
186,170,2944213
194,175,2889798
233,218,3367078
211,195,3204994
227,206,3033312
212,193,3147403
193,177,3197556
211,196,3259012
181,166,2989134
209,189,3050739
221,210,3225661
207,190,3085920
226,207,3318797
202,185,3125331
176,160,2882296
211,197,3076673
227,215,3299569
190,174,3176193
213,199,2961648
199,180,3018780
199,179,2900826
195,170,2923894
207,199,3224308
200,180,3110773
212,191,3143396
227,206,3300160
205,181,3031810
212,197,3053462
202,181,2998793
215,196,3066142
206,184,3203482
204,188,2984510
202,185,3069068
212,191,3143416
227,208,3257893
241,227,3556001
211,189,3335400
226,210,3156632
199,184,3374242
239,225,3320864
211,189,3069735
217,192,3150051
218,202,3129815
199,186,2799250
210,200,3462717
205,195,3195492
218,208,3034702
220,206,3284837
215,196,3220104
192,177,3235002
211,201,3350193
222,207,3202521
202,191,3184418
210,188,2916725
195,178,3190511
236,216,3045529
258,230,3509744
213,199,3034660
218,194,3068910
201,188,3099752
232,214,3068796
226,206,3151237
209,187,3173447
202,185,3195789
209,187,3110889
216,199,3232395
242,231,3180807
219,197,3087735
204,190,3143748
199,186,3194483
185,165,3027913
206,186,3307138
201,188,3362811
202,184,3034580
201,184,3139673
202,185,3080413
199,181,3028148
232,217,3153102
206,190,3208715
213,202,3230131
221,194,2993398
221,204,3103617
203,189,3087220
196,177,2913326
207,188,3350294
187,161,3252096
220,205,3335516
230,210,3214366
186,170,3029757
218,204,3193688
195,168,3154136
203,184,3210511
222,204,3363580
224,203,3316806
251,235,3416598
201,184,3242941
207,188,3086122
205,184,3125766
216,200,3203737
226,213,3305623
190,177,3207534
205,191,3272128
225,202,3131896
201,188,3445576
187,177,3226427
206,195,3292213
225,210,3320383
214,196,3259907
220,207,3156272
191,171,3044703
227,204,3394068
251,237,3109039
220,203,3269681
196,171,3112172
206,188,3162914
217,200,3137124
224,214,3319979
205,183,3167010
227,209,3113299
217,198,3088241
197,180,2958850
221,208,3266489
235,216,3148647
207,190,3147660
201,183,3269191
201,188,3033649
204,182,2838814
209,193,3221055
217,199,3315214
215,199,3299884
205,193,3172732
204,187,3349001
203,187,3100872
222,205,3091318
201,181,3309664
209,194,2952650
229,203,3086831
176,162,3137366
193,185,2913070
195,179,3122153
213,198,3115287
223,202,2950567
220,200,3362216
205,188,3149828
223,204,3303543
182,168,2960036
207,187,3175738
244,224,3366448
199,182,3058192
189,178,3322379
234,211,3289713
204,186,3355589
209,192,2984644
210,195,3124809
208,202,2946563
225,207,3197934
215,197,3142875
217,190,3145203
259,243,3400705
228,208,3204532
201,186,3239643
189,175,3047619
214,201,3287435
234,218,3179493
235,211,3107982
225,205,3095425
186,166,3059390
204,187,2934054
224,202,3079147
200,180,2938447
226,206,3045221
206,190,3078262
200,173,3322008
228,213,3333027
229,206,3034791
243,221,3317620
197,185,3060627
198,184,3096696
211,200,3163695
200,181,3106978
195,172,3001457
227,213,3279243
215,196,3129769
218,203,3304374
212,197,3259384
199,181,3143496
242,223,3421064
207,192,3214174
194,177,3108250
216,201,3316091
207,195,3111918
215,205,3265237
189,175,3065341
215,200,3239032
197,178,3131802
214,202,3081390
240,222,3404444
189,175,3079160
209,189,3112265
198,189,3188394
213,200,3175654
217,203,3184356
192,180,3196630
185,167,3042519
201,193,3410475
224,206,3164624
192,173,3209076
227,209,3051758
194,174,2956437
232,211,3462828
208,191,3132770
257,232,3241261
214,199,3020762
220,201,3029434
215,192,3248161
209,196,3272211
231,212,3259753
230,218,3359044
229,215,3245902
170,156,3164325
185,164,3094059
225,207,3119679
226,212,3346244
202,185,3089143
189,170,3144512
201,183,3261271
250,225,3205781
224,201,3103131
203,190,3091208
215,184,3254473
247,230,3377257
234,217,3315509
193,181,3118488
213,194,3278101
228,216,3282397
203,190,3138800
220,207,3158133
209,192,3293690
209,194,3000087
230,210,3015007
200,183,3080939
207,193,3178138
212,192,3063893
195,179,3111062
176,165,3247676
212,197,3180204
201,188,3155368
225,209,3206388
196,178,2870373
223,213,3171914
205,189,3067877
180,167,3149913
194,181,3426695
204,189,3233668
228,210,3128630
184,169,3127741
235,213,3338834
186,168,2998598
208,189,3112557
230,214,3191983
208,194,3065767
234,207,3274804
233,216,3126694
232,214,3253745
235,218,3352893
222,201,3283680
175,159,2999124
205,197,3117791
212,202,3272601
198,180,3192884
215,198,3222431
207,183,3000683
205,187,3015943
206,191,3156560
183,170,3018089
204,183,3115689
229,217,3347326
223,210,3084843
210,197,3204169
191,178,3020646
214,191,3073669
211,197,3245402
227,213,3304939
198,184,3155653
229,211,3134779
219,200,3044374
211,188,3213507
214,197,2905569
204,190,3333873
229,215,3346011
212,190,3083230
208,190,3081118
196,178,3267728
199,187,3149395
240,225,3304920
206,190,3233652
178,156,3057409
214,202,3077687
195,174,3270663
238,215,3341829
233,214,3131501
203,183,3172717
228,210,3492540
234,211,3292791
218,205,3321458
205,183,3179304
204,190,2837716
201,181,3251653
223,211,3345763
206,196,3386238
229,218,3348477
187,170,3135695
225,198,3350642
238,217,3163454
184,165,3163326
202,185,2861911
201,186,3249811
176,169,3042007
222,202,3170825
212,194,3248862
224,207,3257857
216,199,3097483
209,194,2999636
215,190,3308454
202,186,3304596
209,190,3010326
205,191,2987455
202,183,3049414
193,169,2884075
199,184,3036306
180,163,3129558
195,179,3041367
244,229,3432060
231,211,3184636
225,205,3110933
203,185,3209014
242,225,3293298
188,170,3097392
203,185,3069363
222,206,3229108
197,183,3224710
220,206,3310137
232,217,3344700
200,189,2935032
211,199,3299229
203,183,2974324
220,204,3219178
195,183,3122782
185,165,3125315
230,215,3295822
213,195,3148610
205,193,3197415
213,198,3222920
203,177,3026978
211,192,3311443
198,179,3169094
209,198,3291149
240,227,3347740
200,185,3040534
237,223,3499780
187,173,3191250
202,183,3180457
205,190,3160267
214,203,3000505
214,196,3314073
194,181,3080926
238,224,3389935
226,202,3176005
179,172,3179443
192,170,3159400
164,154,3149569
218,199,3253512
229,211,3150408
215,199,3192781
230,206,3223878
183,171,2997766
242,220,3230855
200,185,3183508
201,182,3059899
217,194,3220818
202,189,3138054
225,212,3204596
208,192,3174831
193,178,2965834
228,218,3419334
224,204,3059455
238,221,3178320
207,186,3044318
209,196,3155768
191,167,3126011
171,158,3007251
199,180,3012787
247,228,3364461
226,212,3062529
189,177,3222636
198,180,3001596
189,178,3295144
184,163,3128709
217,201,3190184
237,224,3248849
211,189,3107201
224,209,3296306
192,174,3131911
191,173,2921444
186,174,3090654
211,200,3307329
203,192,3249404
225,208,2983980
230,206,3231176
210,195,2887204
231,208,3388684
200,189,3193035
231,210,3092193
226,209,3163687
231,216,3271161
184,165,3068912
227,208,3255941
210,194,3289937
201,179,2948905
200,186,3008594
208,196,3215299
206,191,3063313
233,206,3289724
214,195,3202295
241,222,3104528
226,205,3231678
233,209,3176037
234,209,3071820
195,174,3278638
229,211,3116578
197,181,3215166
240,222,3467073
202,188,2921555
212,190,3122777
215,193,3090360
242,223,3336080
222,207,2980775
210,195,3381911
201,185,2955101
215,193,3224137
202,181,3082381
225,209,3106518
225,209,3177056
218,205,3068450
194,178,3264820
186,175,3337938
192,174,3225292
196,172,3056817
205,188,3142175
221,208,3311384
196,177,3257880
210,202,3144749
176,161,3191155
220,203,3311353
207,188,3062501
194,170,3059905
206,188,2877745
202,186,3186493
222,209,3190072
208,187,3113779
191,180,3253527
232,213,3221644
206,189,3111464
208,191,3264847
204,188,3146400
228,213,3162667
244,231,3324680
190,177,3255844
224,207,3201245
255,231,3506324
216,196,3188633
198,183,2943042
229,213,3076773
195,179,3050363
218,202,2944042
189,176,3002959
226,206,3168729
208,196,3135230
197,181,3173317
201,183,3178713
205,194,3099502
205,192,3093381
209,193,3213425
184,172,3400528
222,206,3179255
197,183,2891678
200,186,2918654
208,183,3094887
231,211,3376170
191,178,3199170
175,164,3283236
233,217,3102393
190,177,3148040
229,209,3238637
182,163,2961677
204,180,3085002
208,189,3196562
212,193,2943277
204,194,3286091
189,181,3147960
229,218,3215445
223,208,3164903
195,181,3231085
247,227,3338207
221,202,3238036
210,197,3195702
216,203,3073802
223,203,3117901
219,205,3072704
229,203,3193737
218,199,3363583
188,175,3169712
211,198,3165861
184,169,2982050
214,200,3257276
211,202,3267044
176,164,3043017
241,225,3164649
226,212,3306051
234,219,3246826
219,202,3125925
214,197,3083319
199,186,3276274
214,190,3219662
214,199,2955355
220,207,3081161
220,201,3321487
184,173,3162217
220,200,3194164
188,176,3106811
233,221,3094392
180,164,3481865
202,187,3294019
189,170,3151034
213,199,3331688
189,170,3119815
197,179,2929506
199,179,2987549
202,182,3038019
212,189,3009355
205,191,3200642
226,212,3004992
176,164,3287341
227,205,3436953
235,214,3141582
212,194,3230648
214,200,3166907
176,162,2862224
210,198,3206668
200,186,3152015
210,196,3409071
184,172,3014166
223,201,3232960
222,206,3134756
217,201,3201565
230,216,3387969
191,176,3311061
232,215,3444130
227,218,3318191
208,194,3179737
196,178,3397596
191,179,3127058
188,172,3214672
232,215,3481958
244,223,3149727
206,191,3344071
236,219,3208446
182,167,3046841
208,187,3157023
201,189,3205192
223,212,3157890
205,180,3304918
224,202,3056346
237,222,3406463
224,194,3301910
209,199,3398342
204,189,3190909
197,183,3027043
236,211,3385261
223,204,3341542
234,216,3267741
224,207,3326395
213,191,3186101
201,185,3054858
204,183,3031031
239,218,3447314
227,207,3180543
186,165,2947300
191,176,3316336
235,213,3335562
199,181,3089006
200,183,3124602
185,161,3054225
185,172,2910427
213,194,3302858
188,175,3133840
185,174,2877140
223,207,3299292
189,179,3190396
200,176,3031638
184,167,2983531
202,186,3383756
195,178,2917737
204,187,3021704
179,169,2836003
212,194,3234100
216,199,3196773
190,175,3134335
197,175,3078894
208,189,3178695
200,190,3002578
230,208,3270964
229,214,3342100
227,206,2999402
198,175,3231412
193,178,3146908
225,207,3152290
236,220,3384249
199,186,2936744
201,186,3329035
246,224,3343343
206,191,3154713
216,200,3338672
220,199,3217689
244,225,3181642
212,196,3207798
193,181,3015719
206,188,3248304
202,181,3196155
222,204,3290940
218,200,3135416
231,208,3134948
216,198,3353893
224,206,3186188
188,173,3002859
208,190,3112032
207,198,3152518
222,202,3206681
213,194,3279969
213,199,3132829
203,181,3051362
240,223,3444847
194,176,3004744
230,216,3331109
185,172,3274615
191,175,2965544
205,190,3051150
200,183,3114648
210,187,3268597
205,188,3028889
233,217,3293301
169,156,2980180
225,208,3155924
204,188,3158794
217,205,3193732
221,204,3274582
221,202,3331313
219,196,3030055
185,168,3150517
218,202,3345490
210,192,2974120
189,178,3108321
240,220,3115388
190,181,3199468
224,206,2975043
221,204,3295061
242,215,3220164
216,194,3025680
188,170,2976180
234,216,3268756
208,194,3212060
218,198,3228549
234,221,3230834
190,173,3095527
194,174,2957975
229,209,3355899
229,207,3079921
229,212,3384343
206,191,3108177
189,171,3091560
184,162,3018208
235,221,3455830
195,179,3026132
207,189,3024507
196,177,3232979
198,177,3178413
173,155,2904936
217,200,3205232
217,197,3099694
229,205,3175584
200,184,3092315
220,204,3358414
214,191,3195407
225,201,3144164
197,178,3207477
194,171,3149630
205,190,3341095
226,205,3059676
204,193,3080403
190,176,3071661
189,177,3160747
218,198,3185741
186,173,3112003
176,164,2948797
218,213,3112165
215,192,3189339
196,189,2960343
224,213,3056963
189,172,3029838
206,188,3214933
200,176,3082298
217,192,2983231
238,216,3226591
218,202,3053976
188,174,3198765
180,167,3039681
161,142,2931727
224,208,3158994
201,177,3086799
205,191,3246349
195,181,3112709
239,215,3176818
182,165,2864704
240,210,3280507
228,215,3217078
217,196,3143532
197,183,3240272
194,175,3152767
247,233,3222198
195,179,3219873
201,182,3089563
218,199,3139015
210,191,3335538
213,201,3241013
203,189,3327621
207,197,3067356
229,211,3297736
210,188,3261058
230,213,3480507
205,190,3143150
203,182,3084840
215,196,3274178
193,180,3181859
206,192,3257958
222,205,3397369
223,203,3157706
227,209,3239026
194,182,3050594
206,185,3229455
181,167,3037430
218,208,3159823
216,193,3166028
213,196,3355727
220,201,3260285
235,218,3283568
223,205,3136764
206,187,3117391
198,178,3096768
220,195,2946701
193,176,3094336
184,172,2973057
200,179,3128780
224,209,3165100
232,220,3160875
190,161,2947288
213,198,2983970
211,187,2979401
218,195,3257597
220,200,2952437
194,176,2939974
225,205,3426142
215,197,3038728
213,196,2927834
210,192,3003738
208,193,3040295
205,178,3059585
222,208,3196413
212,202,3200524
221,208,3258666
194,176,2902145
218,198,3172937
219,194,3113715
207,187,3086558
204,184,3034046
203,179,2993498
226,212,3152423
205,181,3256544
228,207,3161487
241,220,3403244
206,183,3339475
221,208,3174035
194,182,2942919
223,203,3070624
222,206,3217201
207,188,3176859
238,214,3387373
213,196,3027826
222,202,3191866
183,166,3132399
204,189,3337545
223,209,3026015
219,197,2937923
217,204,3332998
191,176,3007479
236,216,3362901
207,195,2993022
184,168,2866882
233,216,3316321
175,165,3107237
207,194,3334533
224,202,3052636
206,185,3160738
203,190,3141044
218,199,3336369
215,203,3389418
186,178,3169430
197,182,2967369
215,198,3021104
213,200,3350095
205,184,3072948
204,194,3052865
201,182,3046048
226,206,3097370
198,174,2998569
220,202,3339299
203,188,3086478
202,191,3277438
196,177,3130270
202,182,3068090
204,189,3130806
204,179,3049434
227,210,3336470
200,178,3279153
212,196,3247469
197,182,3201515
215,200,3252292
221,207,3072919
228,217,3344093
201,186,2956215
208,196,3086100
204,188,3306661
209,192,3232612
210,193,3146628
210,195,3190368
193,174,3052382
211,193,3125585
194,180,3120481
222,200,3181560
231,203,3217045
211,198,3141143
204,191,3076383
221,202,3196542
223,201,3145296
174,161,2956317
196,174,2933623
191,177,3104166
219,202,3293229
235,219,3093869
207,186,3179403
210,184,3195292
186,168,2838343
178,164,2992036
221,206,3353051
205,193,3012714
204,186,3039975
175,163,3065832
243,217,3401065
213,200,3059698
222,207,3233686
201,189,3165708
183,165,2958447
236,214,3316876
202,188,3226916
243,224,3048456
247,229,3234547
220,195,3118571
229,213,3271607
186,168,3084498
210,190,3152201
197,184,3326773
172,159,3188045
201,183,3026756
193,177,3053550
201,188,3111888
203,184,3140197
201,181,2927007
182,163,3178790
232,206,3263761
200,184,3194696
177,167,3093450
196,184,2987507
200,183,3122539
213,196,3080916
219,195,3103996
226,205,3061771
186,160,2937770
245,233,3263185
193,180,3021908
229,216,3410549
179,154,3134743
201,177,3126947
205,189,3272224
187,171,2986331
239,213,3236987
236,223,3213899
200,189,3343206
217,204,3041470
206,189,3202396
211,197,3249579
232,210,3386958
207,197,3044422
219,197,3182327
212,195,3140952
232,214,3198275
215,199,3192606
230,216,3182291
228,207,3246984
194,174,3121514
231,220,3101688
232,219,3167391
220,202,3373067
208,192,3127245
214,194,3214853
195,180,3014913
208,191,3140289
208,192,3242109
195,184,3048485
231,214,3171191
204,190,3149124
216,198,3068010
201,182,3247010
229,213,3061867
201,186,2962872
251,233,3449211
201,180,2920393
207,185,3029865
192,177,3353186
196,180,3193975
193,179,3121023
209,185,2991199
181,164,3274079
224,208,3139358
191,168,3185534
215,202,3219059
235,218,3194844
226,214,3235704
198,181,3064326
221,198,3292618
233,215,3184467
190,177,2967009
196,180,3238768
212,200,3376203
226,207,3177481
192,171,2966687
205,182,3262847
219,203,3002862
190,174,3069224
204,194,3064389
204,186,3252054
219,206,3312744
191,174,2982802
212,195,3359681
204,185,3062156
244,221,3367988
217,208,3116429
213,202,3248351
213,192,3128071
210,191,3130757
199,183,2827807
197,179,3342268
207,185,3038790
184,169,3051072
220,201,3185963
198,179,3021807
201,183,3196334
202,188,3339483
207,187,3142729
228,210,3276379
228,216,3186024
189,171,3016590
221,198,3224383
171,156,3057526
220,210,3218789
221,208,3185398
223,204,3182487
209,195,3331401
204,192,3203868
214,195,3031409
195,176,3118316
205,185,3051636
214,194,3275221
228,208,2999681
241,223,3419818
233,214,3249468
220,201,2996510
223,205,3286730
218,192,3021590
227,212,3255693
200,190,3207075
209,195,3211217
206,188,3170439
244,221,3157246
192,180,2997933
197,180,3032656
230,209,3341546
201,189,3183304
201,188,3202687
198,179,3197911
202,180,3002364
183,160,3151088
212,197,2949841
228,214,3128058
214,194,3083123
208,194,3289084
205,190,3103916
205,191,3183183
210,196,3260022
202,186,3082671
229,216,3071961
227,202,3256160
240,216,3341979
208,193,3148498
200,188,3236398
228,211,3173246
170,157,2976243
241,224,3526384
206,191,3168553
207,191,3021067
219,201,3023370
220,209,3250217
218,205,3284879
213,196,3293426
203,189,3256470
203,192,3251554
199,182,3089474
216,200,3245272
192,180,3345222
214,192,3101183
191,177,3032072
202,187,3161605
184,171,3023659
209,190,3170525
210,187,3245911
173,161,2974291
206,192,3106803
197,185,3142689
232,215,3154495
210,190,3058646
220,207,3040524
264,249,3179876
194,175,3053348
184,167,2999808
203,187,3300291
187,174,3189485
210,194,2987431
195,182,3254912
166,154,3130333
216,195,3347456
218,201,3283435
229,207,3151243
198,177,2875972
242,227,3232919
188,168,3158985
224,198,3279022
214,200,3200667
193,177,3053119
222,207,3261078
227,205,3163254
217,199,3318153
219,205,3155959
213,200,3189472
196,179,3150255
207,187,3119538
238,224,3334118
220,200,3026603
196,175,3178792
204,192,3275093
194,173,3078942
213,194,3008322
173,163,2871127
192,178,3276502
227,216,3180946
206,195,3064370
204,184,3097363
220,203,3006076
200,182,3182445
201,182,3257972
209,191,2981525
178,161,3239755
217,197,3130769
215,195,3252669
227,208,3240686
218,198,3122453
218,203,3364354
223,205,3240295
193,178,3121237
192,181,2912846
198,182,3233838
197,179,3093324
190,173,3044725
229,210,3158939
216,198,3229134
205,193,3157616
212,190,3303682
207,187,3093136
223,209,3283717
215,194,3192223
180,168,2887587
223,208,3319128
190,174,3062447
228,210,3380689
196,175,3146040
224,211,3031752
180,164,3020947
198,179,2983432
195,183,3129856
218,200,2980745
198,180,3051570
202,185,3269790
197,180,3165327
214,199,3529148
207,194,3049807
222,206,3066071
207,191,3211740
197,184,3085846
220,208,3151940
209,187,3415798
184,174,2996779
221,196,3301932
213,203,3205030
205,189,3156158
227,207,3151339
223,204,3298750
230,217,3186863
216,195,3245489
227,206,3416693
214,196,3409469
203,185,3255381
196,181,3116896
210,183,3102273
223,200,3085534
209,198,3287911
233,221,3382742
199,193,3218513
195,182,3011377
209,200,3178533
210,194,3189931
177,161,3273540
215,190,3215458
218,196,3167013
209,194,3240825
220,200,3209018
217,195,3308151
200,182,3164567
221,196,3072056
249,237,3474053
238,222,3237977
201,191,3122408
211,196,3096089
190,170,3112603
195,177,3220707
203,193,3212851
190,171,2890847
238,209,3198193
217,203,3159816
209,197,3525739
196,179,3120037
198,184,3072595
196,179,2943968
218,207,3318958
211,194,3010410
184,167,2972496
243,227,3469789
213,195,3176680
195,180,3000506
190,172,3033634
213,193,3035661
208,194,3187529
225,210,3242190
218,202,3158099
236,221,3460428
195,172,2957895
211,192,3036320
179,168,2961179
199,184,3140893
210,194,3076055
207,186,3191134
191,172,3070390
229,217,3167454
210,187,3152917
226,206,3168092
217,190,3273099
210,190,3090256
195,186,3147218
207,195,3221874
201,185,3101494
175,159,2671183
209,187,3083223
210,190,3114995
253,229,3262592
213,191,3058574
235,218,3289895
228,206,3373950
193,177,3137503
218,203,3297927
196,178,3078464
212,194,3332436
197,175,3025388
231,215,3099787
200,188,3290403
219,201,3245352
218,198,3155559
227,213,3104286
196,182,3069002
209,195,3278931
219,203,3363254
215,203,2929564
194,179,3355398
219,197,3050244
212,197,2948325
186,173,3065130
203,186,3039357
199,179,3205459
218,207,3202594
182,171,3040331
187,165,3156318
203,189,3120729
217,201,3067057
179,163,3064733
220,208,3314481
221,205,3235125
198,181,3141703
247,227,3420652
183,160,3043296
193,176,2997283
194,180,3069993
218,189,3065441
192,179,3116033
240,226,3280329
209,192,3214034
199,181,2999019
211,195,3308544
203,186,3092180
234,215,3011690
191,176,3204023
207,196,3227211
208,192,3072707
222,208,3267127
227,211,3217466
186,168,2954320
208,193,3193593
238,222,3296638
187,175,2999698
221,203,3250681
237,223,3255687
200,189,3110973
216,199,3173864
220,202,3163138
226,205,3147352
205,191,3101624
211,195,3195752
233,213,3107025
213,190,3092459
217,204,3190367
209,194,3148036
204,187,3217933
205,192,3189602
206,192,3200700
214,195,3079036
236,216,3203131
264,246,3400249
207,191,3147967
222,205,2906374
237,217,3247889
212,192,3129721
204,186,3065578
203,186,3086524
204,186,3122223
217,199,3105388
220,202,3186046
201,187,3218959
185,168,3124623
228,212,3116060
241,209,3346505
201,188,3212631
222,204,3239163
201,179,3010913
190,176,3026861
205,188,3091178
210,190,3122751
191,173,2966435
212,198,3310075
212,198,3212576
189,171,2974653
229,211,3250563
202,186,2985840
207,193,3207257
203,186,3098805
250,232,3233874
220,206,3059871
211,198,3207754
222,205,3237308
186,178,2914428
212,196,3289268
194,179,3178216
261,247,3464206
219,194,3085123
241,223,3330909
254,236,3494803
198,177,2994452
202,187,3457601
207,193,3185523
188,175,3059878
219,197,3217268
204,188,3022933
215,201,3093401
218,207,3124576
202,182,3163612
179,163,3011954
208,196,3058996
207,198,3240551
217,205,3314644
213,195,3135805
191,171,2990130
211,198,3105109
211,193,3210913
199,184,2939452
194,176,3199553
195,180,3014070
215,193,3026882
223,196,3038162
168,149,2738915
218,198,3126805
171,158,2917260
160,146,2812301
207,194,3160618
204,187,2891714
226,209,3116239
225,208,3238287
200,184,3015159
230,215,3156865
232,223,3384021
201,186,3283835
212,194,3103366
224,205,3376347
183,169,3085340
196,182,3181251
214,196,3280139
192,181,3011408
188,177,3266728
184,166,2919238
214,195,3212490
237,224,3393433
179,161,3012383
197,178,2920405
207,195,3084219
209,192,3165798
209,184,3212664
210,191,3069535
205,193,3168292
212,198,3306746
208,188,3185873
234,220,3216107
248,233,3210401
220,202,3156648
188,174,3111383
207,193,3209732
188,173,3180762
198,178,2978853
233,212,3299104
223,210,3234100
194,178,2989433
208,195,3153446
205,189,3098896
212,193,3132127
192,174,2871836
226,216,3513172
239,223,3381370
211,189,3230180
184,171,3146076
217,199,3350808
227,213,3149469
236,217,3280198
187,170,3112867
198,174,3268096
236,211,3215034
215,196,3523537
209,194,3182872
211,196,3120150
222,208,3084351
217,199,3254840
201,188,3217299
219,196,3017345
196,184,3074374
227,205,3272856
224,209,3277015
246,226,3324349
184,168,2951464
205,191,3254498
234,217,3193085
192,179,2988686
214,195,3169580
193,179,3083971
195,177,3107769
215,195,3372929
198,174,2924927
217,198,3021223
210,191,3118341
195,184,3132421
201,181,3121147
212,190,3117997
214,198,3277602
218,204,3182174
237,222,3274216
203,188,3109330
193,176,3199143
184,174,3166303
217,198,3226830
226,212,3188592
193,180,3077638
205,192,3065339
233,215,3294778
179,165,3023675
193,178,3119249
224,208,3268423
234,214,3331358
210,191,3240919
184,165,2917003
217,200,2963106
205,192,3189271
179,160,2985030
234,209,3260927
196,174,2960980
208,194,3322435
187,168,2871952
205,187,3153813
238,218,3230789
205,193,3110449
204,192,3076485
188,169,2930937
212,188,3187174
226,208,3279702
213,195,3290821
200,185,3107469
200,185,3154561
198,189,3187859
177,162,3084011
208,193,3005480
212,190,3163046
201,185,3253710
163,145,2935755
210,191,3064968
215,203,3327285
180,167,3087661
187,169,2896161
204,183,3162919
188,175,3286242
210,197,3123252
201,186,3292282
206,193,3204821
198,188,3072545
200,181,3126185
194,178,3207463
248,229,3335881
230,209,3271865
218,202,3194389
213,201,3103199
214,190,3455843
224,214,3010392
228,205,3266034
205,186,3084477
225,206,3325419
205,193,3419926
186,165,2971849
168,150,3008744
205,190,3080679
191,177,2932212
225,210,3390714
191,170,3058169
189,169,2918237
208,195,3216268
241,225,3163309
178,169,3071340
211,194,3166287
238,218,3077466
217,202,3222062
188,175,3126917
197,183,2920328
195,179,3140540
201,186,3185925
228,209,3059261
189,177,3039923
215,195,3163044
208,195,3128466
193,179,3072067
192,177,3160486
227,207,3289190
206,188,3208587
214,196,3155524
219,193,3085918
209,188,3188089
238,225,3215956
205,189,3068540
221,210,3402737
222,204,3268018
169,157,3041006
220,200,3162832
201,181,2965193
210,190,3130154
184,171,3001603
179,164,2953254
197,178,3386298
200,182,3180129
179,169,3055218
207,191,3161070
204,183,3043008
201,182,3012268
199,177,3213653
207,192,3306835
208,194,3361846
198,183,3023267
209,188,3372506
225,206,3107591
216,198,3277887
211,193,3161098
182,170,3092870
197,180,2985341
199,180,3005539
202,186,2885260
201,189,3179584
221,204,3281981
204,191,3164285
211,193,3083176
212,197,3157625
184,171,3188109
202,192,2988288
202,192,3251736
205,189,3141861
240,223,3143072
212,200,3141946
186,174,3132375
206,191,3104542
184,164,3245543
218,200,3196519
188,172,3009402
211,202,3269474
216,195,3114809
217,202,3273309
257,243,3369560
219,196,3387918
199,180,3136003
228,212,3390259
191,178,2788996
204,191,3091193
204,187,3110030
205,189,3262888
221,210,3385851
206,189,3149846
197,180,3126105
209,197,3285443
207,181,3031722
192,176,3065378
203,180,3233106
193,180,2990521
217,203,3174926
217,191,3390059
196,179,2917083
188,176,3077760
205,190,3143375
186,173,3109793
227,211,3390052
186,177,3103901
217,196,3146148
210,190,3155672
201,187,3138686
191,172,3077172
201,179,3194996
198,186,3075442
169,152,3201960
194,182,3101214
202,189,3030737
203,194,3209149
206,195,3119203
170,156,2957622
202,189,2983785
220,208,3280860
221,205,3297690
224,215,3355522
230,216,3111803
209,189,3352136
189,167,3062454
193,178,3235419
198,177,3205950
207,194,3219784
220,206,3245505
239,221,3623180
235,214,3381434
187,175,2981385
198,187,3110350
215,202,3290884
232,212,3388342
200,184,2999172
184,172,3017544
206,194,3230195
167,152,2884329
196,178,3113784
192,177,3185047
221,205,3469451
230,208,3266001
210,186,3235661
198,181,3196128
224,206,3387181
207,188,3111042
182,164,3050704
196,177,3122901
229,211,3168556
199,181,3115469
225,210,3227899
200,182,3289493
181,162,3141797
200,188,3270252
217,197,3052714
210,192,3207736
231,215,3416259
195,184,3203927
222,206,3257834
193,181,3062772
213,189,3289795
207,183,3025184
228,216,3350123
194,173,3025407
232,201,3221729
210,191,3261946
204,193,3118340
210,193,3230059
211,196,3193581
229,210,3149217
221,207,3199568
205,194,3211491
203,183,3046168
204,187,3103983
210,194,3040070
211,195,3076264
200,180,3224284
196,170,3058581
249,230,3321787
208,192,3192424
210,193,3153435
219,201,3120535
191,168,2880218
185,171,3053424
208,192,3158214
165,149,2826849
210,195,3225460
227,206,3145086
207,186,3104324
220,206,3184509
226,205,3154289
218,202,3185858
211,195,3213841
218,195,3181565
205,185,3056222
216,194,3376183
218,201,3200354
226,201,3111663
189,173,2897922
202,196,3109323
232,218,3300734
215,200,3096798
211,196,3339160
231,211,3191935
238,220,3083164
189,172,2931146
208,189,3104994
224,205,3250133
213,199,2989248
210,200,3077728
212,199,3245422
211,195,3254235
181,169,2945596
222,203,2953113
179,163,3130372
206,190,2940308
214,200,3195047
207,190,3220308
221,207,3108772
200,183,3153930
198,183,3148124
216,196,3108559
194,169,3117729
226,208,3210510
257,242,3306373
221,198,3243322
182,165,3066639
197,181,3329192
234,215,3411664
200,182,3072655
200,187,3241413
195,182,3005403
207,188,2991294
213,197,3231155
204,190,3214973
232,209,3258383
187,174,3117530
216,191,3277550
206,179,3113992
214,198,3179540
226,208,3182966
187,173,3143499
208,190,3257790
195,183,3107003
212,200,3257230
236,220,3324846
212,192,3258904
217,203,3225977
173,159,2869146
204,187,3289217
223,198,3320070
219,203,3258597
177,159,3001824
216,194,3158049
188,167,3046656
219,201,3385976
205,179,2787110
181,157,3022927
199,187,3163536
226,209,3130214
205,188,3150571
203,184,3035776
223,204,3345351
218,200,3127852
208,184,3110217
229,216,3110204
235,216,3251347
199,183,3084703
226,205,3279328
215,199,3285696
213,196,3189692
189,171,2962762
239,222,3359130
219,206,3361770
207,187,3047940
182,168,3100507
221,197,3078270
220,199,3349689
239,225,3202801
219,196,3313513
234,222,3235781
200,182,3154406
198,181,2935161
197,182,3254058
208,198,3270392
207,187,3170579
193,183,3067296
195,180,3082721
197,180,2943797
195,169,3046416
207,187,3070197
231,213,3230007
198,186,2919164
201,188,3296661
199,172,3063496
208,189,3162384
205,188,3059770
230,212,3188570
219,202,3310458
193,179,3091179
215,203,3199907
198,183,3114699
237,216,3199803
206,189,3085528
214,197,3227676
197,184,3022263
221,202,3235431
200,184,3171790
193,180,3196777
204,190,3175436
223,200,3374277
245,216,3392236
197,189,3062631
196,178,3126949
208,195,3283864
187,175,3212295
240,221,3182581
205,197,3307751
199,179,3200714
205,186,3006920
219,206,3283213
216,202,3306121
208,185,3001380
202,182,3278745
217,193,3081328
233,215,3255015
209,196,3097359
212,190,3065615
228,217,3396144
209,193,3123623
201,188,3173334
178,165,2994980
217,192,3190446
240,220,3469167
188,172,2945352
214,194,3130027
206,187,3223499
211,195,3265068
243,226,3273791
207,196,3011897
225,207,3239234
199,187,3070604
214,199,3032132
213,193,3106928
201,193,3402547
228,218,3296560
206,190,3213276
201,187,3111554
252,237,3275985
188,177,3052367
212,191,3057508
190,176,2994542
197,183,3083077
210,192,2927878
230,213,3259786
237,223,3165176
200,187,2991184
179,160,3064781
232,218,3211599
209,188,3111020
198,182,3276819
211,198,3365769
225,215,3371914
215,200,3157774
208,185,3095921
208,191,2942951
224,208,3197909
230,213,3208456
218,199,2972661
210,201,3078215
221,201,3178093
192,183,3121645
212,198,3025801
183,170,2998602
187,168,3146186
221,203,3123257
216,201,3278707
187,168,2906265
195,183,3041694
212,197,3137707
213,197,3048651
231,206,3233220
180,167,2819123
204,183,3082656
215,195,3155747
215,198,2955901
242,224,3136397
198,182,3097207
193,172,3112766
201,188,3195377
198,181,3056968
190,170,3055390
208,193,3182970
205,190,3019373
207,193,3099524
206,186,3017839
194,178,3247420
206,184,3255485
203,186,3074613
215,200,3409564
193,179,3093109
230,209,3014491
213,196,3142942
196,171,3178814
206,191,3252399
209,197,3288980
239,217,3241829
240,221,3168008
212,191,3175308
221,202,3198015
198,180,3088756
218,195,3107873
236,217,3249733
207,188,3116393
218,205,3200265
196,180,3051083
216,192,3288392
219,205,3193402
176,159,3013582
218,203,3227736
202,183,3004214
226,203,3185923
218,203,2954845
210,199,3328288
239,227,3166416
206,192,2975985
184,170,2906761
226,209,3191373
190,176,2810358
195,183,3093311
204,185,2906807
214,194,3249991
211,192,3125830
201,181,2981516
200,187,3180898
245,227,3291129
186,171,3189550
190,176,3113477
233,218,3138321
197,182,3103537
190,172,2955595
199,181,2920181
209,189,3210746
194,182,2940930
210,200,3383201
205,192,3447604
207,191,3193948
192,180,2946521
202,184,3214510
228,215,3230457
237,223,3347505
188,171,2954257
233,216,3166805
161,145,3107993
210,198,3233596
221,205,3239227
224,209,3273759
211,190,3091515
233,220,3133503
204,189,3127683
210,200,3301609
187,167,3122233
192,177,2955580
188,172,3300184
228,210,3197762
201,182,3326245
189,166,3028777
197,183,3194399
202,189,2950636
218,205,3079771
217,203,3201517
219,198,3147413
250,235,3335047
215,192,3106256
194,180,2951767
194,177,3110056
185,170,3026631
191,176,3248395
220,200,3094308
188,170,3117178
213,207,3159811
206,187,3131686
207,191,3027454
203,186,3106377
234,220,2961181
217,202,3034271
213,201,3323934
234,214,3177642
184,173,3002078
235,219,3253742
202,186,3033954
228,207,3166321
218,204,3094503
186,165,3088812
223,201,3269003
200,182,3419399
169,154,3037378
210,194,3113998
223,205,3147027
193,176,3127709
213,203,3269848
218,203,3294175
201,175,3123452
231,218,3295406
220,197,3450683
193,176,3107962
193,181,3201839
252,233,3656253
195,184,3206558
199,186,3168021
226,211,3219511
205,190,3124408
187,175,3231957
228,214,3351571
232,216,3259762
218,207,3330906
213,191,3177240
209,199,3078063
207,189,3270838
219,202,3231713
199,182,3083557
229,207,2947431
194,182,2998108
229,211,2995327
226,205,3110577
215,199,3213250
204,181,3151389
171,159,2856976
202,190,3131482
201,190,3181090
218,205,3190629
187,172,2978397
222,203,3157488
220,207,3222560
202,182,3114039
247,228,3326819
210,197,3244637
204,193,3217727
239,225,3441502
232,218,3042243
257,243,3412457
219,202,3290024
237,225,3352854
207,194,3294584
214,197,3240311
222,207,3152431
221,202,3060410
211,196,3024327
194,181,3146683
193,180,3226503
197,183,3125198
217,198,3126309
186,163,3199379
221,200,3341070
234,217,3159077
216,200,3346016
212,198,3286751
231,210,3289211
223,202,3170966
203,180,3038807
237,215,3173238
192,179,3159203
206,188,3234523
205,194,3060244
218,196,3125918
186,165,2830449
183,166,3083662
208,190,3010878
207,191,3085710
206,192,3263400
208,191,3359284
203,190,3236767
230,214,2958742
191,176,2995551
225,200,3382180
212,197,3362118
190,171,3155323
203,187,3191736
209,200,3074467
192,172,3110736
216,205,3222936
219,202,3162571
225,210,3389907
235,215,3204972
241,215,3418418
230,208,3438395
206,188,3085373
211,199,3223805
204,187,3130183
193,173,3000768
231,215,3376583
216,200,3039020
233,215,3624714
212,193,3211384
212,193,3351197
201,182,3200708
200,180,2833567
211,189,3317696
202,180,3197823
203,191,3153590
221,197,3080976
191,170,2977670
213,196,3331555
218,200,3298573
199,182,3086700
217,205,3176968
206,192,3174269
219,205,3328995
196,180,2981708
201,178,3006695
235,215,3426610
224,214,3378376
194,179,3138602
225,202,3172404
216,196,3121661
219,199,3138926
210,198,3250305
224,205,3249526
216,201,3189413
192,173,3203354
211,194,3199107
182,169,3064675
197,179,3164526
214,194,3234760
228,214,3227720
235,224,3214327
208,190,3208716
221,206,3453141
228,211,3175255
199,175,3034970
210,192,3166346
198,189,3126059
199,175,3143002
199,187,3088443
205,196,3186323
243,229,3373632
184,169,3070147
208,181,3340624
215,201,2993141
215,193,3328938
212,199,3075565
236,220,3365370
193,168,3115767
216,202,3247449
187,170,2884362
233,218,3209820
242,221,3412036
230,207,3441485
213,194,3176632
217,199,3250631
249,228,3110513
206,193,3069481
201,189,3046762
210,195,3193338
193,182,3126135
199,181,3012835
208,192,3106136
193,176,3040496
218,204,3261833
207,193,3327402
213,197,3132731
214,198,3150421
227,206,2939531
229,209,3312785
210,187,2913391
228,204,3109742
211,196,3169006
191,180,3101945
206,188,3134238
213,195,3008053
221,209,3221861
190,177,3105093
200,185,3259177
236,221,3018308
189,169,3402366
205,188,2948068
202,186,3106067
217,195,3128842
209,195,2925783
214,197,3078625
208,184,3414489
214,201,3187965
195,182,3253136
197,171,3111233
192,177,3105290
212,190,3209896
213,194,2903160
192,183,2994686
202,192,3198122
226,204,3096959
215,200,3065085
203,188,3151626
208,189,3197803
221,198,3124165
210,195,3041935
211,190,3102091
218,195,3198561
187,169,3048346
214,195,3193352
194,174,3181905
217,203,3173418
214,200,3234570
218,198,3108287
204,190,3226449
212,196,3137609
190,177,3107384
230,205,3290874
187,175,3129011
199,190,3169348
183,166,3028942
181,165,3132192
216,207,3170405
209,194,3139843
221,202,2887956
193,172,3078425
209,198,3025008
212,195,3233055
237,212,3221518
208,186,2991554
196,181,3065701
197,184,2887484
229,210,3157474
207,194,3117697
212,201,3309521
227,212,3424810
209,196,3165655
240,219,3311026
232,211,3176591
234,212,3333498
227,210,3098612
214,192,3286619
231,216,3213315
248,228,3335408
222,204,3060878
228,203,3145508
231,209,3252385
217,199,3157600
193,175,2973399
226,207,3332848
232,219,3414788
198,177,3062756
211,197,3303356
250,228,3343444
190,174,2925328
222,204,3121990
208,194,3064014
226,215,3060270
218,204,3126453
231,211,3265362
196,180,3089181
217,201,3046962
190,177,3105681
213,190,3135042
194,172,3280056
225,210,3319722
198,185,3129230
216,196,3304379
206,185,3059858
203,187,3138256
212,202,2917319
211,189,3194049
210,196,3116649
207,193,3010632
195,182,3295089
228,215,3193086
185,165,3058544
220,207,3087817
238,226,3287887
199,177,3030771
183,173,3184672
195,177,3078948
216,203,3342886
214,197,3280514
213,195,3020067
208,188,3084103
215,203,3327302
207,191,3026344
237,219,3389207
191,179,3106813
226,213,3215499
213,198,3100691
249,235,3197358
181,170,2999647
252,230,3063935
210,197,3036670
212,194,3331274
181,164,2935548
205,191,3000046
225,206,3284526
232,208,3348071
200,188,3058516
208,189,3270168
241,222,3158778
213,192,3194558
198,178,3144099
192,173,2987896
203,189,3040033
217,199,3181191
190,174,3114738
220,207,2975284
207,184,3161738
217,201,3218236
199,192,3267443
210,196,3289653
217,204,3353282
194,182,3219419
210,191,3319044
230,215,3307824
215,200,3119191
198,186,3030278
228,209,3422313
211,194,3130551
225,206,3259983
215,200,3207132
177,165,3024776
237,224,3350431
201,185,2969077
233,213,3004364
183,169,3223392
205,190,3255587
212,193,3182971
193,177,3044196
222,207,3197131
227,203,2995995
203,187,3089473
192,183,3121934
242,228,3324867
172,163,3289954
201,188,3042311
238,220,3346697
189,176,3144287
233,208,3078912
239,215,3259527
205,193,3105829
173,157,2871375
202,185,2953970
202,187,3318029
236,221,3194819
227,208,3186167
231,217,3267742
211,193,3211833
227,206,3222821
221,203,3133016
193,176,3257635
200,179,3224752
187,168,3043175
209,194,3173744
205,182,3135501
208,190,3223974
184,170,3177120
238,220,3298590
195,184,2946480
197,181,3103008
233,210,3110411
214,201,3311320
192,181,3061221
218,200,3169118
198,188,3157886
183,168,3110752
211,202,2963860
212,206,3080284
183,171,3036392
200,187,3336785
169,153,2943787
194,178,2981249
222,202,3221916
222,206,3388493
206,191,3155272
239,226,3249084
191,174,3118823
230,216,3226464
217,195,3114956
195,181,3278207
188,175,3145556
215,197,3119199
205,189,3210313
189,176,2945982
197,181,2996469
196,181,3275466
202,189,3041169
203,193,3257874
216,196,3424130
199,179,2864035
187,171,3108194
222,203,2931999
203,186,3181897
220,206,3405351
201,182,3126345
226,213,3438641
221,205,3296557
213,195,3199365
239,225,3331675
217,200,3398171
188,179,3032910
214,200,3177325
206,190,3065148
197,178,3106442
226,210,3227306
195,166,3094055
233,219,3257021
242,225,3106640
214,194,3020098
206,187,3248207
225,211,3185177
215,202,3371761
178,168,2976266
251,235,3310640
239,222,3184273
222,203,3103845
180,164,3120769
222,201,3167095
203,184,3220133
182,169,2918028
197,182,3230622
199,185,3244748
172,158,2873375
236,215,3176247
191,179,3101922
217,201,3328571
204,186,3148325
221,198,3179268
206,188,3196700
199,187,3038012
180,174,3084743
237,219,3129339
231,210,3315123
198,185,3151841
193,173,3078256
216,199,3146782
226,209,3203472
210,194,3209529
223,205,3071843
221,210,3121453
220,201,3145865
197,179,3284536
158,142,3086042
218,203,3093136
204,185,3105743
216,199,3172188
201,184,3199159
224,207,3489295
231,215,3210339
223,204,3342530
215,206,3128229
177,155,3023004
202,183,3118057
235,217,3334327
205,188,2991883
224,212,3256865
213,191,3027567
213,203,3225056
214,195,3244191
213,196,3123188
201,184,3046111
219,192,3025905
206,186,3095887
226,207,3114727
206,187,3152943
212,199,3075791
217,195,3236099
222,211,3197636
201,188,3156014
198,180,3146207
215,193,3241888
187,161,2978293
226,208,3173458
204,185,3337455
206,187,3005994
227,208,3130677
217,206,3157199
218,202,3439707
212,192,2971858
226,203,3204035
202,182,3074238
232,224,3302367
207,187,3156718
247,228,3417389
187,165,3133160
196,174,3010263
211,198,3316307
194,172,3112641
225,204,3036404
219,197,3040522
211,196,3031840
204,180,3115383
219,199,3350701
198,178,2931452
173,157,3042685
218,204,3288986
202,180,2976206
215,195,3057995
197,179,3202882
225,206,3160849
197,185,3187761
209,194,3208048
211,197,3112099
203,187,3060542
208,195,3031468
203,190,3131598
200,184,3092728
194,185,3072956
186,176,3252247
205,189,3301996
199,174,3312833
241,223,3184818
188,170,3035675
243,225,3251667
196,174,3128633
215,196,3064574
222,199,3091265
231,208,3369187
197,180,2888575
182,168,2920743
199,184,3008475
192,179,3079141
220,201,3294681
217,199,3295529
208,196,3020615
197,182,3091952
199,177,3294002
185,168,2935696
196,184,3162488
245,232,3270409
192,178,3153931
214,194,3249144
227,205,3333143
233,213,3176755
218,202,3284195
208,193,3355578
207,194,3100994
196,181,3319314
224,205,3021957
228,216,3264251
201,185,3298329
190,177,3056869
212,192,2982790
206,191,2801270
220,198,3147778
234,216,3053686
216,205,3279759
188,168,2914070
201,188,3113861
193,176,3164897
207,191,3158850
232,216,3251663
218,202,3227466
209,194,3144001
220,203,3141883
194,182,2839157
186,169,3106740
209,186,3096980
225,200,3407431
224,211,3312425
217,198,3285253
224,202,3218629
202,185,3181547
208,188,3278031
181,158,3128969
221,201,3335450
200,177,3108587
230,216,3144186
203,183,3031300
202,192,3026655
224,203,3268188
204,189,3377674
213,196,3092774
209,186,3022514
207,193,3212873
221,200,3186051
208,196,3175182
228,208,3290264
235,215,3307600
192,179,3118512
199,181,2998721
200,187,3333180
217,196,3153307
205,182,3219429
225,207,3194782
233,218,3209244
193,183,3120224
187,173,3053737
220,208,3292620
191,172,2987741
220,196,3182921
210,191,3145519
223,205,3352097
212,195,3130998
202,184,3229168
201,185,3163626
222,211,3342669
207,186,3168976
211,196,3097020
213,198,3172356
230,217,3436367
178,168,3222410
217,203,3273884
220,199,2982650
183,173,3036442
196,180,3136881
219,199,3316911
223,210,3366095
210,197,3249037
229,206,3456699
209,193,3218490
229,220,3301996
203,188,3232738
243,223,3236611
204,185,3006735
197,182,3305497
248,228,3499647
195,175,3134325
219,196,3012888
191,176,3042335
204,184,2924966
230,216,3124001
208,191,3226500
204,191,2959491
226,211,3249627
215,199,3111802
187,173,2845534
207,194,3169137
179,166,3254862
210,184,3107969
206,188,3272322
185,171,2816302
210,190,3116472
217,196,3220713
217,206,3209566
208,190,3230589
222,209,3295726
203,192,3123001
250,235,3369346
179,164,3161363
185,166,2973781
209,191,3229711
217,199,3013638
190,173,3066814
193,179,3045507
207,188,3054434
187,173,3179297
212,196,3091706
229,216,3396449
231,221,3258210
199,186,3199824
234,219,3451572
228,211,3160400
232,210,3207262
181,166,3035706
197,181,3029869
225,206,3029148
211,195,3134985
225,206,3212531
221,205,3163215
221,203,3020995
203,185,3204352
241,227,3414056
182,165,2987681
200,187,3154117
202,188,3246147
212,196,3171000
223,203,3106822
217,196,3113084
216,200,3227379
185,172,3127288
213,195,3071375
225,213,3436010
178,160,3173716
232,221,3392105
197,181,3106815
188,173,3046599
199,183,2967487
202,189,3190292
218,199,3194863
193,176,3168783
201,183,3084430
197,185,3120335
230,211,3313962
243,227,3223855
196,181,3264483
213,191,2966954
203,184,3138913
193,176,3082974
248,226,3264708
187,179,3010904
220,203,3159056
181,161,3114364
210,187,2942197
192,175,3111693
225,212,3065192
220,200,3167827
200,183,3339018
227,204,3224173
166,156,3129210
210,188,3153060
198,179,3110086
192,176,3094917
209,201,3407847
185,164,3133076
214,197,3186333
217,203,3074311
240,218,3215752
195,178,3000054
186,168,2911016
222,204,3297540
225,210,3129744
235,218,3102901
192,179,3100341
210,198,2900077
200,186,3187833
200,190,3124693
217,198,3115452
196,181,2876364
237,220,3269027
212,191,3196876
217,199,3061947
201,184,3127408
210,201,3346034
212,194,3042662
220,195,3256308
225,208,3187197
239,224,3344888
179,168,3048349
189,176,3066421
229,211,3274978
189,174,3132948
207,190,3101156
198,181,2947643
206,189,3185096
235,212,3292643
213,200,3119337
189,176,3010606
186,165,2985243
211,196,3004633
234,215,3394876
208,192,2997391
236,217,3277312
209,197,3168771
253,230,3353508
197,185,3149986
189,174,3120779
213,199,3087869
203,184,3264788
231,215,3284384
199,174,3098122
210,197,3166366
199,182,2950692
225,217,3273986
210,195,3277032
180,172,3206625
210,194,3129419
212,194,3269940
212,197,3373886
234,215,3339919
211,198,3005040
212,190,3110633
198,176,3040815
209,193,3185040
194,188,2925809
217,200,3097491
190,175,3022350
200,179,3138045
196,174,3054275
221,210,3096932
197,185,3038355
201,185,3142645
201,188,3244958
217,203,3132761
211,194,2924780
214,201,3162143
218,196,3076364
203,191,3042748
211,193,3052378
231,213,3397743
204,189,2970593
209,196,3073229
213,199,3229140
161,148,2950329
206,189,3154905
178,163,2959014
185,170,3038663
259,240,3220293
197,185,3265455
196,179,3030392
212,193,3308129
210,187,3015169
196,180,3156586
235,212,3267089
252,236,3355454
213,197,3156149
207,192,3122508
201,180,2989976
198,185,3177756
203,191,2923400
185,168,2966527
196,185,3265421
177,164,3035208
234,212,3240920
178,164,2923966
225,206,3142020
204,185,3162653
200,181,3226510
199,180,3162624
188,167,2954475
214,202,3005387
217,196,3138653
200,188,3062986
208,190,3271637
195,184,3037832
221,205,3142704
183,169,3030917
244,226,3182193
216,204,3277278
228,201,3236911
185,168,3066038
247,230,3414156
202,187,3144942
201,187,3148209
211,195,3396713
212,189,2999732
198,180,2941741
191,176,3029766
200,184,3234249
173,158,3161949
198,183,3017741
215,195,2946897
198,185,3332497
190,178,2977932
205,190,3051084
215,195,2973194
221,205,3177133
215,199,3144896
203,192,3066043
208,191,3405102
191,179,3063338
215,195,3155007
203,187,3167075
211,200,3297397
208,189,2892478
199,182,3112848
195,175,2996620
230,210,3319123
201,186,2883170
209,202,3014193
214,196,3150979
225,207,3291894
207,186,3166621
201,181,3064064
212,196,3137496
193,181,3221293
235,212,3187547
199,185,3029083
207,192,3177165
213,198,3003076
196,178,3118934
201,179,3053020
189,174,3121310
226,206,3188722
203,194,3104681
211,196,3163293
205,190,3008341
221,205,3195082
201,187,3154728
185,164,2971386
197,181,3326006
203,184,3024300
230,215,3384583
245,224,3215374
249,225,3379853
201,178,3154621
196,167,3049831
211,198,2895490
179,163,3053908
213,193,3196515
218,197,3081436
184,161,3142945
176,162,3243256
183,165,3055919
218,202,3183499
194,180,3047906
207,192,3211828
201,179,2952835
229,215,3405255
227,208,3173170
202,186,3127900
232,211,3138657
215,196,3020231
195,179,3249924
205,189,3218939
192,174,3285358
214,197,3085105
181,167,3032951
228,218,3087244
253,235,3370784
222,202,3200970
198,175,3127479
247,229,3266182
185,169,3190552
219,202,3029541
198,191,3187431
218,204,3324355
231,215,3190311
195,176,3283876
216,195,3189058
200,185,3252364
201,184,3307929
197,183,3159689
233,219,3258364
192,176,3185724
204,186,3108131
225,207,3275586
204,195,3166971
220,199,3202138
210,196,3011417
241,224,3403960
186,169,3243545
203,181,3181898
204,194,3361806
218,203,3168441
231,222,3139459
214,198,2999829
224,209,3135399
235,211,3408858
213,194,3019468
189,171,2989077
208,185,3114062
215,193,3030258
219,200,3158321
207,191,3183317
198,182,3177089
230,210,3038756
204,179,2959640
191,175,3165899
225,208,3094439
194,183,3097345
226,211,3349436
179,166,3013812
226,208,3319385
226,212,3004285
228,210,3170931
187,171,2903646
224,204,3206493
216,198,3316231
219,201,3155954
238,221,3097281
200,186,3153051
211,195,3196572
206,179,3068966
219,199,3139436
181,165,2881396
200,183,3194922
200,190,3094078
218,204,3126158
192,181,3004211
207,191,3309652
212,199,3154074
214,204,3354863
203,182,3102417
221,207,3214340
179,162,2922259
198,175,2989641
190,171,2949207
219,195,3188402
224,208,3070397
234,213,3449227
223,201,3260611
211,190,3032770
214,195,3045260
218,197,3170581
208,189,2990846
237,212,3379716
212,197,3153759
228,209,3144901
203,194,3093770
211,189,3416054
229,215,3228526
221,203,3264175
194,178,3071316
213,197,3075566
223,198,3276595
203,187,3102278
207,193,3305859
245,223,3228541
206,191,3105233
235,220,3318565
215,199,2933069
224,209,3185475
216,207,3281382
237,222,3380846
224,210,3356002
206,187,3225631
211,193,3206304
191,178,3053390
185,175,3054691
210,190,3167446
226,208,3118899
221,205,3163210
194,182,3188612
184,176,3145595
215,192,3183930
193,181,3048537
217,201,3273098
205,188,2883303
208,199,3012893
214,198,3327436
226,209,3246397
225,202,3444137
227,209,2996996
226,209,3300621
184,172,2999310
217,203,3189906
212,193,3268368
200,178,3149559
207,190,3285096
194,179,3171679
168,159,2955498
186,175,3111580
217,203,3183457
199,185,3198542
208,194,3269128
215,196,3168408
195,176,2923233
196,181,3164629
197,181,3098562
193,176,3108825
221,203,3264386
210,192,3112557
194,176,3195983
240,226,3202736
207,188,3141456
187,173,2954932
216,199,3217724
202,189,3138944
219,208,3276270
221,207,3164020
207,190,3053831
211,190,3224946
227,206,3147284
236,211,3342148
204,190,3103074
223,206,3205113
190,176,3212430
199,184,3022190
217,191,3112976
195,181,3148430
199,183,3006255
220,200,3055961
235,223,3325212
201,186,3089601
219,197,3167974
237,221,3438836
208,189,3153138
204,184,3289744
194,182,3091665
183,167,2984585
208,194,3215590
215,205,3187124
207,195,3264714
192,176,3180787
216,199,3374038
241,215,3204893
196,180,3096797
197,183,3120827
215,195,3236365
200,183,3265348
195,180,3187497
199,181,3067869
197,180,3174071
196,174,3137573
220,205,3249974
215,203,3133963
214,197,3245898
210,193,3108345
198,185,3261039
232,213,3389789
197,183,3297602
204,184,3241461
208,196,3029954
210,198,3165684
209,195,2944436
197,185,3216860
216,199,3161347
187,174,3122994
204,185,3085069
219,206,3248614
189,172,2995683
203,188,3305684
217,206,3279009
203,187,3133287
215,203,3193498
214,194,3474279
196,179,3021302
198,181,3220471
213,192,3202985
187,169,2948693
203,182,3188294
211,197,3208063
258,244,3251791
214,200,3154313
203,182,3084529
200,190,2995002
223,209,3134267
193,180,2931913
259,238,3296470
219,203,3131613
203,188,3307274
213,194,3415946
218,192,2840004
212,189,3292089
215,193,3025923
216,197,3051083
220,203,3222613
201,179,3197882
223,208,3468528
231,215,3401403
230,219,3176864
210,191,3238633
229,216,3086046
197,184,3141170
213,191,3186541
213,198,3121545
190,172,3251562
224,201,2993921
206,195,3151165
232,206,3302723
191,169,3072198
225,214,3072262
211,197,3057967
181,164,2925684
209,190,3064230
205,189,3169264
212,190,3309148
197,181,3038942
229,211,3142059
212,200,3068582
199,185,3215809
232,214,3213066
191,169,3094881
195,183,3412831
215,201,3195806
237,223,3421440
221,200,3231315
209,193,3025765
192,183,3165458
223,211,2996249
177,166,2978793
188,173,3011833
202,183,2846778
194,173,2984985
232,215,3175577
209,196,3032738
180,166,3049870
237,222,3275816
212,192,3085631
241,224,3356315
199,179,3099134
226,206,3194390
212,199,3248546
189,174,3228769
200,182,3257446
207,192,3142417
202,187,3157239
185,169,3099341
204,187,3169695
193,178,3287292
206,197,3059265
212,196,3088190
192,175,3276424
190,176,2854579
209,191,3125848
223,203,3184146
212,205,3246802
215,199,3166998
219,198,3016627
231,222,3297224
260,241,3220750
234,209,3340556
192,178,3148917
193,176,3088958
197,178,3035397
204,187,3208858
210,196,3172935
194,175,3026436
212,201,3400653
223,202,2985954
224,208,3032772
196,177,3120036
211,194,3309440
223,204,3309615
224,213,3132249
213,197,3181532
211,193,2963787
195,171,2940325
205,181,2961920
197,180,2940368
228,203,3092325
238,216,3038773
245,232,3572868
228,205,3225326
208,185,2991411
202,187,3254300
212,198,2960666
260,232,3521593
189,166,2751638
200,185,3116095
195,181,3218498
204,190,3125757
208,190,3314201
203,183,3143637
211,196,3080104
190,178,3056028
200,184,2955295
216,200,3233153
218,202,3123606
217,203,3271129
206,195,3358555
253,243,3364079
204,192,3184133
199,183,2963592
208,199,3223523
192,178,2883913
206,193,3066927
206,186,3002873
207,195,3149410
238,220,3159224
222,206,3309755
184,165,3096052
190,177,3168899
186,167,2902530
196,176,3040453
217,197,3144145
226,204,3310717
226,217,3309165
211,194,2934459
216,198,3224563
200,186,3099516
200,184,3010638
227,208,3186668
190,182,3119386
184,163,3065835
209,198,3253914
226,214,3330412
181,167,3239909
204,182,3183960
208,190,3089282
193,178,3052384
201,185,3295610
210,194,3203735
231,210,3200729
206,190,3053090
233,213,3300013
213,188,3170148
214,202,3277573
236,213,3333042
236,219,3212473
209,193,3001283
217,200,3071309
226,210,3216897
192,170,3141879
230,209,3160450
194,175,3278894
192,183,3167833
200,178,3237946
194,175,3168359
183,164,2964458
195,176,3085738
244,230,3333997
219,197,3217198
183,170,3059464
261,238,3282402
198,182,3238692
248,226,3363220
200,186,2916290
206,192,2987518
190,173,2853670
218,197,3207575
203,190,3193539
204,185,3129293
206,192,3226391
221,201,3573681
236,224,3376972
195,179,3152385
225,210,3422795
223,206,3170738
195,176,2919510
254,233,3233078
185,172,3012155
195,183,2918511
221,211,3169667
227,210,3080780
192,179,2968598
224,201,3298839
217,198,3159479
218,204,3081660
226,215,3120752
196,180,3107149
200,183,3169151
214,203,3185515
203,183,2959911
220,200,3197436
177,166,3065367
229,212,3244589
202,183,3148836
245,225,3232665
199,179,3094297
210,190,3065668
206,190,3242242
214,186,3116053
217,200,3183873
218,200,3258353
235,223,3524878
225,203,3332478
226,207,3327605
209,186,3210313
198,182,3342445
229,215,3072863
217,201,3040549
218,204,3075463
218,205,3241276
227,207,3067845
223,202,3054527
187,171,3132920
231,214,3317868
181,164,3171440
214,190,3015795
199,184,2951572
178,169,2860815
204,182,3006733
218,195,3260443
224,206,3388464
225,205,3147176
219,199,3234238
198,180,3048159
209,190,3147140
215,195,3225520
196,179,3053718
211,191,3216257
202,187,3015455
217,200,3038860
198,181,3196328
207,190,3197865
244,227,3412764
176,166,2979307
241,227,3448043
245,222,3319230
221,198,3123591
221,199,3195613
201,183,3019217
204,193,3142914
170,152,2942650
214,191,3248301
203,188,3182265
196,182,2943167
185,163,2956206
212,197,3149941
227,206,3341727
249,230,3424927
232,215,3211511
185,172,2997788
208,184,3161030
193,178,3251150
193,172,3233230
180,157,3166565
219,207,3068523
207,194,3118810
209,192,2992266
252,233,3325771
212,196,3065993
217,200,3112073
240,225,3504696
206,192,3191615
203,188,3277416
225,203,3108194
211,197,2977141
185,172,2963997
200,181,3105668
212,196,3367169
218,199,3320687
199,183,3175780
223,207,3376218
204,184,2922180
229,211,3218690
199,181,3064556
216,204,3109201
232,214,3212961
226,208,3227807
193,173,3040471
216,201,2977460
227,213,3048765
227,205,3148773
204,185,3002885
246,226,3143299
236,210,3214741
200,178,3130856
219,198,3299040
223,204,3339586
200,185,3174273
181,167,3015513
226,208,3295056
242,221,3381901
241,219,3334109
248,233,3433181
226,206,3207817
186,173,2826854
211,196,3251327
185,174,3224580
196,182,3195102
244,220,3270222
213,197,3326731
196,181,3049777
212,192,3098906
216,200,3186082
206,188,3220824
225,206,3089395
215,197,3430606
240,224,3295990
213,197,3194023
224,213,3299028
206,191,3038959
194,178,3074539
221,206,3217116
210,200,3051253
224,209,3152101
198,184,2969430
204,186,3103579
202,187,3105697
198,183,3059938
203,187,3113752
233,220,3260002
229,210,3515492
207,194,3368736
204,188,3278483
203,187,2871107
224,203,3281340
242,234,3325438
197,176,3164475
217,199,3174446
201,180,2900444
226,199,3111573
196,177,3190667
207,186,3114556
216,197,3133071
238,213,3195069
214,195,3439045
191,181,3148768
233,218,3267454
187,170,2956765
181,164,3137271
189,175,2955629
178,161,3033497
254,235,3307297
215,193,3164575
200,186,3072711
220,198,3475255
205,193,3020106
206,182,3034862
190,177,2955950
233,216,3219379
179,160,2970919
213,202,3283176
217,200,3090452
188,173,2979075
214,199,3243589
203,178,3108779
210,185,3114442
221,198,3090435
226,214,3200941
229,210,3146723
167,151,2857628
213,200,3071033
217,197,3356376
237,218,3123859
203,181,3186374
210,190,3136546
219,214,3256793
205,192,3253216
220,205,3351216
227,209,3250337
213,200,3173002
199,174,3114889
246,221,3439855
203,188,2871053
209,187,3277722
228,202,3263562
193,175,3062649
204,188,3279911
222,204,3133771
211,193,3120547
206,198,3019995
223,206,3436299
212,196,3095294
209,191,3120522
207,192,3264489
221,205,3374931
194,178,3430372
210,198,3301300
240,216,3396564
207,197,3144176
212,198,3403096
214,193,3015168
213,196,3066870
219,201,3027759
204,184,2919801
218,207,3307568
216,192,3093891
202,195,3226383
206,189,3152242
226,210,3031097
188,176,3152871
194,180,3140317
190,174,3107928
244,222,3316572
241,225,3097849
261,245,3379559
203,189,3066596
216,207,3301465
207,193,3097224
205,183,2973147
198,177,2923695
240,226,3338576
219,207,3267583
212,196,3094149
230,216,3075258
223,209,3140850
200,187,3133534
178,160,3092558
220,201,3189194
227,211,3209055
197,185,3103126
219,205,3095527
236,218,3064203
196,179,3153252
237,221,3521881
225,208,3141512
201,187,2952005
202,189,3200371
226,212,3256120
223,203,3227064
207,193,3214053
239,221,3296499
255,231,3320605
186,171,3143836
213,197,2988264
228,210,3188900
204,191,3095799
209,188,3236850
186,173,3186656
222,205,3024304
233,215,3260947
213,198,3208776
213,199,3050096
195,170,2968419
207,188,3047707
194,182,3007872
222,200,3236683
233,218,3336573
198,186,3105297
207,187,2934795
212,196,3153615
219,201,3248790
230,214,3310813
247,230,3500949
217,194,3023911
209,196,3099139
198,185,3057018
217,204,3115843
217,203,3262612
208,192,3136460
216,203,3095882
195,181,3130837
194,183,3194360
189,172,2861223
197,185,3142328
220,202,3221226
232,213,3220509
222,204,3201582
215,197,3253517
207,194,3128807
228,207,3190664
204,178,3003247
193,177,3046556
200,174,3021326
232,217,3288464
242,224,3154371
212,196,3129397
209,192,3387618
208,190,3298315
210,193,3280617
178,170,2995722
217,195,3276809
210,196,3308969
217,198,3256931
225,206,3193718
213,197,3141071
216,199,3151932
208,191,3006270
184,173,3101642
191,171,2986853
203,188,3081338
209,187,3037688
220,196,3151050
218,199,2992614
242,218,3173737
225,210,3226282
214,198,3016723
206,191,3179794
249,232,3518988
227,211,3177999
219,199,3426225
193,181,3197349
211,195,3265116
244,224,3322188
218,204,3147552
218,209,3150207
228,211,3178822
192,179,2990304
184,168,3159294
189,175,2982711
213,196,3381350
195,180,2948040
204,186,3145390
193,178,3197570
208,185,3086903
205,192,2962393
195,182,3037035
206,194,3281390
220,201,3213471
210,192,3140435
229,219,3311625
189,172,3163224
215,194,3123165
196,177,3013483
218,203,3347436
194,176,3258133
227,207,3099347
215,198,3118582
191,172,3030496
212,199,3116629
178,162,3155289
238,220,3261086
190,177,3320413
230,220,3346846
235,219,3425222
206,178,2979832
220,199,3191232
218,203,3139955
195,184,2953740
209,195,3353759
180,163,3024786
213,194,3403388
207,191,3259983
196,175,3066828
259,240,3382516
215,202,2890806
194,168,2924838
202,189,3323987
237,221,3298558
205,187,3031692
223,208,2984522
196,182,3198995
203,188,3221946
218,200,3469981
229,208,3243797
225,214,3263120
196,182,3083657
201,186,3138294
212,192,3110215
187,169,3114354
203,184,2928958
223,197,3371028
228,213,3167916
204,195,3237876
213,195,3145197
199,183,2928345
222,202,3182223
233,206,3182825
255,233,3204027
209,195,3195432
194,185,3137739
202,183,3262945
222,210,3099262
221,202,3287195
217,205,3226529
246,235,3238543
217,208,2960245
235,216,3225096
224,211,3262150
210,198,3126655
199,177,3113393
197,185,3087316
244,221,3326602
193,182,3090750
226,210,3190071
209,185,3185376
229,211,3369708
222,205,3445156
211,197,3173820
203,184,3196630
200,183,3072186
221,203,3212425
211,197,3284926
236,219,3361952
208,194,3048171
239,224,3398511
204,187,2934806
197,178,3142205
238,226,3363621
208,192,3255510
225,207,3270759
197,178,3210824
205,187,3092898
189,174,3379395
189,173,3128509
201,187,3184273
207,189,3356816
215,201,3155766
205,190,3079078
204,186,3192985
201,180,3106069
188,169,3072953
214,200,3068299
201,182,3015435
201,187,3192736
205,189,3040341
206,181,3088269
178,160,3081171
204,187,3080538
224,203,3168005
214,203,3199793
211,196,3038344
213,194,3062979
251,224,3265157
200,188,3061200
163,149,3104407
200,184,3231469
167,147,3052824
231,215,3295896
227,208,3177610
197,177,3128137
228,211,3102085
200,177,2934803
232,218,3264892
215,197,3210300
234,217,3368160
192,184,2940289
211,196,3009792
215,191,3324137
214,201,3134159
222,202,3267818
178,158,2961214
202,190,3210784
205,189,2973991
212,198,3207278
219,202,3100412
211,199,3246138
225,205,3066666
194,180,3085831
200,187,3143525
203,187,2987246
205,185,3262744
199,189,3162050
211,188,3053300
209,196,3310972
221,208,3209287
190,178,3027368
210,195,3060491
182,170,3043599
212,187,3059022
233,215,3192099
207,186,3262936
232,219,3530394
193,179,3096072
226,208,3105821
196,180,3179572
210,195,3245706
198,183,3207459
221,207,3228323
223,209,3019066
193,185,3234651
182,167,3251237
220,202,3096987
247,228,3317447
206,193,3239757
211,194,3190425
189,174,3062676
211,193,3180453
226,208,3203257
224,213,3107550
215,197,3058953
195,181,3073882
208,194,3327877
172,158,2918729
219,207,3283218
193,185,2975298
212,195,3151042
223,206,3008313
234,215,3276018
241,225,3359881
211,198,3115202
228,216,3212938
218,203,3268098
195,179,3135269
212,192,2947974
200,183,3196695
205,190,3231894
193,181,3206242
207,191,3116571
205,193,3175961
204,188,3267290
180,159,3283425
207,188,3166785
199,184,2968371
214,198,3286754
217,199,3140247
201,185,3276507
222,200,3212193
224,208,3184428
227,211,3327836
189,171,3135535
232,210,3322539
215,204,3262775
180,159,2850260
218,200,3158835
204,188,3307986
179,165,3004261
237,222,3155416
184,162,3182434
191,173,3059120
199,186,3129012
211,193,2884974
228,209,3124285
217,201,3078826
209,191,3272740
203,187,3266883
168,154,3024426
215,197,3272817
205,188,3141477
206,193,3201260
204,190,3080164
182,164,3076496
221,208,3332309
225,205,3151942
210,188,3166156
214,203,3346083
195,181,3079611
215,203,3265902
186,168,3150605
209,192,3116522
223,213,3030963
167,159,3017078
193,180,2832542
218,205,3133888
208,196,3349608
182,172,2967385
224,214,3226661
237,214,3096869
209,185,3210162
196,183,3031964
185,173,3046578
236,219,3160438
205,199,3269626
235,218,3198718
203,192,3259505
201,180,3256973
209,197,2948824
204,190,3078334
185,171,3195952
214,192,3196011
241,222,3260819
219,198,2955504
201,185,3116056
235,215,3224526
225,205,3317282
200,187,3271643
209,187,3350919
237,217,3345883
214,203,3289844
209,191,3338970
222,204,3209375
214,201,3441943
204,183,2969262
216,205,3218850
199,185,3244351
196,181,3102660
227,219,3335196
250,229,3367263
222,201,3215112
202,184,2862464
206,194,3237596
223,200,3184654
202,187,3217690
192,171,3252498
211,193,3073304
175,164,3160135
210,187,3091973
205,186,3110450
189,174,2971970
230,219,3358384
218,207,3264944
198,187,2994303
224,205,3145946
193,177,3011227
221,203,3059931
237,224,3285883
195,177,3033601
232,217,3369762
224,204,3247038
227,216,3403600
190,175,3045458
209,192,3171656
205,185,3012825
186,167,3124490
205,188,3087206
204,190,3167470
183,169,2964941
214,199,3014938
214,199,3259191
218,197,2983758
211,194,3103160
197,189,3178563
212,195,3089552
190,172,3001085
209,192,2970947
189,175,3021769
240,231,3234978
229,217,3081783
234,220,3217405
202,184,2888714
208,195,3065140
202,190,3137185
235,216,3315412
204,187,3232042
211,193,3071021
193,173,3138434
209,203,3186207
211,201,3030234
200,189,3212988
225,202,3293960
185,165,2986018
202,180,3130546
201,185,3028242
200,185,3167264
189,169,2990509
200,179,2853240
206,197,3067196
210,189,3411609
205,188,3131073
216,198,3167319
226,206,3127114
222,198,3346541
192,178,3213273
221,205,3324663
191,178,3021045
208,194,2849980
202,187,3122130
167,157,3143083
177,164,2981742
218,204,3145665
199,179,3034275
208,193,3133166
196,178,3017439
211,200,3185619
165,156,2931460
206,194,3179070
221,200,3092449
241,223,3288488
212,194,3195732
198,185,2984277
177,161,2994406
188,169,3244502
224,210,3089879
217,194,3116606
180,167,3014570
216,200,3109827
201,176,3174237
225,211,3100297
191,173,2843579
208,196,3111663
192,178,3306542
225,214,3048476
192,172,3278062
189,172,2848235
186,172,2942658
191,177,3209875
210,193,3262552
225,211,3117522
217,202,3241448
207,192,3078919
203,184,2717748
193,176,3079991
190,178,2974536
217,202,2984125
223,206,3222505
219,206,3304651
223,205,3306850
202,183,3161563
217,201,3118819
215,203,3328611
224,207,3215404
191,176,3099642
197,183,3058291
190,174,3034769
225,207,3395804
225,210,3324131
206,193,3027547
195,182,3092792
235,222,3378664
211,190,3333968
201,182,2892008
189,179,3074189
200,187,3004333
214,200,3241041
215,195,3088403
212,195,3223339
211,192,3121995
229,216,3186940
213,193,3154922
224,208,3247673
208,191,2979518
191,175,3104794
180,171,2941909
197,174,3081899
203,186,3182960
198,181,3105554
217,196,3117600
204,191,3087297
212,192,3168236
228,214,3214891
187,173,3153517
208,193,3161735
220,205,3238159
242,225,3432999
194,180,3010967
212,193,3292030
198,182,3097258
201,184,3088954
192,183,3035833
219,203,3592585
193,175,3277389
211,195,3181032
195,183,3180085
210,192,3156155
203,179,3117111
177,158,3135436
213,187,3060678
208,193,3127767
203,191,3290222
227,208,3464532
201,186,3035454
203,192,3204861
221,202,3264394
236,217,3212164
204,192,3089162
183,171,2988762
189,177,3048007
230,207,3471059
205,187,3217093
196,173,2951570
226,206,3344643
209,198,3239056
182,168,3070071
206,198,3178083
229,211,3419050
228,211,3223639
196,176,3004556
231,209,3193851
210,195,3243890
222,207,3239316
202,184,3174807
208,199,3113265
188,177,3067334
199,182,3180819
237,221,3277704
193,179,3168161
231,213,3112190
186,172,3059818
209,189,3261625
167,152,3151988
205,192,3207287
221,207,3254763
214,202,3152158
212,194,3216707
217,198,3188859
201,185,3193164
179,162,3126445
204,186,3036021
229,219,3219749
195,179,3121923
198,180,3202818
190,174,3185831
217,199,3094786
220,205,3227974
210,193,3194446
211,198,3016415
225,206,2991960
211,195,3206456
223,210,3187331
238,217,3339839
207,190,3174402
215,206,3512590
239,226,3227808
187,174,2991099
196,179,3230963
206,194,3098762
215,199,3231183
212,196,3135058
195,176,2987954
198,186,3084666
221,205,3052843
184,168,3081873
206,194,3112552
219,202,3206458
209,188,3127298
210,195,3307230
216,197,3253445
179,171,3145315
212,193,3001886
221,203,3159927
198,177,3066139
197,178,2958078
212,195,3206519
206,189,3170530
210,193,3293798
203,191,3199804
201,187,3009929
218,198,3082799
202,188,3319380
213,193,3246376
185,168,3021606
210,191,3157239
217,202,3282296
212,186,3075775
211,199,3278623
197,177,3056357
194,175,3037754
208,189,3282384
243,226,3354224
238,223,3188619
213,194,3000335
195,178,3257094
173,156,2907834
194,179,3191112
195,176,2945968
177,162,3048354
230,217,3163127
219,201,3277623
230,212,3270639
197,177,3187359
177,163,3010305
226,206,3284068
220,210,3386684
230,212,3162029
186,167,2984252
236,219,3359782
200,183,3069993
219,198,3134463
185,169,3167979
191,178,3421077
204,186,3089414
225,211,3205272
191,179,3160670
208,193,3167987
212,190,3087579
224,207,3145894
220,201,3176407
185,169,3039153
236,218,3030327
217,202,3217045
214,201,3117841
210,198,3126537
219,208,3064432
198,187,3207582
215,197,3123139
196,177,2859898
207,192,3108088
219,199,3132904
198,181,3133469
186,168,3062121
201,181,3137094
188,177,3020185
178,166,3100870
248,225,3394467
207,193,3020062
212,183,3091124
186,171,3180037
220,193,3020851
177,163,3003023
228,215,3230652
209,198,3196999
212,200,3176974
189,170,3218247
172,160,2765778
223,204,3322433
211,189,3093481
234,216,3226641
210,188,3314880
223,210,3213322
212,191,3000549
195,182,3171353
211,199,3022121
228,209,3124989
201,180,3119734
215,198,3307643
198,176,3148945
246,229,3359355
215,191,2930094
214,195,3297961
202,187,3009647
238,223,3352074
217,199,3085321
224,204,3286587
194,182,3150843
232,216,3246799
209,192,3101063
213,198,3274705
205,191,3231284
202,185,3052540
198,175,3230587
212,199,3304582
233,218,3477217
199,185,3281983
221,202,3051040
204,194,3267066
193,177,3139555
225,209,3261463
175,165,3022498
194,181,3161901
201,186,3173278
198,176,3064457
194,179,3186712
245,219,3359873
209,193,3251413
192,170,3130651
227,213,3139022
188,167,2871144
212,198,3191967
207,189,3027299
193,173,3117781
199,174,2844106
222,203,3106102
216,200,3377195
225,208,3151148
186,164,3128719
191,175,2870093
191,175,3171697
203,183,3214064
213,198,3086031
221,195,3053155
192,171,3026582
188,173,2983289
204,189,3208982
200,178,3111612
205,189,3185056
211,192,3144545
230,213,3151861
200,186,2995630
186,180,3047465
216,203,3118526
205,192,3144645
183,173,2991955
167,153,2965029
251,239,3266125
228,211,3187433
218,196,3285117
213,193,3306687
212,199,3249169
237,223,3412046
222,203,3124497
199,184,2924034
241,223,3247191
190,174,3078210
204,190,3177591
226,202,3322177
221,201,3259512
212,196,2969582
188,179,3056564
231,218,3237826
229,212,3370957
198,181,2955503
185,173,3082874
223,202,3206076
203,188,3129339
215,206,2987908
213,198,3068741
225,207,3185916
193,175,2982901
221,203,3256155
245,227,3643540
224,214,3167753
220,206,3390986
220,209,3212280
213,196,3236997
231,208,3175311
213,189,3222281
209,183,3218500
215,195,3251441
219,202,3226791
196,180,3083237
230,209,3248970
231,212,3235476
225,204,3257539
213,194,3231913
191,175,3169589
211,194,3165155
216,203,3111927
207,198,2975515
218,195,3341982
204,194,3066123
207,192,3180945
246,232,3190931
210,191,2980283
213,204,3221113
227,206,3398341
191,174,3001323
216,196,3337191
229,211,3194391
230,206,3120527
222,198,3053558
220,208,3283100
215,194,3031727
192,179,3176911
228,218,3271575
212,203,3206659
214,194,3152236
210,189,3108228
204,191,3176325
185,172,3100396
186,168,3049577
189,171,3024666
209,191,3124946
212,198,3043104
209,195,3255001
223,209,2992630
201,186,3091545
201,181,2976110
188,175,3199331
218,209,2894966
199,187,3356597
207,195,3047521
208,187,2870646
200,180,3088730
197,183,3302712
212,192,3081238
215,199,3402706
197,181,3041112
234,220,3085643
245,228,3421168
209,197,3281907
226,210,3216720
211,195,3327626
213,190,2888019
232,220,3269915
217,198,3302509
214,195,2997027
213,190,3168995
205,184,3149359
240,215,3200363
189,177,3076934
197,185,3176445
216,207,3236625
224,211,3264737
250,233,3463031
217,197,3074861
229,218,3135808
231,218,3162807
233,220,3198603
191,174,3060230
223,203,3353534
218,204,3246021
196,184,3266167
196,180,3295472
225,216,3106941
233,215,3212122
223,212,3151150
234,211,3267940
204,188,3122548
221,209,3423466
195,180,3034726
237,225,3336363
199,184,2983468
254,241,3266892
223,206,3063129
204,194,3239095
193,173,3158515
205,191,3151417
238,218,3210002
203,189,3069153
192,180,3149443
184,173,2879226
174,158,2758053
222,205,3111083
224,205,3296961
203,182,3001392
217,195,3102504
234,221,3289169
206,187,3137130
213,194,3211436
192,182,3093476
192,183,3016047
187,168,2989698
205,190,3206130
215,201,3413851
196,180,3091465
191,167,3235463
207,183,3157701
194,185,3084894
255,244,3368242
242,224,3355618
195,180,3163516
209,190,3098964
227,207,3198666
187,173,3347656
188,173,3131057
221,203,3194697
214,196,3049421
222,196,3503040
202,188,3103460
214,191,3040137
202,185,3221587
222,209,3263507
176,159,3106046
200,179,2932965
208,199,3191562
215,201,3220736
205,187,3179874
216,204,3004935
187,171,2907858
213,190,3181074
224,201,3375677
236,227,3362023
201,178,3202399
212,192,3128211
204,176,3007658
211,198,3334949
230,212,3400699
220,201,3187048
203,194,3204952
203,187,3015848
203,179,3026067
221,207,3047058
187,168,2993878
199,184,3074231
215,188,3197415
231,208,3214100
180,167,2972233
193,175,3055351
179,161,2924582
174,160,2879103
204,191,3164600
245,232,3291747
216,196,3007810
230,207,3123428
207,193,3288909
199,183,3316364
213,192,3384989
221,200,3256139
207,194,3135711
209,195,3129224
195,181,3081693
235,217,3124233
211,196,3224806
242,222,3399092
206,184,3188634
253,231,3343618
185,173,3106805
209,193,3095940
208,196,3281210
215,200,3285689
246,230,3415240
197,185,3197430
218,204,3058140
208,193,3134345
228,212,3314650
215,200,2845589
195,182,3199396
230,208,3355555
229,219,3362530
187,169,3214148
219,202,3170366
193,174,3206762
236,228,3142082
234,217,3349625
213,197,3291136
222,203,3038359
201,182,3028789
221,199,3052667
231,216,3332601
221,201,3260209
208,196,3311130
197,186,3084069
198,176,2959231
240,223,3333373
209,194,3311124
218,194,3291835
217,200,3108036
189,177,3233448
226,207,3270350
208,194,3155743
248,225,3377105
197,184,3377091
211,197,3219481
210,197,3062466
226,207,3144457
179,166,2983415
215,206,3101958
211,195,3085602
179,162,3005370
222,201,3285306
202,183,3116743
171,159,2784764
214,201,3457993
175,163,2987691
232,215,3354503
208,197,3228634
215,196,3276735
195,176,3064101
188,167,3121277
205,196,3213527
214,195,3244933
214,202,3272825
197,183,2948173
218,202,3213215
221,204,2933370
242,226,3224352
202,181,2992432
230,210,3219729
238,220,3315571
219,206,3361498
234,214,3182182
210,195,3412336
205,186,2936158
187,176,2906375
221,199,3338654
203,190,3261019
197,187,3104998
185,174,2934659
193,176,3241331
232,223,3437922
228,215,3031054
212,191,3200763
224,209,3201608
210,195,3168858
204,195,2958461
213,200,3131158
227,211,3312239
233,214,3409197
183,171,3120922
195,187,3108602
221,203,3266005
226,205,2955572
207,182,2903301
204,191,3190142
211,193,3179685
200,189,3298188
201,185,3098379
190,178,2999192
202,186,3124256
201,181,3066160
213,195,3340286
214,191,3273716
187,169,3107887
188,173,3238080
215,195,3032314
208,188,3081275
204,185,3167108
196,175,3099845
237,220,3339114
191,176,3094623
201,183,2937070
247,232,3250194
185,175,3060790
210,190,3194350
180,166,2852707
221,207,3308180
220,204,3378417
201,185,3030266
217,195,3259152
208,190,2983138
175,158,3014953
238,214,3261740
217,206,3267643
206,185,3086182
206,191,3206550
190,174,3136767
226,198,3238920
210,189,3315580
218,200,3258627
226,209,3247658
171,157,3039992
193,174,3002886
205,184,3079101
219,200,3122308
186,175,3057714
211,198,3115194
210,193,2977132
210,182,3220749
203,188,3237303
210,193,3034035
196,181,3267569
197,182,3132980
192,176,3206608
174,153,3241183
219,206,3114268
225,212,3313002
233,215,3204259
191,170,2848111
204,185,3209494
226,207,3062476
241,225,3255991
197,176,2859950
193,174,3116928
213,198,3097384
215,193,3280373
220,207,3232310
206,195,3300343
222,202,3117102
222,195,3331669
202,185,2985052
222,206,3319700
183,163,2897609
201,175,3082424
222,205,3100011
222,206,3099542
173,153,3130611
222,205,3292146
197,180,3102223
220,208,3210649
210,190,3136796
208,193,3318352
210,195,3310898
233,212,3303293
182,171,3168499
216,211,3207848
193,177,3039789
205,194,3238231
220,201,3176896
207,194,3042818
202,186,3344445
211,193,3249829
205,194,3086466
231,208,3353934
200,180,3138463
212,198,3045520
193,176,3203785
223,207,3134734
209,190,3129809
227,213,3247426
198,177,3076749
185,170,2799965
202,187,3064566
215,198,3120016
203,194,3267619
234,214,3454260
206,193,3280206
218,197,3039825
196,186,3240672
208,190,3185228
221,206,3207235
216,201,3063918
220,209,3071969
192,173,3042941
197,187,3085589
224,206,3179424
212,197,3258229
215,197,3111428
232,212,3253546
241,223,3392045
201,182,3043597
218,198,3133362
222,211,3302212
224,203,3167450
230,213,3253750
198,178,3222440
240,220,3500495
212,196,2968802
196,175,3106133
218,207,3286889
203,186,3287615
200,184,3268541
212,191,3271976
223,214,3172702
195,177,3032951
213,192,3138671
225,211,3155881
231,214,3438229
199,179,3024686
207,187,3229075
225,208,3037360
202,190,3148825
208,195,2913110
228,214,3004316
185,169,3047275
244,224,3296063
174,155,3205629
192,174,3048230
199,182,3359351
206,196,3272515
235,218,3297401
202,189,3091989
215,196,3204013
211,196,2889664
201,184,2940983
198,177,3000864
218,203,3284758
212,201,3173422
219,196,3150930
240,227,3137490
219,198,3324868
196,181,3095145
219,197,3097357
181,165,2900763
201,187,3100526
199,178,3172602
183,167,3213443
199,189,3140249
196,172,2712847
180,165,3027355
230,211,3019609
197,177,2921503
210,194,3225549
231,223,3230424
223,197,3294652
217,204,2984321
195,170,2985281
208,190,3102398
204,186,3247644
227,208,3191009
193,176,2991862
204,196,3284460
246,229,3316947
209,197,3226683
207,191,2985288
198,184,3060823
204,185,3284025
210,196,3140431
223,201,3285157
201,185,3051361
208,196,3407222
224,208,3097324
179,160,2953662
264,250,3394200
232,217,3439223
231,213,3171170
219,203,3292143
211,195,3159548
188,177,3092268
191,173,3063078
205,189,3254419
197,181,3314150
230,219,3282097
201,187,3146790
212,195,3024643
209,192,3008282
200,176,3111460
196,182,3189678
218,207,3215404
216,201,3077055
194,181,3272015
191,175,3089486
242,224,3237150
211,193,3085920
195,178,3064275
213,194,3357818
211,198,3271208
247,233,3265772
216,203,3170919
197,174,2943377
191,169,3100914
195,174,2941448
218,204,3349065
231,209,3214872
223,199,3168473
215,201,3355805
206,184,2888011
209,194,3306402
178,170,2990298
209,191,3050214
195,179,2850020
197,178,3065389
198,180,3193908
200,192,2799542
200,181,3085870
226,205,3149816
235,203,3224917
210,196,3298349
191,181,3083252
216,198,3132545
192,175,3129336
208,190,3089981
199,182,3184988
200,186,3231814
229,215,3262797
214,193,3413774
184,164,3110541
188,171,3138044
201,186,3087629
232,217,3316507
227,208,3219974
206,192,3014751
208,190,3116723
171,161,3025481
211,197,3262439
255,235,3556252
230,212,3205558
214,197,3295081
202,186,3104872
200,185,3373007
194,181,3134333
219,200,3378972
194,175,3049750
239,226,3175616
195,185,2815478
193,177,3083029
187,174,3167804
207,194,3041226
190,172,2891927
210,196,3060617
226,205,3178320
171,152,3123050
220,205,3162532
190,173,2915787
205,192,3148892
240,216,3534986
225,200,3150691
198,183,2911871
196,181,3048142
255,233,3185647
223,203,3318125
234,219,3193937
187,168,3011367
189,175,3228958
216,201,3263474
200,186,3349591
207,191,3072382
221,202,3161336
216,198,3229292
212,193,3154691
226,212,3310317
214,196,3141001
238,223,3208357
201,188,3326002
215,198,3065453
208,191,2997593
192,171,3136212
211,200,3110659
192,180,3062573
223,205,3246908
207,198,3157503
237,212,3218727
217,200,3291393
193,182,2946603
182,163,3279758
200,187,3244894
223,205,3309998
204,189,3136867
230,209,3119817
192,165,3122217
211,197,3121942
173,159,3063374
204,191,3106498
198,179,3116426
235,219,3191666
238,221,3232361
211,202,3373986
201,182,2992477
222,200,3163973
215,192,3261407
193,176,3153136
224,205,3178918
223,199,3077329
228,214,3376883
210,196,3165556
207,187,3181066
220,201,3196582
235,214,3361065
216,195,3128506
208,188,3080813
223,207,3242581
223,205,3095548
195,184,3156289
199,176,3122093
205,185,2884947
202,188,3164634
181,165,2803445
207,195,3272956
188,167,3258642
227,212,3253872
195,179,3113440
236,216,3104915
218,203,3212798
200,185,3069871
201,186,3240789
204,190,3129374
216,197,2975085
218,198,3251527
193,176,3185995
236,217,3357774
237,220,3383804
210,195,3238251
212,194,3105568
207,187,3053021
226,208,3112295
207,192,2979069
220,201,3260994
216,203,3350368
222,203,3122598
199,179,3205695
208,193,2983619
196,184,3078412
244,227,2997302
205,193,3103805
248,232,3365058
222,199,3064668
191,179,3140158
235,220,3038764
202,183,3124454
199,190,3212059
207,182,2902201
196,184,2970371
207,193,3191119
219,200,3314524
212,196,3251361
188,179,3031984
196,176,3138792
217,197,2960541
188,163,3092311
193,175,2949914
199,181,3328026
218,202,3194139
222,209,3126978
204,185,3243480
186,174,3057861
213,195,3185568
204,181,3170196
200,180,3139018
209,193,3219608
195,181,2933005
221,199,3159958
224,208,3053257
197,180,3239971
202,179,3101695
218,198,3286872
223,203,3034350
237,216,3372759
227,217,3143741
203,189,3177937
232,221,3186183
193,179,3075880
206,196,3157199
208,196,3248702
209,187,3010818
205,188,3083967
209,197,3233643
215,189,3210841
208,189,3095036
217,191,3129754
208,193,3264299
182,162,2716887
215,198,3132095
192,182,3215484
219,198,3306205
234,217,3362453
188,175,3308719
198,184,3040189
219,195,3127510
189,175,3178176
222,202,3035860
179,164,2989124
199,178,3155420
234,216,3090117
188,177,3106095
207,194,3273933
183,164,2912591
201,181,3206700
192,177,3123296
192,178,3190902
224,204,3267515
216,194,3117460
221,205,3178992
179,169,3276179
220,206,3128328
201,180,3245231
218,210,3396058
185,172,3079240
217,198,3084432
201,188,2907328
218,200,3159070
178,162,2997512
180,165,3091140
223,194,3070551
213,193,2999381
218,205,3172631
207,194,3432389
252,237,3365022
217,200,3108606
213,192,3136792
243,230,3349773
194,180,3209072
198,175,2977776
218,202,3202540
206,189,3016784
227,211,3065700
195,181,3298943
235,210,3211419
211,200,3116053
220,208,3226138
196,173,2997000
248,226,3269746
231,209,3190642
185,180,3107757
215,199,3556913
211,190,3204598
226,215,2987654
230,211,3070120
207,191,3069041
200,184,2984364
213,193,3256517
228,211,3341842
186,174,3096463
210,192,3099807
222,207,3137096
222,205,3110165
192,177,3028553
207,191,3115505
210,197,3146940
240,213,3174619
242,226,3178568
205,192,3158377
211,190,3041992
223,207,3161846
242,224,3215650
208,195,3291360
204,189,3044585
210,191,3116716
211,190,3176993
221,206,3043174
198,182,3228276
186,164,2945036
200,185,2996537
196,182,2986240
230,214,3065213
215,195,3140661
217,194,2958100
229,214,3483135
207,194,3069025
210,196,3228766
223,209,3200230
229,215,3384166
207,193,3105722
204,191,3242388
222,212,3110926
203,186,3142972
195,178,3234357
223,208,3237407
216,197,3027068
216,199,3045523
219,199,3309796
245,232,3128990
237,218,3162496
213,192,3314950
204,191,3130137
218,207,3126701
215,199,2981658
204,185,3030532
196,185,3137549
218,201,3227952
221,202,3048516
211,195,3389800
225,205,3151410
187,177,3358270
203,189,3253644
209,182,3193264
221,205,3095401
201,180,3167284
215,195,3119903
219,205,3167037
198,177,3114397
205,196,3156201
198,178,3138842
188,164,3277816
212,199,3004524
235,220,3446638
205,192,3071322
199,187,3207771
188,176,3084179
210,190,3364277
177,165,3279338
184,165,2988651
240,220,3271341
198,186,3244859
187,176,3051432
205,184,3104189
216,206,3247970
226,210,3327043
211,199,3240860
202,183,3019403
211,202,3096213
206,188,2940253
204,185,2986525
205,187,3141360
197,180,3131813
224,205,2915158
209,190,2986906
241,227,3212508
224,208,3037220
198,180,2852629
177,153,3005828
231,215,3429362
198,180,3120001
214,195,3037694
207,182,3083851
195,176,3030027
212,197,3326564
221,203,3045811
212,197,3023102
210,193,3175317
227,210,3232176
218,197,3079424
179,161,3059141
221,204,3068277
212,193,3282775
194,180,3172997
212,195,3239311
236,222,3239021
208,188,3179906
224,207,3236228
207,185,3234275
190,180,3011067
215,195,3298346
266,242,3396737
199,185,3001961
226,209,3283826
173,160,3032484
173,161,3042755
203,195,3416745
236,222,3240709
221,202,3333971
206,185,3016950
205,189,3007046
197,184,3325585
225,209,3064239
237,221,3179985
195,185,3247413
214,204,3340998
193,176,3267452
221,200,3227576
193,181,3256848
198,187,3310325
195,181,2976262
225,208,3141400
218,200,3083628
183,165,3176077
194,181,3209677
193,181,2887326
188,174,3045206
191,174,2953407
241,228,3373034
220,197,3171893
216,195,3161378
179,165,2958200
219,194,3287981
234,224,3366162
232,221,3168283
225,202,3224773
171,159,2885863
196,174,3008516
209,192,3156505
223,205,3328524
225,208,3080315
183,172,3261426
202,190,3245514
197,181,3088871
201,181,3088213
205,186,3157819
211,191,3130434
208,194,2897640
226,211,3479057
231,212,3152746
214,199,3153955
211,192,3108477
203,191,3226568
187,171,3243236
188,172,3166074
247,230,3416395
198,185,3057951
220,203,3218697
229,207,3197845
218,200,3238786
221,204,3255554
189,175,2900244
198,183,3149645
218,202,3243059
213,196,3431920
209,192,3106117
184,166,3144156
207,189,3203991
208,178,2945163
207,184,3218444
209,194,2970902
195,180,3254302
210,196,3347468
236,221,3283977
203,191,3071937
213,198,3361130
219,194,3153783
197,186,3203989
193,175,2951106
194,176,3030091
225,208,3195332
203,187,3193525
200,190,3177853
171,152,3159879
195,176,2857745
222,207,2991502
176,164,3289463
205,192,3075184
231,212,3147794
209,193,3130509
211,190,3145879
213,194,3249994
214,201,3174017
166,155,3068841
234,215,3257836
232,210,3052794
192,174,3016294
210,197,3160611
228,207,3340062
209,192,3273478
210,190,3101160
204,185,3156742
226,208,3207806
191,178,3093529
209,185,3149110
231,212,3456990
226,205,3198073
183,170,2910144
207,195,3015046
212,187,2912373
219,199,3068824
212,196,3237006
203,189,3271615
217,204,3186826
220,204,3282581
217,199,3083519
213,197,3213248
252,240,3461957
196,185,3205805
191,177,3334126
206,194,3191359
201,184,3244736
206,188,3122547
172,158,3045614
202,187,2928922
206,189,2799500
246,232,3446155
228,209,3332231
193,177,3052615
219,196,3056900
196,181,3203717
201,186,2786390
217,198,3085409
181,162,3047159
221,204,3082789
207,186,3311362
196,182,3183241
199,191,3072027
201,183,3086929
186,161,2949852
201,182,3114227
221,201,3423738
185,171,3148401
181,171,2946306
215,208,3231904
212,189,3074469
213,194,3047080
213,204,3209449
198,185,3238894
201,184,2871816
218,200,3163473
216,197,3224008
206,187,3075039
194,183,2966808
218,205,3160575
208,196,3222182
204,190,3052815
194,180,3142460
180,167,3150589
217,203,3363991
180,168,3029508
211,198,3056342
199,189,3070425
187,175,3191111
187,175,3160758
209,188,3328989
197,176,3174474
201,185,3002337
213,196,3307941
196,184,3188152
225,208,3243800
203,186,3191713
220,203,3118942
217,201,3300842
214,196,3395491
201,186,3196773
220,206,3246424
191,175,3127503
197,181,2993130
218,202,3247487
208,192,3335481
190,176,3040543
226,213,3373209
207,192,3403890
225,206,3284228
224,206,3200430
224,198,3196911
211,193,3083340
227,209,2935988
218,202,3275391
237,216,3200683
200,186,3258202
184,166,3045745
217,194,3279846
210,195,3147722
200,185,3116231
219,206,3274614
198,185,3215173
206,191,3200316
215,197,2931453
238,226,3486841
191,178,3096051
206,178,3214097
217,196,3273618
199,177,3216197
226,212,3376790
223,196,3401676
208,193,3057497
210,198,3320423
210,192,3131318
210,189,3045451
235,215,3077329
249,234,3126559
188,171,3006648
208,186,3140682
210,184,3062569
211,192,3248205
203,185,3274749
191,176,3043783
205,182,3177371
189,179,3019040
197,184,3112974
196,180,3062226
220,205,3167893
219,198,3149879
216,202,3154576
201,184,3049176
217,197,3222273
208,197,3383882
179,163,2892894
216,203,3237338
195,174,3212058
207,184,3271010
225,207,3168557
195,170,2966179
203,185,3089252
196,174,2829671
214,201,3266428
202,182,3031466
207,200,3195126
222,202,3370723
196,182,3005282
211,202,3311819
211,188,3117601
196,176,2889018
213,195,3188646
214,198,3164102
234,217,3224234
190,173,3108381
189,170,3079462
228,205,3390751
196,186,3076736
206,190,3195209
200,183,3029185
206,187,2995904
239,222,3085758
182,162,2948767
223,207,3190803
220,206,3053763
202,184,3144483
219,204,3240206
244,225,3298558
214,195,3223716
223,207,3194447
196,179,3126820
198,181,2918629
218,201,2985142
221,203,3297871
202,187,3321349
224,197,3267323
204,189,2975303
207,188,3108561
200,191,3274156
225,213,3529299
177,163,3002504
202,183,3086187
190,177,3230910
220,203,3065789
202,183,3184961
183,167,3130931
194,178,3107927
220,209,3153556
245,232,3287609
216,208,3464447
204,185,3270316
187,172,3118719
228,203,3092860
203,185,3066829
213,191,3138280
197,176,3154217
199,182,3204954
233,221,3415142
199,183,3155943
216,201,3131882
220,195,3223270
223,200,3022000
219,199,3122626
215,195,3199274
201,185,2985440
201,186,3059188
200,182,3325611
223,211,3276086
232,208,3243226
233,205,3212670
218,197,3188569
190,168,2925414
213,200,3111329
218,197,3130114
214,204,3192491
254,229,3295917
218,194,3208989
205,184,3089226
209,191,3445889
215,200,3143008
224,208,3156611
170,159,2972751
200,182,2967235
230,213,3000972
214,199,3173958
212,199,3164581
211,186,3225887
184,162,2684346
221,202,3139320
181,167,2926988
205,191,3230460
204,187,3028695
231,206,3183031
202,181,3089663
230,212,3198501
199,182,3209158
205,192,3147575
224,208,3378578
234,209,3266352
194,182,3117931
214,201,3127849
236,221,3269653
203,187,3366259
208,190,3021672
182,165,3142790
217,197,3277744
188,172,2991053
198,178,2857238
214,195,3252791
227,211,3173467
208,183,3227473
203,188,3168227
192,175,2694031
242,228,3288588
215,200,3091374
202,185,2959692
213,195,3233277
213,196,3295718
223,211,3067734
227,208,3439462
252,229,3126465
215,198,3252703
223,211,3170890
220,201,3169888
235,226,3241734
207,194,3199036
233,208,3215305
241,220,3411927
242,222,3339433
233,214,3277963
207,192,3249514
208,191,3113263
203,189,2912920
212,199,3041787
205,191,3014790
208,193,3133164
201,184,3025195
220,200,3067021
196,181,3212046
192,179,3098453
177,166,3040286
202,186,3205753
205,189,3171354
187,173,2954998
217,207,3374337
207,195,3173899
197,180,3149067
209,190,3134337
208,194,3142169
184,171,2972696
226,211,3303907
204,196,3245294
206,186,3208547
213,192,3114447
226,214,3483856
246,225,3089143
179,162,3036128
226,216,3343516
191,171,3019048
199,185,3141620
181,168,2849373
206,190,3188223
214,200,3331029
201,180,3191114
223,204,3277668
214,197,3158970
200,184,3145609
222,209,3192241
201,177,2967033
223,209,3145937
206,185,3024413
227,203,3326523
196,180,3026939
188,171,3161549
214,197,3235188
217,201,2977167
202,186,3062639
200,178,3426953
205,193,3317948
202,185,2982252
206,191,3108862
205,188,2906186
192,170,3243369
206,184,2960519
209,199,3288976
208,185,3069975
217,195,3093474
200,183,3196095
214,201,3204508
214,194,2981266
234,215,3147178
215,202,3343478
191,175,3107557
226,209,3258291
223,207,3053631
207,187,3171977
239,218,3354924
205,193,3262624
214,198,3222441
216,194,2988253
184,165,3056083
217,202,3152808
238,217,3339030
208,194,3192071
227,208,3079281
205,184,3116118
206,193,3474398
232,215,3221356
242,217,3320159
210,195,2964961
201,184,3066235
184,168,3165823
230,208,3134197
231,221,3290717
204,192,3102912
203,184,3177885
209,195,3087583
217,203,3197598
204,191,3191550
195,174,2963568
221,207,3096542
213,188,3408086
254,239,3300474
191,181,3079945
189,181,3003370
216,204,3270949
211,201,3164490
181,166,3108896
218,203,3431225
217,192,3245798
196,182,3080205
223,205,3258387
204,189,3128437
223,207,3302464
197,181,3179617
203,175,3033080
205,189,3044786
210,195,3329660
249,227,3242457
249,235,3289967
223,203,3144245
221,202,3218456
207,192,3161294
211,192,3205002
210,189,3056370
254,237,3502744
190,178,2828356
231,214,3103641
230,213,3307938
217,205,3237803
216,203,3044818
227,212,3256593
214,196,3111541
194,173,3088212
229,209,3141281
241,218,3266956
223,202,3182083
224,214,3234595
216,199,3141856
211,189,3099481
224,207,2928927
203,189,3095814
232,212,3352532
226,199,3392449
192,180,2969135
210,193,3082368
179,169,2822247
173,158,2948226
196,183,3039176
209,191,3159923
218,200,3089158
202,192,3268736
203,189,3172949
225,204,3225044
181,167,3014486
190,179,3218271
226,201,3260078
202,185,3255202
193,171,3199445
229,211,3237624
199,183,3066748
226,214,3135142
205,192,3046946
216,195,3086095
181,170,2992677
204,192,3330476
199,179,3059745
246,220,3145751
182,172,2925730
226,209,3251926
189,172,3134959
190,179,3016259
187,170,3269738
205,196,3157286
224,206,3063975
203,186,3233769
195,178,2984704
213,196,3184945
207,194,3080492
221,198,3084852
210,193,3281064
208,192,3012298
194,182,3342599
198,179,3294694
211,198,3305834
196,180,3359289
225,207,3245015
212,190,3199026
210,192,2989558
242,222,3127669
178,169,3013222
195,176,2905372
221,204,3143933
237,227,3422029
202,190,3092633
242,222,3344306
216,205,3257967
192,179,3067573
195,178,3097375
185,171,3208329
199,184,2957575
228,212,3295529
235,217,3207542
196,185,3096170
187,173,3160078
180,167,3164923
227,210,3173015
212,193,3202642
214,192,3204893
234,212,3519245
212,198,3111945
200,183,3175620
210,195,3058612
206,188,3163748
209,197,3237777
237,216,3261817
208,196,3445698
179,169,2958525
230,208,3052569
248,230,3524287
225,208,3224079
227,210,3072359
197,177,3080853
206,194,3240548
205,191,2944652
198,182,3137969
216,201,3208329
204,189,3190900
202,183,3249859
200,188,3116569
227,212,3169745
210,190,3163098
223,201,3124884
210,201,3313672
195,176,3012981
221,205,3178901
229,221,3323917
212,194,3151443
211,187,3206868
228,205,3141673
202,185,2991750
207,191,3397667
208,187,3159896
214,199,3257699
213,194,3124356
247,227,3104879
267,247,3450735
203,185,3200710
200,184,3057889
213,193,3086812
188,167,3101199
233,219,3072867
209,190,3232043
214,194,3375555
176,160,3212288
194,178,3337025
196,177,3130285
234,209,3044507
198,185,3094544
198,178,2939460
211,182,3023867
192,174,2934700
211,197,2813081
216,203,3379746
219,200,3228035
213,197,3251864
160,150,2913043
173,160,3073574
211,201,3265001
199,185,3227223
209,191,3164264
252,234,3099703
211,190,3061453
217,190,2919004
211,193,3073574
198,184,3221418
243,230,3305367
202,186,3184419
204,188,2989484
198,181,2916191
188,175,3002393
233,214,3158286
216,199,3269411
238,212,3238401
198,187,3141605
228,209,3246629
206,189,3253427
196,187,3249658
214,191,3223038
172,155,3061971
223,214,3278912
186,168,3348259
211,189,3112739
244,228,3376227
207,186,3167698
217,193,3297812
182,166,2831347
206,191,3178475
206,191,3267245
197,181,3090885
249,228,3165933
209,198,3016524
218,197,3147110
193,177,3225218
221,198,3148221
198,176,3227726
209,198,3236797
199,181,3154245
208,195,3115362
234,220,3234917
206,179,3022422
189,167,3022050
219,202,3153353
207,195,2962748
219,197,3072648
208,190,3327636
234,211,3283539
231,214,3159586
190,168,3117184
216,197,3265175
183,167,2861143
199,188,3099335
194,181,3093153
191,178,3117288
211,199,3278292
223,206,3015467
199,186,3211393
247,224,3282947
194,178,3027489
195,183,3000775
221,195,3114187
208,193,3162560
185,171,3044455
205,188,3171531
177,156,3169479
235,224,3213761
215,200,3081502
211,200,3208052
215,201,3174390
217,205,3158157
213,203,3153163
203,181,3307598
185,171,2948990
193,179,3211568
240,221,3475192
214,193,3109341
219,210,3220089
213,198,3066492
221,203,3152390
215,200,3094357
211,199,3101886
199,177,3207227
219,203,3189743
189,178,3054461
224,203,3201740
195,177,3177192
215,193,3190580
240,225,3230728
192,174,2879276
200,178,2947058
242,217,3096827
202,185,3150888
214,200,3094518
189,175,3116783
209,185,3096608
216,194,3253269
230,210,3107261
239,216,3165707
230,215,3353101
210,190,3031733
223,203,3074076
218,200,3109372
223,200,3353289
168,155,3087947
230,214,3404669
232,216,3580990
230,209,3172965
174,160,2958328
210,199,3337245
216,198,3392899
225,209,3254469
226,205,3243597
167,148,3351762
221,201,3118752
226,215,3123706
215,196,3167068
214,196,3159296
225,212,3483448
224,194,3183194
193,175,3131377
199,183,3276789
185,170,3169506
209,192,3390494
214,203,3135865
223,203,3231609
216,201,3175991
207,186,3053623
222,204,3087785
208,193,3072709
214,196,3238788
220,207,3113301
221,198,3263024
202,186,3185980
225,208,3166293
211,191,3300601
206,189,2907163
212,196,3120029
206,186,3183608
231,217,3427541
197,178,3260455
206,189,2871478
224,204,3129851
208,194,3011819
212,201,3312995
174,148,3038819
194,180,3176984
222,202,3171737
218,206,3186065
208,191,3175871
200,180,3197428
183,170,2948952
239,222,3280523
188,173,2997249
205,187,3203474
195,170,3056957
209,187,3356530
211,190,3346086
210,197,3328262
220,206,3315530
203,188,3140314
219,208,3342335
208,191,3315347
233,215,3222786
200,181,3141475
219,199,3167827
239,222,3403485
209,191,3177045
230,212,3132679
227,209,3302553
221,210,3163450
198,178,2988099
216,198,3195882
187,169,3210612
206,192,3179995
214,198,3273187
246,227,3547311
203,188,3180076
225,211,2931101
199,188,3118336
190,180,2938456
226,204,3147189
228,207,3416368
233,217,3289416
191,180,3070049
176,165,2921272
217,204,3116532
202,187,3269421
204,188,2914674
172,157,2930521
213,189,3134223
180,164,3034724
207,190,3167137
212,199,3221157
190,174,3042423
192,177,3376572
205,189,3003238
214,195,3026327
228,205,3383146
215,203,3130033
233,221,3234841
197,187,3133598
168,151,2896658
188,171,2929449
176,162,3067975
237,221,3287132
197,175,3192467
218,200,3206802
232,215,3254679
202,186,3185002
183,173,2993835
203,191,3274643
240,220,3247204
212,197,3068565
205,191,3262576
198,185,2985435
221,203,3131121
194,180,3119449
233,217,3318379
211,201,3194581
213,193,3233240
196,176,2927633
193,185,3171496
237,222,3058984
204,187,3129369
207,193,3148966
217,202,3113232
197,180,3189401
194,182,2943038
189,167,3311556
234,217,3223838
196,182,3287148
208,186,3042659
198,183,3020885
210,185,3264957
215,196,3164365
211,198,3254728
194,177,3178769
199,185,3219812
187,165,3020330
210,193,3186080
217,200,2967713
203,184,3202272
194,185,3082374
207,188,3333809
238,221,3496977
204,190,3052697
195,184,3159468
193,183,3083507
188,174,3115565
210,200,3005856
213,202,3260021
215,196,3155766
210,193,3099348
208,196,3253780
203,189,3202314
238,222,3345150
202,188,3125764
215,201,3087551
174,157,3016480
188,177,3079761
189,173,2978978
209,191,3111264
213,200,3205472
207,183,3070342
216,201,3415611
241,225,3299384
218,205,2998461
184,171,2927228
196,181,3104809
205,190,3240406
223,201,3275216
201,183,3112437
213,194,3176755
246,224,3351140
238,216,3345926
204,187,3241538
180,167,2975648
203,186,3199959
193,180,3189294
224,212,3132207
247,222,3147018
216,198,3288068
187,178,2981876
211,191,3108666
190,174,3000870
216,197,3242100
224,207,3100908
218,201,3026416
209,199,3050501
208,188,3130660
202,192,3207107
174,161,3094744
193,181,3169442
211,195,2966909
214,195,3235996
214,194,3098784
221,211,3036316
203,187,3149891
207,192,3206127
220,208,3240197
203,185,3025110
194,174,3023787
211,199,3121089
201,182,3310552
206,189,3309193
228,205,3266181
235,216,3141722
188,169,3085252
209,193,3222935
197,175,3131973
190,180,3104242
191,174,3244894
215,204,3163743
195,179,3018372
209,190,3175575
208,187,3193681
221,202,3130416
213,193,2887944
217,203,3104764
190,177,3017417
234,214,3216970
209,192,3064263
204,183,3250716
197,172,3045111
208,198,3132360
229,217,3213442
203,183,3166498
214,198,3244995
212,195,3332554
197,177,2969965
203,186,3072730
210,187,3192275
200,185,3064725
221,207,2922064
214,191,3209944
221,207,3170027
212,199,3346431
211,193,3254796
215,196,3363181
210,194,3021131
241,212,3277868
209,193,2993919
192,173,3241798
237,219,3207257
208,190,3230809
198,181,3095268
209,191,3132175
196,178,3229422
195,179,3117543
219,204,3300531
202,190,3186790
210,195,3238470
174,162,3126095
208,187,3220951
215,197,3189065
243,229,3307891
192,179,3150906
197,183,3151293
219,204,3197140
191,184,3158314
213,191,3111882
184,172,3134244
189,170,3118813
191,174,3109769
164,150,3045047
200,181,3150740
204,191,3068272
217,199,3189676
215,201,3092233
233,223,3337909
222,212,3320678
186,176,3031591
185,171,3215417
231,216,3190513
191,168,3166037
193,171,3196621
215,203,3124129
234,214,3021281
181,167,2951852
211,196,3222516
216,198,3424419
207,184,3104184
191,177,3019918
217,191,3069911
206,193,3038703
213,200,3058589
207,188,3113565
200,186,3106852
252,232,3288879
212,188,3256083
213,197,3084073
207,190,3070940
224,211,3240992
203,192,3103164
191,182,3397240
201,186,2941801
245,231,3079576
222,207,3214775
201,181,3121153
186,165,3180226
178,162,2917596
190,165,3177612
215,196,3223765
205,193,3027369
196,182,3188822
222,197,3082191
201,178,3237896
186,167,3047244
200,184,3221241
231,218,3284265
216,198,3257420
201,185,3080639
197,180,3134826
211,197,3066712
205,193,3437969
216,196,2864890
208,196,3065102
202,186,2924434
208,192,3170335
201,186,3148718
217,206,3283676
206,196,3289272
198,172,3080195
203,182,3057998
221,202,3307699
221,206,3336806
197,181,3177081
212,198,3486320
233,206,3022173
208,192,3119239
236,222,3170216
195,180,2869939
213,193,3026228
184,171,3095255
251,238,3419064
231,213,3358276
197,188,3160742
228,204,3259081
196,174,3109065
227,211,3180486
209,197,3149274
231,217,3201605
203,189,3189182
202,182,3113229
199,185,3038084
222,204,3232223
214,201,3143366
180,166,2814442
237,218,3297495
232,221,3439085
221,206,3253787
201,189,3081129
193,177,3101071
227,211,3275576
182,165,3192417
204,185,3153085
194,186,3128549
212,190,3284359
203,187,3139144
205,188,3203169
226,209,3127700
226,210,3249176
204,188,3200397
212,195,3237541
228,212,3432947
230,214,3198781
184,169,3206344
202,185,3081903
212,191,3105371
225,214,3133302
206,191,3067318
208,188,3070815
198,186,3287681
229,214,3359005
178,161,3180221
173,162,2944480
193,172,2899146
246,228,3300936
173,156,2934831
220,204,3176934
214,197,3076301
203,191,3210701
224,211,3105815
204,183,3200501
196,178,2997882
204,179,3197554
210,188,3133815
225,200,3439293
202,184,2880934
212,192,3128116
197,184,3220152
230,212,3167907
197,182,3098284
190,172,2899214
233,220,3161856
210,196,3437941
220,197,3143887
183,168,3229833
202,183,3070116
206,195,3200692
175,157,3052036
201,189,3031310
218,201,3130535
180,162,2931874
217,194,3211158
201,183,2909263
215,204,3207972
228,214,3332919
225,204,3154132
205,186,3099788
190,167,2808101
190,176,2962075
201,187,3193164
211,197,3340720
212,195,3078602
232,210,3302451
234,216,3243463
201,185,2995234
205,188,3078317
225,210,3186258
230,213,3283431
171,162,2949885
230,214,3238953
233,212,3324976
215,206,3142832
221,213,3184954
194,179,3150603
185,170,3148471
201,185,2972997
244,229,3292487
192,183,3315305
182,167,2932769
244,213,3195498
228,209,3354732
188,176,3078474
215,200,3265044
213,198,3157882
225,207,3026179
232,212,3323886
206,189,3182374
216,198,3173605
210,198,3188256
226,211,3075841
232,211,3346406
189,176,3185773
214,202,3258232
193,169,3026039
220,207,3157211
210,199,3235356
187,167,3210744
242,222,3340969
218,201,3198984
198,184,3220801
224,203,3249798
217,198,3243258
218,199,3131863
210,196,3290409
177,161,3011470
219,203,3154708
216,199,2919079
226,210,3262107
197,181,3127037
215,192,3114026
209,196,3260812
207,192,3161845
197,178,3097579
190,170,3220705
238,210,3224494
202,182,3014911
222,209,3354346
226,207,3354678
207,183,3059394
243,224,3358136
219,210,3311191
187,174,3018411
188,174,3322244
205,189,3076292
174,165,3199913
231,212,3280329
196,188,3071580
227,205,3217523
238,217,3304085
195,174,3024020
179,164,3060939
255,233,3098997
207,187,3047342
208,189,3080610
184,174,2820479
229,203,3048637
224,210,3265571
206,183,3076743
191,173,3189232
204,192,3098327
215,200,3015300
214,200,3063059
228,211,3160004
233,210,3259790
217,199,3189535
199,186,3046844
194,174,3112430
220,200,3246329
182,168,3183726
190,175,3005876
234,219,3385651
216,197,3224057
239,222,3299933
213,196,3196818
207,197,3176438
203,192,3129422
200,179,3084895
234,218,3370710
204,188,3166667
184,164,2965807
196,178,3040486
199,186,3095950
185,169,3194162
227,210,3105754
211,197,3177554
214,205,3038671
201,183,3110600
190,172,3123483
187,167,3174426
192,172,3067027
206,188,2876959
220,205,3272956
192,178,2959305
224,210,3454393
222,210,3090230
233,216,3314578
197,185,3019960
236,216,3162651
167,150,2972823
199,184,3099582
224,212,3301081
224,204,3174408
200,183,2920643
217,193,3241246
190,176,3228485
194,180,2993107
201,178,3043565
257,243,3325466
237,219,3290842
224,202,3041230
246,232,3410087
207,183,3225108
192,175,2963349
197,180,3123725
197,181,3055081
216,198,3063524
223,208,3354483
198,172,3185711
201,182,2988512
198,184,3237796
231,213,3211809
201,180,3064861
193,169,2886022
179,169,3274915
219,204,3140132
241,222,3143282
222,200,3143470
238,215,3168566
206,194,3122719
187,171,2915405
196,188,3383033
220,204,3211351
190,172,3109756
220,202,3130531
208,190,3058797
212,196,3144554
200,183,3142917
216,196,3366057
206,185,3073823
221,201,3139334
200,186,3106946
232,220,3248670
207,190,3181135
239,216,3126159
181,165,2928308
234,218,2988126
200,189,2974276
202,189,2965451
232,217,3142292
212,198,2982081
198,184,3300947
236,216,3093417
182,169,3156427
219,203,3069641
209,193,3153748
232,217,3257488
196,182,3178328
216,200,3327220
193,173,2915927
194,183,3288052
218,204,3327665
214,199,3048094
236,216,3414418
219,203,3161732
232,218,3260302
220,201,3404392
202,181,3068956
213,194,3077651
204,190,3100905
200,186,3313216
223,199,3102650
201,180,2974709
215,196,3389716
188,165,2970007
225,207,3208467
222,204,3154660
202,182,3086002
231,218,3316798
202,184,3172028
218,203,3309030
186,176,3149142
223,207,3157335
242,218,3373644
226,205,3308713
173,159,3047696
204,191,3142596
189,177,2979010
227,203,3025192
204,196,3065558
211,201,3028046
199,185,3169259
243,227,3432383
192,172,3164113
193,180,3181423
189,171,3055082
201,176,3113505
185,168,3041647
194,174,3127914
194,169,2985019
206,190,3052145
229,214,3111551
188,169,3255133
203,179,3010549
189,171,3171400
218,199,3097938
207,193,3226911
189,175,3128097
211,197,3090969
218,204,3240321
186,174,3082870
238,222,3247843
213,197,3406325
210,199,3104153
203,184,2944133
227,218,3208227
218,202,3092811
203,190,3161704
197,182,3350397
195,180,3085800
180,165,3159454
214,195,3129939
211,192,3096643
187,171,2989798
203,188,3129200
199,182,2944914
210,190,3075623
215,201,3036055
194,173,3028584
211,191,3126737
209,191,3039231
226,206,3130101
213,199,3223268
194,177,3143596
210,192,3295976
242,227,3471381
232,211,3190304
211,198,3179001
190,178,2844210
202,188,3102913
195,180,3330768
201,183,3309154
206,186,3190095
216,197,3184072
225,208,3240607
220,207,3414591
238,217,3359244
219,199,3293693
207,190,3081482
197,181,3234254
209,189,3042047
195,183,3105862
212,195,3216184
195,177,3096505
210,189,3165988
216,195,2887827
212,201,3139757
195,178,3194059
233,204,3329699
210,184,3086032
247,228,3510397
190,172,3113570
211,192,3207908
228,211,3207504
210,190,3094497
212,195,3277231
215,205,3237842
192,175,3088654
180,160,2931223
231,215,3296827
222,199,3238883
188,171,3208742
218,196,3250730
208,188,3226892
224,207,3228342
212,192,3190693
195,181,3130672
207,189,3233110
224,203,3320772
181,166,3109266
233,218,3305220
206,188,2953487
202,183,3128465
217,204,3202408
200,188,3090903
182,167,3005985
231,212,3219816
196,178,2963859
182,161,3058374
198,182,3255970
193,181,2902122
205,194,3164320
204,188,3111281
278,259,3317488
218,205,3388519
222,204,3238687
189,168,3052882
178,159,2926749
213,200,3090135
220,193,3369093
192,181,3281905
205,188,3278881
244,233,3322510
204,184,3118594
211,185,3028061
243,220,3239441
205,184,3093591
249,226,3342597
206,185,3140192
242,226,3322475
226,204,3302463
240,222,3349095
188,170,2940416
200,183,3103213
186,169,3007565
235,214,3371112
219,201,3137034
235,215,3171407
207,186,3354761
230,220,3438148
223,207,3087874
207,184,3299903
204,192,3247100
243,231,3220306
194,179,3020194
178,158,3090629
213,194,3123235
192,176,3067094
206,192,3156919
204,192,3227741
184,170,3044743
221,204,3112885
203,189,3167509
214,197,3285644
196,178,3025093
218,201,3121395
217,201,3290837
204,192,2996016
222,198,3297836
182,166,3140749
186,165,3152857
229,208,3223387
213,201,3145108
219,204,3306951
213,200,3221953
217,198,3284321
179,168,2904678
200,188,3170135
214,193,3127367
209,186,3060552
218,202,3339708
221,204,3174266
211,198,3327400
201,184,3142272
185,172,3236381
200,185,3081659
240,220,3347318
225,201,3153082
185,170,3015756
244,227,3309248
211,191,3105289
197,183,2978498
205,192,2970537
188,163,3049962
197,183,3197039
222,209,3263115
188,174,3042687
211,194,3113466
229,211,3178345
220,201,3116318
187,174,3098327
235,214,3434278
223,204,3248475
217,193,3377810
211,195,3211623
184,169,3173370
221,204,3103293
199,187,3188831
212,202,3121722
166,149,2915651
236,212,3054892
249,227,3176441
198,173,3076047
214,201,3190288
224,208,3219377
191,176,3121025
226,210,3263240
199,183,2974780
196,181,3054931
229,210,3183299
222,202,3173747
240,214,3229130
222,203,2986401
230,213,3022330
235,218,3343755
213,202,3138340
209,191,3099790
207,194,3116620
219,203,3218225
200,183,3143739
191,178,3210680
222,202,3270237
243,228,3415834
210,198,3123333
196,182,3075565
187,170,3052628
227,214,3169102
211,194,3447656
214,196,3008765
194,182,2878988
176,162,2930676
236,214,3237666
182,161,3224327
207,193,3165541
205,190,2978438
196,179,3100769
216,195,3139152
221,211,3128672
211,191,3174037
226,204,3418366
208,181,3138512
234,213,3066464
210,182,3162210
211,196,3226115
228,219,3329753
217,196,3198732
221,197,3120064
188,179,2795770
210,188,3018298
234,219,3352166
186,172,2956974
214,198,3128445
224,200,3181394
211,198,3133764
220,198,3228826
194,178,2985201
216,205,3203462
193,175,3181435
186,167,3001484
212,192,3133445
162,142,2995641
188,175,3326953
205,189,3017907
206,183,3217773
212,196,3282092
233,215,3164877
234,216,3317328
220,199,3166253
224,213,3505928
214,198,3157682
222,206,3290328
224,206,3235368
179,165,3022715
180,165,3137895
217,200,3137424
238,216,3123269
199,181,3218579
208,187,3092174
223,203,3417653
212,190,3070298
208,187,3178247
218,201,3294290
208,192,3162737
228,214,3473701
231,216,3282160
240,216,2958106
222,208,3299268
213,193,3238485
208,187,3170420
199,180,3087265
206,188,2959295
205,189,2961703
185,175,3124920
220,211,2863519
202,183,3149592
205,179,3051620
223,201,3093410
209,188,3220756
220,199,3147150
223,207,3265305
242,227,3222865
215,195,3082661
195,185,2991398
206,194,3264115
215,200,3007751
190,172,2994723
237,213,3160746
187,171,3134312
224,210,3171035
203,184,3263555
221,208,3170231
199,185,3091925
197,184,3285501
200,185,3185746
206,193,2984524
221,206,3223179
197,181,2894916
209,190,3144494
209,194,3186001
202,192,3195037
189,169,3333459
206,194,3384478
201,187,3291602
214,202,3067004
206,184,3031380
191,179,3140030
219,200,3003174
192,175,3252012
226,208,3268468
236,218,3189045
214,197,3087419
203,194,3249686
209,192,3152346
193,179,2945482
200,179,3097552
266,239,3282704
199,189,3136447
213,191,2952122
207,187,3188775
244,228,3258127
227,208,3162687
200,187,3333816
204,185,3308852
178,162,2848472
204,187,3231665
188,168,3175004
215,202,3094628
210,201,3154400
218,205,3368855
195,180,3017594
252,230,3434341
214,200,2962563
214,203,3046884
212,199,3097411
185,172,3035341
208,191,3031661
223,204,3231647
211,198,3129421
201,186,3029917
189,177,3231197
194,180,3080930
227,207,3288851
202,178,3251039
220,199,3217049
198,186,3005213
217,206,3296102
200,185,3185958
239,217,3317109
184,168,3149150
211,191,3177519
219,201,3021473
211,195,3082072
234,217,3200830
252,230,3457919
196,180,3149622
213,197,3372876
186,173,3117201
232,215,3156820
209,194,3129068
233,213,3440529
196,189,3029917
220,210,3040379
213,198,3154209
208,198,3203236
219,204,3204557
188,164,3087377
195,176,3145542
195,175,3151225
200,178,2981486
195,182,2894524
205,179,2995131
215,205,3292912
222,210,3258841
210,197,3149873
225,199,3054726
205,187,3020413
229,211,3218112
231,220,3251582
195,178,3330177
209,195,3277945
185,174,3101765
206,190,3269350
231,205,3193118
212,201,3296615
201,183,3025108
194,180,3110815
213,204,3284514
156,141,3119035
223,212,3441995
212,191,2941321
233,209,3106898
219,199,3251819
209,197,3092685
201,189,3019725
210,190,3053363
198,181,3105599
186,173,2970820
200,187,2957018
231,218,3385536
216,200,3112157
199,179,3009501
214,204,3145586
205,190,3064322
190,181,3257993
225,202,3047575
207,189,3231484
217,204,3235433
203,183,3196492
227,215,3219469
193,179,3221591
214,195,3244838
237,221,3001571
214,201,3129713
226,206,3066970
245,222,3140137
218,199,3284901
189,165,2827432
219,203,3261467
236,227,3342273
222,202,3219268
229,212,3257934
219,202,2963690
205,187,3081802
230,207,3259735
203,179,3183320
239,222,3209763
202,187,3043415
210,189,3264693
195,180,3095857
234,223,3262537
189,179,3012721
191,183,3197948
205,178,3175329
182,169,3018379
245,231,3458081
187,171,3144633
182,162,3140874
200,178,3014439
202,178,3274083
192,167,2899647
191,179,3039274
233,210,3141564
235,216,3283514
195,178,3167567
213,196,3250532
206,193,3290865
192,180,3254082
253,237,3318664
198,182,3045823
222,210,3203918
208,192,3098853
211,192,3027363
194,185,3266801
222,198,3272072
218,202,3117184
233,214,3325659
210,188,3528351
227,212,3286992
244,222,3230691
222,207,3317301
197,179,2906995
237,218,3600789
215,196,3238323
200,176,3125148
221,197,3317953
207,201,3375971
204,180,3111067
205,187,3264276
169,156,2905638
210,189,3286912
224,204,3372421
185,176,3146929
241,229,3223441
182,162,3022029
205,190,3177583
212,196,3264659
212,199,3097338
215,195,3130561
194,177,3373784
217,201,3136112
199,181,3096292
199,183,3090460
226,206,3186603
220,197,3285462
222,204,3163081
206,185,3089875
213,189,3070754
214,192,2997840
213,202,3272640
187,175,3033750
201,186,3146697
225,212,3307802
225,205,3272135
191,169,3129381
169,149,2965580
230,207,3339213
218,205,3253276
224,207,3151160
220,204,3321861
223,206,3143179
204,187,3012922
206,192,3030542
219,201,3124980
233,221,3248037
244,227,3295693
216,195,3198958
222,204,3158987
218,202,3050810
223,207,3095420
205,194,3230963
199,183,3150804
195,180,3195070
212,195,3275943
212,194,3101080
218,203,3176475
230,219,3270657
191,176,2972162
213,198,3323527
216,198,3233508
197,184,3233905
180,164,2961217
205,187,3131690
223,202,3226832
211,197,3116655
207,198,3405072
216,198,3068813
177,164,3285469
233,221,3325027
223,202,2987445
237,215,3007624
231,213,3316894
192,167,3112505
189,163,2936489
206,189,3229542
197,183,2972962
222,207,3091207
221,204,3152034
205,190,3068761
204,182,3229078
216,197,3256929
183,162,2809209
166,153,3099835
209,196,3336718
220,206,3261810
230,211,3303890
200,188,3104457
192,180,3140902
184,166,3056507
182,166,2978205
186,172,3160472
175,162,3191383
199,179,3193264
213,199,3300852
214,199,3123346
225,202,3293675
198,180,3081295
204,180,3169877
210,190,3086098
198,182,3408663
243,225,3414418
187,175,3016225
213,198,3133272
219,204,3139360
227,210,3245054
207,193,3246105
172,160,2971011
198,177,3256519
232,221,3262981
222,202,3160897
165,149,3005732
209,198,3276942
222,203,3148306
170,158,3133053
227,205,3237475
207,183,3209835
252,236,3228374
219,198,3407888
211,198,3035117
226,208,3054282
190,174,3099751
192,183,3172297
214,202,3159467
183,173,2931460
227,212,3326662
197,177,3054362
208,190,3021434
237,221,3179320
227,210,3257787
232,208,3285991
229,219,3323556
230,215,3201686
186,173,3077393
219,206,3120587
219,197,3235875
203,190,3050855
223,209,3216336
212,191,3389040
200,183,2953727
247,229,3219362
208,179,3072419
205,190,3238451
227,214,3241200
190,178,3269846
216,200,3043035
208,191,3021049
209,187,3227421
242,220,3149888
182,168,3192810
196,184,2968621
195,176,3131941
241,222,3111320
191,172,3229020
205,181,2997774
258,243,3469369
212,199,3296490
205,186,3055640
241,222,3096698
240,222,3288564
211,196,3018682
241,227,3272509
177,166,3064037
220,202,3223039
226,211,3110355
207,195,3400116
228,217,3199343
205,189,3388731
195,176,3097890
218,197,3153739
223,207,3181573
236,218,3138191
206,190,3059631
236,210,3160154
205,185,3026452
211,195,3125621
240,216,3386803
181,167,2948740
213,196,3194015
189,169,3003820
221,211,3338074
198,176,3151399
224,205,3329440
233,212,3303063
186,170,2990503
205,186,3124069
214,197,3324650
218,203,3135770
216,199,3090864
243,220,3312915
195,184,2976088
223,206,2949563
200,180,3175327
208,193,3137579
176,162,2969309
226,215,3417808
198,180,3085069
214,190,3141760
208,191,3103766
204,189,3014761
189,173,2986140
223,207,3152102
204,182,3143693
223,209,3164951
233,214,3423657
218,206,3331526
208,195,3215500
213,190,3145318
194,180,2953251
225,206,3176996
193,174,3041924
215,196,2997910
202,189,3351398
219,205,3390066
175,165,3017796
188,174,3138711
244,227,3312840
201,173,3137463
201,187,3077702
232,207,3267203
194,173,2917511
205,191,3132608
206,197,3205933
227,210,3170493
248,238,3378780
233,218,3381267
219,202,3432615
223,203,3102213
194,171,3050381
218,204,3286614
192,180,3221365
213,197,3143415
241,218,3225679
179,159,2887556
197,183,3017266
210,192,3180140
233,214,3029310
176,164,3289833
236,211,3068216
199,188,3046396
211,194,3309447
191,179,3132167
214,197,3066683
181,163,2956892
182,169,3278047
219,207,3236088
194,175,2992336
193,176,3100359
207,189,3060058
194,182,3124060
231,214,3279918
216,201,3148460
214,196,3129583
218,198,3011342
199,182,2867616
216,197,3089697
215,197,3232420
201,191,3154112
232,216,3286259
207,192,2989549
174,160,3004195
200,180,2841810
239,219,3374796
215,201,3108158
211,192,3206864
211,199,3040633
196,181,3040934
232,209,3213282
197,181,3128257
225,200,3355887
219,200,3009613
179,158,2998331
225,203,3188234
212,202,3180009
184,163,2944072
222,206,3250895
228,211,3345363
207,190,3182214
218,195,3246134
210,183,3187349
246,225,3381521
195,185,3061573
215,204,3141040
229,202,2984130
196,188,3115947
190,174,3139617
209,189,3245300
234,216,3191396
203,189,2915860
197,172,3010822
179,166,3044401
207,194,3147451
233,219,3165853
216,201,3159562
209,195,3288329
189,177,3134251
200,178,3028733
230,209,3182295
231,217,3257405
222,202,3204369
196,186,3015212
203,187,3334484
194,180,3071102
255,237,3430678
228,208,3219436
234,222,3293847
205,191,3078381
205,191,2892975
237,220,3382852
184,169,2835134
216,198,3143383
215,202,3293137
192,169,2950356
186,176,3297996
223,210,3179710
183,174,3146589
213,197,3067160
207,187,2981213
228,207,3115476
199,182,3017345
228,212,3276127
222,202,3008192
193,180,3235006
214,194,3112332
213,201,3138870
220,205,3199327
223,204,3048480
222,206,3324174
185,169,3038086
203,189,3108428
202,184,3211580
216,195,3065714
197,179,3305269
195,178,3004793
193,178,3200210
223,209,3301476
215,201,3477597
204,191,3101254
190,175,3174616
228,207,3252797
212,192,3212759
212,205,3269690
199,183,3039170
203,190,2938983
240,226,3100481
189,177,3085601
198,180,3072535
176,166,3042308
164,151,3087484
233,219,3344349
199,183,3212430
219,199,3083272
195,182,2864033
196,178,2966866
205,191,3224211
207,186,2964487
191,181,3139262
201,187,3004191
193,178,3163461
185,170,3051015
203,182,2928194
197,185,3198059
185,171,2964065
232,220,3181101
213,200,3155941
214,196,3036720
214,201,3395953
214,194,3094189
189,172,3020938
207,190,3089106
196,184,3089245
210,192,3032471
213,197,3278511
204,188,3209501
224,206,3084856
233,214,3528476
193,179,3102829
216,201,3192917
208,198,3245309
179,158,2996741
245,228,3366536
209,193,3143121
197,182,3211163
182,173,2973493
223,205,3119112
208,194,3072226
183,173,3080931
195,181,3070223
199,183,3189551
219,201,3156801
200,183,3181180
207,199,3144622
202,191,2933842
193,185,2835338
220,205,3478735
202,186,3222704
208,195,3287332
166,148,2788134
250,230,3236909
245,233,3313876
218,204,3092340
219,198,3328588
243,226,3294876
202,186,3233143
224,210,3415051
219,204,3090370
228,217,3206826
217,197,3108460
249,240,3263426
181,162,3124710
201,185,3078481
187,174,3130261
221,202,3076840
239,211,3171815
213,203,3338607
234,215,3431783
195,183,3003594
232,212,3076384
217,202,3268113
218,205,3084447
189,175,3034632
239,215,3234940
209,187,3259613
235,213,3265577
217,203,3277579
215,200,3259164
177,160,3124824
209,192,3189106
189,164,3062171
214,202,3360247
191,178,3307147
217,199,3183422
204,186,3050566
214,203,3323374
224,206,3243957
210,196,3216378
228,209,3340617
233,217,3053460
172,152,3073678
221,199,3191972
219,202,3206779
200,181,3010316
200,186,3122223
233,221,3417172
191,177,3049474
194,184,3174144
194,181,3219161
201,182,3034621
221,206,3337428
202,182,3219364
204,196,3125923
215,199,3380116
194,178,3005673
231,218,3140925
210,199,3173035
240,227,3263328
222,202,3173356
210,193,3085204
183,166,2857320
202,180,3190305
225,207,3312758
184,171,3118317
226,208,3281491
220,206,3301566
197,176,2938207
212,194,3244293
219,193,3127019
228,211,3085898
198,180,2955855
224,210,3162993
211,192,3246566
193,179,3307598
219,206,3082127
194,165,2853841
239,219,3341339
192,177,3028800
203,182,3271031
200,184,2972391
189,173,3189071
215,198,3189837
179,169,2968759
182,163,3070678
203,190,3031568
201,182,3100755
214,188,3131142
229,212,3214360
219,206,3147749
239,218,3215847
208,192,3428770
198,183,3123050
226,203,3136717
215,199,3319129
200,187,3145181
248,235,3278453
200,179,3042321
209,198,3009228
211,195,3114431
222,202,3348487
243,219,3289948
231,218,3149527
214,193,3026728
264,239,3397647
219,202,3028028
206,190,3116508
194,178,3158907
176,164,3102000
229,213,3371505
203,192,3041472
189,175,3027707
217,205,3181756
215,199,3466004
169,157,2974012
200,187,3102850
216,205,3296750
185,168,3023726
195,184,3189014
227,210,3312624
199,182,3035563
200,188,3252713
214,190,3154772
223,210,3117893
186,173,3003051
224,214,3208647
199,188,3269734
211,192,3065751
194,175,3115441
209,194,3110596
211,202,3095155
219,202,3235465
217,207,3157712
218,199,3162322
215,193,3128527
170,153,2868834
196,182,3311102
243,233,3389644
220,206,3121435
211,191,3143900
202,194,3196308
220,198,3249484
219,202,3189329
213,195,3197666
241,210,3121632
194,175,3177885
182,166,3070929
209,187,3157302
175,154,2858534
222,204,3191214
209,188,3084392
241,223,3200135
193,170,3084328
220,204,3161872
201,187,3357861
194,173,2999599
213,187,3082460
212,195,3158197
187,168,2871406
203,190,3209456
184,169,2841274
238,216,3232206
210,189,3113334
204,192,3141668
196,180,3067360
193,178,2980431
204,184,3056017
206,188,3158510
194,183,3305686
218,206,3095468
200,181,3090878
235,217,3251189
202,190,3055128
214,203,3183775
195,179,3056759
210,189,3122293
180,172,3103619
185,166,3154645
223,203,3148625
194,180,2956955
225,208,3186447
228,205,3067986
230,215,3313380
203,194,3265747
220,204,3154662
182,160,3106300
205,195,3157155
222,203,3090250
209,197,3179070
226,209,3152325
227,206,3356980
200,184,3149566
208,180,3203332
186,170,2979203
214,197,3220818
228,213,3529955
197,184,2996219
212,191,3149910
186,169,3247845
231,211,3315564
210,192,3058463
212,192,2970301
235,212,3208380
204,191,3131181
230,216,3389913
200,179,3159642
263,238,3045860
205,184,3150008
214,196,3213412
204,188,2960520
221,210,3305732
211,194,3193628
218,206,3102852
225,205,3073122
188,170,3035635
200,183,3168761
215,196,3167853
209,192,3187680
253,239,3529150
205,191,2971252
221,204,3236081
222,199,3147074
215,194,3211008
211,196,3206845
213,202,3251681
199,185,3062888
224,213,3408077
214,192,3226016
228,211,3057587
220,202,3042575
217,203,3054067
206,194,3069347
197,180,2975537
201,189,3121442
179,159,3054748
180,169,3203025
207,192,3085916
235,215,2970121
195,180,3050335
232,222,3179407
215,194,3207036
192,175,3084879
212,192,3259014
235,214,3090157
194,183,2867050
194,177,2979401
229,218,3324123
224,204,3375719
187,168,2802772
213,199,3069971
196,182,3193424
226,209,3068158
190,173,3244209
193,180,2981979
217,199,3062744
223,201,3230161
218,203,3141540
202,185,3009513
198,186,3065768
214,194,3119360
202,177,2938050
200,179,2870900
189,174,3222593
222,204,3214156
220,201,3237556
184,168,3200708
216,203,3283635
215,206,3147658
219,205,2902907
222,206,3161418
201,184,3107638
224,208,3335811
214,194,3050147
191,173,3019017
198,183,3059796
209,190,3312919
216,197,3197183
246,211,3221595
201,182,3098089
214,198,3132077
227,206,3276355
190,174,2869687
208,189,3036332
209,193,2979865
217,199,3292299
202,188,3329857
214,201,3201692
208,194,3242870
191,175,3144352
204,187,3324803
221,202,3342520
198,182,3356348
207,192,3284402
214,201,3161615
216,195,3034359
197,176,3167601
203,184,2987869
211,193,3236869
184,166,3104875
203,188,3301647
223,208,3153831
224,208,3205016
195,174,2856576
212,191,3099032
202,184,3129414
189,175,3068063
251,236,3159170
203,191,3091546
219,200,3229862
208,200,3239955
210,201,3196717
211,193,3225268
200,178,3305288
195,180,3103752
223,209,3202752
208,199,3401368
199,185,3199784
233,219,3268220
215,193,3061979
181,163,2990027
200,183,3012463
206,187,3147695
179,162,3217265
222,205,3115927
186,175,2973295
207,186,3062820
187,166,3050434
197,184,3174533
169,151,2908567
217,193,3149655
221,205,3145589
224,207,3171812
217,205,3017703
235,221,3443591
188,169,2929692
257,232,3129938
209,195,3177889
210,196,3231913
239,219,3121897
191,181,3080407
216,198,3085864
186,173,2890821
211,195,3141329
209,187,3187282
191,177,3090135
178,165,2932361
198,186,3225628
235,218,3331276
177,167,2991102
192,180,3154680
200,182,2959116
225,205,3066251
180,168,3214614
203,184,3217267
229,212,3211876
219,205,3324576
220,203,3255618
220,200,3026124
215,198,3247933
178,165,3045833
197,179,3070242
200,189,3129645
181,171,3149997
215,197,3150128
212,190,3049874
205,183,3126058
194,176,3116236
228,209,3245351
196,181,3131006
202,185,3073332
187,170,3008757
197,177,2911178
205,181,3338867
203,183,3085857
214,200,3223014
211,195,2982518
191,171,3163471
208,188,3194201
202,191,3213810
190,167,3215097
181,165,3068423
165,152,3045746
207,194,3204729
212,192,3390301
217,209,3010188
217,195,3116118
232,216,3163140
213,193,3106341
209,194,3154639
195,177,3194051
226,208,3311310
206,186,3180945
236,224,3411856
197,184,3095141
203,188,3050603
208,192,3141405
207,195,3111754
211,196,3023477
204,189,2936486
223,207,3250303
209,198,3292485
195,178,3115272
199,182,2998259
247,230,3187112
195,174,3033489
196,180,3225065
247,231,3267921
196,179,3099211
234,214,3148202
221,196,3199001
246,226,3475244
212,198,3133178
219,197,3380177
203,180,3040579
231,209,3253618
183,171,3164886
182,168,2922065
216,197,3057189
186,168,3116718
203,179,2924557
199,189,3174480
219,200,3202201
208,191,3108895
220,198,3220466
228,201,3108520
203,187,3140399
215,196,3130090
215,201,3278524
181,167,3080063
214,193,3138318
213,196,3125946
226,210,3312891
230,205,3281678
208,190,3249084
206,188,2868083
190,167,3107625
238,227,3344828
211,195,3422102
212,197,3154062
188,174,3161019
212,193,3163252
209,187,3220217
211,188,3095935
241,222,3349039
207,189,2893801
230,206,3357109
214,192,3226747
231,214,3233926
198,180,3164325
210,195,3167364
228,211,3248558
196,184,3070463
193,176,3013817
212,201,3279989
208,196,3131381
234,209,3203462
208,190,3136335
208,195,3211799
196,173,2919594
171,160,2907584
200,193,3322452
207,194,3096919
160,151,3033345
209,202,3174550
229,210,3421693
199,177,3197813
215,200,3189108
196,179,3079484
198,185,3196035
179,157,2893650
207,197,3163112
188,179,3116090
198,186,2902230
224,205,3369650
201,182,3110576
226,206,3169630
193,176,3084812
193,178,3231802
199,185,3321445
213,192,3167590
187,172,2925510
196,179,3125495
221,204,3328948
229,206,3241669
198,183,3173576
222,207,3171550
211,201,3456047
197,189,2931977
186,175,3136848
228,214,3286803
181,167,3115487
211,196,3180558
213,202,2990004
200,181,3212214
204,184,3169006
208,186,2997109
224,199,3389109
216,198,3393517
220,196,3522391
206,190,3312834
219,194,3294003
191,177,3264697
232,213,3303560
205,192,2916675
198,185,3116120
209,191,3234681
204,191,3205596
192,175,3025671
207,190,3039095
192,181,3141146
226,209,3043923
204,190,3179780
212,201,3362476
203,190,2993423
221,206,3283793
204,185,3299880
184,162,3076681
209,190,3297996
240,220,3139116
225,205,3372827
191,182,3254459
202,185,3110278
188,175,3229082
222,207,3451373
204,193,3067729
216,199,3130008
192,174,3165555
196,176,3228816
200,187,3314861
192,173,3197005
202,183,3087121
215,195,3095216
197,177,3099695
225,213,3146089
197,182,3295247
201,185,3310843
200,189,3020322
177,163,3024069
229,211,3208068
218,206,3103777
227,212,3279575
201,192,3309331
210,183,3199511
218,201,3454784
205,188,3112640
182,169,3087361
190,173,3281526
228,218,3362722
223,209,3195936
185,170,3136859
224,208,2994052
196,181,3079296
222,206,3277100
193,172,2935723
208,196,3240625
194,179,3181655
193,174,3196332
246,226,3301330
218,194,3123034
222,206,3229684
216,202,3180520
216,202,3277265
233,216,3094739
216,191,3362722
199,178,3122607
185,171,3373727
206,190,3203792
224,201,3171686
192,173,3172625
193,177,3173419
212,199,3319230
234,210,3169190
244,219,3366807
203,184,3100921
238,215,3193045
209,195,3405150
200,186,2981498
212,191,2904778
205,190,3121221
194,172,3247917
195,177,3062555
222,204,3128776
220,204,3090778
216,202,3224549
212,195,3053451
183,173,2968449
235,223,3203134
236,220,3148394
220,205,3144869
239,218,3133538
206,191,3215996
228,218,3309947
196,185,3191962
213,193,3120567
203,186,3002699
202,187,2976395
179,170,2900892
234,214,3422537
186,172,3389067
238,221,3205880
228,212,3348587
181,156,2991985
243,220,3257157
234,210,3371737
239,212,3221714
213,191,3141062
212,203,3210220
216,200,3124622
209,196,3109058
205,190,3165913
221,197,3100862
178,166,3133687
215,198,3072564
207,196,3214251
198,185,3284590
211,189,3332690
221,206,2964837
248,233,3271600
205,191,3353117
165,157,2971698
235,220,3254461
201,184,2958098
211,197,3252435
189,177,3058152
190,172,2996276
193,177,3257013
230,218,3165120
183,172,3196205
225,211,3239384
198,183,3082955
208,189,3261454
233,209,3251655
206,197,3075048
228,210,3251600
212,190,2789810
186,167,3048205
248,234,3255865
221,201,3133975
211,197,3246872
240,225,3069291
193,176,3098197
234,214,3150248
206,191,3087400
198,181,3186083
188,171,3050993
225,203,3324537
213,198,3292488
187,168,3012721
222,206,3125785
187,176,3043312
181,170,3019678
223,203,3104761
200,189,3108441
196,176,3121404
215,198,3261556
217,196,3052987
231,211,3080639
227,215,3134786
232,210,3136649
222,206,3270450
214,200,3130551
200,181,3002517
220,204,3350798
221,201,3367811
228,212,3375029
213,190,3193990
231,216,3195727
203,185,3076724
219,199,3216065
256,241,3348203
244,229,3406791
209,193,2975458
228,204,3191018
174,158,3096521
195,179,3102739
207,193,3150216
192,181,3138302
213,190,3286990
204,182,2915222
191,175,2938726
234,219,3302292
201,185,3056048
203,194,3091631
156,147,2921642
219,196,2844755
192,173,3013634
216,204,3152715
205,189,3175904
178,162,3102089
199,186,3412255
215,191,3127630
210,193,3160428
202,188,2982445
191,174,3083035
188,179,3270735
220,207,3309883
191,179,2901477
225,208,3272945
205,187,3128744
204,195,3210046
165,151,2947900
187,168,3025723
197,181,3230167
217,197,3260909
194,180,3038727
208,188,3059220
178,160,3154980
198,178,3077743
208,194,3289548
183,167,3016251
215,195,3167628
211,193,3071708
193,182,3175603
210,192,3255117
224,198,3243234
214,190,3137014
215,198,3166803
204,187,3081336
195,177,3028280
207,187,2919575
208,190,3247532
215,197,3190537
214,191,3089957
213,192,2984940
211,195,3348250
210,191,3301418
243,223,3209166
174,162,3254938
232,212,3432724
216,194,3040046
220,208,3057967
216,202,3186482
245,226,3257119
189,178,3143749
223,204,3308902
212,189,3224666
228,207,3215757
240,223,3443872
219,206,3099603
254,243,3261486
203,180,3128655
208,189,3150567
221,202,3141753
221,203,3167530
227,210,3333098
192,173,3223848
200,187,2978514
213,200,3179449
219,200,3219804
214,202,3277075
213,197,3401916
195,181,3300815
209,191,3024821
221,207,3103951
203,187,3023052
201,193,3232392
207,191,3006055
208,191,3090029
190,173,3003128
198,184,3215044
213,203,3173165
222,206,3193126
199,184,3201593
231,216,3321364
230,208,3417970
208,194,3022553
201,187,3420213
186,171,2896265
239,220,3221612
220,204,3336300
183,170,3169323
227,210,3018550
173,156,2967832
200,188,3260709
197,181,3230376
202,186,3258873
199,182,3186897
229,210,3130169
200,185,3137857
208,185,3152366
228,212,3317042
217,195,3171322
230,215,3227941
198,182,3364626
194,174,3131722
182,161,3024885
231,217,3209621
239,219,3537472
205,187,3081942
240,221,3355796
209,196,3429095
199,178,3015711
193,178,3003109
185,169,3109070
214,199,3217537
203,182,3105364
204,185,3261943
211,191,3116237
214,198,3307902
212,198,2937715
189,176,3142503
210,197,3184212
223,209,3301880
233,211,3261950
219,203,3095857
213,194,3315801
197,177,3095821
245,229,3144831
195,182,2982355
205,194,3049584
238,226,3314092
237,217,3254220
199,185,3169800
195,184,3244347
222,211,3346397
215,197,3282024
208,190,3130281
196,182,3145420
196,181,3256954
201,188,3063141
206,188,3012340
186,170,3126095
212,198,3046354
216,204,3197144
209,194,3084372
214,194,3051907
214,198,3194912
236,220,3281671
244,226,3241797
201,185,2992097
227,217,3418460
185,175,3236755
190,170,3245538
211,189,3273354
226,207,3170231
201,190,3169770
223,202,3182060
201,188,3138943
239,219,3194766
231,207,3197543
184,170,3298405
226,200,3203625
194,182,3115685
223,210,3312123
173,160,3053821
229,217,3241857
205,186,3165782
210,193,3246109
211,199,3162629
221,207,3222652
214,199,3234213
223,213,3293668
204,189,3221481
230,217,3202179
217,195,3125492
225,213,3175096
207,188,3250042
193,183,3041404
221,206,3266750
235,217,3379783
213,200,3173550
218,202,3322656
222,208,3099203
191,177,3233166
224,209,3222060
213,203,3065734
214,194,3129234
217,194,3152144
185,177,2955278
199,186,3056643
234,209,3038928
200,182,2952275
223,202,3274100
200,176,3116345
204,190,3058092
204,180,3062224
226,211,3118995
189,173,2974457
232,222,3244240
206,192,3425285
215,204,3197220
211,196,3275098
215,197,2920974
207,190,3188689
198,182,3077898
200,182,2941961
205,194,3147744
205,186,3021215
224,207,3304942
177,165,3027379
204,190,3211042
224,208,3269807
202,185,2950526
185,169,3122385
220,201,3031138
202,189,3193930
217,196,3289877
196,181,2986939
201,187,3210347
190,175,3036479
205,178,3122576
209,193,2945121
254,227,3229317
230,211,3122858
200,189,3095959
210,190,2939956
175,161,3108438
210,193,3228265
197,186,3174086
197,184,2994916
201,182,3221170
199,181,3077157
220,201,3326793
207,189,3010201
215,196,3076862
207,186,2979960
227,211,3462033
229,209,3275186
217,199,3350434
217,197,3106809
226,210,3029025
202,185,3202726
180,164,3027780
196,184,3143730
193,178,2987279
221,204,3221511
231,209,3320441
193,181,3104077
220,205,3382542
201,185,3002919
225,203,3237366
199,188,3093681
196,176,2963792
209,192,2913932
234,219,3144447
223,207,3180256
200,185,3173908
185,167,3179194
216,199,3067725
193,179,3214976
203,187,3170493
205,181,3188933
222,201,3197038
187,174,3090656
228,218,3361541
238,216,3263384
231,221,3576402
207,188,3035382
207,187,2993673
198,181,3283370
216,204,3315231
213,196,2965661
205,187,2856498
196,178,3232207
237,215,3105455
195,182,3065943
222,195,3188297
194,176,2980766
169,154,3016869
208,194,3117035
188,168,3066184
195,179,3099422
207,185,3040052
220,203,3539829
224,201,3121545
191,172,3034205
205,187,3103767
200,187,2990635
185,169,3125052
195,173,2988702
239,223,3413693
207,191,3182235
187,169,2859109
224,207,3209548
200,177,2949097
212,195,3236799
182,164,3112626
197,180,2950648
189,173,3160802
222,204,3150542
210,199,3110339
211,196,3130284
221,198,3251468
221,207,3210559
181,169,3253910
223,210,3260501
205,190,3146482
206,185,3219770
208,192,3044938
216,201,3148059
188,170,3123976
179,163,3182391
230,211,3124340
220,196,3170044
197,177,2973270
197,186,3314368
190,166,3040910
195,179,3005601
239,220,3229956
220,207,3241781
197,182,3027139
197,182,3093781
161,146,3193833
208,194,3198857
205,182,3107859
182,170,3026171
200,187,3215302
223,211,3001968
220,199,3191665
176,157,2783408
218,202,3137229
194,177,3011842
209,195,3141697
226,204,3247538
220,192,3152080
185,163,2981816
216,200,3179294
209,188,3188319
221,210,3108368
194,180,3128729
211,196,3319255
174,161,3056122
246,231,3233751
219,205,3050655
177,156,2982379
221,203,3089227
223,209,3169135
207,189,3192684
209,197,3178214
238,215,3164948
229,217,3153974
192,179,3074055
195,179,3213529
209,190,3215446
218,198,3303627
227,208,3192189
215,204,3308355
219,194,3033687
257,235,3277427
218,202,3131842
202,189,3225284
239,222,3244231
211,198,3227825
213,196,3140281
195,179,3025354
190,179,3028848
183,165,3031639
245,230,3397768
215,198,3059947
200,179,3183121
201,186,3258377
219,204,3318386
214,192,3334478
195,185,3328399
184,170,3106354
197,182,3135254
239,214,3264330
192,183,3269441
215,202,3201296
199,183,3106634
202,171,3164232
217,201,3149020
224,208,3068411
223,211,3048856
225,208,2991445
204,184,2982876
209,187,3236003
216,196,3118507
169,151,3217052
195,174,2816230
209,193,3220533
188,171,3007016
222,209,3181029
188,172,3153038
225,216,3305990
210,192,3085741
217,205,3014397
233,216,3167972
211,191,3272833
196,181,3325754
221,197,3279075
202,186,3153414
206,188,3254863
196,185,3184319
196,176,3186282
212,186,3096114
211,194,3281175
172,157,2923571
203,191,3184722
210,192,3096787
217,201,3145440
209,196,2933342
199,183,2895820
254,231,3313826
202,189,2999278
217,200,3352513
201,183,3358406
230,200,3319939
192,180,3066446
210,193,3099973
207,194,3203341
212,195,3150133
196,182,2966750
212,201,3353543
195,174,2972968
201,186,3135662
243,226,3353082
251,229,3182474
196,179,3087541
232,215,3319291
208,189,3179222
199,184,2988529
193,180,3155735
200,184,3177908
195,182,3011822
225,210,3045008
189,171,3218323
218,205,3542824
200,186,2977315
188,175,2980825
221,200,2985926
208,191,3095732
237,223,3444155
238,223,3123788
225,208,3194703
216,203,2995869
225,208,3274187
218,202,2884317
199,175,3229616
240,214,3391129
172,158,3202726
220,206,3271972
222,204,3250616
206,190,3200029
228,215,3105433
185,173,2860447
234,215,3090688
233,221,3522641
231,217,3237982
178,171,3116332
201,187,3086549
207,188,3021412
183,169,3096444
195,178,2998916
197,180,3083113
199,183,3118451
214,198,3279542
215,193,3165909
201,182,2904407
193,179,3109183
266,241,3379584
227,207,3345122
224,211,3500852
207,185,3137218
207,194,3292885
202,180,3259957
211,191,3133854
198,182,3084430
231,220,3077406
219,207,3432142
186,163,2996831
210,199,3076172
223,202,3198853
216,203,3396577
222,203,3132376
227,210,2970243
194,174,3036825
219,205,3209950
218,199,3079636
225,209,3255242
213,197,3077916
190,175,3073875
196,178,3097907
196,182,3005228
231,219,3354533
196,178,3218410
209,193,3113882
216,199,3242884
191,174,3161596
217,199,3028858
219,210,3326985
224,206,3193217
229,213,3303871
201,181,2975386
205,186,2931763
211,191,3033899
222,209,3269631
183,162,2835166
205,192,3120141
199,185,2974769
221,211,3296567
219,203,3291529
224,210,3136924
199,175,3078372
212,194,3136190
194,183,3168270
197,180,3142802
218,204,3074200
201,180,3084316
206,192,3198915
206,189,3127551
228,218,3282851
213,199,3030372
198,178,3192386
202,191,3334228
213,195,3090752
213,198,3126422
211,187,3033781
210,190,3129263
205,191,2934403
219,202,3087825
213,198,3132214
240,223,3148988
190,178,3034664
193,183,3197343
204,183,3231359
232,211,3074326
203,192,3055218
231,207,3160975
234,211,3139341
202,186,3034116
235,216,3296122
230,220,3206081
225,209,3158096
211,197,3251891
223,200,3173669
211,189,3033622
190,173,3202636
212,194,3090833
214,191,3269221
199,180,3116754
206,190,3115870
223,204,3180874
219,204,3057670
223,197,3266126
218,205,3313656
223,206,3177366
222,204,3147670
197,181,3009050
182,170,3127830
231,211,3210533
197,180,2962879
219,195,3114219
230,214,3257213
213,197,3127043
208,198,3344519
221,204,3296103
203,187,3049023
180,166,3115798
204,190,2952027
211,197,3125128
186,172,3019324
203,184,2972505
216,197,3288404
206,200,3186667
203,187,2938163
225,212,3219115
234,218,3172311
184,166,2940623
218,202,3174411
204,193,3215518
246,224,3285400
203,184,3099484
209,191,3134542
216,198,3170868
204,180,2938506
202,189,3250086
225,212,3235415
191,176,2921103
229,210,3280014
207,196,3258602
241,225,3407729
219,206,3278315
228,207,3290932
214,191,2989779
213,200,3169901
213,197,3084736
202,189,3118368
214,197,3204038
205,191,2925052
200,184,3050475
233,210,3269186
196,182,3002764
206,191,3238952
183,166,3014708
214,197,3098835
198,181,3163651
219,204,3136204
199,188,3136346
235,221,3153632
192,182,3006282
195,179,3224427
189,172,3063189
216,198,2974542
214,200,3127215
201,178,3172638
184,164,3017356
185,162,2901790
258,237,3253270
208,188,3154599
197,183,3253915
195,182,3108463
205,194,3074426
186,173,3128010
193,178,3254663
203,195,3079587
200,185,3015964
203,190,3245280
187,174,3117338
221,200,3337014
202,186,2964814
198,181,3176529
230,211,3162417
193,178,3283548
201,182,2924718
223,208,3250403
227,214,3251899
198,180,3148628
218,201,3191981
207,193,3082875
186,172,3129463
247,229,3347790
237,219,2997991
186,175,3119611
218,200,3324194
211,199,3189621
195,172,3057734
189,172,3084840
214,196,3061778
204,187,3049814
209,186,3174730
224,199,3169336
198,178,3134546
172,157,2981962
244,232,3228534
193,172,2912201
193,181,3009568
197,178,3087566
199,188,3149456
249,229,3144670
209,195,3199384
188,172,3054902
229,211,3234522
208,187,2986512
214,202,3241186
230,210,3254889
212,200,2965126
217,201,3187584
217,193,3379302
208,191,3300263
182,171,3006908
180,164,2946001
218,197,3245425
192,172,2959692
231,197,3146972
218,199,3195604
232,211,3148171
190,183,3195962
214,198,3257615
200,184,3112783
219,202,3127398
222,194,3072314
190,173,3045734
200,183,3001342
209,190,3186177
196,179,3079347
201,188,3287987
236,211,3079956
219,203,3272014
212,194,3105185
224,208,3190079
216,202,3152420
225,209,3221129
224,203,3193940
228,210,3056157
232,214,3298943
206,184,3151711
217,201,3288328
202,191,3353407
184,171,2990285
201,185,3059574
207,184,3268428
222,208,3167104
208,196,3100911
199,186,3364670
205,188,2890120
221,206,3122751
209,190,3058050
208,192,3054307
183,172,3141213
214,192,3064404
206,193,3303221
224,203,3276827
193,177,3254446
229,213,3187973
223,207,3185869
216,202,3256109
186,172,3270815
230,207,3115419
230,211,3037628
210,191,3093532
201,189,3103012
189,176,3147822
234,216,3079941
243,225,3408024
211,191,3315548
200,187,3260997
222,209,3288774
214,192,3091123
227,209,3144615
208,193,3108908
193,186,3059872
198,185,3189572
210,196,2984987
210,183,2802772
224,205,3299061
196,181,3090709
205,188,3231984
200,193,3036864
202,181,3196091
197,183,2791327
210,189,3153185
216,195,2968867
175,159,3028772
203,191,3201406
199,187,3246920
207,188,3113399
235,217,3221032
206,188,3260853
196,177,3188083
218,200,3200341
176,161,3117099
238,221,3454002
218,202,3137704
225,207,3377652
212,198,3305426
179,166,3067066
222,206,3310324
212,187,2994586
257,242,3426967
191,173,2917034
205,193,3346989
223,209,3193705
192,174,2775725
223,209,3336008
183,168,2798050
193,182,3423352
218,199,3074122
202,185,3212733
181,161,3025099
194,178,3215513
214,196,3071407
195,182,3138270
210,192,3321706
232,211,3269483
222,206,3251426
184,159,2984971
216,202,2953469
200,180,3257524
202,183,3121686
196,176,3155081
218,203,3091215
230,210,2969392
214,203,3245576
214,197,3177278
230,211,3252963
220,202,3211647
209,190,3087596
203,191,3037949
200,181,3239491
206,188,3054226
233,216,3392838
205,190,3220704
191,178,2922406
186,173,3210679
192,178,3227894
214,202,3253036
217,206,3169096
176,159,3018086
193,177,3252059
201,187,3184275
183,170,3132412
232,213,3510298
211,192,3103524
211,197,3181578
203,191,3077197
230,214,3216964
234,211,3141417
220,204,3046713
205,191,3258637
228,216,3380380
195,179,3190291
208,191,3190101
213,198,3327972
196,183,3062099
246,233,3283529
197,185,2935270
215,198,3227462
217,200,3328541
205,192,3040286
208,189,3195764
226,211,3481861
183,171,3083189
193,175,3228468
194,172,2996659
192,181,3056131
194,175,3084869
191,178,3098230
223,203,3163238
238,219,3323831
175,159,3117288
217,202,3202030
193,175,2914735
222,207,3167003
209,191,3023579
189,175,3242189
190,175,3001725
232,205,3345243
211,196,3121285
185,168,3034087
227,211,3240828
219,207,3103577
202,185,3085661
208,196,2920521
224,206,3125707
203,184,3145525
209,187,3093789
209,192,3062028
202,182,3009777
207,187,3112431
214,197,3291480
180,167,3152613
202,186,3233515
218,204,2990143
213,184,3102566
202,190,2996953
209,195,3103920
212,190,3056755
201,184,3060138
186,168,2915095
193,181,3250271
223,204,3126358
206,192,3185686
219,196,3122020
194,181,3024775
211,192,3287355
241,223,3210046
213,195,3222493
188,175,3132785
227,212,3343457
196,182,3013119
224,208,3208707
229,216,3216959
210,194,3246806
204,188,3175243
203,180,3166693
205,192,3134441
235,215,3263573
205,191,2927163
186,174,3176105
193,181,2949524
211,192,2941472
227,210,3215686
199,181,3137803
217,205,3281670
205,182,2892485
188,178,3034116
241,220,3178411
243,225,3277284
191,179,3187689
215,198,3199085
169,155,2985885
195,179,3210616
208,179,3189769
226,213,3131589
198,178,3191965
219,204,3245853
214,190,2927376
197,179,3055600
205,187,3072380
203,182,3202315
191,174,3048167
224,209,3220774
202,178,3120172
212,195,3104341
217,201,3158720
184,168,2891331
224,212,3301352
223,202,3163895
211,183,3024952
201,181,2994355
218,202,3191220
206,199,3142958
194,178,3024647
220,207,3006675
238,225,3344479
175,166,3243518
190,179,3014978
222,204,3158126
193,175,3063782
194,173,2971063
194,177,3127870
201,180,2955710
210,193,3208628
222,200,3083275
214,192,3159715
194,179,3146699
189,173,3084765
216,201,3169502
216,202,3106872
211,199,3206906
240,223,3145918
241,219,3319614
200,183,3179884
203,189,3211878
183,170,3040067
211,198,3269868
205,189,3126672
216,197,3347801
220,206,3054650
202,185,3093449
196,179,3059657
206,180,3063765
220,198,3072239
198,183,3048446
183,169,2920154
210,187,3093760
167,154,3189635
231,207,3083767
192,172,3144008
209,197,2890275
223,210,3173742
240,222,3369075
229,209,3181986
221,204,3408378
214,203,3274547
208,191,3122615
202,183,2918524
203,185,2886259
222,197,3218543
208,189,3058605
202,188,3095367
185,170,2938466
236,221,3433925
234,216,3337333
215,197,3315914
210,196,3011329
230,204,3369614
206,185,3121670
229,206,3363819
223,205,3301406
210,193,3256043
260,237,3330695
210,193,3235450
243,217,3241883
211,196,3184274
200,186,3031452
208,190,3201296
222,207,3268825
210,192,3309074
207,191,3133056
220,209,3233649
226,202,2989652
189,173,3140985
214,200,3115817
170,150,2835060
214,196,3127344
220,206,3353370
214,201,3235170
238,218,3243763
229,212,3204506
192,182,3194995
223,209,3243561
187,176,3032448
190,175,3018184
194,177,3176520
197,182,3378218
211,188,3251091
212,204,3068479
233,215,3114722
230,209,3348394
232,216,3342156
235,211,3213256
222,204,3078851
218,204,3436592
238,216,3185287
220,207,3152491
233,206,3125605
219,204,3098396
198,183,2838410
195,179,3050436
173,162,2933673
192,172,3022862
225,203,3244992
217,205,3221001
206,192,3025361
200,186,3199217
184,171,3014214
209,200,3210441
221,205,3281488
242,218,3407320
198,182,3054538
195,183,3275015
220,199,3179374
224,204,3265965
208,194,2970768
207,190,2929387
217,199,3386193
209,197,3247617
206,192,3137480
229,216,3094221
193,178,3038592
200,182,3207233
203,189,3095784
222,200,3249261
208,182,3191284
219,191,3172441
203,183,3127178
191,176,3062004
217,196,3211390
227,209,3084902
227,213,3425766
214,195,3275769
231,211,3200195
217,206,3244243
224,210,3175815
212,183,3212325
203,189,2977987
227,212,3312031
209,192,3237412
214,199,3266917
231,218,3432138
198,177,3316757
206,194,3110246
230,215,3326375
229,202,3005307
199,177,3245482
190,179,3266932
224,205,3044050
200,186,3005392
212,199,3100811
203,183,3293165
194,171,3151433
194,183,3253155
210,189,2957645
224,211,3264320
196,181,3203285
200,185,2995231
209,188,3245417
216,199,3220433
248,233,3326365
224,202,3142975
247,230,3252688
198,183,2946615
198,181,3109138
193,178,3175402
182,174,2928424
239,221,3325528
247,223,3013745
206,191,3103186
223,212,3514041
219,201,3141290
203,187,3114275
202,181,3024938
214,194,3310368
182,167,2960050
240,223,3153848
213,197,3225614
230,215,3281217
233,214,3183330
213,194,2971189
200,190,3288213
194,176,3063563
186,167,2963112
195,175,3177415
183,169,3045470
230,208,3179500
179,169,3012719
179,167,2822953
232,206,3108544
240,219,3334883
196,177,3081705
206,182,3187199
204,189,3309905
203,187,3064451
192,174,3025373
206,186,3055751
241,222,3000479
207,193,3285589
196,178,3078142
179,164,3129913
238,214,3100939
212,199,2956716
197,179,3047011
202,192,3301252
213,191,3034027
221,205,3182154
213,196,3195169
232,218,3167224
225,205,2933732
203,181,3193639
223,213,3435436
207,195,3067084
208,195,3183533
197,180,3136944
210,193,3238481
208,187,3153874
223,198,3079060
209,199,3182793
198,177,2971031
219,199,3151787
190,175,3041877
218,190,3041779
176,160,3049314
208,194,3213093
204,182,2857484
216,199,3239255
212,191,3201309
195,178,3183895
214,195,3235715
189,176,2997387
180,174,3141975
229,211,3296410
208,191,3363653
235,221,3370921
205,186,3070978
204,186,3263037
237,212,3312630
216,198,2990881
234,213,3319927
212,191,3064779
174,155,3015767
190,175,3100377
208,194,3227035
197,180,3325236
209,195,3194862
188,170,3161747
253,235,3141403
209,190,3178646
206,189,3026252
184,163,3361937
221,200,3137676
199,182,3262825
217,207,3336046
191,166,3217233
224,204,3106132
188,177,3174534
207,196,3057285
220,199,3078060
225,210,3186963
219,199,3055085
197,183,3068442
198,182,2896850
199,186,3056246
220,204,3329413
183,171,3022739
194,176,3199643
218,204,3035555
177,163,2805403
253,240,3253770
219,203,3436970
198,183,3286422
202,189,3170601
209,197,3106949
221,205,3191149
185,172,2902625
221,201,3401541
222,205,3170475
201,184,3131994
198,187,3219279
205,181,3037092
223,215,3260321
214,194,3271272
183,167,3078242
217,209,3062721
199,182,3161563
210,198,3223196
201,187,2970543
241,220,3341161
193,179,3106381
221,203,2940922
205,185,3074381
217,202,3231648
212,201,3166998
213,195,2964646
199,180,3119653
189,172,3227705
212,195,3248192
222,205,3118470
183,166,3041295
228,216,3158944
218,199,3219980
206,186,3061564
211,197,3406981
222,206,3125239
214,194,3040160
233,218,3117358
197,181,3097516
226,206,3216168
212,188,3217926
212,192,3126201
187,172,3154279
217,203,3114112
240,221,3470201
218,198,3186936
192,179,3148033
202,192,3111412
201,186,3025864
214,190,2880933
196,181,3015740
202,179,2895466
209,195,3164154
224,200,3108933
240,227,3315536
227,210,3241832
227,204,3153153
198,186,3118090
211,198,3135269
219,207,3290077
194,185,3170057
212,192,3049754
208,190,3102440
212,188,3123960
205,194,3163439
214,195,3202182
232,210,3234364
237,217,3191184
223,211,3230405
222,208,2957278
208,195,3055484
232,211,3181020
219,204,3062914
198,181,3108234
204,181,2929441
191,175,3142714
207,189,3334087
200,184,3128386
224,206,3440822
213,200,3100601
185,166,3238941
194,177,3147944
213,193,3277979
208,188,2938327
203,179,3177677
219,205,3101814
224,202,3017235
207,194,3214768
217,202,3345466
197,188,3098033
203,190,3089675
229,205,3085648
209,196,2961873
217,198,3206534
189,174,3222432
223,212,3338095
188,176,3020436
239,219,3261085
210,197,3246421
195,177,3082739
193,177,2959305
198,181,2956976
211,193,3272742
199,181,3173357
216,202,3220704
210,187,2935795
223,209,3393661
218,191,3144716
201,189,3208115
203,191,3042943
191,176,3151832
220,208,3215838
225,216,3233856
220,199,3220056
188,169,2987097
213,191,3148289
201,186,3201786
212,193,3227638
221,213,3181966
183,164,3001989
193,183,3071243
208,187,3244634
210,189,3145126
236,225,3419789
185,175,3142683
217,199,3240353
222,204,3172965
220,205,3352300
220,196,3065152
187,175,3163966
201,191,3357409
204,187,3057652
221,201,3242920
190,175,3107490
188,164,3024507
202,192,3173042
214,196,3151089
200,179,3025073
201,187,2969827
219,199,3038719
228,215,3505363
191,177,3201698
239,223,3198563
227,203,3177964
233,213,3052373
210,197,3324051
207,187,2927217
227,214,3192647
219,203,3173851
209,181,2923422
196,184,3125257
201,183,3201779
224,204,3307998
193,179,3005349
215,200,3147455
216,205,3170100
203,192,3137799
216,199,3475490
222,202,3175747
220,203,3179296
231,209,3054984
199,182,3114873
203,178,3029672
240,223,3342359
215,204,3160908
180,158,2920699
235,216,3341601
238,220,3210969
220,203,3079088
212,195,3091170
239,220,3128481
198,181,3061094
207,186,3061727
202,188,3181870
196,177,3143803
210,190,3267498
202,189,3133860
185,169,3137201
194,179,3149401
191,172,3112664
175,154,3107596
201,190,3134821
241,218,3352992
209,191,3049554
199,186,3006500
226,206,3087656
239,220,3174458
188,176,3069348
209,188,3428581
203,183,3123751
226,208,3227317
195,179,3034267
208,189,3259504
192,178,3145755
221,208,3278469
189,176,3161305
202,181,3073241
196,184,3115355
224,215,3424788
223,202,3106084
216,205,3185982
234,220,3233594
228,207,3032970
205,188,2968026
220,200,3189629
213,196,3282384
190,180,3291890
216,198,3374120
232,219,3336303
211,190,3210535
231,208,3126605
254,228,3191853
229,208,3019091
175,167,3001304
198,178,2994827
182,164,2869062
172,158,3046324
191,182,3121990
208,188,3170532
218,201,3061721
216,195,3485697
209,183,3213476
229,210,3366416
196,175,3046950
217,200,3048894
215,191,3274000
231,214,3200001
213,194,3017314
213,198,3112117
227,208,3117332
208,189,3251525
209,191,3151570
211,194,3271795
188,167,3081712
217,194,3195609
203,189,3084434
231,217,3428680
267,250,3580333
239,223,3205351
241,230,3450194
219,201,3266452
227,207,3429160
211,202,3118461
228,207,3396555
243,227,3212723
191,175,3070086
225,206,3152751
217,197,3191074
244,226,3181524
201,182,3023340
205,190,3093747
211,189,3288247
183,167,3119701
240,222,3303544
207,196,3231552
225,210,3126029
236,222,3344313
196,185,3175718
210,196,3200693
207,198,3054840
215,194,3180459
210,199,3135625
210,190,3063551
208,184,3067308
196,177,3002362
220,201,3160072
214,198,2981588
196,183,3000281
202,191,3049015
223,196,3237447
228,211,3352516
190,175,3279791
237,216,3346947
191,176,3209366
208,197,3107795
188,172,3212538
228,205,3396904
189,172,3150355
198,183,3226326
227,212,3476848
196,177,3008839
209,189,3183949
208,194,3188939
229,210,3317648
212,198,3119306
229,214,3153564
218,207,3187235
194,184,3140897
196,181,3090842
211,197,3231277
210,194,3271423
219,203,3023440
209,198,3017549
222,209,3308776
225,208,3083833
199,181,2927789
211,198,3184036
183,175,3156162
216,191,3125892
200,184,3106190
213,195,3053887
203,188,3100767
223,202,3317339
220,201,3131323
248,227,3573252
229,219,3061061
196,178,3156842
168,152,3043736
207,192,3170571
202,191,2980815
218,203,3121310
186,170,2941242
204,183,3492726
198,184,3102269
194,172,3009084
217,191,3371037
186,171,3115177
219,210,3454578
172,159,3056937
185,172,3267985
211,194,2988618
191,180,3081403
221,206,3190357
184,170,3274149
249,235,3396110
211,195,3032275
211,199,3142013
246,226,3404036
209,190,3244308
207,195,3322158
214,186,3273098
222,208,3367355
197,182,3088972
219,202,3301432
196,182,3114643
222,209,3469288
193,177,3151056
207,190,3150904
211,199,3046682
196,175,3042853
208,192,3220660
198,182,3245836
218,195,3096909
214,200,3314165
202,189,3118400
207,192,3264342
205,191,3191814
182,166,3023955
216,200,3245045
222,206,3083033
227,206,2993391
228,211,3070178
215,208,3171280
197,179,3173145
189,183,3058963
193,178,2980566
208,197,3030112
201,178,3189069
225,212,3247251
225,206,3120456
228,208,3311684
228,202,3220423
197,182,3193566
206,194,3157100
233,216,3447074
234,225,3156262
228,212,3186691
219,201,3248950
173,155,2866881
194,180,3070980
175,161,2929819
233,219,3162151
191,174,2974281
190,170,3144816
247,221,3178797
215,196,3175963
216,190,3118688
212,191,3224179
206,192,3324521
224,207,3183580
199,182,3032586
206,189,3218687
225,207,3112348
212,192,3216822
228,217,3111055
238,218,3633509
214,191,3216619
189,174,3081351
205,177,3086437
196,178,3289771
198,182,3281783
200,183,3086578
174,160,2958982
205,184,3340930
225,206,3221327
188,175,3280415
217,205,3105427
214,202,3315645
204,181,3065381
184,168,3231605
206,185,3204153
218,200,3138216
240,215,3192855
183,169,2975909
174,160,2940511
211,195,3130169
193,174,3135731
188,176,3189273
220,206,3113516
261,246,3376511
220,197,3179468
205,189,3195358
208,191,3161476
197,183,3079705
214,197,3142129
236,210,3229718
184,170,3024110
210,195,3274113
187,168,3364232
219,201,3089561
182,167,3217200
194,177,3108656
207,194,3439994
213,196,3203464
226,216,3178074
190,181,3086699
191,169,3035636
223,203,3091364
187,175,3073971
229,209,3279658
230,205,3196208
224,209,3093842
221,204,3217963
205,186,3183312
205,182,3023493
196,177,3247861
179,169,3059170
206,188,3171331
241,219,3220456
201,189,3106787
215,197,3232382
224,204,3260985
204,192,3148258
199,181,3003562
178,163,3025482
222,203,3235286
201,185,3298501
205,188,3194495
203,182,3293450
195,178,3053642
210,192,3325140
211,192,3252624
206,188,3273988
237,219,3466221
212,192,3199571
217,198,3035914
252,230,3351674
209,189,3297632
224,204,3205267
214,203,3171872
199,183,3005140
233,212,3275767
178,162,2930121
211,183,3193926
196,185,3186138
211,195,3274441
197,179,2907980
211,191,3028070
203,186,3007854
212,192,3091460
208,194,3210311
202,183,3094900
206,188,3149812
199,179,3160909
221,207,3335219
185,168,3111955
203,187,2940718
193,177,3011777
208,192,3246824
195,181,3241403
212,195,3042045
201,186,3293662
218,203,3075950
202,184,3373003
193,179,2931868
210,194,2990602
250,223,3384392
208,189,3117474
204,184,3152462
213,196,3082011
197,176,3189101
177,161,2876764
207,190,3108598
218,193,3282207
195,177,3301490
196,179,3072162
227,209,3192010
227,207,3449360
197,184,3271120
226,207,3161129
211,196,3185713
209,196,2953101
204,186,3316221
209,194,3220125
213,195,3102573
211,193,3219115
199,181,3149724
231,213,3185526
215,199,2952322
205,185,3131777
202,187,3123435
195,182,3220056
190,173,3285156
218,205,3248215
212,195,3129115
190,174,3042733
209,199,3163493
211,196,3140024
194,184,3278679
252,237,3466626
222,204,3051181
203,194,3152274
198,169,3086691
194,181,3378220
221,208,3172272
223,213,2952698
213,190,3315546
203,183,3210091
197,181,3196779
208,194,3145994
196,168,3236226
217,193,2959171
210,192,3208155
185,171,3114238
215,193,3162294
228,213,3188404
207,182,2932729
202,180,3090648
198,180,3145075
215,195,3239862
223,198,3306951
204,187,2982429
211,192,3046012
207,185,3022677
227,208,3315890
210,192,3139927
204,193,3366650
211,195,3337242
212,193,3068354
208,185,3029822
219,202,3149603
198,181,3015508
211,197,3257370
200,189,3121901
220,206,3138492
208,196,3019518
189,182,3139142
205,195,3030522
184,174,3014505
206,193,3306996
226,206,3280938
192,173,3157769
227,211,3236886
192,177,3117734
215,193,3212229
215,193,3119536
225,202,3158659
201,189,2971548
217,203,3218936
221,202,3443572
214,200,3128473
191,179,3142321
205,194,3277114
182,166,2946620
234,217,3069537
216,193,2900748
206,190,3110799
208,185,3186513
210,192,3192973
213,196,3273446
211,196,3302542
177,165,3098459
230,220,3040839
210,195,3149591
275,252,3611812
237,217,3293581
236,216,3265021
242,224,3389367
218,197,3190952
214,199,2956005
238,216,3192181
230,217,3303255
228,199,3166534
229,219,3284312
203,195,3012738
203,183,3102020
186,169,3033332
210,200,3110813
168,155,2931845
221,204,3118637
197,184,3153117
192,170,2931703
191,177,3035371
194,179,3007084
200,181,3300279
214,203,3253278
212,190,3149819
201,183,3267571
207,195,3190048
191,181,3057712
220,209,3393306
193,165,2961262
219,199,3298726
229,205,3223473
216,199,3195449
192,180,3122404
187,173,3269339
197,174,3073838
204,187,3080822
224,207,3296511
255,238,3442660
211,195,3175315
210,191,3175119
239,223,3386751
225,215,3214559
230,215,3479222
192,176,3084126
210,197,3182402
195,185,2987977
211,198,3220457
198,175,3002650
198,182,3030761
160,143,2908635
193,173,2949756
202,188,3123932
204,184,3233035
222,209,3341600
206,190,3171978
214,203,3269966
206,193,3223157
202,187,3077696
190,178,3010085
194,170,3004475
232,218,3050940
196,182,2968262
193,175,3234083
212,189,3103099
225,211,3320035
183,174,3052396
232,222,3367525
220,201,3229020
219,202,3134496
189,167,2995013
207,196,3340567
198,188,3065136
212,190,3039650
213,200,2900728
208,195,3181920
200,184,3078531
195,169,3065926
217,201,3388103
228,212,3353252
229,208,3283838
212,192,3024762
204,185,3143803
199,186,3107153
209,197,3286591
184,167,3050843
211,201,3287561
183,166,3004362
217,205,3228295
200,186,3206906
214,200,3229958
201,187,2957757
219,199,3139580
201,186,3216595
200,180,3131995
209,194,3268532
199,182,3158375
197,176,3198366
229,213,3172108
227,210,3294476
195,178,3182744
227,214,3238218
196,177,3086710
223,206,3171848
216,203,2934640
210,193,3116444
203,188,3170496
223,196,3154786
240,211,3119710
214,197,3147870
222,203,3140487
183,173,3064439
195,178,3230279
225,196,3287374
235,218,3374796
218,204,3258632
206,187,3364114
234,210,3327761
224,199,3163015
203,186,3186096
179,159,2863953
238,222,3394399
212,189,3101678
172,155,2933223
209,187,3114107
204,184,3229569
216,206,3150671
246,233,3288834
227,216,3139891
221,210,3105973
206,188,3215436
206,194,3016948
217,204,3486142
232,211,3263086
204,189,3184451
171,154,2990872
221,205,3413419
199,182,3112589
228,209,3112680
223,203,3154908
173,156,3117743
244,228,3349384
175,155,3058376
224,203,3290497
210,197,2903111
198,182,3032614
210,191,3147077
213,198,3306127
191,175,2962356
190,176,3114671
195,176,2962184
210,195,3107349
231,215,2957804
202,183,3170617
158,140,3031183
216,203,3238248
183,162,3007258
214,194,3100295
180,163,2923745
194,179,3090843
201,181,3094367
215,199,3181758
212,199,3310849
219,197,3088297
222,210,3292035
216,192,3026841
201,182,3163610
224,209,3086204
202,181,2895654
230,209,3099150
200,181,3012327
219,192,3051479
196,183,2987876
197,180,2955230
207,184,3148798
219,195,3277864
215,197,3142525
231,214,3172673
217,198,3398201
249,227,3321692
209,193,3262715
188,171,2912145
210,188,3119649
229,211,3288311
225,212,3371965
230,205,3106239
221,203,3100426
199,189,3084142
199,183,3358420
223,205,3269813
190,169,3146935
225,204,3130497
195,174,3158723
191,172,2970746
237,218,3261220
188,169,3088071
211,189,3250880
216,203,3236158
203,192,3008919
192,181,3129422
214,199,3218569
216,200,3194493
203,187,3137685
225,210,3342810
206,192,3195319
227,207,3193711
218,205,3191376
193,175,3049460
228,197,3142571
161,150,2998505
190,173,3049203
202,189,3035043
226,207,3153492
173,159,3098545
161,146,3008835
175,161,3303856
229,213,3197069
205,192,2967268
191,176,3089355
224,207,3464988
195,179,3114296
207,194,3097897
195,183,3114041
227,213,3150437
184,172,3242945
224,206,3384638
234,214,3162239
210,193,3225495
205,179,3140279
195,179,3069851
232,212,3246885
214,194,3179735
188,173,3072873
233,218,3269596
191,175,3316468
192,183,3017831
201,180,3281952
168,154,2855141
229,215,3365511
205,190,3410295
233,208,3272392
236,224,3289264
214,196,3088798
209,192,3235780
194,175,3033003
210,192,3027450
208,193,3047233
180,166,3190366
173,156,3024258
187,173,3292849
210,182,3253346
233,218,3353192
204,197,2908483
193,181,3222075
178,164,2992103
219,196,3031044
209,192,3142313
198,178,3121315
229,209,3008605
224,208,3213657
206,181,3189306
247,232,3277277
194,175,2951314
222,207,3447855
221,206,3372048
213,190,3013558
211,197,3427465
222,203,3241111
204,190,3098195
201,171,3063978
215,206,3148390
204,185,3073892
189,172,2970606
211,195,2944325
230,212,3129745
183,172,3125823
208,195,3220892
196,174,3011249
211,197,3117914
200,190,3235110
237,226,3356558
229,217,3258791
195,181,3130219
222,202,3290956
175,162,3004789
203,185,3104895
200,187,3234382
222,206,3078479
186,172,3153782
212,196,3113938
192,173,3155553
207,184,3198107
192,176,3306672
226,211,3315872
209,193,3082459
188,173,3024298
200,177,3280991
198,180,3152521
223,212,3270251
212,193,3193061
207,191,3170621
236,224,3304830
231,208,3235111
198,182,3233921
197,183,3242211
223,202,3089478
209,192,3286657
200,183,3209750
199,184,3059742
203,181,2947683
207,193,3233204
237,218,3366971
209,191,3161450
229,209,3074016
209,191,3077857
188,173,2967336
219,203,3307829
225,205,3251258
207,194,3242312
207,188,3192108
195,188,3074281
187,167,3113624
194,179,2899767
226,214,3625545
189,180,3100471
212,199,3267774
202,186,3295649
235,214,3211638
228,210,3247512
198,184,3175771
204,191,3096740
201,184,3186271
233,208,3146622
230,214,3352542
185,170,3261986
224,200,3065728
193,180,3050702
220,209,3388530
189,171,3135545
244,231,3320592
231,206,3067266
199,177,3236917
221,201,3086225
217,199,3112570
206,190,3186664
221,205,3082312
210,194,3281542
199,182,3166189
216,202,3340148
176,159,3058040
185,167,2995106
192,174,3087745
227,215,3065299
229,206,3172204
233,212,3245301
197,186,3407771
201,184,3224664
226,215,3417830
225,210,3334726
203,186,3051276
205,191,2873313
205,187,3043692
236,226,3441826
223,208,3264309
201,181,3033785
212,194,3097557
200,187,3202461
203,184,3136131
213,197,3363165
194,185,3274596
196,187,3054848
189,171,2974035
195,181,3228423
203,191,3129875
196,179,3283988
211,189,3303527
197,176,3100592
205,184,3256032
225,200,3034866
208,196,3293575
180,170,3132494
251,235,3203447
233,212,3296041
219,204,3181341
214,193,3280318
190,169,3222845
201,191,3244710
221,204,3312615
212,191,3178361
191,176,3135218
217,197,3166888
221,203,3103991
174,161,3099282
211,193,3036143
210,195,3236530
240,222,3339117
213,198,3178660
187,172,2962612
214,197,3331509
182,164,2953832
222,207,3306417
226,204,3298102
205,193,3172474
185,173,3104444
186,165,3078629
208,193,3175866
218,202,3176875
230,213,3403819
215,199,3150930
198,181,3205924
198,178,3096486
207,186,3369581
204,187,3144757
196,181,3223982
206,191,3018446
207,188,3087645
205,194,3159698
196,175,3087437
215,205,3455593
208,187,3244319
206,188,3209770
228,210,3199929
203,191,3125693
212,191,2998928
197,179,3217733
233,219,3412207
216,210,3358201
203,187,3031877
209,184,3194476
169,151,2895794
232,208,3466078
208,189,3096798
202,183,3054382
229,209,3317978
215,197,3050852
206,195,3119220
195,178,3094827
216,199,3272270
191,179,3106700
225,208,3371748
223,213,3005494
214,190,2977013
171,159,3157938
230,213,3054651
224,207,3018015
232,213,3329223
192,179,3053867
220,204,3005500
205,190,3101346
198,178,2995198
221,210,3201942
223,202,3222423
215,196,3269732
214,196,3111417
224,209,3322955
216,203,3188319
223,204,3123637
216,200,3116037
182,166,3098622
228,215,3338794
185,171,2886184
240,216,3065823
220,202,3297759
251,230,3162597
213,190,3258894
198,181,3203056
211,198,3161303
186,170,3059562
225,212,3367534
215,201,3145652
200,173,2976590
180,168,2916630
229,211,3129878
193,173,3146381
194,178,3029781
223,211,3269571
183,166,3019324
199,185,3070934
215,197,3096151
231,209,3262631
216,191,3017704
204,184,3249235
184,166,3020070
213,194,3057513
213,204,3210920
221,201,3298145
212,192,3092829
196,182,3054121
216,197,2940719
224,204,3218935
175,160,3142439
227,212,3268525
212,194,3043915
197,183,2869176
212,198,3129885
226,196,3297396
220,208,3088185
202,182,3069962
236,217,3179546
201,183,3052305
201,182,3226473
232,210,3292187
222,204,3333607
193,170,3001338
204,185,3144520
186,175,3154814
208,189,3107007
184,173,3186544
192,177,3233655
217,196,3038950
254,232,3307303
173,162,2939469
213,199,3128069
201,189,3074911
237,219,3421411
208,187,3273203
185,166,3104237
204,188,3078376
213,194,3351331
234,215,3226462
218,197,3213941
205,185,3122951
219,206,3062821
244,224,3295929
250,235,3305455
221,210,3409629
210,187,2903298
212,196,3305798
196,174,3041261
201,185,3228449
207,190,3357537
216,202,3232758
208,191,3180868
181,166,2963895
183,165,3028559
225,205,3193466
208,189,3172039
195,177,3110267
182,156,3036819
207,191,3233381
216,200,3292155
211,196,3354527
199,180,2941421
192,177,3080029
210,194,2970217
191,177,3164476
200,181,2981144
239,220,3374044
194,176,3205403
202,185,2910057
220,202,3053567
201,186,3064027
219,201,3175985
202,188,3032369
212,195,2989812
233,209,3421187
204,193,3108946
222,206,3283851
195,177,3090655
202,184,3152573
233,221,3325982
188,175,3082679
220,207,3488286
206,191,3104155
242,217,3278789
222,205,3125229
197,180,3150361
176,160,2880082
244,224,3509687
208,188,3088473
201,181,3049088
163,148,2887387
213,195,3092356
206,181,3114242
197,175,3024531
195,172,3066985
218,191,3061736
211,192,3239340
213,192,3308775
227,215,3238399
225,206,3301143
198,175,3288332
210,197,3353538
170,161,3281720
218,197,3120977
192,178,3243233
196,186,3137022
225,214,3349430
231,214,3195278
181,169,2997762
211,192,3254473
192,181,3430626
224,206,3414886
212,202,3204924
208,194,3209157
218,200,3317647
226,205,3098826
207,189,3122117
223,210,3066528
197,171,3062552
216,203,3165349
211,199,2956087
205,188,2853000
205,184,3098763
188,177,3216439
238,213,3179612
221,211,3095403
171,152,3027342
196,171,3186823
200,180,3119750
216,196,3221762
213,194,3192033
200,181,3092882
197,182,3226626
241,228,3176331
181,169,3122012
197,174,2982311
179,161,3046718
202,190,3227488
228,207,3135667
217,198,3183440
195,182,3177420
193,183,3131465
244,235,3420951
215,198,3191440
180,164,2966942
198,185,3039246
194,179,3141833
221,197,3180756
229,211,3083503
204,181,3002439
220,197,2967785
208,187,2937790
203,192,3037322
195,177,3131172
213,196,3122088
196,180,3111317
234,213,3181125
201,188,3224437
185,171,3067622
203,192,3204150
192,174,3018481
202,184,3141066
212,202,3123932
195,178,3273122
201,187,3117743
211,196,3305664
214,201,3228475
230,213,3225806
210,193,2913424
230,210,3149581
222,204,3122825
228,212,3404469
203,189,3011627
242,223,3325330
214,196,3111009
186,164,3020517
194,180,3109374
224,211,3156799
216,200,3154432
220,202,3179232
190,184,3156456
195,179,2928180
236,216,3295180
182,167,3201675
196,177,3169091
217,204,2992548
220,205,3324915
209,194,3074189
180,168,3158901
217,191,3090218
216,197,3382663
192,174,3093681
223,199,3152152
188,176,3127231
229,211,3079286
207,187,3064576
199,180,3224652
193,177,3179261
235,221,3286341
202,187,3039086
187,179,3199761
222,200,2986089
189,172,2934940
198,177,3120443
183,163,3119019
197,184,3099011
207,187,3025741
224,207,3140089
199,184,2877953
231,209,3097124
252,239,3354568
216,192,3226706
204,191,3271566
198,183,3081855
231,213,3244548
248,231,3125204
220,199,3110318
198,179,2904027
229,202,3161365
200,189,3128388
222,208,3035339
219,203,3415572
237,222,3283683
238,221,3368979
229,213,3398254
211,189,3298543
222,203,3265493
199,176,2979008
191,175,3053994
199,188,3060103
216,201,3281512
221,205,3320590
215,203,3342093
201,189,3410361
223,205,3202715
212,196,3320790
217,196,3390978
216,197,3167754
205,184,3274784
218,201,3083479
216,197,3143944
222,204,3277715
226,216,3144045
200,185,3132715
208,195,3038247
199,185,2992008
198,174,2876705
194,181,3114661
194,174,3007329
209,195,3005069
230,213,3317627
259,234,3713386
196,179,3233342
221,200,3187736
218,202,3232069
242,230,3166415
184,174,3275770
227,198,3293092
224,209,3152294
192,173,3161418
178,170,3136485
221,206,3278264
178,151,3116743
228,206,3332531
213,193,3291389
227,215,3208516
191,177,3019190
225,206,3360254
212,198,3197592
212,188,2937557
177,161,3141277
195,187,3250204
201,185,3051523
194,181,3080530
227,202,3167342
181,165,3095912
207,185,3307719
197,183,3004524
213,197,3257647
226,211,3317286
213,190,3261378
210,195,3158288
206,183,3246407
183,172,2910082
218,201,3197016
218,202,3220728
211,197,3208571
189,174,3110825
187,175,3114171
199,177,3113099
218,208,3273668
171,161,3039211
228,212,3040106
228,204,3082638
208,200,3295178
232,216,3247037
193,174,3072349
199,185,3097643
193,177,3109986
194,172,3226455
206,191,3067701
216,195,3145762
214,199,3091762
190,176,3198150
220,203,3331164
203,185,3144660
181,175,2851278
197,183,3129402
198,184,3072193
213,195,2993819
208,190,3182052
213,198,3469474
219,206,3328844
203,192,3187240
211,186,3140162
212,193,3130869
189,175,2996180
203,186,3271624
198,177,3195025
191,172,3082190
212,191,3069399
204,189,3347101
227,213,3242330
207,192,3168540
195,183,3174084
196,176,3051140
222,200,2912046
216,203,3001010
205,187,3052709
229,217,3262397
224,203,3437062
181,170,3187948
200,190,3002255
207,183,3132764
197,185,3084446
226,210,3281587
186,165,3048775
186,178,3253808
195,171,3202926
214,195,3116180
220,203,3193360
199,181,3083257
193,173,3121448
205,190,3155775
234,217,3325961
204,191,3020156
187,174,3144619
206,192,3100355
190,178,3084676
224,212,3212745
218,203,3361964
186,165,3191044
212,200,3227016
237,218,3376461
233,222,3101716
212,192,3248041
199,184,3112045
198,181,2929297
231,217,3387531
200,178,3213922
237,223,3199490
210,196,3267586
186,168,3119609
218,200,3327694
219,203,3181382
179,162,3029070
231,214,3250382
235,218,3316473
227,210,3053338
210,195,3297826
202,179,3300763
166,148,3071336
231,212,3321069
224,216,3126170
187,166,3151520
182,169,2899463
218,201,3362418
221,201,3288217
222,211,3196806
208,187,3173905
213,194,3171317
204,186,3158286
188,178,3310911
259,240,3623286
215,197,3042159
180,169,3183587
218,199,3148054
197,182,2960266
227,213,3357796
204,190,3025142
216,206,3134733
202,189,3267159
193,173,3287968
211,200,3171105
196,184,3073806
213,198,3233483
189,170,3113606
225,209,3116185
214,189,3121446
197,183,3110712
208,188,3319044
195,177,3146082
238,215,3300783
195,178,3050396
225,205,3193200
195,186,3206579
215,198,3181183
263,241,3439038
180,165,3076654
228,204,3071525
187,169,3156196
219,205,3204028
178,166,3131475
173,159,2905979
236,219,3214443
204,192,3299266
192,172,3070314
214,195,3138036
207,191,3142613
224,205,3460408
240,221,3201809
230,212,3101823
194,185,3132314
198,176,2928766
213,197,3341082
179,171,3158101
201,187,3246352
215,195,3229362
197,176,3110311
223,202,3303196
250,235,3360808
204,188,3227618
203,183,3133298
215,191,3252975
186,166,3034835
176,156,3116463
191,180,3255177
222,208,3233150
175,161,2920329
223,198,3173462
219,192,3143277
183,168,3137530
203,188,3001484
219,193,3271189
205,188,3208097
218,205,3111004
249,231,3252158
197,184,3251145
211,194,3101483
198,190,3213073
189,173,3139334
202,186,2996550
211,198,3386272
211,198,3177864
194,177,2844468
190,173,3129055
225,204,3150180
227,204,3116228
199,185,3309010
195,177,3213815
179,165,3086378
195,175,3326328
206,185,3155407
197,180,2993200
234,217,3215331
228,202,3026371
229,216,3179691
211,189,3322275
222,209,3195387
209,189,3060614
206,190,3235474
241,225,3291216
211,195,3267272
197,188,3294590
181,169,3137030
207,189,3110486
220,208,3264839
204,181,3034227
210,191,3180152
194,168,2903465
205,187,3193016
242,217,3159214
218,206,3290252
212,196,3155368
190,178,2941986
206,188,3119423
213,193,3124820
225,198,3098895
199,186,3123798
205,186,3076959
227,213,3271586
190,175,3079991
210,192,3123194
199,183,2989469
192,180,3180809
212,194,3032898
186,169,2944697
207,196,3290563
205,188,3030297
202,187,3152907
214,196,3094027
218,194,3284064
216,202,3197368
173,156,3191780
177,159,2943493
178,165,3038461
197,178,3033506
202,186,3400827
226,206,3111275
212,196,3126279
222,207,3132536
211,191,3222078
225,211,3284234
246,229,3516185
209,197,3229301
211,197,3090413
236,216,3090333
233,209,3249664
196,179,2989179
236,216,3076244
192,179,3087818
236,215,3293660
250,232,3042728
203,189,3010710
240,219,3221707
220,206,3266236
219,198,3229678
213,202,3172908
179,168,3086200
199,183,3135431
196,185,3134207
215,199,3276861
213,198,3124124
185,169,3098271
210,193,3103211
200,184,3101652
230,211,3387124
209,190,3247826
214,196,3182382
243,215,3319019
203,183,3251043
222,209,3112278
211,192,3123666
202,195,2899101
206,192,3159495
206,196,3359268
204,184,2976832
199,183,3210015
178,165,3094631
178,160,2884362
206,195,3318354
208,187,3039162
206,194,3287376
201,182,3003851
216,201,3050509
200,183,3240243
204,195,3128368
224,205,3300094
183,169,3085967
224,206,3199137
225,210,3150492
203,186,3054615
205,190,3379805
206,192,3011191
175,166,2976595
208,190,3458850
190,172,2994427
188,175,2955704
230,210,3020329
233,212,3192612
209,190,3117870
217,206,3087284
210,192,3243204
233,209,3232484
204,184,3068244
193,181,3241934
208,192,3159089
231,218,3183292
195,176,3309176
220,201,3246436
215,202,3385405
205,186,3065729
222,210,3342018
213,197,3055635
195,179,3041786
211,188,3033127
184,163,2980259
201,184,3178326
231,212,3303937
212,192,3110760
224,209,3255566
237,223,3310086
181,167,2979960
191,173,3032674
220,197,2952770
234,220,3142518
215,207,3330346
198,190,3303245
238,227,3397542
193,178,3067735
202,185,3115717
214,196,3245529
249,229,3469037
214,196,2967778
223,203,3109843
227,215,3329076
196,184,3124781
213,192,3385528
226,200,3065586
209,184,3194531
212,201,3296681
215,204,3185350
193,178,3128014
208,194,3085681
190,174,3046500
188,173,3105176
214,187,2942744
180,171,3053481
191,174,3109126
232,217,3248191
232,212,3217153
204,187,3051983
238,226,3487770
194,181,3095073
210,195,3172555
211,192,3002691
227,202,3236597
201,191,3291253
236,204,3246840
213,194,3060598
197,187,2978752
194,175,3017385
222,207,3428829
204,188,3117070
211,199,3216133
187,163,2873428
189,166,3177893
184,163,3052153
188,171,3034159
227,213,3294226
215,195,3223089
181,170,3049651
205,187,3236003
212,196,3047516
213,199,3172629
207,195,3193549
216,196,3271022
215,201,2943890
199,186,3115956
189,175,2876903
226,206,3302239
202,189,3134439
233,216,3119599
204,189,3292219
203,184,3275795
200,182,3027825
198,181,3032809
226,204,3220498
206,191,3227519
212,198,3112165
242,229,3334083
213,195,3262873
190,174,3176044
194,181,2919149
219,203,3117622
218,205,3346364
211,197,3041905
192,176,2975039
206,192,3038334
191,177,3145286
195,185,3030903
218,206,3391355
222,208,3273690
203,183,3131290
238,223,3269706
193,176,3177829
196,178,2975021
207,191,3271742
204,193,3211180
179,172,3246724
207,195,3238451
226,210,3242528
196,182,3282500
255,234,3263174
210,195,3058699
210,194,3108531
230,209,3396705
233,222,3214268
205,188,3067986
197,178,3233721
205,187,2920073
227,207,3281069
212,198,3279168
217,199,3336085
230,214,3387004
233,223,3364779
204,185,2906715
204,189,3019850
197,182,2978383
200,188,2992034
219,204,3068665
178,156,2899761
210,194,3186052
222,201,3372828
212,203,3170448
228,206,3126855
176,161,2953438
217,201,3104086
215,197,3274315
215,201,3216894
187,174,2956119
220,205,3311943
213,204,3285730
225,213,3355536
217,209,3080040
225,216,3150897
200,185,3153466
218,205,3189151
189,175,3023152
205,183,3094459
218,201,3197776
223,203,3271401
232,213,3224739
227,209,3231867
210,192,3058034
214,200,3329624
218,206,3256468
209,201,3317988
183,166,2940976
235,212,3126639
194,178,3176272
191,175,2994800
215,198,3028296
190,175,3212123
192,170,3003297
227,208,3106900
202,189,3250147
254,233,3355166
213,194,3060342
190,179,3085205
197,177,3066374
206,187,3187240
228,211,3182773
203,188,3249618
218,196,3115696
223,210,3215973
223,210,3203681
207,190,3092442
222,207,3196124
203,183,3081075
192,174,3154227
198,173,2887261
202,191,3353642
182,166,3155967
224,204,3326350
216,199,3230243
198,177,3002795
226,202,3165340
226,216,3006836
240,211,3396821
213,195,2976851
200,177,2967457
223,205,3464059
210,195,3088242
207,187,2968792
210,189,3140962
237,224,3431173
227,206,3220828
193,173,2999466
193,180,3143541
214,198,3152219
207,185,3068345
202,189,3191979
210,195,3275226
221,201,3170074
223,207,3332574
216,200,3442053
195,181,3035777
208,182,3038600
200,182,3061919
211,192,2859286
209,200,3300205
212,188,3007231
190,178,3063734
201,187,3235756
201,186,3240170
207,188,3166100
217,205,3242582
189,181,2961249
224,209,3031451
226,204,3210326
204,187,3079103
242,218,3288700
224,205,3136487
194,175,3058838
210,190,3056716
212,195,3050141
209,184,3067527
204,197,3186914
212,196,3127959
192,171,2936086
191,174,3229944
245,231,3529292
202,189,3146637
214,194,3022954
186,174,3016728
195,177,3222326
219,198,3388806
190,167,2958672
193,168,3083996
188,176,3050796
217,199,3122037
211,197,3163903
209,200,3061750
182,166,3047249
220,203,3062299
192,178,3019519
242,223,3407951
202,186,3066511
225,201,3158192
206,188,3213093
203,187,2902933
185,171,3106769
199,185,3444955
223,211,3337354
204,187,3305630
219,197,3191414
214,202,3247708
218,197,3268284
211,194,3094768
215,195,3156542
184,163,2971711
220,201,3210670
226,214,3322176
210,197,3017498
193,175,3006083
238,218,3133660
197,181,3264913
199,187,3019854
219,195,3290631
228,209,3278436
217,200,3228922
234,216,3178546
200,182,3103031
212,200,3019824
208,198,3115368
243,228,3173612
227,205,3169907
196,173,3041373
166,148,2913597
208,196,3168614
224,208,3069091
224,202,3183393
229,216,3334301
203,188,3363620
192,175,3138852
241,221,3460500
180,163,2931094
210,194,3277850
218,202,3261291
219,208,3228918
202,191,3179982
210,189,3067130
191,173,2868463
188,172,3218732
212,194,3020107
207,191,3007034
189,165,2916837
205,190,3182396
224,209,3233603
201,190,3154167
198,173,2986434
209,193,3170681
213,198,3228629
205,188,3181969
214,189,3274470
196,185,3201430
259,235,3332223
215,201,3120792
196,182,3142811
247,221,3273847
194,181,3035849
192,175,2970097
190,172,2994952
210,193,3163674
214,193,3211664
222,209,3167030
190,165,2974142
212,200,3281273
202,177,3219512
213,200,3053281
217,201,2945138
223,211,3190122
225,197,2994244
178,167,3016086
204,193,3207666
231,218,3389101
208,190,3154141
235,217,3136548
234,215,3194508
233,209,3223923
196,180,3117120
215,187,2852038
231,209,3241438
177,164,2898510
165,146,2824904
173,161,2937332
190,171,2990070
208,186,3179044
213,205,3155036
173,155,2945869
221,197,3107202
225,217,3163462
228,197,3019339
199,182,2963565
205,193,3160901
217,200,3468272
204,186,3210181
221,199,3111403
231,213,3360489
186,170,3086614
228,207,3065419
226,203,3422118
190,173,3112488
211,187,3053126
224,210,3168640
226,203,3322195
201,185,2995393
227,211,3398061
186,173,2935779
197,183,3039339
214,200,3070113
193,184,3209067
204,184,2949856
214,198,3154208
186,172,2941984
230,205,3136826
224,207,3409022
211,198,3216204
198,185,3138439
243,226,3300579
198,180,3371701
184,159,3034157
208,190,3163337
205,186,2967320
189,174,3142905
203,182,3162525
194,181,3194125
208,190,3247571
206,189,3222733
231,218,3326749
200,182,3231164
220,207,3324716
186,176,3091809
189,173,2989530
198,183,3062301
203,185,3160034
191,171,3182346
230,211,3301279
198,185,2987635
196,180,3094456
188,174,2969772
213,192,2875288
212,197,3247170
204,186,3254258
214,195,3141310
222,206,3281194
204,178,3011735
232,215,3111771
219,206,3095249
204,192,3174348
224,202,2962998
217,194,3054756
207,192,3132392
223,203,3319441
221,202,3124476
213,193,3323398
239,221,3403763
215,195,3257261
218,204,3233458
199,181,3108148
225,206,3103172
176,158,3079820
199,180,3089916
193,175,3104918
194,183,3168819
241,224,3390791
194,181,3259991
192,172,3011973
197,186,3259575
220,211,3178456
194,178,3332751
248,232,3393310
215,197,3027457
207,189,3141094
203,187,3189014
216,203,3317735
182,169,3087881
216,202,3110442
239,215,3256964
192,178,3227457
184,172,3258555
219,201,2968985
234,219,3306678
199,182,2979128
227,213,3153547
215,200,3063923
185,174,3008220
209,197,3177643
195,170,2919093
188,179,3165718
196,184,3183603
177,156,3194319
209,195,3182081
200,181,3479787
222,197,3168571
221,194,3225489
216,200,3307211
208,188,3153432
216,189,3157987
214,194,2989881
215,206,3117707
191,183,3155730
227,208,2978281
195,179,3119816
201,181,3009740
194,176,3111480
250,234,3228319
229,208,3002812
227,209,3061167
216,194,3026848
210,198,3099708
204,188,3073205
205,191,3194209
201,185,3156314
194,174,3241078
187,172,3212510
224,206,3159060
196,184,3355260
215,203,3361378
207,184,3008146
216,199,3073702
214,203,3089803
195,179,3121241
216,192,3123695
209,198,3196124
202,183,3041292
219,205,3209573
220,198,3297292
200,174,3311276
213,197,3265127
219,209,3014098
195,167,2966411
207,189,3210600
238,217,3341326
188,176,3105645
216,201,3217922
186,174,3075501
195,187,3043505
229,210,3244390
239,219,3146722
211,199,3049614
168,154,2953883
178,157,3158016
192,178,3081184
237,215,3129718
222,203,3289929
210,194,3322699
229,211,3246532
221,203,3086035
231,206,3293691
218,193,3044516
210,193,3239410
229,216,3332814
195,178,3180438
193,179,3018786
249,230,3360834
226,210,3383875
237,216,3180214
205,186,3114705
204,193,3074398
234,216,3344633
239,213,3362838
224,208,3357414
191,167,2825540
209,193,3158189
198,177,3090043
175,158,3130190
192,176,2959187
197,180,3024226
211,193,3217327
215,201,3316197
197,186,3156059
212,191,3041195
211,192,3156959
209,191,3190787
198,187,2919737
196,174,3235629
205,194,2956517
235,216,3177169
203,180,3106044
213,196,3114932
202,179,3329449
203,185,3089821
223,199,3071952
200,187,3191524
207,192,3007107
239,220,3082282
197,183,3173266
206,190,3050851
221,208,3236519
231,216,3316256
185,177,3053911
187,170,3117931
221,209,3240700
213,196,3219616
199,190,3205249
202,179,3209665
217,202,3264646
200,185,3257429
216,199,3149703
241,217,3313011
203,187,3286113
198,180,2980236
238,216,3316522
205,197,3113343
199,188,3035059
199,185,3122540
203,180,3086560
200,189,3091905
230,208,3224956
227,209,3205284
182,165,3108348
187,168,3025252
215,202,3228352
219,204,3193832
223,207,3370079
213,199,3160340
227,209,3131211
200,180,3192597
206,194,3144553
210,191,3135949
217,202,3242373
242,220,3393747
220,202,3324420
202,183,3174187
210,193,3130157
219,198,2926060
215,200,3333469
201,187,3131050
223,206,3175489
203,183,3217855
206,188,3010197
189,168,3107265
197,177,3325009
208,192,2942890
195,181,3148982
223,205,3278834
211,196,3247296
201,180,3025847
211,192,3246608
242,218,3421427
218,198,3109465
176,161,2982615
193,179,3033890
230,211,3148056
197,181,3154562
224,203,3082714
195,175,3148783
225,205,3352205
196,186,3106705
213,192,3261339
214,191,2971747
198,186,2993992
202,182,3166025
206,192,3426453
253,240,3614655
225,212,3089225
204,190,3080984
227,205,3095353
192,169,3192269
237,209,3236407
227,217,3259539
209,193,3248821
213,195,3463459
209,194,3167253
195,176,3231963
234,213,3231180
247,227,3301411
198,184,3351381
193,178,3175993
227,204,3119373
204,183,2980782
250,232,3295491
170,163,3080473
169,155,2902169
203,183,2960275
223,205,3094140
224,206,3215330
241,221,3094134
208,194,2900842
224,203,3512198
243,225,3214117
194,188,3204026
226,209,3392433
207,188,3129729
206,191,3250245
204,191,3171589
208,189,3176069
184,167,3147492
194,176,3064433
217,204,3257486
203,189,3187831
212,192,3173620
214,192,3155234
228,210,2981174
184,168,3076029
188,173,3038070
226,200,3257666
207,187,3260141
191,179,3158493
179,165,3065976
208,191,3162418
227,217,3324922
224,211,3219989
191,171,2992513
178,166,3126210
203,182,2872515
218,202,3233176
200,183,3202711
179,167,2985321
198,182,2933858
201,194,3303646
187,172,3211513
213,195,3297107
224,212,3120889
242,221,3475163
197,183,3227330
219,200,3296178
242,226,3587897
204,189,3318849
217,202,3226406
183,169,3015471
231,222,3344748
210,197,3136323
220,200,3063676
217,194,3215210
222,206,3105162
213,201,3208845
195,180,3180912
217,205,3189236
173,156,3024740
192,169,3208454
197,183,3173678
216,201,3043060
226,209,3196243
215,199,3035158
212,202,3253760
200,185,3278548
197,182,3100674
189,177,2837768
188,178,3017433
213,200,3120503
202,187,3114783
214,203,3047491
227,209,3277269
224,206,3024622
214,196,3238950
255,241,3297124
183,170,2914901
203,184,3205971
204,193,3229016
224,207,3181045
188,170,3113348
249,231,3255924
238,220,3234285
189,175,3136121
227,210,3351081
221,202,3318818
210,190,3153998
198,177,3114271
198,180,3065719
218,202,3201039
206,191,3064989
210,192,3188569
258,243,3344136
198,185,2935260
221,197,3073583
196,180,3175430
203,181,3054518
210,198,3070631
204,192,3227748
211,195,2942069
203,190,2964192
198,185,3088616
209,190,3202965
210,195,3264050
233,213,3253111
189,179,3169438
199,191,3156955
218,206,3046118
192,177,3205732
197,181,3047189
209,190,3311176
204,184,3048651
216,195,3168122
216,203,3178011
225,204,3164377
199,186,3141063
223,197,3150632
213,201,3308019
198,179,3536075
223,203,3213285
217,198,3462173
200,186,2984198
224,209,3454939
213,199,3231993
223,204,3252261
198,184,3125732
191,169,3153687
240,223,3340204
216,199,3069564
202,185,3210453
198,187,3166593
213,200,3133198
229,217,3242138
238,222,3270933
233,219,3120077
213,194,3123983
216,205,3282929
209,194,3292102
208,188,3150602
224,200,3313450
217,198,3349486
226,218,3247558
226,212,3292451
211,195,3150582
209,193,3112529
194,188,3150318
212,199,3317322
219,206,3258511
207,197,3318835
204,184,3183576
235,216,3324654
211,200,3206443
215,198,3121053
202,179,3215362
218,204,3266708
209,191,3130584
197,185,3230645
224,208,3429397
244,228,3338440
206,178,3108820
191,177,2897906
190,178,3101627
196,181,3109023
226,207,3171710
212,197,3237683
179,162,2988559
233,220,3646104
194,178,2908358
206,195,3153825
191,171,2998074
208,195,3151838
205,191,3077152
200,188,2844209
225,209,3368617
223,208,3343427
234,212,3273065
218,199,2978044
207,185,3263765
178,158,2952422
220,202,3245535
173,157,3095958
210,196,3236856
218,206,3149910
210,190,3128229
191,173,3243024
191,179,2943515
211,186,3060801
229,217,3141033
224,213,2984849
202,183,3008076
221,202,3059802
224,210,3118041
237,218,3234774
198,180,3130114
201,187,2957204
214,192,3371120
212,201,3252653
174,157,2959304
202,187,3033830
203,194,3278868
214,195,3121790
190,175,3085441
201,175,3043402
236,210,3193383
243,219,3195695
211,194,3162052
212,190,3251267
208,195,3187436
215,194,3310056
229,209,3260466
216,200,3256631
211,192,3099889
193,179,3086871
212,195,3270616
224,206,3409337
220,192,3187562
207,182,3020037
184,169,2994100
238,215,3420284
187,169,3081729
205,181,3287405
175,166,3121658
217,199,3068803
186,173,3094756
193,176,3154495
206,180,3065925
183,168,2979906
199,182,3058961
201,181,3390904
188,172,2986426
207,185,3176038
214,205,3169036
219,200,3286882
222,199,3155042
184,172,2994609
197,182,3054896
182,171,3004036
201,180,3001431
218,200,3385356
220,200,3086055
229,206,3149678
238,220,3385129
212,200,3175697
211,184,2893731
189,171,3081911
187,165,3070688
206,196,3194654
207,187,3094702
221,212,3038809
229,210,3357047
224,211,3193703
213,194,3425321
219,199,3270434
209,192,3141347
196,185,3059254
190,169,2998048
182,168,3009964
217,201,3112892
226,205,3233123
215,207,3395819
190,177,3039950
208,189,3174803
182,165,2892081
201,184,3223424
183,173,3137276
228,205,3273606
214,196,3183786
190,174,3225415
227,212,3400650
212,197,3257924
251,232,3074197
224,209,3209117
215,193,3338922
228,212,3170810
231,217,2904857
222,200,3114777
222,201,3223172
209,194,3078222
218,199,2929956
222,201,3130230
237,221,3188781
203,179,2956655
204,181,3135755
192,165,2969655
207,187,2979651
208,187,3020808
202,180,3169872
209,187,3136392
232,210,3302989
201,180,3148678
220,201,3087224
199,176,3080948
194,180,3087477
197,183,3431344
224,207,3083978
222,207,3264170
189,177,3092746
210,191,3209659
214,198,3182868
201,189,3068341
230,206,3070870
249,233,3162448
202,187,3154946
243,228,3331936
230,207,3265320
226,208,3224987
211,188,3076889
185,171,3116799
211,192,2947615
209,194,3038414
193,171,3251433
213,204,3240044
203,186,3123436
194,170,3065575
213,189,3331597
223,206,3220243
203,185,3031261
200,174,3001243
191,176,3075213
214,197,3246234
197,182,3192026
213,195,3123512
213,197,3119391
203,180,3073637
208,196,3015742
210,194,3208153
181,162,2976590
165,149,2804925
211,196,3156204
220,203,3328061
200,186,3153047
213,197,3092407
202,194,3242162
193,179,3143270
209,195,3047826
197,183,3145238
225,200,3335731
207,190,3046716
216,202,3101511
202,186,3309887
255,233,3574413
194,177,3145095
211,198,3135050
206,190,3143098
227,211,3114520
226,210,3334001
199,182,3310454
210,197,3103122
197,184,3123229
195,187,3059586
218,198,3032438
206,185,3014402
229,210,3360847
220,203,3396638
201,186,3067583
220,201,3081605
215,197,3260128
202,185,3151679
212,197,3277740
182,165,3157582
216,201,3366590
202,184,3285976
203,179,3171937
221,200,3248696
198,182,3139322
185,172,3216297
219,210,3227546
211,197,3184195
189,169,3069844
200,182,3038796
200,184,3184668
219,205,3248736
204,188,3316379
204,179,2978569
215,201,3132491
206,182,3198793
170,153,2792369
188,170,3048153
230,210,3151513
199,181,3080889
219,201,3078294
204,188,3154068
203,187,3332191
209,189,3200546
210,193,3075821
217,198,3229139
218,196,3078286
213,196,3187905
202,184,3137663
202,188,3044337
227,214,3276661
200,181,2937019
199,185,3049795
207,187,3280844
220,202,3168450
220,200,3277035
222,208,3152191
200,181,3076775
194,175,3143382
230,208,3214262
221,200,2832832
213,194,3264416
221,193,3038038
212,192,3082000
216,201,3070597
201,184,3174773
232,214,3150110
225,206,3261562
206,188,3014656
189,175,3092201
207,190,3045805
214,198,3198651
196,180,3063781
198,182,3184324
195,174,2912291
229,208,3238383
203,185,3214013
231,224,3386746
191,179,3142817
206,186,3127078
219,200,3265605
207,193,3195107
181,164,3051999
215,204,3044892
223,206,3202734
199,173,3068568
212,195,3016060
218,195,3263939
218,199,3300592
197,184,3146469
202,182,2950702
208,195,3295366
198,185,2949113
219,201,3159564
202,184,2934157
198,180,3153769
211,194,3106727
200,184,3133162
201,193,3189725
203,187,3221063
191,173,2991688
230,209,3251614
211,189,3126057
239,216,3227281
221,202,3278174
213,192,2987856
243,223,3328098
191,176,2896091
230,205,3158916
197,177,3078179
206,198,3155670
221,202,3212539
248,234,3391640
227,212,3161545
197,180,3228390
226,213,3399509
202,187,3119822
246,220,3391322
197,181,3214110
190,171,3257798
219,197,3131877
199,186,3035172
200,181,3223865
236,215,3210082
219,194,3099751
229,214,3607928
207,189,3178430
204,185,3176929
210,192,3138826
218,197,3271192
189,166,3054805
215,201,3521477
211,194,3160364
213,197,3318912
200,191,3312119
202,189,3241500
210,195,3136145
227,206,3473500
230,218,3402907
208,194,2927040
222,208,3165830
194,186,2968611
193,176,2989561
230,211,2949317
190,175,3035500
245,230,3361635
209,195,3260727
190,176,3051005
212,199,3230057
250,233,3361176
190,174,3120956
249,230,3232613
214,202,3188361
206,185,3382404
190,171,3166916
211,201,3335772
202,186,3032805
200,179,3125629
238,217,3200035
214,194,3179188
198,181,2954211
197,182,3218456
183,164,3095501
191,180,3194891
210,193,3073624
204,186,3329367
217,199,3292492
194,169,2949086
200,185,3014571
190,174,3200623
228,212,3298371
205,190,3040152
215,192,3083426
209,187,3176878
194,179,3283873
230,215,3354025
191,166,2935452
215,199,3237134
244,230,3316664
208,196,3183326
191,175,3020434
242,219,3121749
226,207,3329812
191,180,3347934
202,187,3149559
199,186,3156382
191,173,2991342
221,197,3306599
197,183,3087267
214,202,2866566
208,191,3124445
219,198,3054710
200,190,3071757
181,159,2990917
197,181,3112812
210,193,3130991
234,210,3124257
206,187,3071011
222,200,3085751
196,176,3029293
207,191,3048198
182,170,3050011
217,205,3282583
213,200,3086758
201,182,3092299
237,212,3477584
242,226,3358816
211,195,2983607
201,187,3039639
210,199,3021020
204,187,3222311
207,189,3124293
215,195,3100868
197,182,3197905
210,193,3094904
190,176,3091089
223,203,3052003
192,185,2996795
186,172,3017833
203,187,2965733
212,198,3359822
232,211,3336809
241,229,3105004
193,179,3182294
198,182,3027294
185,170,3225285
196,171,3068867
236,216,3101483
196,175,3196570
230,209,3257597
202,174,3293352
217,204,3278658
200,186,3112305
192,175,3008879
206,189,3115493
221,202,3031673
206,184,3105600
209,195,3042314
196,185,3050851
229,208,3321472
222,206,3239572
230,208,3134934
201,182,3378837
193,178,3040386
200,183,3006433
204,186,3078868
204,187,2986109
213,203,3370196
204,194,3069101
201,184,3252606
216,200,3312013
177,161,3084403
216,202,3233291
224,204,3101650
240,227,3075103
200,175,3126884
242,229,3345037
201,182,3170315
205,188,3041799
230,211,3037474
210,196,3363196
224,199,3107184
203,188,3012668
205,186,3039521
192,185,3098467
186,169,3118875
230,209,3064527
188,172,3028093
189,173,3058138
205,185,3067374
215,203,3281668
211,196,3134538
193,176,3065622
211,199,3254950
224,204,3282285
190,179,3233550
218,205,3241146
213,200,3271155
227,206,3400046
206,191,3007514
217,198,3262752
220,206,3488842
215,212,3230541
201,184,3098346
216,200,3177223
213,202,3300499
217,203,3104893
208,196,3008330
211,197,3137799
168,156,3239674
197,182,3085925
219,202,3191007
205,185,3152369
191,179,3170041
203,184,3012422
203,184,3214861
203,189,3220548
212,200,3266285
215,191,3164519
202,188,3335621
225,215,3343070
242,224,3066960
213,195,2990247
209,189,3241375
200,182,3107880
221,200,3191739
184,169,3073779
213,196,3339742
212,195,3331925
210,191,3155738
210,199,3268291
182,167,3036196
202,179,3176688
228,210,3080025
230,210,3416515
194,170,3285341
215,199,3341342
210,190,3127663
209,189,2962198
212,203,3288985
199,181,2940959
214,189,2948815
216,196,3099731
212,196,3232003
203,188,2995895
226,210,3136358
215,201,3135707
200,190,3290675
210,189,3081046
176,165,3143086
184,169,2972113
218,200,3298518
230,215,3233607
198,185,2995382
219,203,3238415
197,185,3264080
234,218,3392431
190,175,3181069
202,183,3083577
196,178,3100974
201,179,3108486
225,210,3364171
222,197,2952781
252,233,3555821
201,178,3031021
187,171,2995085
214,197,3079716
210,182,2979620
220,202,3220442
219,203,3296156
212,194,3129850
204,190,3175835
205,191,3163334
195,181,3390497
217,199,3306210
191,175,2789983
199,184,3141902
188,171,3152075
202,185,3156952
228,209,2923510
235,216,3251014
200,183,3177755
222,205,3237617
222,205,3201052
193,179,3041069
234,217,3378026
207,194,3120872
204,188,3065947
205,187,3220203
242,223,3334728
218,203,3159494
221,200,3384005
202,193,3230678
222,206,3203124
228,206,3012933
181,167,3153736
250,225,3071282
194,178,2982079
183,163,2852740
245,222,3234280
190,168,3022863
198,184,3347286
183,167,2914307
197,186,3199178
248,226,3297773
231,217,3178582
226,209,3202571
223,208,3224576
201,187,3233987
217,201,3154598
253,244,3328132
196,183,3222748
222,208,3021393
198,184,3203600
219,203,3245376
187,174,3051575
195,182,3126648
224,203,3206098
212,191,3071618
223,199,3295706
215,201,3330379
188,171,3174168
200,181,3121792
199,185,3229532
231,208,3383063
194,177,3149208
198,182,2888092
196,179,3056993
210,194,3343664
201,192,3031682
174,160,2995221
200,187,3007253
204,186,3064386
221,210,3262163
219,198,3185170
185,174,2950154
164,156,2899949
212,198,3284298
215,196,3126400
201,190,3268349
170,159,2898636
206,191,3018614
199,187,3389048
203,183,2873197
230,194,3117745
213,198,3296242
245,225,3468038
188,175,3041377
210,199,3041136
204,190,3119465
234,220,3084597
182,159,3114489
213,203,3151087
208,184,3052645
190,175,3102873
215,197,3232194
212,202,3328541
231,206,3308348
209,193,3132594
203,185,3224398
181,163,2870350
195,173,2882525
240,219,3408624
201,185,3226374
204,193,3372015
225,209,3070166
227,203,3052131
203,185,3028518
218,203,3149133
203,183,3219933
184,166,3025162
202,188,3115296
200,181,2966034
193,177,3242513
208,194,3019461
225,200,3025802
187,176,3130254
208,193,3083005
205,188,2958758
217,195,3075532
228,211,3313151
228,208,3187410
209,191,3236516
232,206,3229519
221,201,3137811
179,165,3004849
205,188,3197655
234,224,3164817
191,171,3044787
194,175,3077479
221,206,3084650
217,205,3125400
229,216,3328391
209,193,3223732
237,220,3298897
196,182,3090541
194,178,2911714
204,188,2971282
203,186,3162245
228,207,3592254
211,191,3199801
206,196,3117399
251,232,3095746
213,199,3253943
215,196,3072017
190,177,3128531
212,198,3180223
209,195,3105704
176,162,3054502
240,227,3368074
217,205,3364780
227,197,3046691
223,210,2952506
247,231,3440263
218,201,3036278
217,201,3002728
217,201,3176215
230,208,3313812
186,163,2969501
175,160,2923720
215,196,3146093
212,198,3030795
192,177,3195472
206,188,3137705
204,181,3325290
181,164,2977041
197,178,2804021
205,193,3123265
203,187,3049959
236,218,3092685
212,195,3141677
229,211,3167855
217,205,3113397
220,202,3151794
230,215,3271255
248,230,3277706
193,176,2854081
197,182,2943630
174,158,2957255
192,180,3098842
229,209,2975318
174,159,3097662
201,189,3105913
201,189,3200050
210,195,3429406
206,188,3201253
189,175,3257870
220,201,3021447
182,167,2957796
210,190,3150785
189,179,3027883
194,178,3326407
179,160,3056236
229,216,3036412
167,154,3022406
201,187,3139647
222,204,3311877
182,166,3048365
214,195,3043361
213,197,3083184
226,211,3509370
209,200,3322560
215,201,3207707
187,178,3004601
230,218,3334618
208,191,3109896
206,186,3169355
193,175,3300272
189,177,3127685
208,196,3187293
231,218,3370637
193,184,3132007
210,194,3297253
195,174,3342015
208,193,3158914
208,191,3087097
200,188,3129316
213,200,2976564
216,199,3379695
207,192,3145643
194,175,3003117
203,183,2924049
198,179,2901274
222,205,3292080
239,224,3127285
221,198,3154989
219,203,3500270
207,184,3220446
207,185,3038122
203,186,3176700
194,183,3182425
212,200,3101474
208,194,2943811
190,172,3133859
224,210,3281536
198,186,3056793
216,195,2933605
208,191,3179065
207,187,3168487
235,212,3202891
228,207,3212619
217,201,3207747
217,200,3188279
192,177,2989764
222,202,3135458
204,191,3238943
190,173,3345535
245,224,3437586
212,191,3272514
220,202,3222859
189,173,3325084
203,191,3212061
190,172,3170153
197,177,3186165
221,206,3379819
213,194,2998822
225,214,3208817
188,179,3150085
207,191,3004875
215,203,3120379
244,223,3208317
233,206,3232007
203,188,3003379
200,189,3036777
204,179,2915592
198,179,3069347
222,211,3341085
182,167,3165628
202,187,2957224
183,171,3024010
199,180,3075281
212,197,3148449
187,171,3155441
211,190,3223850
198,179,3127788
254,229,3194449
213,197,3319706
192,175,3223217
188,175,3104418
196,186,3163350
204,190,3059341
200,185,3085363
212,201,3153766
204,194,3178101
211,196,3170166
242,227,3307177
221,203,3144238
232,214,3241611
206,182,2926286
205,188,3113738
193,182,3064831
190,174,2969325
173,162,3003267
216,196,3141498
225,204,3304550
227,209,3208921
199,187,3048750
214,201,3024332
214,198,3191488
232,221,3287093
201,182,3192702
199,177,2959829
218,205,3242528
200,186,3053945
215,201,3165349
245,220,3210606
219,205,3255350
232,212,3129364
185,169,2869537
211,191,3080270
214,196,3144309
200,184,2969230
210,184,3148398
216,199,3198296
180,161,2807371
230,215,3431006
197,176,3203826
226,212,3224957
222,203,3247612
210,189,3049080
214,197,3145558
181,173,3236688
175,163,3072890
199,182,3143282
213,196,3170823
190,170,2885983
193,175,2875890
188,175,3128126
212,199,3426557
204,194,3130705
205,189,3246085
179,164,3089882
214,198,3109091
183,162,2938315
214,196,3159647
225,209,3193108
203,180,3063011
208,193,3151606
213,199,2966494
201,176,2955274
193,173,2985407
206,196,3095821
207,189,3324013
214,194,3059386
201,190,2986038
237,223,3251669
216,198,3212722
232,214,3482564
175,166,3205177
195,183,3057824
204,190,3221581
202,187,3148766
198,181,3135630
212,196,3124709
229,209,3332156
199,184,2964206
230,215,3121180
207,198,3225697
206,185,3190789
196,175,3347790
224,211,3390523
224,213,3289503
219,197,3348391
222,209,3191702
189,171,3016423
210,190,3088383
223,198,3098617
223,205,3181073
223,208,3223189
176,161,3031143
222,205,3197057
223,211,3261988
186,161,3109006
218,203,3065981
198,182,3157391
196,177,3243339
186,174,3328044
205,191,2990336
210,197,3133036
233,214,3339466
223,203,3268274
239,218,3246628
223,201,2987639
192,165,3189958
168,151,3146650
198,178,2975715
220,198,3272962
204,180,3150376
226,208,3218057
202,185,3265104
194,178,3142253
216,198,3118264
223,201,3256496
190,173,3114324
183,167,2971045
231,212,3290183
202,188,2996500
208,183,3130609
230,213,3241282
214,188,3145556
212,200,3123772
195,180,3209511
218,202,3196282
218,203,3105180
215,193,3292116
219,200,3212637
218,199,3037607
209,193,3235312
217,198,3022601
188,174,3139885
203,180,2830565
209,193,3165758
206,195,3043905
217,204,3330001
190,175,3044746
220,200,3044152
221,202,3220513
203,189,3062485
208,189,3286326
202,181,3226523
206,192,3061368
187,172,3047855
210,197,3007994
214,196,3171162
202,184,3020315
202,191,3134505
198,182,3021878
212,203,3083150
212,195,3110609
215,193,3157862
202,188,3055696
194,176,3035614
207,187,3259070
211,193,3207933
207,193,3117677
185,165,2902219
218,197,3141608
218,200,3220821
242,219,3283394
179,163,3053338
237,214,3260870
188,177,2953705
234,212,3142504
241,225,3213635
225,204,3057301
206,192,3124502
216,207,3242022
215,198,3189353
202,191,3342273
212,200,3311056
192,174,3237749
191,175,3084818
203,186,3092272
197,180,3066408
200,191,3248022
212,193,3232585
222,204,3242753
214,201,3193579
213,193,3186070
187,173,2969770
230,207,3496215
222,204,3186379
210,196,3240729
200,183,2980385
213,194,3168120
200,187,3257586
209,192,3013857
215,201,3150602
182,171,3144010
190,168,2860803
223,201,3155004
231,216,3125215
219,205,3165528
212,192,3205711
230,211,3215809
231,211,3241680
205,191,3160333
185,165,2873079
184,168,2967458
206,190,3167210
210,197,3112751
205,190,3128024
234,214,3191853
186,172,3169266
197,183,3056889
196,179,3079707
208,200,3122015
202,182,3269998
215,201,3251749
221,202,3257665
206,195,2939287
206,192,3310211
196,176,3045637
209,194,3108175
230,213,3317685
187,164,2898535
239,219,3175052
225,205,3194705
211,193,3236978
231,216,3118174
214,202,3208853
192,180,3042321
186,170,3134049
207,198,3133627
202,183,2943740
221,197,3132139
205,188,3182034
217,201,3280337
198,180,3168543
223,209,3362852
211,191,2943753
207,195,3169862
217,205,3201718
192,178,3173517
194,180,3289496
209,187,3056840
194,175,3027779
226,208,3081144
234,214,3242245
209,188,3172734
204,183,3167641
231,210,3045445
220,209,3183920
203,190,3302391
191,171,2877313
208,188,2997883
210,201,3256021
198,183,3262389
197,181,3021273
207,190,3071421
219,206,3317463
234,214,3237331
211,191,3179766
205,187,3240332
189,172,3175299
213,191,3309929
227,213,3264415
222,202,3151427
219,198,3285784
224,210,2997657
193,184,3130131
198,177,3142758
223,209,3310888
206,195,3226979
212,195,3189737
213,206,3370720
185,173,3036409
204,181,3175008
198,177,3172169
219,205,3179092
211,190,3197541
186,170,3074756
186,167,2997033
233,213,3321379
217,200,3170631
211,195,3248362
186,170,2979368
224,205,3238821
204,189,3144553
244,228,3451347
189,175,3177296
205,189,3247253
208,195,3139488
243,228,3212201
255,235,3147200
220,202,3174719
222,193,3209808
202,184,3068791
255,238,3025353
204,189,3192087
218,207,3315053
207,185,3238845
237,222,3267368
198,182,3207016
223,209,3203527
218,203,3215980
213,197,3086071
224,207,3242984
226,211,3357073
194,178,3135676
227,208,3210778
205,191,3190216
213,199,3099788
220,194,3164441
222,208,3209822
227,204,3279733
202,189,3089757
228,210,3188887
187,170,3149027
198,180,3149400
217,198,3286220
204,184,3132369
197,182,3113898
228,209,2988819
195,182,3311697
225,212,3482787
215,197,3033148
192,178,3211087
242,224,3258653
205,182,3145315
195,179,3129890
184,166,2950034
221,199,3522737
211,190,2988773
181,168,3050326
182,167,3114748
193,177,3030900
188,177,2941954
233,210,3070471
209,188,3259020
223,210,3092633
191,170,3192337
207,193,3178230
206,193,3221859
217,202,3242453
203,184,2893922
207,185,3137546
233,210,3263293
212,199,3148847
233,206,3377289
209,190,3163833
239,215,3261617
214,201,3196656
203,182,3058665
193,183,2853229
233,215,3158111
232,213,3144305
191,173,3066874
202,186,3304040
245,226,3489057
220,199,3153483
181,170,3295954
196,182,3041984
196,186,3320701
218,197,3205671
192,173,3177760
207,188,2887992
219,208,3112096
231,216,3335799
190,172,3210654
193,185,3077292
191,175,3147686
190,175,3036099
214,192,3315597
214,196,3246962
200,187,3084394
232,214,3315950
218,198,3365768
216,203,3217416
208,197,3360036
208,188,3139632
215,195,3103578
205,191,3037801
210,195,3107821
202,189,3177386
231,215,3134981
226,206,3191281
199,188,3067553
195,176,3293659
184,169,3122845
219,196,3266260
197,181,3077844
197,181,3007897
218,200,3137001
209,193,3184582
208,191,3040838
219,203,3168187
177,159,3115157
192,177,3178857
217,202,3305568
237,229,3246699
194,179,3100857
210,200,3216378
194,179,2958610
204,182,3366104
224,208,3050379
214,183,3293342
188,176,3269520
225,210,3270435
205,189,3083625
181,166,3111455
223,204,3164654
218,209,3392814
191,178,3109248
193,182,3220998
197,176,2949925
194,174,3003829
224,205,3119657
226,203,3326732
201,180,2985001
198,179,2926657
222,202,3224659
199,185,3319536
214,195,3136640
252,226,3363178
218,195,3130262
228,212,3195658
240,223,3309557
187,177,3094783
206,187,3025974
208,186,3288446
203,188,2997110
226,207,3238739
197,186,3181822
192,181,2969375
212,197,3279167
235,223,3360205
235,215,3184238
208,190,3347971
220,203,2909568
206,182,3233430
218,205,3294923
221,203,3117405
201,177,2964817
193,175,3169709
224,207,3285621
223,202,3195903
211,195,3276298
220,201,3423088
199,181,3236766
209,195,3106223
209,186,3201270
191,170,2972882
200,185,3222340
228,212,3167864
234,216,3179226
223,203,3159607
195,172,3072009
170,157,3037504
194,180,2975183
207,196,3172427
205,192,3323257
214,199,3167010
253,236,3366420
220,204,3197212
214,200,3070907
195,170,3186956
236,223,3301061
175,160,2993377
236,224,3499832
229,208,3219562
193,177,3199606
213,194,3257227
214,194,3128686
180,171,3054641
218,199,3184812
205,194,3181169
206,186,3178376
189,177,3096876
218,206,3273099
219,197,3337895
221,194,3062115
222,198,3456997
228,211,3305163
184,170,2971951
198,182,2980281
201,188,3325154
250,232,3066540
175,162,2929380
207,193,3324049
212,195,3251114
216,198,3303327
209,195,3087908
200,183,3011770
202,192,3184663
200,188,3043884
225,205,3007483
194,178,3023017
208,194,3124280
216,198,3081181
197,183,3045642
198,181,3129894
213,200,3066001
238,225,3242638
251,225,3407385
195,186,3047520
203,193,3252295
195,182,2909906
223,206,3181174
216,200,3502085
188,176,3115818
200,181,3171749
211,195,3290437
225,205,3256663
188,170,3239078
224,199,3039579
215,196,3109718
211,191,3192993
222,208,3441925
235,218,3431394
192,175,3283619
211,185,3148879
202,185,3056405
190,177,3048893
207,194,3251686
217,196,3108924
190,174,3217023
235,220,3202160
215,203,3265206
210,195,3326063
227,210,3169381
227,219,3294059
202,186,3331916
220,207,3199178
228,213,3081693
253,241,3603596
218,193,3110998
221,208,3200808
219,199,3136295
218,200,2979843
203,179,2903697
216,200,2956636
215,185,3030514
253,239,3375173
222,214,3362980
199,182,3117987
205,196,3323206
197,177,3127166
209,190,2901592
241,225,3203021
204,187,3021094
193,176,3081863
224,204,3454914
217,194,3146982
194,177,3068571
203,184,3177397
193,179,3075283
210,196,3282877
193,180,3279459
198,177,3114888
198,178,3061630
212,189,3242352
186,171,3251932
196,177,3248073
206,188,3287132
207,197,3050890
226,203,3108634
223,210,3190450
211,194,3141148
203,185,3134952
206,187,3146027
208,186,2978491
181,166,3104314
225,206,3178499
186,171,3001835
232,213,3237716
210,180,2949974
215,199,3120560
185,171,3026422
210,189,3376648
197,180,3140745
194,179,3314193
197,181,3179113
201,186,3126743
189,175,3064722
199,181,3057233
189,174,3113385
213,189,3015279
174,160,3121481
205,194,3325090
180,169,3258575
214,195,3146399
223,201,3107167
191,171,3048446
205,189,3151258
200,184,3228956
211,196,3268884
221,202,3357909
248,231,3269968
215,198,3256570
233,214,3197186
235,221,3473151
220,206,3150166
200,180,3048758
192,170,2861193
212,192,3224146
231,214,3119723
196,185,3069236
180,158,2994515
189,176,3323686
214,198,3302134
227,211,3197850
186,174,2999829
203,189,3059586
204,197,3105567
215,198,3277988
210,201,3238177
248,225,3259031
210,198,3159208
199,181,3057194
192,177,3138208
207,190,3222323
187,175,3024052
232,213,3129524
204,183,3057134
218,198,3083793
215,199,3322822
190,180,3039992
220,200,3159019
218,199,2977739
212,194,3282170
188,178,3312951
200,185,3191550
221,205,3428858
172,160,2905973
178,162,3199428
241,232,3414792
211,193,3312024
205,188,3101750
220,194,3081264
206,190,3007938
210,194,3251483
231,217,3180765
187,174,3305934
220,206,3238940
195,175,3089340
221,208,3160972
217,196,3315004
224,205,3283176
230,213,3120606
190,177,3165431
187,173,3174403
197,180,3203409
216,205,3343189
220,203,3167259
205,191,3206891
210,188,3105383
219,203,3285874
218,197,2957221
192,178,3085699
241,228,3442440
250,230,3188655
223,214,3539949
224,201,3326403
186,164,3084978
209,193,3234054
200,184,3171891
212,192,2875290
201,190,2978188
194,183,3434229
226,213,3109209
187,169,2910592
210,186,3200299
208,189,3203783
217,197,3271542
190,170,2903386
205,181,3329894
177,164,3112101
231,215,3328385
217,197,3075649
199,182,3309650
207,188,3027701
213,196,3081007
212,195,2953566
212,193,3210821
204,194,3098907
219,202,3153086
232,214,3416692
206,189,3027816
223,202,3048829
220,205,3216940
202,185,3066398
228,211,3383907
219,210,3270123
206,192,3260234
210,195,3095157
216,198,3168639
199,183,2907545
246,225,3294094
213,198,3187227
191,176,3079633
178,163,3115731
196,171,2945083
197,178,3236870
226,209,3191618
206,186,3127545
213,198,2888105
182,172,3367304
212,190,2981091
205,194,3132112
185,177,3090795
226,207,3189590
218,202,3354290
220,208,3184755
234,220,3232409
230,205,3419265
203,191,3156448
207,186,3209001
206,190,3254315
213,197,3204906
220,199,3123600
210,195,3368074
173,161,3098057
214,197,3399352
217,204,3199420
224,202,3019159
177,161,2903383
219,195,3083049
229,203,3121365
175,158,3083090
203,189,3058384
201,184,3168441
198,168,3073990
183,166,2820036
199,184,3154802
209,198,3020739
211,199,3222783
200,184,3123811
225,212,3168915
242,230,3272764
216,204,3142570
191,178,3018686
229,206,3114798
203,182,2991708
218,198,3186660
190,176,3014715
237,216,3174376
173,154,2968876
191,176,2929342
218,194,3045807
186,170,3022609
212,195,3311685
201,186,3268578
225,207,3088307
197,182,3001843
203,185,3228019
214,194,3235230
214,192,3265958
205,189,3278226
182,170,3275268
186,170,3279173
211,193,3014220
214,193,3249573
224,209,3049228
176,159,2932548
224,208,3089166
204,184,3190503
216,203,3055868
209,193,3303747
180,166,3154024
215,197,3199261
203,182,2978950
196,174,2943166
197,185,3137696
239,222,3161641
180,162,3195544
203,187,3196226
218,201,3247867
188,174,3205019
245,226,3279196
205,181,3171164
235,212,3289629
200,186,3075222
194,181,3056116
216,201,3212787
200,187,3302482
247,230,3186733
234,219,3314077
208,186,3289910
193,175,3141151
187,173,2992086
197,182,3005351
221,206,3321240
204,179,3074639
223,201,3183203
212,202,3214619
191,182,3078336
235,218,3295110
216,205,3102341
227,203,3186327
234,214,3382112
202,185,3138138
216,192,3088037
216,194,3066214
203,188,3101478
193,174,3094860
201,194,3323994
208,192,3267006
211,187,3028578
211,188,3191672
168,156,3003718
209,200,3139543
219,199,3201610
225,203,3375239
219,205,3210166
217,201,3237077
192,181,3111269
163,149,2858146
208,194,3144275
211,191,3259177
222,207,3302961
205,194,3234139
211,198,2988775
201,185,3279756
228,208,2898681
231,218,3202479
185,169,2833122
189,175,3163393
206,194,2948844
229,213,3254351
224,206,3043927
177,165,2829920
199,184,3003727
211,187,3189524
202,177,3226147
204,189,3133492
217,204,3242565
238,224,3380958
202,181,2994162
231,212,3007148
193,184,3055395
225,201,3150407
204,184,3031902
194,175,3101755
190,175,2886134
228,212,3247758
236,217,3067388
183,166,3230954
219,199,3279902
222,200,3370541
242,224,3320680
241,221,3345405
216,195,3428975
202,191,3222492
189,172,3032651
204,186,3243611
203,188,2915519
226,211,3369296
205,189,3236444
201,182,2980336
181,165,3086690
213,200,3334912
200,183,2996220
228,202,3065459
210,195,3060458
175,165,3124746
200,185,3028442
216,200,3178717
204,192,3227948
222,207,3188015
219,194,3221948
206,187,2984228
223,205,3063925
208,194,2936242
190,177,3095555
201,182,2976049
215,204,3301216
213,190,3120728
200,189,3068747
212,199,3337461
196,182,2942142
210,198,3193357
253,238,3436450
201,182,3175932
220,212,3172199
224,212,3266726
213,197,3000225
184,172,3089505
216,205,3165354
205,187,3095544
225,204,3100778
198,183,3336894
205,186,3331871
196,182,3250322
221,207,3238765
196,178,3019045
210,192,3407379
205,194,3266614
223,209,3143093
239,224,3348194
200,186,3187757
199,184,3111678
209,194,3145208
183,168,3063662
232,214,3256732
237,219,3213338
221,210,3290598
231,214,3167892
191,178,3120944
199,175,3112574
197,183,3192170
192,166,2947375
221,205,2917233
199,187,3049343
224,204,3296824
173,166,3116567
208,195,3415809
244,226,3272782
199,186,2945906
210,188,2948041
215,195,3218658
193,182,3276822
213,197,3225037
214,199,3330522
197,183,3199411
201,188,3000300
215,194,3192631
211,194,3124533
166,144,2924291
205,193,3054586
229,205,3315991
202,184,3107086
256,234,3423938
213,192,3287681
191,179,3149379
221,207,3301557
214,205,3061169
195,182,3132791
227,211,3050410
200,187,3030490
218,199,3284294
206,192,2952120
210,191,3275792
183,172,3051196
197,180,2979947
195,183,3169029
201,182,3097702
190,176,3054897
194,180,3200230
202,177,2964028
206,195,3092928
190,175,3021841
208,186,3115194
201,179,3092694
218,204,3044385
183,168,3232013
211,185,3053133
209,182,3116568
208,196,3299505
202,192,3208867
196,183,3028305
203,187,3247554
213,204,3385556
188,168,3004411
229,207,3410531
210,192,3145774
215,202,3151987
214,201,3116224
196,185,3039692
239,223,3169071
197,185,3231864
222,202,2955514
218,200,3289128
206,191,3146476
232,212,3227571
219,204,3151662
206,194,3227946
181,167,3317508
211,189,3318541
200,185,2923492
213,195,3249647
185,177,2993162
226,210,3191864
203,190,3236827
197,179,3120384
214,193,3129277
228,210,3369298
208,192,3334596
232,214,3176212
230,203,3150844
203,190,3228864
212,194,3297317
215,196,3198010
188,174,3066940
190,171,3104092
220,199,3107738
253,231,3438482
213,200,3060275
231,211,3274716
241,222,3196753
204,185,3114108
248,228,3371986
197,185,3238351
216,193,3057993
184,173,3060349
227,207,3189145
202,186,3130835
230,213,3089735
210,195,3168597
205,194,3302494
208,195,2976989
214,206,3466249
205,188,3226398
206,189,3093549
213,199,3138426
219,207,3275588
221,210,3276912
238,219,3052037
218,194,2986084
199,185,3118479
192,171,3050024
208,193,3273348
237,219,3248751
183,167,3185414
243,226,3466308
204,188,3160383
210,193,3298028
240,221,3201637
232,213,3314792
165,147,2897894
196,179,3022325
205,191,3278289
198,182,3031341
201,188,3028332
222,202,3149935
224,206,3201075
210,191,3043140
203,185,3363175
220,200,3234238
223,208,3364778
207,194,3229807
219,204,3104671
227,212,3194711
189,176,3276565
194,176,3200119
197,179,3334153
233,218,3152156
218,204,3170008
224,214,3237878
219,199,3365712
230,213,3277907
190,175,3187321
193,172,3262737
216,199,3114451
220,199,3266953
172,151,2975913
181,164,3276279
201,187,3020549
178,160,3023768
215,196,3202408
227,213,3429462
215,199,3143296
204,191,2984294
179,163,3273682
188,167,2916582
203,183,3193081
222,208,3382902
245,228,3262029
186,161,3241247
206,192,3104625
206,194,3204315
195,182,3123161
211,188,3004283
219,204,3257196
214,194,3085389
190,174,3155132
209,191,3021154
216,189,3181144
224,209,3455787
210,193,3208494
181,173,2944844
203,191,3216346
229,202,3152988
175,157,2652509
229,213,3245420
213,203,3116766
208,192,3381740
214,200,3330163
225,211,3094535
236,220,3323565
186,173,3257953
218,204,3198060
219,203,3101023
202,180,3125436
205,186,3190003
188,176,3180901
208,190,3278844
217,205,3084538
211,201,3118142
199,175,3257413
217,197,3037886
225,205,3189350
202,184,3159736
226,210,3364829
213,195,3188243
222,200,3199193
171,151,3037768
202,187,3178673
193,170,3129395
190,178,2965172
226,205,3326908
187,168,3137914
183,170,3122074
183,170,2964029
229,204,3184354
201,186,3112151
183,165,3025164
222,201,3405330
201,190,3303637
203,189,3530394
208,194,3069813
199,188,3038405
220,197,3336492
233,223,3338376
227,209,3158295
216,198,3227275
187,177,3019238
211,196,3064216
187,170,3194793
180,165,3054916
175,165,2909233
210,197,3157342
191,174,2997361
220,212,3126857
222,200,3233186
223,203,3213348
206,190,3005817
210,194,3206039
182,168,2896466
214,194,3311527
216,202,3150741
220,203,3255518
192,171,3109546
176,162,3209460
180,162,3205567
227,205,3143986
216,199,3199298
201,187,3233470
191,175,3101760
201,184,3222561
213,204,3086630
210,191,3057735
200,190,3329867
208,193,3207188
220,207,3491636
222,208,3250736
232,212,3245823
206,192,3205005
200,184,2988875
210,199,3082182
222,198,3268097
187,173,3151125
208,195,3232303
210,191,3092118
201,191,3281809
208,196,3233951
198,179,3137278
210,187,3066073
231,214,3150144
211,195,3015895
216,192,3124080
238,217,3337351
190,176,2951830
215,199,2971864
182,166,3100060
243,222,3450598
215,204,3271844
253,240,3364941
209,190,3134460
204,182,3214063
186,173,3237799
195,170,3038947
200,193,3105440
198,186,3074986
212,199,2965116
186,171,3157267
171,161,2932584
237,215,3334803
189,180,3123511
193,179,3263555
224,203,3146544
205,190,3106247
186,172,2967734
203,191,3162206
202,185,3145361
230,214,3158398
221,200,3153613
204,188,3171321
204,190,3171209
204,188,3149110
215,193,3167190
213,200,3079331
221,201,3177525
191,170,2962108
196,178,3024866
245,227,3409727
228,206,3152800
191,173,3148808
213,198,3450318
171,156,3115693
223,213,3161385
236,216,3178078
214,195,3128869
198,183,3046084
218,201,3194822
225,201,3408503
220,204,3218470
229,215,3251874
202,187,3126344
223,203,3134872
226,212,3241594
221,200,3402456
214,200,3020432
205,192,3371048
193,173,3216274
191,177,3013469
197,179,3017289
227,213,3185758
194,182,3072767
238,219,3299351
187,170,3125628
206,191,3245322
250,224,3319745
209,198,3120163
223,207,3191331
184,171,3216936
225,206,3340663
193,177,3183197
206,191,3392359
211,195,3265983
204,196,2988801
241,225,3247271
199,180,3093291
231,217,3506992
200,185,3204230
206,184,2954058
221,206,3235834
178,161,3037229
193,178,3169893
207,184,2920015
202,180,3023076
220,204,3207435
187,165,3137988
214,197,3471242
225,200,3243287
217,202,3142398
229,214,3160444
218,204,3106517
215,199,3330305
205,186,3092331
219,202,3132375
230,207,3117410
207,196,3431815
221,209,3279634
189,180,3006487
213,198,3096336
193,173,3000470
196,186,3083676
215,201,2951048
225,204,3146942
193,179,3493671
225,214,3177131
226,201,3136720
214,196,3006060
204,189,3231799
201,184,3279139
224,207,3046784
232,217,3236021
196,179,3169457
226,203,3089707
202,182,3304366
202,188,3015248
247,231,3263566
215,200,3340861
200,186,3217180
183,171,2994905
225,211,3288082
185,172,3140809
218,201,3253500
163,148,3015770
232,219,3220345
211,198,3378959
216,201,3023842
207,192,3026875
197,183,3243116
190,174,3084990
216,196,3230702
202,186,3182215
204,179,3039228
232,209,3183389
232,217,3199375
192,180,3082789
201,182,3229830
217,207,3256914
196,182,3090145
254,239,3390649
186,167,3096849
176,166,2840581
213,195,3069332
202,182,3039603
194,172,3278388
210,182,3262962
190,169,3349978
194,180,3046927
207,192,3244595
204,188,3286011
214,199,3137606
197,178,3164342
213,198,3106262
201,178,3049912
206,187,3179957
203,181,3327961
195,184,3112890
198,175,3271076
202,194,3287193
228,212,3244758
218,210,3320172
187,172,3038707
248,231,3426720
194,180,3039498
211,201,3035424
240,223,3552699
192,176,3302587
214,192,3134303
196,184,2993400
212,189,2991289
177,161,2954371
210,191,3219127
203,189,2980378
194,175,3168830
222,204,3239378
162,144,3086000
219,201,3176893
165,146,2995806
190,167,3078025
200,187,3080261
173,155,3114679
212,199,3455422
210,191,3093099
190,174,3229209
184,174,3068252
210,198,3042785
207,197,3271702
217,203,3151778
209,193,3192601
184,171,3145947
195,178,3161486
224,207,3096412
201,189,3093334
222,208,3101065
207,192,3111115
198,185,3189211
219,202,3249714
210,192,3249662
233,218,3174651
198,176,3287992
246,232,3321967
200,182,2994905
231,209,3355134
203,178,2945380
214,198,3156475
193,182,2853845
220,200,3318646
227,204,3311230
226,212,3217752
178,164,3084845
245,222,3247658
222,205,3301571
231,219,3134043
189,179,3194717
211,201,3012703
177,162,3065655
206,195,3172749
224,209,3177591
233,217,3241623
230,213,3341462
225,200,3206729
206,192,3202063
213,188,3192163
216,200,3142918
191,180,3021977
223,200,3256617
233,221,3231330
223,200,3184357
177,161,2993840
205,189,3044698
197,189,3387129
231,216,3136229
201,176,3111576
224,207,3167345
207,190,3147661
199,180,3301286
212,198,3082080
224,208,3257771
211,196,3119379
212,190,3119580
207,189,3196719
231,208,3051173
220,207,3230834
227,200,3165485
191,170,3007484
200,180,3225664
213,195,3137907
215,207,3046931
197,182,3360908
200,189,3079793
203,193,3113718
234,218,3323543
184,162,3156976
227,215,3235400
181,164,3209701
236,216,3396610
248,230,3362952
191,175,3055621
222,198,3321007
231,222,3064795
184,168,3027328
218,189,3194707
197,180,3151536
215,201,3323290
219,193,3079246
239,219,3404068
181,167,3094719
231,213,3218257
190,176,3004671
236,210,3132389
213,187,3044671
220,202,3051625
213,198,2999989
204,185,3097609
219,208,3265183
216,194,3274197
196,178,3071282
218,203,3289643
195,182,2940669
231,214,3177575
212,196,3259180
206,190,3251498
185,174,2987927
192,173,3197364
202,187,3016225
183,168,3113957
217,199,3279172
196,182,3082303
218,199,3419283
199,187,3305463
209,187,3247912
199,179,3182257
217,203,3281496
193,181,3032021
225,213,3092239
215,205,3251328
200,181,2981878
193,176,2984687
195,177,2966601
225,208,3027643
209,189,3143059
211,192,3127214
211,194,3340120
246,232,3410536
271,253,3525140
207,189,3061741
212,198,3340878
208,197,3167039
223,206,3259087
203,181,3168043
184,174,3030160
203,183,3192582
215,199,3082783
225,208,3311945
230,209,3382595
206,188,3194292
186,176,3150123
189,176,2998786
231,217,3253742
213,194,3208841
195,186,2963787
192,177,3237061
208,187,3131268
226,206,3057772
217,203,3090693
207,193,2997533
205,182,3174760
203,191,3102752
207,193,2987598
204,186,3073748
229,208,3140691
231,216,3304175
187,172,3051408
189,171,2906567
209,185,3201073
203,187,2818325
207,191,3207849
190,168,3146413
208,190,3150577
219,208,3315480
216,200,3163622
180,164,2956954
199,179,3116694
198,184,2958607
206,190,3287568
212,190,3175306
203,191,2930018
191,181,3035566
225,211,3210232
215,204,3127127
221,201,3128420
245,221,3291836
200,183,2932877
217,196,3011056
205,185,3127490
223,202,3101481
216,205,3295162
248,224,3402885
219,201,3228311
209,199,3139240
209,192,3116991
237,220,3349651
182,160,2913576
225,207,3125412
216,203,3029602
173,158,2745411
213,201,3111693
203,184,3143802
171,159,2977547
200,189,3139773
218,206,3251041
227,203,3115901
228,203,3207652
200,182,3307159
220,205,2953366
233,214,3364507
204,180,3216302
200,189,3129998
223,204,3197695
211,198,3216611
232,220,3303433
225,208,3160421
205,187,2930945
195,173,3172207
194,177,3138261
211,193,3160321
193,175,2906653
199,186,3050156
218,203,3284339
244,227,3304703
207,190,3094952
190,177,2944369
214,197,3180967
221,208,3335309
229,216,3159083
214,194,3141372
200,175,3105697
213,200,3217758
215,198,3147943
219,205,3119392
231,213,3328221
238,221,3221973
216,199,3326813
226,204,3142014
196,185,3243586
188,176,3221133
205,191,3172742
223,201,3098392
200,184,2973512
209,200,3066851
215,197,3168776
204,183,3160809
210,194,3196504
193,174,3188254
202,181,3211015
220,205,3141909
221,203,3345873
198,180,3016889
217,198,3096417
197,186,3316601
248,228,3265930
196,179,3063909
215,195,3039014
194,175,3246995
215,203,3017847
222,202,3177256
202,189,3206901
199,184,3046298
191,176,3253129
205,179,3053672
211,194,3052493
211,199,3443583
212,203,3419662
254,237,3355821
217,201,3354550
216,206,3135747
178,165,3229378
216,195,2977181
191,175,3227197
199,186,2998667
244,227,3389897
232,212,3132047
224,203,3165443
201,190,3119229
210,189,3165148
207,185,3038395
217,201,3431688
216,201,3435558
198,183,3139688
226,206,3321352
209,195,3050968
219,201,3137353
185,163,2956571
178,165,3131613
215,197,3140481
212,197,3286195
200,188,3243467
220,198,3223456
225,202,3256170
230,209,3265326
212,198,3114797
213,194,3066263
225,209,3227976
214,201,3160239
229,214,3156339
208,190,3061718
202,186,3170872
234,215,3292401
236,218,3396430
223,205,3197568
197,186,3144801
209,191,3101930
214,199,3278111
201,188,3152993
220,202,3232377
210,189,3018148
204,189,3554601
192,182,2865993
219,205,3228727
195,175,3066930
202,183,3090071
227,203,3339013
195,179,3037973
187,167,3065944
204,192,3140032
222,201,3197637
207,191,3106038
212,201,3195675
204,182,3093481
240,220,3136482
224,209,3341807
208,195,3264976
201,185,3174377
212,191,3131562
215,193,3105856
169,160,2917475
217,195,3233436
212,193,3254101
209,195,3144703
196,173,3097601
228,208,3070130
246,228,3170574
199,178,3056053
220,202,3329465
216,200,3187714
225,204,3130068
199,181,3221694
218,206,3290184
183,164,3038696
207,195,3334728
234,219,3379836
218,190,3146615
208,194,3142273
197,180,3202762
243,224,3376282
212,192,3293902
200,182,3082566
221,200,3259356
205,192,3331447
230,217,3285974
193,176,3079487
217,198,3085734
206,192,3087141
214,193,3467992
219,204,3220838
223,203,3188229
201,185,2991623
205,190,3005551
199,179,3089679
205,192,2934651
195,181,3145724
219,203,3089384
212,203,3195561
227,201,3173618
206,190,3287301
228,208,2991022
218,201,3128403
209,191,3199577
204,189,3037695
211,190,3127501
236,216,3384243
220,202,3397601
198,180,3317319
207,180,3141333
215,186,3166753
204,191,3218323
207,199,3120202
201,184,3193495
188,168,3185122
223,212,3158601
203,187,3199914
215,193,3125186
212,189,3031138
224,212,3194895
223,211,3269071
205,188,3274366
218,196,3420650
180,163,3023910
214,204,3215109
235,215,3386371
192,174,3082555
195,182,3297494
209,194,3118048
201,180,2817385
221,196,3171276
198,186,3064341
206,193,3187123
196,181,3062946
187,170,3005456
215,194,3200814
214,195,3258921
212,201,3081291
176,163,2960947
203,186,3168857
209,189,3358707
195,179,3129442
192,173,3142520
193,164,2994794
192,181,3304457
199,184,3036023
243,225,3244447
188,173,3025764
188,175,3069975
228,215,3170347
209,195,3098209
201,184,3074273
208,188,3185432
187,175,3283340
247,224,3407335
219,204,3365553
216,199,3130681
200,185,3130529
231,215,3309782
205,192,3142992
194,187,2980553
223,201,3181999
192,171,3176653
211,192,3151398
206,191,3225459
216,198,3100628
219,199,3108994
213,197,3367203
192,176,2954827
193,176,3030466
220,201,3331149
209,193,3108729
211,192,2998056
214,191,2965526
200,182,2904497
203,189,2981231
223,206,3129344
221,202,3199537
225,210,3004319
216,201,3086137
209,190,3010643
207,189,3042513
205,199,2937438
201,185,3032036
203,193,3078458
206,190,3008566
210,191,3133091
206,189,3029760
212,195,3173629
188,171,3048809
179,168,3061901
209,185,3406710
204,184,2855608
215,201,3251095
198,175,3080069
206,191,3167926
211,192,3041481
204,182,2937050
216,203,3342871
193,172,3031376
211,193,2946381
197,185,3212795
190,179,3024513
218,203,3513274
201,182,2971667
202,186,3355452
233,220,3261178
214,195,3157150
214,200,3138235
174,163,3055235
207,195,3220594
232,214,3289041
217,197,3355482
229,213,3285047
209,195,3160123
232,218,3349097
216,194,3422523
190,181,3194754
181,171,2998447
211,194,3348915
218,206,3223162
228,213,3255571
187,172,3251655
213,185,3214048
194,181,3039109
201,183,3259086
213,199,3169694
202,189,3363269
217,207,3090251
200,185,3078800
214,197,3313704
200,182,3022022
197,179,3176838
214,196,3052148
225,205,3023885
220,195,3136611
222,204,3216059
205,188,3100060
236,218,3184263
210,201,3238420
241,220,3211134
198,185,3082657
211,193,3169784
215,200,3046608
205,189,3177853
219,201,3338421
214,195,3043944
238,219,3300148
222,208,3220826
201,187,3067596
216,199,3161926
226,206,3237710
196,179,3052257
228,204,3328983
186,177,2993473
181,164,3023446
222,202,3282107
211,190,3184016
204,185,3073558
238,219,3215218
222,209,3206527
184,167,2970630
204,186,3109520
209,191,3155190
210,190,3065786
220,200,3262827
199,181,3182150
211,197,3193959
187,168,2975315
196,178,3284843
188,172,2950062
196,176,2940780
189,177,3188942
206,186,3217466
198,180,3295518
210,195,3351389
202,186,3093641
182,159,2985047
204,186,3069075
188,174,3212920
214,199,3154596
205,181,3281536
223,212,3091727
199,178,3170084
226,208,3367131
210,191,3155097
177,161,3084715
208,187,3016837
205,188,3045025
200,185,3124087
213,195,2943603
223,216,2995156
205,191,2848584
211,192,3280541
216,185,3119397
237,212,3201156
192,176,3195232
187,172,2967293
207,193,3106070
198,181,3037021
230,215,3183341
192,177,3080756
214,196,3148973
191,180,2908276
206,187,3141472
228,211,3139086
199,179,3115969
204,187,3242461
226,209,3153821
225,210,3239346
222,207,3242160
212,189,3092771
202,185,3208905
215,200,3234734
233,215,3259974
187,158,2926020
197,180,2941284
221,202,3109234
193,186,3102866
233,217,3238742
233,211,3256483
212,200,3248315
197,183,3287020
242,225,3378166
191,178,3150947
184,159,2834375
216,196,3264052
249,223,3525357
205,187,3084583
241,218,3268953
207,193,3062012
228,213,3108942
236,215,3395403
218,200,3221942
187,181,2971905
193,177,3103829
196,180,2997666
215,202,3279017
197,178,3020820
216,199,3182884
236,216,3325910
214,200,3106611
213,200,3095268
203,179,3057919
230,214,3089164
201,188,3095688
201,186,3080987
230,209,3038762
230,210,3180207
225,204,3021343
187,179,2926900
201,186,3034544
245,229,3376315
211,199,3104145
221,202,3175306
247,223,3163450
202,186,3162435
192,173,2814756
241,227,3332373
237,222,3159758
207,194,3125299
199,184,3282073
224,208,3446000
206,185,3161021
230,216,3069838
190,175,3215747
177,165,3198126
216,200,3080909
233,218,3381040
243,231,3312690
219,205,3256693
208,193,3158614
208,190,2974348
228,212,3286424
226,213,3394890
173,160,2889338
190,177,2988707
190,172,3153362
217,202,3168557
225,207,3309939
213,198,3081156
194,180,3025736
247,227,3149865
213,196,3259280
215,202,3305282
199,185,3025736
174,163,2991677
216,193,3086047
201,182,3050747
211,186,3273565
237,221,3284840
217,195,3266211
180,165,3007359
220,202,3342803
250,234,3179146
192,170,3090115
222,208,3138074
198,185,3013794
235,214,3343100
231,209,3324317
221,206,3280758
191,176,3067306
231,212,3203839
230,207,3324959
201,180,3146680
200,183,3224428
223,211,3274148
217,197,3227935
194,177,2931273
216,203,3184881
204,183,2886109
236,228,3219957
213,197,3324715
213,198,3176531
198,182,3060767
183,170,3006887
219,205,3140452
196,179,3076617
209,190,3259727
227,211,2955750
202,184,3076760
233,218,3390592
212,196,3112657
229,216,3256954
227,215,3446841
212,193,3170232
219,201,3176529
224,203,3477688
222,202,3224443
221,206,3271763
247,227,3312683
195,183,3078874
205,188,3090914
205,194,3179065
214,198,3374976
202,184,3227344
209,186,3210287
221,200,2998206
173,156,3082861
185,162,3043513
215,204,3419726
209,189,3180955
204,189,3109476
203,188,3292250
214,195,3074324
193,176,2941119
233,215,3398754
225,206,3342257
188,168,3053611
256,238,3271143
188,167,3073091
207,187,2962193
194,174,3022411
207,191,3018636
213,198,3099686
176,161,3087697
220,202,3182891
239,213,3373999
193,170,2908290
224,211,3275747
218,201,3195571
198,181,2983506
212,201,3180278
218,200,2954739
194,174,3084294
222,200,3111079
188,173,2970698
201,185,3090427
204,190,2943055
230,213,3177390
203,189,3033073
234,219,3168781
171,154,3102343
211,190,3367220
239,228,3407784
203,181,3072115
210,197,3013852
212,201,3263981
186,167,2947220
238,221,3355264
218,205,3365694
228,209,3013800
245,234,3182982
237,218,3098225
235,209,3293835
202,194,3002292
234,222,3230003
214,196,3053463
195,180,3036348
213,193,3204676
217,201,3143497
199,186,3038325
234,214,2895561
190,171,2930412
184,170,3019891
270,245,3282403
190,181,3081813
185,172,3187712
212,192,3174962
222,215,3105507
211,191,2966341
201,185,3155663
259,238,3332742
203,189,3091758
224,203,3197611
219,207,3210020
205,193,3065318
211,197,3231520
205,184,3057409
195,185,3279398
185,166,3092478
225,212,3234399
225,208,3253836
173,163,3165368
206,189,3053305
197,179,3000896
222,196,3388967
210,200,3348831
193,176,3172455
242,223,3367603
213,193,2992764
244,221,3389459
183,168,3191288
215,201,3068196
201,188,3163624
196,177,3090457
224,204,3354825
207,200,3276960
181,168,3173522
212,189,3312624
221,206,3036842
204,180,3094867
220,202,2950925
215,198,2888811
191,175,3113268
208,186,3084707
200,181,3154343
177,160,3034387
223,203,3052478
219,207,3072224
221,199,3273635
217,193,3150634
254,235,3535149
233,219,3505264
206,190,3179015
198,183,2987547
199,186,3161328
211,190,2921543
191,180,2910427
219,207,3257967
193,177,3069432
212,198,3180804
208,191,3078989
200,190,3281326
194,182,3055821
233,218,3217577
221,207,3133395
243,214,3242349
212,199,3275465
189,177,3158087
221,201,3215351
206,189,3055569
206,182,3143623
207,188,3053745
198,182,3144009
215,199,3374840
220,197,3168033
227,212,3309360
191,177,3077542
232,219,3316424
224,215,3225589
198,184,2990516
215,195,3069221
214,199,3030543
229,211,3487263
190,181,3274498
234,210,2922982
194,175,2971660
243,226,3446144
194,179,3094179
214,202,3354907
230,215,3249362
201,194,2991493
194,168,3054081
231,219,3235102
244,229,3123829
211,197,3036650
201,193,3145697
216,201,3112432
225,202,3149961
198,178,3181725
188,170,3152515
220,197,3114440
228,211,3067523
189,173,3125638
203,187,3205012
188,178,3126879
210,189,3074889
210,196,3022609
218,206,3057047
201,186,3009192
221,198,3182273
231,211,3047110
201,183,3120902
218,203,3157219
208,185,3213477
224,207,3087913
222,196,3191236
222,209,3159632
226,209,3200959
224,211,3276691
195,184,3374526
195,171,3142356
236,218,3245395
215,202,3291101
191,177,2929160
226,209,3387632
211,199,3293299
205,189,3112881
217,200,3213539
206,185,3049818
210,190,3152641
185,168,3197602
195,185,3078476
220,200,3184687
215,201,3184391
200,185,3090135
215,193,3292262
195,180,2918559
210,193,3133912
182,164,2952721
204,188,3028228
212,201,2995523
206,190,3182526
215,189,3203826
200,180,3139655
210,193,3253245
211,196,3364472
191,166,2949340
191,181,3235795
188,171,2872795
209,193,3191802
199,184,3193538
195,180,3167864
206,192,3220720
198,179,3204498
214,189,2949061
203,183,3063269
201,189,3257364
218,204,3133633
224,207,3391582
181,165,3149270
189,173,3338965
224,219,3270549
187,172,2910834
245,231,3134751
199,178,3113862
185,167,2927526
224,202,3168115
231,210,3344071
234,215,3389132
198,177,3032222
221,199,3210736
240,223,3156329
216,203,3338015
211,186,3457416
204,191,3162819
209,196,3161671
208,184,3124291
224,206,3210501
212,193,3115012
189,174,2998216
188,175,3251645
221,207,3231602
236,216,3134955
240,227,3184585
217,201,3223161
200,189,3145103
222,211,3059253
220,199,2990901
227,210,3382616
203,188,3139324
211,194,3449268
209,189,3131003
200,183,3084933
231,217,3224657
254,227,3155422
214,197,3258289
203,187,3225480
194,180,3167955
193,183,3134535
201,187,3276254
220,200,3409898
189,167,3047800
222,207,3039959
238,217,3160384
203,186,3113945
184,171,3113442
200,182,3315362
183,170,2944493
197,176,2986435
217,204,3078697
176,160,2991112
186,169,3084335
203,186,3083568
173,152,2864766
196,177,2967159
203,185,2928295
223,201,3139970
195,182,3320896
201,186,3088478
192,179,3113664
207,190,3241442
199,186,3123137
234,208,3240431
222,208,3259618
186,178,2994746
222,202,3042759
198,178,3245220
210,192,3139881
205,193,3398088
245,230,3184552
222,199,3253060
216,202,3290053
207,198,3184775
195,177,3267211
206,188,3008233
247,225,3379033
196,182,3125627
181,157,2934970
230,207,3222436
203,190,3222076
207,190,3029597
184,165,2863543
206,188,3111237
211,191,3038355
239,211,3243323
239,226,3314561
180,162,3022465
217,202,2979433
192,178,3064529
215,195,3235452
220,192,3289805
234,217,3328387
210,193,3092827
199,185,3309387
236,217,3199528
224,203,3290132
197,180,2947075
190,174,3140060
231,206,3226053
205,188,3006114
178,166,3020619
190,174,3290626
218,202,3132608
215,202,3364540
210,198,3024062
190,174,3028158
187,180,2941694
182,170,3171068
192,178,3095505
185,175,3096960
211,196,3286784
185,168,2949327
210,194,3122311
217,206,3444975
230,214,3108967
228,204,3117258
225,206,3242280
239,221,3296690
208,191,3249283
201,179,2947010
218,202,3009821
202,183,3159440
234,216,3098196
218,204,3109817
192,169,3158268
203,190,3108415
194,177,3176777
243,227,3506519
198,179,3277395
209,192,2996528
213,189,3129955
198,185,3136471
226,208,3361048
183,163,2921341
199,185,3051760
210,199,3071537
216,201,3225359
200,188,3128128
207,191,3221716
210,193,3113015
233,211,3490667
221,207,3174258
212,196,2995006
231,207,3531493
228,212,3241873
201,187,3249100
205,180,3289484
206,191,3134824
206,184,2955915
210,196,3221413
201,182,3334949
213,195,3165133
206,192,3161118
200,186,3173274
223,200,3132651
194,182,3074941
204,183,3125992
214,197,3097610
248,217,3563051
223,199,3186111
199,184,3038435
216,200,3468927
203,185,3010747
215,191,3343984
218,201,3094571
189,171,2996056
219,197,3170864
208,196,3109513
216,200,3206926
183,163,2904719
195,176,2917444
213,191,3295139
207,189,3088849
233,215,3364704
212,193,3159685
214,196,3153571
211,194,3038584
201,190,3122574
193,175,3132208
205,185,2920871
198,180,3075853
226,201,3210784
213,195,3194111
228,213,3079858
236,219,3524125
206,192,3280920
208,198,3169836
233,213,3274858
197,179,3076107
221,200,3170539
215,201,3102641
223,210,3469053
200,183,2658836
218,197,3037441
213,192,3202572
235,209,3072826
236,222,2908580
228,208,3162186
214,196,3091866
213,200,3300211
217,204,3115200
215,199,3137238
192,180,2998358
187,180,3179512
191,171,3301359
223,205,3352157
190,177,3265177
190,179,2983115
205,189,3148058
214,203,3076534
227,223,3397315
221,205,3235778
208,196,3237946
225,206,3338218
212,190,3094863
199,183,3154249
197,176,3184360
198,183,2944937
203,189,3216510
176,164,2931520
214,199,3329823
206,189,3327488
222,207,3350275
239,219,3241370
215,193,3182771
198,180,2985923
197,174,2946717
215,193,3212086
212,192,3139594
216,202,3413848
199,184,3133181
162,154,3013531
219,195,3027304
202,185,3191804
231,219,3161948
226,209,3308343
233,218,3203382
219,202,3261701
223,206,3431142
207,191,3070374
190,172,3073995
220,203,2927183
188,176,3197459
195,181,3121117
181,171,3137124
227,211,3357274
205,191,3210610
236,214,3234144
231,212,3248628
198,180,3197632
229,206,3067037
221,206,3274029
226,216,3474736
217,191,3303156
199,188,3189876
209,193,3122841
264,238,3399326
203,189,3018506
212,196,2984180
165,152,3018666
225,201,3168548
187,173,3044475
204,191,3136566
204,187,3305092
226,213,3269215
205,185,3141120
202,190,2994680
214,197,3153101
192,175,2910382
225,201,3030668
221,211,3281834
200,184,3169107
233,212,3406036
217,200,3259000
208,187,3209148
228,211,3154180
192,179,3115213
224,208,3092153
213,195,3108701
207,196,3196788
212,192,2986322
201,191,3109743
192,168,3056005
209,191,3153442
225,204,3313754
190,181,3071528
206,185,3262324
231,213,3269590
213,197,3094472
230,207,3201592
212,193,3190540
226,214,3332436
184,167,3214130
210,195,3170620
176,160,3045245
197,180,2970899
240,226,3327934
171,158,2898786
185,168,3018469
225,209,3180392
238,203,3191077
196,186,3186819
212,188,3175753
189,172,3006836
211,199,3206251
199,177,3036224
214,190,2916853
195,186,3005563
185,172,3057029
205,188,2868251
191,182,2989678
205,195,3104312
210,192,3301340
190,170,3036846
178,158,2910648
190,172,3174944
198,184,2977940
239,224,3387666
222,208,3215993
220,197,3157252
234,213,3201984
215,197,3099145
225,205,3212291
248,224,3400310
209,189,3131330
230,214,2992388
191,178,3186799
206,189,3118941
206,195,3042787
181,171,2985951
236,225,3270729
226,201,3018250
196,180,3216619
201,186,3092811
220,210,3274469
229,208,3298935
195,182,3375357
191,182,2848603
214,196,2954904
210,194,3155060
212,194,3262759
202,186,3373698
240,228,3247362
238,228,3486772
228,209,3126082
217,200,3163744
203,183,3059081
182,165,3164545
169,154,2797484
203,193,2967473
170,156,3072744
196,178,2988856
211,196,3280322
223,208,3231204
220,207,3131983
201,191,3174024
237,217,3214059
216,190,3114610
216,204,3422449
223,211,3490995
205,188,3168421
212,200,3066393
231,216,3305825
206,183,3154405
189,173,3202155
203,186,3152898
202,181,3024058
200,184,3152817
209,193,3075562
212,194,2880088
202,189,3031701
217,197,3094966
212,200,3248933
188,179,3179223
222,200,3127062
190,170,3042676
225,207,3476205
192,174,3020397
208,196,3189413
216,198,3336053
241,218,3217316
248,218,3219830
203,185,3226563
232,215,3213310
222,198,3226945
211,195,3052424
204,188,3077682
204,189,3145094
182,164,3123438
239,227,3277982
222,201,3178678
216,202,3121067
223,209,3234357
191,171,3171364
222,199,3329022
207,192,3331191
219,203,3393372
202,187,3144658
195,180,3137599
226,205,3138088
214,199,2982987
215,200,3055415
210,196,3180617
199,179,3021179
239,222,3413252
249,238,3305651
210,196,3068693
208,186,3131675
227,201,3088417
199,181,3095590
207,191,3020347
216,193,3256324
210,197,3016441
221,202,3274338
215,203,3348457
212,191,3155866
200,184,3171826
220,201,3079639
208,195,3300478
208,194,3140802
188,178,3325698
214,199,3248937
195,182,3107601
220,207,3409762
228,211,3267062
203,189,3332849
188,171,3205597
221,197,3021469
199,177,3130041
206,195,3289466
218,204,3258190
208,190,2991042
201,190,3067924
225,204,3200774
200,184,3190736
215,199,3093136
180,167,3031604
208,186,3054994
202,178,3041944
231,216,3119536
193,178,2761652
209,191,3155165
220,207,3099045
188,166,3012171
214,196,3135947
231,216,3188954
200,188,3121393
205,196,3116169
195,172,2943845
217,194,3432988
216,203,3202225
213,197,3068778
194,177,3054057
215,200,3182883
211,198,3238240
213,193,3069353
148,135,2990365
203,190,3303598
231,215,3136931
199,181,3084262
191,175,3171612
210,193,3101717
201,183,3038170
227,209,3099768
208,190,3126708
199,177,3241034
225,202,3125937
223,203,3499986
184,170,3164340
198,178,3096584
202,189,3110141
202,187,3083489
183,165,2835671
218,198,3035939
189,175,2967042
204,185,3145875
199,190,3089641
207,197,3120238
196,182,3045112
214,195,3191377
218,201,3247301
232,217,3345457
213,199,3183670
223,207,3156212
195,184,3175819
219,195,3281083
171,151,3100146
203,185,3302453
193,170,3077949
218,202,3381815
220,205,3170091
219,205,3260792
197,184,3152754
192,181,3110110
192,179,3128715
189,175,3159906
218,204,3058495
210,195,3032970
202,181,3075328
188,170,3001476
224,201,2969113
213,193,3292953
214,195,3000001
228,212,2995681
234,213,3255666
197,184,3114336
193,177,3028835
209,193,3242510
235,219,3304548
218,197,3108067
183,166,3236188
205,181,2995434
216,196,3019888
210,201,3291361
209,192,3352835
201,184,2987390
185,170,3198603
178,159,3125716
218,202,2995463
234,219,3076356
197,184,3052091
207,188,3003262
234,215,3233803
196,186,3056403
237,216,3202962
204,185,3011837
189,180,3198288
226,209,3143310
228,212,3282459
223,196,2977049
195,184,3014417
200,186,3255301
217,196,3349720
194,178,3114389
205,190,3089843
177,162,2982246
205,189,3110092
212,192,3136936
206,186,3156082
214,196,3016562
200,184,3210151
206,197,3114070
220,203,2979713
234,220,3420421
206,189,3188284
208,188,3180500
216,203,3157086
232,215,3302398
215,199,3296378
234,215,3359535
228,208,3303396
182,172,3233694
211,192,3142016
205,182,3075465
223,207,3121067
200,181,3255995
240,218,3384592
208,190,3102633
217,196,3243789
201,186,3090177
209,189,3151794
178,164,3048076
222,209,3188656
175,155,2859438
233,209,3276248
198,177,3155670
191,174,3022894
253,235,3206173
192,186,3186008
240,222,3122907
198,187,3175680
231,218,3036510
200,182,3035726
192,173,3098205
199,181,3216685
196,183,3126888
199,183,3045459
241,223,3500474
180,168,3004304
223,204,3332814
192,176,3023901
237,216,3186395
215,201,3341269
220,211,3242855
198,178,3050807
211,195,3288921
219,205,3123562
213,203,3356926
188,172,2936000
213,195,3149919
218,195,3324920
261,231,3300465
186,169,3130168
184,168,2944684
232,214,3562900
207,194,2929318
225,203,3147340
215,202,3021546
201,188,3119664
179,165,3003842
208,193,3241855
200,178,3235971
189,174,2989833
226,199,3322561
196,182,3028477
217,200,3310201
236,214,3351083
207,187,2963576
209,194,3036318
185,163,2692422
205,194,3258273
229,217,3359826
209,200,3163044
227,204,3171918
201,185,3093977
203,192,3178249
208,195,3090254
225,210,3329766
191,173,3199530
214,194,3192589
193,178,3111677
211,190,3025099
182,165,3252854
240,223,3306892
209,193,3193595
206,192,3072479
210,192,3064817
240,217,3174669
196,186,3238363
195,183,2979566
222,204,3061561
184,172,3176130
220,206,3307124
186,169,2891300
207,188,3118310
184,173,3191693
183,172,2908153
200,185,3194168
202,191,3069798
260,242,3533228
194,185,3010430
202,188,2983957
230,210,3126976
193,175,2876980
230,204,3087934
184,158,2962429
208,193,3137524
196,179,3207162
212,197,3207512
215,198,3150281
219,208,3178771
184,171,3208003
185,172,3208090
207,192,3184336
197,179,3138593
196,178,3040044
218,193,3205792
218,203,3322826
215,198,3330791
221,212,3343574
243,219,3194543
182,169,3106733
215,193,2994986
182,165,3187280
236,218,3149028
220,208,3306053
189,180,3170796
212,188,3214646
203,189,2918517
224,205,3190254
197,185,3162638
219,199,3324186
215,199,3308516
199,177,3097161
215,197,3207507
214,196,3154559
220,196,2972434
243,229,3364064
207,188,3131529
204,180,3319579
198,182,2933985
196,180,3032392
187,180,3181124
199,181,3186790
201,183,2969341
197,173,3093172
219,199,3120182
208,184,3241097
213,195,2955401
220,210,3177580
199,186,3072886
223,206,3215181
198,181,3087993
234,223,3382980
223,204,3242185
220,208,3310271
218,196,3109157
217,203,3161727
209,188,3159287
214,206,3190124
169,152,3107454
202,190,3113246
213,192,3464147
217,198,3100071
177,159,2986733
238,218,3419583
241,218,3223193
199,186,3133065
223,200,3073404
213,201,3107807
211,190,3186891
187,172,2956745
219,205,3055259
215,189,2893397
210,203,3118126
231,215,3357766
217,189,3180408
228,208,3160515
176,166,3064775
213,191,3089370
177,163,3151631
226,204,3365092
212,194,3187890
211,200,3218482
195,181,2981128
204,186,3172565
212,187,3031519
197,182,3055722
193,182,3177987
182,168,2998988
258,243,3439003
230,207,3307032
202,191,3144829
194,179,2885585
198,177,2952863
202,191,3031088
175,158,2908426
200,184,3102685
225,207,3176415
191,179,2937597
222,211,3401910
223,204,3109327
231,210,3157713
222,208,3198133
205,195,3069698
207,197,3154961
180,162,2956488
208,181,3119091
193,166,3053944
218,196,3170250
242,225,3065272
193,178,3049320
213,198,3195918
193,179,3373437
216,196,3171029
201,186,3231347
232,213,3176144
200,180,3085629
197,188,3035533
214,189,3194280
209,191,3177511
218,201,3457060
203,180,2964638
212,194,3032420
182,167,3112673
211,202,3255227
229,212,3384905
231,210,3315703
210,196,3059111
225,200,3213691
190,173,3160147
222,206,3036039
196,179,3065408
208,186,3000030
206,190,3106603
221,202,3036671
234,215,3112004
215,200,3198074
208,185,3097814
180,161,3168938
203,191,3237133
203,183,3122962
204,184,3141208
211,198,3212072
229,208,3233514
205,187,3244758
190,176,3182430
194,174,3141905
248,237,3410874
247,232,3321432
236,221,3163011
191,173,3109139
196,177,3111908
185,167,3319236
205,185,3029972
169,151,2995697
205,195,3097300
206,195,3252772
205,194,3354044
187,172,3028098
221,208,3025281
182,169,3172233
234,211,3055798
208,190,3119279
208,187,3224701
202,188,2980469
196,181,3051332
233,216,3185385
201,184,3171046
194,181,3109519
216,201,3136010
208,182,3300278
209,193,3253372
224,206,3215876
181,172,3127840
222,213,3253020
193,176,2991462
225,201,3252332
201,190,2968184
180,167,3131256
187,174,3256718
248,225,3084011
237,206,3245162
223,207,3135460
210,193,3209119
183,166,2995152
183,171,3145139
209,197,3092326
191,179,2980418
211,188,3136809
220,201,3300839
201,183,3131211
224,209,3151194
180,164,2994393
242,231,3157519
187,175,3019807
225,207,3230587
217,202,3052264
238,223,3278086
199,178,3130559
195,180,3112335
239,218,3442122
237,223,3237211
217,193,3096241
195,181,3126798
220,208,3090984
203,192,3035701
231,216,3324856
209,188,3358392
212,198,3272073
216,199,3230166
206,190,3198941
206,193,3139077
210,199,3227222
236,211,3275515
209,193,3184914
186,174,3009899
183,167,2844892
234,217,3357624
196,182,3220805
194,180,3088075
218,196,3148092
170,151,3302483
209,190,3137394
237,213,3469905
212,194,3166765
205,184,3286646
193,183,3182942
202,194,2916523
216,200,3196439
196,178,3211158
212,199,3082174
187,176,3122697
180,160,2876647
219,197,3273101
218,195,3077835
231,215,3174149
195,186,3259324
229,210,3156694
215,199,3081722
194,173,3145706
199,182,2980938
211,192,3089531
180,165,3072890
244,229,3439060
225,208,3205785
191,179,3259382
191,178,2936913
220,205,3390204
220,201,3181859
193,180,3170190
197,187,3001330
209,194,3207101
219,204,3098911
221,204,3301634
213,192,3083511
216,192,3285054
216,204,3084137
179,169,3032922
202,184,3281529
213,196,3344541
217,198,3144284
219,206,3137053
218,206,3294339
229,214,3219063
200,189,3003252
207,191,3115293
210,197,3123098
203,184,3185189
207,193,3255869
202,189,3366347
169,154,3008772
178,166,3117071
202,185,2995986
237,221,3225753
210,195,3270541
194,176,3112527
178,167,3161363
199,180,3143370
195,177,3180402
220,206,3046083
232,209,3126212
195,176,3060930
197,184,3026237
200,182,3148154
197,181,3154754
197,174,3214589
201,181,3214496
190,174,3140922
207,195,3033381
193,179,3213030
209,196,3051043
201,190,3183241
189,167,3227369
247,230,3363076
207,195,3077253
198,186,3046164
209,192,3064997
227,200,3275569
201,181,3062770
197,178,3027181
222,208,3274209
207,191,3143940
212,191,3124603
206,187,3028488
221,204,3133315
212,195,3356203
214,195,3063406
193,177,2906331
191,175,3065973
225,209,3198271
178,167,3169450
224,207,3295120
178,164,3141798
228,212,3441800
199,179,3038841
209,189,3071747
216,195,3104954
227,207,3179146
207,187,2960849
225,213,3096794
214,194,3024878
196,184,3180771
240,224,3411518
210,198,3151119
218,196,3135993
215,204,3248268
224,208,3057371
217,198,3106915
212,189,3196970
225,210,3263720
215,202,3112980
213,203,3328388
227,209,3133299
210,192,3074200
203,185,3131540
221,205,2990149
218,202,3373507
194,178,3015415
198,179,3014972
233,218,3266288
218,206,3429968
237,216,3378935
224,204,3056937
219,199,3238765
214,199,3162435
215,205,3132833
181,166,3167394
209,201,3337654
208,194,3248534
228,214,3291250
196,179,3183985
226,208,3141058
201,185,3048942
207,188,3041607
238,218,3290968
213,195,3298455
211,195,3215547
227,202,3184321
198,182,3055833
206,190,3282582
206,187,3088156
215,196,3273173
205,185,3202556
202,181,3089172
208,189,2998509
226,210,3508257
206,184,3232188
232,213,3195342
234,212,3186797
213,190,3265799
185,164,2940842
226,213,3282171
186,174,3194617
218,199,3135586
212,198,3283258
168,150,3013647
205,186,3027802
216,202,3192586
227,205,3194461
213,191,3163961
182,162,3075201
210,193,2985896
219,200,3247524
192,176,2983381
207,191,3186544
190,170,3149066
213,196,3184765
237,217,3056993
196,180,3305528
201,183,3191231
200,187,3119819
192,175,3034241
204,192,3321564
211,193,3266140
215,202,3355230
198,185,2822978
192,180,2976446
206,195,3053164
222,192,2966524
241,220,3290343
224,209,3220717
201,185,3187285
220,206,3199736
211,197,3184881
210,187,3304235
213,190,3145554
200,180,3106143
212,188,3245304
200,184,3044850
240,217,3379980
186,176,3158939
220,204,3437120
225,209,3485635
200,187,3092206
208,189,3248887
225,203,3110643
190,170,3021233
204,183,2997824
241,221,3256759
202,182,3008828
235,218,3422674
207,193,3300663
188,168,3032211
239,223,3245232
219,202,3211423
239,224,3333981
220,198,3251065
226,210,3153601
222,204,3220954
222,205,3202051
211,197,3254444
229,220,3370689
210,193,3084148
205,192,3246232
212,201,3022970
220,202,3093879
211,193,3111946
204,180,2765237
227,209,3063545
229,210,3254597
207,188,3160841
210,196,3023150
220,197,3294338
237,223,3518058
211,198,3270006
212,191,3001371
224,207,3136177
234,213,3111460
225,205,3036141
194,182,3339465
230,210,3142781
208,195,3059278
225,204,3209485
241,229,3151637
204,187,3161391
214,195,3361220
215,198,3112268
185,173,3041299
217,203,3256974
201,187,3269599
209,193,3098272
216,200,3305406
213,194,3118420
217,204,3166364
196,177,3106711
191,170,2982729
201,185,3110252
235,221,3203996
183,169,3094400
212,195,3047056
205,183,3261871
201,188,3334152
224,207,3199756
226,204,3154594
197,173,3073845
188,175,3182532
206,190,2893794
211,188,3300205
210,188,2931557
221,202,3369984
224,209,3021154
211,192,3294792
215,197,3077254
232,220,3193899
222,200,3158739
203,189,3265049
221,210,3281687
193,168,3120004
179,163,3192085
192,172,2978473
203,188,3228925
201,190,3167906
194,174,3119651
221,208,3295715
225,202,3120914
218,203,3319543
212,192,3248453
207,191,3259422
204,188,2917705
210,196,3301577
208,191,3136439
223,204,3127863
202,187,3122081
179,164,2934202
189,171,3243662
238,218,3606293
204,182,3234399
224,207,3293578
219,195,3057960
204,190,3020792
205,189,2978934
206,193,2948306
197,187,3255688
193,176,3272272
188,170,3264857
211,198,2968968
208,194,3145899
242,228,3373126
212,189,3119465
206,194,3213317
239,212,3029565
209,193,3232065
198,182,3250136
217,205,3195427
213,195,3166371
202,187,3130217
215,194,3260047
195,180,3280978
168,150,2995923
212,195,2854409
199,188,3245588
204,187,3167547
197,177,3076718
206,187,3124624
190,174,2997030
200,190,3213951
202,186,3120306
189,167,3001143
220,208,3271908
212,197,3198730
187,174,2927336
228,214,3190452
221,206,3227213
247,232,3166675
198,182,3150181
190,175,3270936
206,179,3173635
211,196,3188375
225,209,3192577
210,195,3238578
208,194,3108808
196,181,3048215
195,180,3190847
213,194,2913736
243,228,3452718
233,213,3540021
200,182,3319891
190,173,3084228
199,186,3157778
208,192,3297137
211,191,3281774
223,200,3148235
222,211,3254700
206,195,3126277
210,197,3293614
201,187,2968250
225,208,3415134
217,192,3149051
214,192,3308647
204,189,3260678
213,191,3067357
220,200,3326596
227,211,3223943
228,211,3250699
193,179,2949955
250,227,3113867
197,185,3123194
209,190,3109799
202,190,3145883
233,212,3085351
198,179,2999354
213,194,2908770
218,203,3291496
202,185,3116992
210,189,3078471
224,208,3116380
193,184,2931785
220,206,3273986
212,193,3226834
222,202,3046076
227,211,3226450
208,192,3294670
199,182,3122819
187,168,3040910
210,199,3071695
209,189,3287063
222,206,3285843
238,221,3239792
213,195,3210410
218,203,3109570
182,170,2914993
211,198,3085297
182,170,3072508
244,227,3090458
225,210,3299373
200,186,3105842
188,174,3337061
199,184,3044781
204,188,3028545
237,222,3305103
198,184,2987260
222,204,3146021
229,207,3303784
195,182,3217688
211,189,2975652
211,194,3345041
209,197,3158548
189,178,3300805
204,189,3007604
190,175,3061561
212,189,3040899
219,206,3246872
221,201,3230554
234,217,3109562
212,185,3149781
217,203,3136308
219,189,3024697
183,170,3171161
205,193,3191272
205,188,3140588
183,164,3097199
222,201,3257186
224,205,3169146
227,208,3300311
229,205,3084680
188,159,3069773
240,220,3181877
206,190,3113115
217,202,3187108
166,151,2880130
197,179,3125304
201,181,2973989
172,156,3066427
232,213,3267663
187,177,3349504
239,227,3401298
201,183,3103951
228,212,3268348
222,206,3256053
217,205,3387978
192,182,3018621
198,185,3107711
242,229,3190109
203,189,3025906
187,172,3183887
184,167,2996721
225,206,3159265
221,204,3080176
230,217,3175037
216,190,3232089
206,186,3164240
199,186,3304395
201,183,3083943
193,183,3054949
234,219,3330078
213,198,3282486
223,203,3284001
206,192,3009709
205,189,3007913
224,202,3035152
218,198,3127286
222,203,3195890
220,209,3003159
243,228,3258842
251,225,3230957
205,186,3203971
223,204,3295206
227,217,3390030
208,189,3276060
189,175,3132878
204,198,3216657
236,218,3176442
244,221,3042977
206,190,3015328
208,192,2943697
206,187,3173486
203,190,3216182
215,202,3037283
202,183,3105735
196,175,3444947
192,171,3103490
213,195,3150112
208,190,3149202
246,232,3400688
198,183,3115078
183,172,2897700
195,183,3122578
206,189,3029826
197,185,3135386
221,201,3393693
194,176,3107648
235,216,3166511
214,194,3123126
165,149,2939739
234,212,3232087
213,186,3125252
220,201,3445107
205,187,3140193
216,196,3228002
224,206,3454996
215,197,3035931
216,201,3165952
191,177,3176399
209,191,3161740
210,187,3090664
205,190,3249574
233,211,3304028
203,178,3060828
196,184,2994668
245,227,3439159
223,204,3218608
203,179,3015943
223,201,3282487
230,212,3271438
195,181,3211203
198,177,3013702
192,178,3245066
200,185,3042329
213,197,3168689
181,170,3200867
215,196,3106474
203,183,3130208
216,201,3086668
232,217,3416941
199,180,3061669
232,216,3170911
192,177,3029836
219,203,3256158
235,217,3190639
222,205,3321623
204,191,3161905
210,192,3072201
222,209,3102839
224,198,3302004
220,208,3351716
215,203,3261289
206,182,3098181
196,183,3032255
183,164,3239803
207,191,2998543
238,217,3189655
231,211,3197639
173,164,3087960
167,153,2933288
225,214,3233864
228,213,3433232
187,180,3166678
212,197,3120186
181,164,3094595
188,175,3088762
217,200,3183793
209,190,3365592
210,193,3272566
206,183,3056753
219,204,3512579
220,199,3219438
196,174,2968578
229,214,3211500
201,187,3200984
209,195,3129513
226,210,3288230
214,199,3227475
216,195,3105587
186,174,3040314
224,204,3416159
190,176,3173795
192,173,3034129
250,235,3350971
211,191,3307598
204,186,3247991
201,180,3170572
244,219,3301722
240,222,3410215
228,212,3248971
230,214,3180916
203,184,3182055
228,208,3159856
190,182,3130847
212,195,3563141
210,185,3141448
217,199,3347025
204,195,2988214
232,210,3194069
169,161,2977224
215,199,3178936
190,173,2974711
182,166,2970241
205,181,3129000
183,172,3015452
192,179,3153887
224,205,3259563
213,196,3223665
207,189,3232016
217,207,3258134
233,209,3184586
214,196,3116917
210,189,3120235
212,198,3415250
203,182,3100812
209,188,3214703
230,213,3207933
205,185,3158049
213,197,3112953
193,174,3052058
202,187,2936200
198,184,3099912
225,209,3330559
227,207,3244329
226,213,3265828
223,202,3205726
253,229,3419437
205,187,3255353
205,194,3268197
211,195,3229545
198,172,3153748
208,190,3137849
194,176,2936985
191,176,3037234
214,198,3089067
217,195,3104850
215,198,3162447
210,190,3087323
206,187,3087275
250,235,3357738
205,188,3071900
201,183,3088290
191,173,2902607
213,192,3036643
197,187,3167712
216,192,3193433
217,205,3239237
222,206,3349368
193,184,3094889
207,186,3069476
207,185,3124878
224,206,3095170
230,220,3155641
232,211,3013940
199,186,3021046
220,204,3118298
201,187,3174893
220,209,3062945
209,185,3214964
170,154,2777061
213,193,3063594
197,185,3092269
204,192,2951643
227,214,2957231
173,164,2949850
217,205,3223373
217,201,3145477
176,156,2780801
227,209,3206122
213,189,2964479
217,203,3042640
210,195,3167591
238,216,3208926
198,191,3065693
206,188,3021616
198,181,2848441
205,192,3084600
214,206,3261353
251,238,3344162
231,207,3155548
226,201,3214882
206,189,3173450
231,209,3201424
244,221,3314614
210,194,3170987
171,154,3018091
201,179,2906761
222,210,3054717
229,212,3369062
222,205,3312223
207,183,3019528
231,212,3063057
187,170,3098158
192,184,3237849
242,222,3132108
212,202,3129296
212,198,2991713
200,186,3222663
213,202,3004566
217,194,3094666
214,201,3341962
184,172,3102228
150,141,2859994
201,190,3155367
238,213,3319345
194,176,2905145
214,193,3057554
231,214,3479165
225,211,3354533
249,232,3320619
201,183,3026577
198,175,2845001
230,210,3200720
206,189,2844631
206,186,3063742
226,213,3202739
196,182,3228081
233,212,3143236
221,208,3084705
218,199,3152757
212,196,3258462
189,174,2998779
206,192,3242082
207,192,3297946
221,210,3035256
195,177,3083570
202,186,2986297
173,163,3141198
225,205,3238149
187,175,3107086
218,203,3257925
218,199,2981221
218,206,3200629
192,179,3030713
194,181,3015979
197,178,3195790
216,201,3018905
227,208,3090903
201,186,3135587
188,179,2961725
227,209,3262616
238,222,3197992
187,172,3276614
227,204,3031816
198,187,3150093
226,209,3296106
182,168,2905309
217,199,3328937
203,179,3207899
199,182,3146965
221,198,3183511
208,193,3107766
213,197,3229735
192,181,3054302
190,167,3113876
249,223,3003151
197,187,3107832
190,176,3328019
231,212,3213811
219,201,3165319
196,183,2937567
217,196,3242479
236,221,3306465
201,182,3345882
217,201,3159859
230,214,2996942
195,175,2842598
249,221,3189275
206,190,2905013
196,183,3007380
221,209,3299329
187,168,3001420
206,188,3107404
221,194,3187766
162,140,3215269
225,205,3217136
208,192,3030584
236,216,3359148
219,203,3142916
232,215,3196136
228,214,3465463
216,197,3228248
211,199,3052464
220,205,3029713
195,180,3194560
194,178,3047857
198,181,3155754
213,198,3164061
223,212,3452348
220,197,3061540
200,187,3151601
234,218,3290865
207,190,3116432
234,205,3372980
242,230,3283399
214,203,2970393
238,218,3367171
211,197,3189460
217,195,3157770
197,182,3008698
174,165,2972550
215,190,3356607
198,186,3028584
229,214,3339405
209,188,3207681
189,170,3043079
202,187,2992566
235,217,3164613
200,189,3300757
212,189,3144948
191,175,3080502
231,218,3388387
229,205,3185709
189,181,3220610
222,208,3185268
225,209,3315103
193,174,3006460
209,194,3242734
225,204,3222129
217,200,3213936
209,191,3452552
196,182,3207191
204,191,3023493
228,211,3139643
206,189,3164087
196,173,2962758
214,196,3204547
200,184,3061667
205,190,2990922
188,171,3241524
216,193,3197517
207,191,3138161
233,223,3332902
210,191,3205070
233,211,3141568
178,156,2823799
185,175,3320680
218,197,3061777
240,222,3236622
206,196,3068338
232,215,3184689
175,162,3133012
203,186,3130439
231,215,3035280
189,174,3188651
213,196,3180299
222,206,3172401
198,181,3151306
238,216,3463120
201,187,3086715
199,176,2991857
191,178,3075944
233,211,3383530
203,187,3163393
193,180,2929732
205,188,2929954
223,206,3133437
178,163,2930266
174,161,2976674
180,166,3219321
204,184,3188852
232,208,3119600
215,202,2983519
203,189,3004797
216,197,3342044
208,192,3381548
237,218,3168089
177,164,2935412
213,193,3096979
200,184,3029043
210,194,2978175
223,203,3232063
225,214,3378333
200,185,3062295
193,182,3016211
214,206,3148081
239,223,3382643
212,201,3173915
225,204,3050426
199,180,3107796
230,209,3303092
217,200,3065469
218,204,3483219
192,173,2851895
209,197,3266849
233,211,3266206
216,197,3514215
233,213,3338292
224,195,3333200
201,182,3044046
199,182,3019933
199,184,3143002
236,217,3102669
217,204,3106822
215,198,2920235
217,197,3044199
208,186,3006200
204,193,3367447
212,193,3151260
222,204,3158388
195,183,2999398
208,196,3000836
197,178,2880753
178,168,2759802
209,188,3197601
195,179,3048352
230,213,3286977
199,178,3127510
210,188,3141595
200,188,3083944
222,212,3137964
183,170,3083272
204,188,3162785
212,195,3396952
237,219,3377757
212,197,3474646
226,204,3302439
214,193,3159824
231,204,3216446
223,202,3101866
204,186,3256922
180,162,2887174
182,169,2944114
206,186,3155596
198,184,3050237
214,201,3078429
231,210,3388503
204,189,3014504
227,206,3048695
234,216,3225883
206,190,3271981
213,193,3235413
189,178,2889141
216,205,3055403
204,188,3201898
216,188,3292302
210,183,2967819
217,200,3348054
202,187,3217361
198,189,3156437
231,211,3276561
203,185,3146657
203,193,3121989
218,200,3229890
219,200,3353931
189,177,3121812
234,215,3162854
217,202,3206614
212,202,3123155
227,208,3208362
205,190,3169645
224,210,3044939
194,182,3102801
214,193,3183836
204,188,3396211
222,207,3141663
209,198,3221546
199,181,2951298
218,193,3274825
208,187,3286186
226,207,3239249
223,207,3030026
175,161,2961465
207,195,3342602
207,193,3285472
198,187,3050329
196,185,3459410
179,163,3065948
203,187,3060843
190,178,2889838
234,207,3228938
238,220,3208391
233,204,3111906
197,173,3125331
195,181,3094388
222,216,3170321
245,227,3274013
194,173,3098064
184,168,2900319
200,177,3141121
192,176,3190444
237,213,3190105
170,163,3048793
178,163,3242057
213,195,3235468
220,195,3281039
219,202,3166139
214,198,3090337
211,201,3341488
216,191,3120194
218,202,3296872
222,208,2916657
212,188,3122533
204,186,3106860
197,182,3033869
209,190,3064747
202,194,3362663
222,202,3357590
200,183,3129482
207,192,3417360
225,213,3380621
209,192,3119837
228,214,3311615
224,203,3085257
202,186,2987631
205,185,3194659
242,224,3294296
216,199,3188507
214,196,3229462
216,202,3149355
201,182,3131545
232,211,3180214
208,195,3422710
250,232,3261725
201,188,3202886
197,181,3333128
229,207,3149072
216,203,2955736
204,183,3221015
213,200,3273630
220,210,3138826
214,191,3255213
219,200,3210560
223,209,3071978
197,179,3077398
197,177,3132804
189,170,3107878
213,202,3096197
213,202,3135491
222,202,3214426
215,195,3224781
247,230,3293670
207,188,3259243
219,201,3167228
223,208,3067766
202,189,3136294
210,198,2942377
217,203,3187133
227,207,3140470
197,178,3156040
233,213,3179443
217,201,3223726
208,192,3221257
220,199,3194237
209,191,3095586
203,193,3183797
205,190,3193907
195,183,3148483
203,190,3116526
191,177,3022809
197,181,3139613
210,199,3016183
211,192,3267966
173,162,2892605
192,178,2990334
207,196,3168289
172,153,2935773
192,175,3035473
225,205,3336381
230,209,3122299
185,170,3141411
227,216,3290961
185,167,3106939
209,197,3299222
230,217,3168421
194,172,3114322
204,188,3130736
195,179,3042340
228,214,3151364
172,155,2819623
219,195,3345535
194,175,3007650
235,218,3230263
206,187,3040054
206,183,3022308
178,163,2946875
210,197,3351895
226,211,3214961
202,194,3227144
204,193,3188360
204,188,3152358
198,169,3141023
209,190,3125403
241,220,3128632
208,190,3167477
211,190,2900638
187,176,2971053
211,200,3063086
186,172,3090416
207,185,3209924
227,210,3178671
229,216,3133169
190,175,2880034
192,172,3073275
191,173,2951790
197,182,2953048
222,194,3129128
225,209,3396332
198,184,2966781
228,208,3103931
202,187,3108177
219,202,3516751
223,207,3234407
209,191,3030415
239,222,3067945
215,202,3251940
227,209,3063237
223,207,3202510
190,174,3108104
214,191,3037714
224,212,3359151
234,219,3390084
205,185,3242573
200,190,3106202
229,213,3494866
202,175,3134557
198,185,2830728
237,216,3312960
184,172,2884060
218,195,3109684
216,193,3059128
245,228,3443585
187,169,2727032
229,211,3126728
234,220,3114356
203,183,3124184
197,188,3128463
228,212,3284579
200,186,3053267
232,217,3170176
218,198,3256760
214,199,3316879
196,180,3249547
215,195,3122306
232,219,3274882
246,232,3306208
214,197,3357148
216,202,3231090
186,170,3109614
196,175,3092716
178,162,3124953
212,195,3034418
178,164,2919869
192,176,3373781
217,201,3412426
202,183,3156960
209,190,3004040
225,207,3198046
179,166,2817657
226,207,3156158
223,202,3192405
199,172,3005322
228,205,3215589
209,192,3285398
221,208,2965227
227,211,3240447
209,200,3097427
199,189,3331116
205,188,3131774
192,176,3215171
207,188,3413467
216,208,3157716
242,222,3203781
213,198,3149368
227,213,3329566
172,155,3166025
206,188,3249380
211,198,3264754
186,172,3008217
213,193,3033017
207,191,3175149
218,205,3281205
190,177,3107797
234,219,3262608
201,184,3026072
201,176,3024225
205,184,3156400
215,201,3260415
182,164,2974467
214,200,3237913
193,172,3161686
223,201,3252486
196,177,3168953
195,190,3118504
212,194,3164563
189,174,3412450
189,166,3029523
235,213,3528475
197,175,2986631
226,207,3250626
184,165,3085408
232,205,3366319
213,201,3290011
241,222,3217795
204,191,3050668
242,221,3287345
208,190,3148107
219,200,3018884
210,202,3142336
220,202,2934904
232,217,3224112
209,191,3225634
205,188,3132469
214,197,3038997
213,195,3228710
193,181,3388829
188,176,2975266
220,201,3189387
215,197,3244415
165,152,3110114
207,190,3108964
233,212,3318354
216,204,3144998
223,207,3469661
206,186,3203911
211,188,3089169
198,184,3176167
211,198,3175607
226,214,3186283
226,210,3386573
222,203,3160003
198,187,2909041
215,193,3041740
200,182,3084393
216,201,2967726
203,186,3419021
208,188,3218180
228,206,3118399
223,211,3176703
190,174,3181786
192,178,3074089
189,174,3250921
217,196,3158503
217,198,2923908
226,205,3251117
179,160,2876546
197,181,3075566
218,201,3143495
179,166,3048089
212,192,3193216
199,183,2885493
207,190,3140441
198,180,3177123
178,165,2881665
225,207,3026815
194,179,3048653
199,176,3304033
217,204,3219884
192,174,3046690
193,178,3143557
262,237,3122644
191,173,3240420
208,180,3066089
187,171,2916205
202,188,3125428
214,200,3227577
213,195,3348517
191,182,2855764
220,203,3096060
234,223,3138823
222,195,3114982
212,198,3226847
205,192,3171414
206,189,3178885
225,212,3112469
236,220,3323312
206,199,3355704
208,191,2981402
220,195,3151544
215,199,3293485
206,193,3319734
253,235,3194355
208,188,2969000
217,206,3341449
188,175,3037108
239,220,3339231
212,193,2962353
215,196,3147858
228,205,3195428
177,162,2815792
245,228,3118038
214,192,3084810
175,160,3022305
199,187,3056440
177,164,2860294
205,193,3300635
216,207,3177436
209,194,3180939
189,174,3285323
217,198,3206998
197,178,3259123
196,183,3324264
184,175,2881579
218,203,3058082
210,196,3022413
189,170,2981113
214,193,2956096
192,173,3073477
186,174,3230243
191,175,3013419
230,218,3193188
206,193,3076095
237,214,3194364
203,183,3231690
220,203,3214849
207,191,3139440
224,209,2910040
169,153,2926679
216,198,3146289
208,193,3263672
250,230,3182889
195,176,3201902
198,182,3120860
213,197,3221866
215,205,3199068
213,190,2876628
241,223,3138578
221,203,3144130
198,184,3184528
187,172,2935059
232,220,3265982
203,180,3120244
220,201,3263068
230,213,3184860
226,209,3117066
196,180,3170743
210,194,3149366
212,203,3127136
230,212,3249830
206,191,3385811
210,191,3207360
207,191,3146594
212,189,3101812
177,163,2954406
226,215,3464284
184,174,3155655
203,185,3121900
198,184,3268526
213,197,3368326
225,205,3071265
219,205,3127635
219,203,3257106
177,159,3068262
206,188,3174158
242,229,3201468
178,167,3028646
213,198,3090602
229,207,3156387
208,186,3114476
222,207,3114405
190,178,3025768
189,173,3258489
218,206,3209465
217,191,3359679
228,211,3351982
186,169,2979146
210,188,3150388
180,165,3043049
210,190,3184393
200,176,2920913
235,215,3356961
184,171,3108390
215,202,3174320
212,193,3053203
214,202,3236110
218,204,3253302
223,205,3222170
190,173,3150418
236,218,3400502
214,198,3120196
215,195,3181076
203,188,3136864
220,203,3279662
198,181,3011227
170,157,2994116
209,193,3103185
189,180,3224096
214,197,3295000
216,203,3037571
208,198,3139630
229,212,3210591
232,224,3238509
178,165,3066840
226,204,3249265
183,167,3019886
193,179,3118614
185,171,3275452
204,187,3106042
191,176,3090231
208,188,3329314
198,184,3259033
169,153,3081553
197,170,3164368
217,195,3117774
229,204,3280601
222,207,3099099
197,188,3208043
229,213,3271044
218,198,3067677
191,183,3164946
218,197,3093903
218,206,3250297
225,208,3149237
214,198,3029902
197,182,3205614
198,177,2910767
232,214,3091070
208,186,3153006
222,207,3160695
198,182,3109443
167,157,3090457
194,176,3201548
178,163,2839568
228,220,3104782
200,181,2991975
216,197,3276298
183,167,2985125
213,197,3113516
202,180,3085193
217,200,3091183
206,179,3004764
198,176,3128254
224,206,3116006
230,218,3316633
217,203,3201441
187,171,3196490
218,200,2976617
228,213,3242044
189,168,2941138
177,156,2975402
208,195,3013763
227,209,3425243
208,194,3261374
193,185,3116963
196,178,2947651
193,174,3162801
207,183,3155313
234,213,3086230
230,212,3418472
209,193,3004632
213,194,3249358
216,200,3109258
205,187,3016661
228,209,3095580
205,189,3239833
209,191,3038315
223,207,3177281
207,185,3236969
221,198,3208180
193,177,3108367
204,192,3081060
192,178,3326919
205,194,3128486
262,252,3326048
214,199,3237790
190,169,2990644
232,217,3358148
189,168,3091998
197,186,3051090
226,209,3259083
196,183,2857012
188,176,3171832
210,189,3179901
198,185,3325873
196,179,3362940
224,209,3291594
224,204,3110763
223,207,3202283
200,177,3019712
229,206,3185704
253,228,3381463
185,174,3163713
231,212,3099550
172,156,3141172
183,173,3222398
220,211,3325314
221,205,3141409
211,194,3138852
226,206,3242029
216,198,3019753
210,189,3228058
207,190,3109281
178,159,2930511
227,211,3286278
242,224,3353525
223,204,3144990
204,189,3085158
203,191,3214940
217,197,3136181
228,214,3250826
200,187,3145756
207,189,3036337
194,172,2982471
212,195,3086334
228,213,3439851
211,196,3102742
214,201,2972195
225,207,3056636
207,186,3128088
205,192,3117279
191,172,2838611
211,193,3246495
203,189,3192275
197,179,3070798
220,202,3402042
226,213,3276825
203,183,3028041
184,172,3053107
231,213,3170265
213,202,3067253
182,164,3007873
190,169,3139558
200,179,3045424
207,193,3153813
235,218,3429988
194,181,3057616
174,160,3052015
199,187,2984607
176,162,3067307
237,214,3212047
223,201,3038963
192,177,2975301
216,201,3307057
219,198,3026348
214,183,3392268
214,204,3264907
216,206,3210861
225,208,3221591
210,194,3311377
228,211,3029919
225,206,3154042
210,195,3249472
207,188,3183717
233,211,3176274
198,177,3119809
197,180,2993905
207,192,3090630
234,218,3150804
204,189,3183145
188,177,3112006
175,163,3188328
225,199,3102552
216,188,3143736
215,205,3182695
210,199,3138848
224,210,3203763
200,184,3087959
206,189,2932326
234,216,3281597
207,183,3294922
209,196,3208083
245,217,3203144
201,185,2965974
236,225,3341794
214,198,2898532
185,167,2943611
234,214,3348869
180,163,2938765
210,189,3120565
245,230,3219603
210,189,3258398
199,171,3001006
216,203,3150223
168,156,2937011
219,199,3334208
200,179,3144653
189,179,3022329
200,183,2975759
213,201,2971992
189,171,3075269
208,188,3239259
206,190,3148324
186,171,3062876
208,193,3321372
214,196,3145934
210,192,3106422
209,194,2993790
234,216,3343057
219,202,3142373
207,187,3268241
195,183,3157264
213,200,3208422
184,173,3126224
205,190,3219377
224,200,3258590
231,214,3398365
179,163,3091632
228,217,3095895
221,204,3218192
222,208,3173847
194,173,3082859
191,173,2985140
218,207,3243350
220,199,3346519
193,177,3116264
196,179,3048294
221,205,3257280
211,194,3052619
192,180,3006093
206,193,3022632
186,174,3043217
202,185,3007663
238,214,3149775
207,185,3105791
215,203,3186295
221,206,3321867
224,211,3269043
220,208,3392564
206,190,3392831
174,158,2756057
215,193,3015066
200,190,3284866
204,182,3250912
219,202,2914003
182,161,3097669
229,211,3430144
212,195,3300237
183,165,3072017
222,201,3199661
232,206,3091493
191,184,3012201
214,197,3138385
227,208,3237792
229,215,3477233
206,193,3285072
212,199,3237315
176,163,3200324
208,187,3293620
199,181,3024354
217,188,3120777
242,212,3195268
218,202,3245454
182,164,3117411
200,182,3216233
208,196,3207289
220,199,3050919
228,208,3209159
198,185,3046630
216,206,3192874
200,183,3126196
209,202,3454075
199,191,3118126
198,176,3073144
194,171,3034147
235,217,3386856
211,195,3190562
224,210,3190970
212,197,3042495
210,194,3219963
211,194,3190488
220,203,2923090
167,152,3015483
217,195,3189023
174,162,3070502
218,200,3189868
209,188,3093896
226,204,3101682
197,180,3258920
209,199,3223106
186,175,3076637
224,210,3341477
211,196,3318026
199,186,3161681
200,182,3137735
214,198,3204623
204,191,3237044
178,170,3112535
195,179,3020242
173,160,2938397
186,174,3187219
183,173,3140248
189,168,2662181
214,198,3048631
195,183,3240079
237,216,3346665
181,170,2977691
207,196,3225308
212,201,3008201
211,193,3091275
182,159,2972941
201,180,3059830
213,199,3212646
199,185,3264084
205,184,3105042
196,184,3251026
205,195,3183197
186,172,2980730
208,186,3225535
207,179,3088125
223,208,3153546
226,208,3114477
196,172,3295341
195,185,3112922
184,167,3094769
212,194,3183647
202,182,3110313
197,185,3049338
200,187,3156429
232,220,3304840
219,200,3230272
256,240,3451771
211,199,3225749
231,212,3429102
197,183,3161589
181,168,3045670
214,201,2971300
211,197,3319246
227,208,3458754
225,211,3212963
201,186,3269022
223,205,3189338
217,194,3188330
238,214,3476211
225,214,3198368
213,199,3302511
196,174,2872596
208,189,3135614
228,213,3081283
194,177,3111153
202,176,2970143
200,182,3165770
212,195,3049148
198,177,3082412
199,188,3250915
224,201,3329204
201,182,3327893
194,178,2966066
226,214,3301689
204,191,3085273
197,182,3130858
239,224,3386958
205,187,3218394
195,180,3175698
199,186,3255492
233,216,3314276
219,200,3259193
201,180,2943607
220,206,3188928
228,217,3330008
208,194,3141395
235,217,3194505
212,199,3182740
250,234,3354092
218,200,3285414
187,172,3078972
228,215,3328836
201,183,3175562
221,211,3301851
210,197,3018894
191,169,2971530
194,176,3038196
151,136,2797560
218,193,3396091
204,190,3175703
236,218,3380138
214,194,3234040
225,210,3051119
215,198,3045054
201,189,2996349
253,238,3251909
200,192,3279570
228,206,3260937
213,198,3268744
210,191,3232518
186,175,3055888
210,196,3034943
220,201,3305229
208,193,3129603
227,209,3123759
206,188,3119028
222,205,3291295
208,192,2994022
197,182,3209435
211,190,3064086
181,166,3069491
220,199,3156085
207,187,3066478
210,194,3194469
221,199,3294095
206,194,3107498
183,171,3035528
223,196,3249733
207,179,2904608
212,194,3184576
190,172,3008206
231,215,3144450
207,191,3317168
216,199,3048013
210,195,3236727
223,206,3208795
208,194,3177803
208,193,3222147
191,175,3013196
225,213,3107701
235,220,3471014
202,181,3159352
213,204,3246054
188,176,2889952
209,193,3278894
226,208,3241622
222,204,3147761
213,199,3093557
204,186,3221713
185,173,3072422
227,207,3470590
221,200,3324125
199,180,3208219
201,186,3097439
197,181,3174180
229,212,3410829
208,187,2993895
163,152,2971893
198,175,3151419
240,222,3261545
171,160,3147659
209,193,3054488
217,205,3221454
216,187,3105533
229,209,3290277
214,195,3145027
196,185,2844886
228,216,3197087
214,201,3368227
188,173,2999419
209,187,3161291
235,216,3210068
205,183,3070884
223,206,3168234
227,205,3138244
214,198,3314612
221,206,3180616
193,173,2992383
231,219,3433592
224,202,3227904
229,212,3370231
220,203,3066539
212,193,3163746
201,190,3193862
203,187,3071240
239,218,3059240
212,195,3079651
202,197,2947676
179,165,3092692
178,161,2920060
230,207,3011134
206,190,3259801
202,181,2977318
198,184,3363976
192,178,3032739
231,219,3429346
199,184,3018599
225,211,3365432
230,210,3419774
218,204,3098992
208,191,3195076
205,188,2931035
202,189,3273877
220,207,3440892
222,197,3027242
218,203,3059273
205,189,3159918
201,184,3327074
167,153,2730365
194,175,3141380
226,203,3213647
229,206,3230478
214,198,3381423
197,181,3136455
200,186,3030195
210,193,3113312
218,196,3104371
225,204,3148137
207,197,3228838
204,194,3431285
193,169,3192625
198,188,3121163
227,219,3286929
196,185,3145281
191,169,3155348
210,186,3239922
186,171,2904264
207,196,3168722
201,185,3059945
194,179,2937273
204,189,3130074
220,203,3075716
221,199,3016008
197,186,3334739
233,211,3405097
205,190,3074160
209,193,3131507
236,227,3224852
196,184,3136636
238,223,3329618
238,216,3037702
228,211,3130877
191,178,3031879
222,210,3294590
198,175,3026342
204,188,3258553
203,187,3016802
205,188,2921898
217,201,3226851
220,199,3162225
204,180,3220931
205,181,3088038
222,204,3028073
198,185,3174580
240,223,3336768
217,205,3469622
206,194,3129092
207,188,3178528
221,207,3378878
193,173,3072580
217,201,3252252
202,185,2996507
204,180,3097630
201,183,3032508
208,192,2981452
216,197,3181771
213,196,3134588
201,188,3347825
205,185,3036458
219,188,3205999
163,141,2863455
178,165,3031152
211,190,3065629
236,212,3129450
183,169,3048488
209,186,3137853
211,193,3227472
197,180,3013386
215,202,3229909
216,200,3134478
223,202,3250265
197,178,3000446
179,161,3070569
195,183,3232383
198,177,2915186
216,199,3149549
211,193,3304441
198,188,3231284
244,223,3275170
214,196,3015774
223,204,3166068
216,202,3245722
187,177,3231352
203,181,3253026
234,214,3074391
201,184,3065153
226,198,2960155
225,212,3237311
183,173,2989169
192,171,3142069
208,189,3055648
194,179,3000033
203,187,3207352
221,206,3351891
208,187,2971268
222,196,3129833
228,214,3231198
235,217,3226426
198,180,2966780
210,189,3209395
179,164,2825609
193,180,3221380
220,201,3042972
179,165,3121532
200,182,3044116
230,212,3204355
217,207,3355109
232,215,3177123
232,213,3180690
194,173,2940187
199,185,3039414
196,181,3141194
224,208,3259963
188,177,3161921
213,195,3261812
188,177,3048860
211,195,3169631
181,173,2981316
185,179,3072386
208,194,3218698
214,202,3178560
192,182,3003901
186,173,3050590
210,198,3378560
240,215,3167858
207,198,3267302
185,169,3299638
204,187,3112800
210,192,3160616
185,165,2912470
175,158,3176738
238,217,3286572
195,178,3084167
228,207,2997326
167,150,2933583
237,220,3416321
232,215,3309260
197,180,3154163
243,221,3221947
243,219,3238893
232,212,3276168
194,175,3028621
235,214,3306787
209,196,3076292
187,175,3053400
217,206,3346845
227,208,3339962
210,187,3115084
162,144,2938090
202,193,3106863
211,193,3050922
206,192,3211232
200,179,2998518
213,199,3201267
210,194,3144117
224,208,3332169
231,214,3230413
201,187,3229725
207,190,2939957
180,161,3091199
201,192,3130587
211,192,3129698
193,177,3152307
206,190,3264893
203,184,3038761
201,178,3275387
195,185,3054836
217,201,3091116
228,212,3150036
206,190,3295747
191,171,2922215
220,206,2996371
224,210,3415279
236,214,3257119
212,196,3178978
201,185,3162040
195,185,3140999
181,166,2992929
223,209,3330733
224,208,3240639
202,188,3117559
222,207,3303688
209,199,3207178
221,199,3327430
209,192,3185332
199,187,3146507
213,199,3141381
195,186,3089234
213,191,3017148
219,204,3239065
204,187,3056225
203,193,3165395
208,193,3238600
204,182,3203392
179,167,2893584
226,202,3224040
238,214,3190059
205,191,2932028
212,203,3191780
184,175,3110310
201,176,3111272
242,223,3435140
218,203,3024692
220,202,3217610
208,190,3091925
204,185,2930073
171,158,3004684
204,182,3019701
212,198,3136931
212,192,3240360
239,226,3442374
207,188,3322062
223,201,3201998
222,207,3305745
192,176,2962995
215,194,3306867
202,186,3214903
203,189,3154133
215,200,3262668
218,201,3148036
214,196,3175211
182,168,2891132
209,189,2877790
212,199,3244702
212,193,3193425
229,212,3293342
194,179,3185896
210,191,3016200
221,198,3125934
221,204,3190672
203,186,3114423
229,209,3436249
189,171,3108641
211,192,3013541
217,202,3183465
205,192,3408869
223,212,3203706
215,195,3143107
205,186,3025462
241,216,3325298
189,177,3110906
197,184,3058836
194,177,3061659
220,205,3059199
201,181,3164786
222,200,3161065
190,175,2863754
225,198,3303473
180,167,2964461
191,176,3168722
223,202,3248824
223,213,3220996
203,191,3290863
215,198,3196489
219,201,3160893
209,195,3307006
204,190,2854140
226,215,3196876
210,199,3232463
214,195,3537659
235,217,3272406
194,176,2897232
228,211,3156752
211,196,3119965
206,189,3047749
215,194,3310663
222,206,3132470
202,184,3224732
189,172,2916621
218,200,3032299
194,177,3219237
227,215,3290904
217,205,3247567
226,209,3202898
182,165,2782510
211,192,3147220
242,222,3344412
198,178,3136629
232,223,3245897
212,188,3249643
220,202,3073509
196,177,3024657
223,207,3158468
218,201,3143055
198,186,2897170
219,201,3081992
219,199,3207543
208,189,3100801
206,193,3073710
194,179,3007451
189,172,3282500
180,168,3246379
233,211,3403068
209,180,3087852
198,185,3118339
180,167,2990175
215,199,3269785
231,211,3392588
208,191,3274401
205,192,3174993
213,203,3123722
170,155,3069286
213,198,3062148
208,192,3212482
198,178,3010328
200,187,2969652
257,237,3268878
196,182,3053079
190,179,3153441
214,195,3063107
213,188,3120768
198,182,3021470
200,178,3178293
193,169,3047100
263,253,3463766
182,166,3138805
199,184,3062523
214,194,3064936
230,213,3425493
208,184,2999874
193,175,2980267
216,196,3230518
221,202,3034981
201,184,3209434
230,214,3492152
194,180,3011318
211,197,3206236
222,204,3114576
200,183,2884987
238,223,3096325
224,211,3416035
243,229,3399120
197,183,3076133
242,221,3177979
230,214,3090192
190,177,3113864
208,184,3087331
198,177,3149800
223,204,3146761
201,192,2937160
219,195,3251501
191,178,3080632
183,163,3042838
228,211,3299337
197,183,3022860
202,183,3146492
197,182,3175966
199,176,3201332
232,215,3196561
236,215,3232508
202,189,3059901
209,195,3200979
208,198,2882576
207,186,3186671
209,189,3036140
227,208,3114081
199,183,3034047
198,180,3084919
220,201,3241890
198,185,3136365
210,192,3273196
198,182,3079637
218,197,3266754
235,211,3254394
185,170,3326575
193,183,3104447
213,193,2908546
224,212,3259493
176,154,3126140
201,186,2961867
216,200,3196414
213,199,3283886
208,187,2876507
236,222,3225477
177,163,3144322
218,198,3333301
224,206,2964224
215,201,2995133
196,173,3041486
211,189,3181397
205,189,2985195
206,189,3272940
215,200,3256578
223,213,3201742
231,209,3120301
204,188,3170492
206,190,3317051
193,172,3116617
184,175,3213215
208,195,2904614
186,174,3124975
204,180,3008202
187,166,3106554
197,182,3035585
209,190,3310333
248,220,3150777
240,222,3198831
222,201,3104240
217,197,3285909
211,195,3267259
201,183,3094103
195,178,3056325
181,162,3104060
234,221,3187471
203,195,3082565
202,178,3085403
197,173,3171748
223,204,3216330
187,172,3075320
198,184,3106950
217,200,3153085
211,197,3070808
174,162,2954571
164,146,2826083
238,220,3432167
232,220,3290222
215,198,3070322
217,195,3365873
184,169,3281898
227,210,3344103
217,199,2976213
226,212,3317234
223,205,3115896
208,191,3115770
190,181,2980823
218,199,3371291
219,194,3233336
219,203,3227918
230,215,3266015
201,186,3142136
221,209,3118911
226,208,3089207
198,179,3074215
201,183,2904100
218,205,3216946
238,209,3331552
195,183,3041379
218,196,3236600
219,201,2994391
214,199,3132103
201,184,3034080
235,223,3203113
211,198,3407217
225,205,3404307
209,200,3041042
214,198,3226290
219,201,2999980
241,225,3270230
209,192,3162070
198,180,2984571
214,190,3174164
200,189,3160357
204,187,3138613
204,187,3014260
185,170,2952759
209,193,3268390
245,224,3242182
215,202,3189073
227,210,3365008
217,195,3217802
211,197,3239624
188,168,3192972
189,181,3117283
213,195,3201745
235,220,3313512
192,177,2910061
200,188,3156505
210,188,2956039
213,192,3007077
231,211,3089226
215,200,3135529
190,177,3147830
226,208,3355158
197,181,3298444
188,172,3198105
195,179,3282969
242,223,3112360
203,181,3018208
229,210,3260531
210,190,3136558
237,221,3337416
220,200,3037242
209,202,3248505
219,199,3118597
206,184,3176247
178,153,2883857
211,191,3113810
232,213,3457350
214,198,3148599
197,179,3119547
232,219,3104826
206,194,3013856
208,192,3132678
199,185,3019673
225,213,3272414
229,212,3136576
214,195,3029219
242,219,3121129
192,167,3239346
199,186,3119930
208,188,3165302
224,208,3159460
247,230,3486494
190,179,3146343
242,222,3384288
198,182,3514045
181,172,3019408
248,228,3342620
207,193,3303762
201,183,3386909
207,190,3270215
165,154,3075469
232,222,3392213
210,191,3308758
195,178,3176307
212,193,3087629
189,173,2851239
199,183,3160448
232,212,3341362
205,192,3296525
205,187,3190064
193,178,3033842
216,195,3222182
263,239,3444666
199,188,3152039
226,213,3261086
233,214,3253792
190,173,3110797
204,187,3131980
217,198,3541253
250,233,3408487
217,204,3254798
202,186,3089755
221,198,3100309
203,187,3217697
187,169,2883142
194,179,3262482
215,195,3242498
210,193,3095821
215,199,3142093
203,183,3373706
227,209,3132959
209,187,3159596
178,168,2969705
226,211,3112136
172,165,2952302
229,210,3190003
196,174,3200463
204,189,3075857
215,199,3196852
215,201,3446694
212,195,3175671
230,216,3082579
217,199,3089805
246,234,3296114
222,205,3187711
197,182,3177498
251,233,3274147
200,181,3237120
238,219,3071588
211,194,3410639
191,174,3120362
226,216,3337627
219,207,3142107
218,200,3207201
197,187,3247737
185,170,2992802
216,206,3282399
212,198,3216526
195,176,3021904
236,224,3501780
186,173,3121554
203,187,3174370
233,217,3196619
218,195,3141869
189,173,3133630
202,187,3252425
218,202,3428416
204,184,3038132
160,145,2890245
203,187,3180299
200,184,3136831
211,192,3043084
188,170,3336098
219,195,3174171
211,197,3121549
199,182,3051709
230,211,3300991
198,185,3185597
236,221,3404214
213,195,3257080
210,196,3370949
209,193,3319774
233,217,3168564
219,203,3033354
229,209,3194936
169,150,3350172
231,220,3266470
230,213,3187049
219,199,3417391
198,178,2843623
216,202,3067931
254,234,3329567
206,191,3136266
212,197,3026786
221,199,3357088
258,242,3536507
207,186,2767145
185,170,3009579
200,182,3083564
189,177,3230492
208,188,3027130
224,209,3095093
211,198,3100463
217,200,3088373
207,194,3190366
212,195,3096543
209,193,3256960
227,205,3388623
214,199,3308274
204,185,3121615
206,188,3050170
199,181,3208569
213,190,3183283
224,201,3260514
218,202,3148759
200,184,3114906
203,186,3208071
227,207,3266421
213,196,3393873
209,190,3168354
235,224,3286713
213,198,2884421
211,189,3038415
202,182,3213537
185,161,3093913
212,195,3295528
210,196,3210951
210,184,3262340
206,188,3344692
195,186,3076361
184,163,3087686
201,187,2899543
214,193,3045807
217,204,3278929
206,190,3198793
243,227,3517309
231,219,3450238
175,161,3028345
228,210,3230890
211,194,3156961
249,232,3156287
186,169,2978788
224,208,3351327
225,209,3215527
243,226,3510554
220,208,3187150
235,220,3221806
189,170,2979112
208,190,3021852
205,188,3070621
197,178,3012114
209,194,3260583
185,170,3262057
232,211,3277585
204,187,3193491
177,160,3186587
208,192,3130206
187,180,3116770
212,193,3099867
189,169,2968829
233,214,3298581
191,177,3144766
206,182,3221874
206,185,3061728
223,204,3203715
201,195,3090787
208,188,3173303
230,209,3275592
222,213,3250749
204,187,3165966
219,202,3354612
215,194,3114680
246,224,3224358
199,180,3093086
202,185,3059587
210,190,3045608
197,183,3192481
195,183,2980411
229,209,3219931
213,198,3154564
192,176,3250405
199,188,3329399
199,183,3114232
213,193,3279762
205,188,3178494
207,195,3076103
234,213,3290721
210,190,3196465
235,213,3301576
216,194,3143014
215,200,3454618
232,218,3268825
185,168,2966700
212,194,3302775
226,207,3320177
232,216,3290284
210,191,2984463
211,196,3065647
195,177,3349865
210,190,3399801
216,194,3149005
222,206,3111283
232,215,3381161
200,186,3158430
193,182,3218493
184,160,3077075
233,216,3312822
198,180,3164795
228,215,3275138
206,188,3263542
197,182,3162383
221,199,2978542
214,192,3148412
210,192,2922619
222,210,3221448
219,200,3241091
209,196,3152691
231,219,3242269
218,206,3173745
212,198,3143922
199,184,3394898
188,170,2980127
221,204,3183887
225,205,3109033
222,206,3246816
210,194,3437992
200,186,3155487
223,204,3289344
180,165,2882851
212,193,3231637
205,187,3049524
202,183,3136705
213,193,3000785
224,207,3276736
167,155,3190233
176,160,2853095
204,184,3268976
270,249,3349386
225,205,3013210
195,180,3172131
204,183,3138491
222,205,3169147
202,181,3086994
204,187,3140959
205,195,3254542
223,202,3083779
213,198,3158117
217,196,3247076
222,201,3406826
269,247,3318932
207,193,3039831
237,221,3208482
195,180,3093430
175,158,3038299
193,179,2947020
211,193,3115457
218,205,3103719
211,188,3109041
192,173,3193681
227,203,3278200
201,188,3075519
200,175,2860841
218,189,2984619
187,170,3180486
223,207,3048959
195,178,2992948
178,162,2879650
208,193,3084975
181,165,3090738
216,203,3135093
192,173,2836282
196,184,3241810
206,186,3100581
218,199,3183822
203,183,2997895
201,188,3177356
197,179,3110064
212,195,3206465
218,193,3117349
196,179,3100938
190,176,3087180
229,212,3230448
246,227,3339512
209,198,3193720
214,203,2981856
202,188,3381307
198,180,3289342
217,204,3233822
209,195,3356351
203,190,3228734
211,195,3074778
207,195,3099967
187,175,2902673
228,216,3385520
226,211,3257495
201,180,3080945
197,185,3189408
234,214,3439373
212,195,3307210
190,174,3016934
216,205,3312660
208,189,3074790
212,190,2985324
235,212,3262122
223,205,3141584
189,170,3164083
222,204,3271122
205,181,3009262
196,178,3062653
192,177,3034233
221,211,3041782
195,181,3055438
206,181,3074365
205,187,3158130
226,210,3112120
195,181,3160565
188,175,3099592
202,178,3207496
206,189,3230479
194,174,3070639
220,198,3365359
204,192,3200604
210,196,3030815
216,195,3175765
194,176,3231191
230,215,3429994
216,195,3274707
199,186,3355516
226,210,3242283
199,182,3142188
230,208,3292900
223,205,3004469
210,198,3186873
205,194,3059858
209,199,2991717
228,215,3194872
196,168,2980936
175,161,2908949
203,181,3198332
207,194,3208816
228,211,3205596
234,209,3062892
210,194,3211281
193,173,3172289
173,160,2981641
200,185,3177264
211,196,3121910
207,186,3198207
198,183,3165432
215,199,3158815
208,190,3207058
199,185,3333216
224,200,3009416
220,203,3250433
206,183,3215481
227,212,3220198
192,171,2964324
213,197,3053224
218,199,3090017
210,198,3117605
176,162,3242169
235,209,3257539
214,192,3308289
237,223,3346642
199,177,3130888
198,177,3027528
195,181,3053434
181,163,2910232
204,187,3099376
212,192,3269495
237,226,3211046
204,181,3274832
197,181,3193735
212,192,3302493
219,202,3251601
204,185,3319482
205,191,3137631
188,178,3117015
182,162,3053296
222,204,3176111
227,207,3238187
224,207,3112598
192,178,2956270
187,172,3018011
200,182,2990876
203,187,3215935
205,186,3130681
212,199,3199715
231,209,3229078
187,178,3094140
218,198,3186370
223,215,3593438
217,197,3439172
216,206,3093756
224,210,3160366
216,207,3190682
217,203,3115413
203,188,3216554
223,211,3125099
216,199,3260468
227,206,2978420
197,180,3205543
229,205,3391062
233,218,3265395
232,212,3235209
216,198,3031237
209,195,3300644
197,189,3137055
170,156,3149481
192,176,3131036
228,201,3071032
199,180,3203130
224,211,3383594
195,172,3008353
209,190,3227102
227,209,3096368
212,194,3101480
167,157,3210835
222,205,3167396
222,198,3554953
222,208,3070036
236,229,3293141
226,211,3240308
203,191,3297069
195,178,3113492
194,176,2937124
205,190,3447763
223,199,3086447
206,192,3244924
204,178,2972119
212,200,3246250
218,202,3063736
202,188,3047979
187,176,3064309
205,187,3122052
212,195,3253252
210,191,3153468
198,183,3230060
216,193,3212246
219,210,3230964
207,187,3142192
188,176,2973821
201,179,3174121
196,186,3233197
217,198,3337286
218,200,3207091
241,226,3401797
174,161,2995001
188,172,3170623
199,187,2991142
220,199,3403802
219,197,3166007
195,181,3043335
238,227,3307958
209,188,3062099
250,224,3384698
219,200,3213293
195,183,3173799
226,206,3031166
215,196,3175692
181,168,3194807
202,182,3211889
218,207,3277295
232,210,3025891
195,182,3022075
226,206,3236592
192,181,3176267
234,216,3385068
189,172,3033533
214,204,3298644
186,165,2883617
176,167,3286930
221,199,3157952
197,182,3290604
200,187,3131933
212,193,2913695
246,223,3055465
208,186,2981172
204,191,3165018
198,175,2966333
207,191,3103793
170,156,3128638
191,171,2916513
217,199,3060142
207,187,3165920
184,161,2958997
188,170,3270729
216,192,2964222
200,185,3039063
209,187,3155114
211,194,3138455
193,176,3102239
188,177,3204715
191,177,2866141
212,198,3280415
199,186,3370952
205,193,3105936
218,194,3255048
207,192,3305651
219,198,3210691
217,200,3457228
234,211,3212390
233,211,3108224
219,196,3022183
186,167,3065824
226,211,3343532
210,200,3247179
229,210,3089021
195,185,2920468
197,186,2932677
237,221,3425932
175,164,2944016
177,168,3017058
216,195,3021565
215,206,3217052
179,161,2896564
237,210,3148155
219,205,3209370
231,209,3130298
205,185,3223577
209,191,3232425
204,191,3182683
200,182,3144227
208,193,3163820
208,196,3011291
211,193,3166137
216,200,3406471
221,203,3352210
234,216,3229649
192,178,3080102
222,209,3380087
201,187,3064037
216,207,3238483
223,210,3371366
190,181,3173243
218,201,3160926
197,184,3009211
227,209,3165774
228,209,3017108
196,179,3037072
211,195,3389464
207,192,3111495
199,177,2979325
207,191,3234464
196,184,3127197
196,177,3279274
217,198,3094795
215,203,3520343
210,188,3131138
238,218,3322059
228,210,3047536
217,202,3296062
194,180,2950230
226,211,3094690
191,173,3174578
222,207,3362548
182,168,3190672
198,183,3021293
191,179,3110728
225,210,3181532
199,183,3107837
211,189,3107718
226,206,3148386
220,203,3209785
199,181,3077236
191,177,3062649
195,183,3141917
214,202,3211406
210,190,3135404
206,189,3109156
224,206,3221045
237,215,3425424
225,205,3095766
192,170,2862763
215,198,3092758
239,218,3332117
198,183,3103587
206,189,3031304
197,184,3197177
217,194,3240155
215,203,3202275
215,196,3299595
213,201,3243628
226,208,3147120
215,194,3287869
215,198,3168683
239,225,3159163
230,209,3212252
225,209,3128824
208,182,3271402
230,207,3046980
206,183,3077375
223,202,3204946
249,228,3307477
223,198,3384440
206,188,3237183
208,187,3045669
201,190,3175341
217,207,3202381
211,186,2886319
226,205,3052199
214,196,3093494
200,181,3269414
204,188,3177821
212,197,3096346
185,174,2967219
216,198,3146124
212,189,3213915
202,185,3101512
221,203,3119753
225,206,3152533
175,167,2819479
200,181,3326177
231,210,3309432
221,205,3166583
216,203,3221752
231,209,3456043
196,182,3112515
236,217,3316148
188,180,3262696
199,179,3025399
222,194,3039579
206,187,3267173
176,164,2942897
225,205,3195806
192,182,3062383
186,175,3000563
210,189,3299821
199,176,3131615
223,209,3360873
198,178,2988458
228,215,3239465
220,206,3167956
197,186,3266907
228,215,3180374
232,209,3281465
227,211,3011383
214,199,3088582
218,203,3283835
200,177,3152917
198,179,3209533
199,190,3021809
195,179,3207035
230,219,3132262
226,207,3232600
209,193,3147609
196,178,3016246
236,224,3194094
206,194,3242608
206,184,3161330
197,182,3030267
224,201,3144353
216,202,3297768
209,185,3111513
221,203,3185361
214,196,3169640
208,196,3082963
207,191,3034743
208,192,3114277
202,185,3167267
207,192,3082146
192,178,3346238
193,174,2965957
213,194,3181026
226,209,3363761
207,187,3091117
217,195,3298136
186,170,2939637
201,184,3023335
212,190,2947473
177,156,3043052
223,206,3109976
214,190,3103331
207,187,3033066
207,190,3095497
210,187,3275268
175,151,3173430
155,136,2762449
208,196,3156585
223,201,3269667
225,210,3125128
213,199,3129761
231,216,3238588
195,170,3192582
193,175,2782446
203,184,2944789
226,200,3022493
192,177,3107974
198,187,3073141
197,188,3100947
175,154,3005050
204,192,3245387
228,216,3202331
194,177,3147236
205,184,3252958
198,186,2925016
216,199,3190857
215,195,2888047
234,218,3318910
200,182,3172871
225,210,3389047
187,165,2930964
211,197,3177820
212,191,3127637
216,202,3179717
229,214,3147567
206,191,3099682
219,200,3050516
212,199,3159878
192,179,3092605
199,174,3146190
204,190,3194094
203,188,3166280
221,211,3306232
205,194,3031366
203,191,3070735
228,214,3532108
222,204,3111248
218,192,2978878
246,226,3414555
208,192,3368288
220,197,3177692
217,203,3181784
186,175,3277113
188,174,3084807
236,220,3198816
205,192,3173852
244,226,3161545
195,185,3182433
193,177,3081289
234,210,3314850
216,199,3188702
206,189,3127238
212,190,3040427
221,201,3149436
192,178,3100251
238,216,3178905
215,199,3254092
190,184,2994489
201,186,3125301
202,183,3094132
227,211,3302247
251,225,3359399
226,204,3233605
218,194,3241810
201,184,3227514
225,205,3154115
220,202,3035382
197,185,3028370
195,175,3174897
200,183,2960064
232,213,3255280
208,194,3050527
221,206,3130104
220,202,3123963
202,192,3083977
239,224,3336880
176,156,2800678
218,195,3220713
249,233,3449510
200,187,3212969
203,193,3155039
200,190,3185060
243,237,3172514
241,224,3178674
218,200,3205612
209,196,3192256
221,204,3074478
225,207,3440054
207,190,3210870
228,215,3325606
237,220,3262672
223,210,3205208
166,150,2890597
226,209,3126104
220,206,3056990
209,196,3106619
200,183,3072524
201,186,3022999
198,173,2807662
214,198,3223394
223,203,3149076
227,212,3237354
229,213,3162263
227,209,3159259
226,209,3217383
248,230,3210957
266,251,3497405
208,193,3209196
211,194,3062165
217,197,3245651
184,165,3080389
220,209,3170181
244,227,3377827
185,169,3051994
219,205,3418052
209,186,3022125
197,187,3174523
193,180,3095748
201,190,3140731
224,208,3288029
184,173,3020961
210,189,3101723
219,201,3407508
184,178,3057610
225,209,3020460
203,187,3031692
200,182,3194391
247,231,3255267
182,173,3023994
177,163,2890037
230,213,3444045
186,167,3158443
227,213,3277976
211,190,3045266
216,200,3173588
206,185,3150004
223,211,3227283
225,198,3364195
180,163,2815396
206,195,3190719
218,202,3200966
184,167,3176994
194,181,3372293
201,175,3245260
224,205,3220909
188,176,3113724
178,164,2996707
206,186,2949407
196,174,3206357
231,213,3117718
222,200,3048743
213,197,3086442
198,180,3042730
222,200,3181077
202,189,3142289
196,181,2988004
205,192,3234649
190,168,2990718
207,190,3198592
204,183,2857445
203,182,3059286
216,195,3262940
203,185,3054331
228,214,3277268
208,187,2979191
260,242,3206331
220,198,3258564
203,189,2957472
180,164,2914983
201,186,3123619
215,195,3102087
231,214,3387958
208,193,3429440
234,209,3060543
182,168,3065811
241,223,3258759
212,189,3110240
210,188,3121562
212,200,3267649
190,175,3196994
206,183,3054851
212,195,3103224
207,190,3018302
223,208,3125215
205,184,2987860
177,164,3061177
210,193,3098700
216,194,2970022
199,179,3209462
216,194,3118238
190,176,3175767
207,192,3278622
203,184,3248899
220,208,3210192
225,203,3000873
229,206,3155878
196,179,3119472
214,199,3250131
243,223,3219224
204,186,3203165
192,169,3126361
232,206,3312738
206,186,3051922
228,206,3119516
235,205,3211854
261,242,3417228
209,193,3013102
244,227,3357621
206,192,3265787
197,183,3022653
219,190,3356219
218,194,3074568
237,219,3504178
223,203,3368059
208,190,3060700
199,187,2788730
213,200,3001939
213,191,3191218
203,184,3115388
225,212,3090402
208,188,3241341
222,208,3166270
226,213,3274225
209,198,3128159
183,167,3275289
228,204,3319755
226,208,3424164
243,228,3439831
219,212,3349334
168,149,2905929
235,226,3180122
239,222,3348293
199,180,3079686
191,178,3227477
196,179,3018970
180,165,3001931
209,194,3104362
168,153,3061781
213,203,3079753
211,190,3152910
204,184,3117778
226,200,3244502
225,208,3329852
182,173,3083037
210,196,3430964
194,178,3234189
196,185,2991438
201,187,3059647
211,196,3325428
198,181,3176343
223,207,3211192
198,184,2947962
230,209,3182335
197,179,3063217
232,219,3346126
196,186,3301231
226,209,3195289
196,180,3091594
232,209,3199432
208,191,3213561
204,187,3058879
197,184,3002354
207,188,3075920
219,202,3387819
191,172,3107509
227,213,3177163
215,191,3004830
212,198,3009782
216,202,3185609
177,166,3124443
187,171,3150680
246,225,3120443
206,190,3014967
195,178,3120523
195,180,3073512
187,173,2809027
184,169,3008253
190,171,2833596
181,168,3095050
230,211,3287030
197,186,3001009
195,182,3381807
199,186,3171125
247,234,3306620
203,200,3105277
226,206,3202847
223,214,3276507
196,176,2956772
162,151,2850937
219,208,3245128
203,189,2997229
180,168,3044496
177,157,3093309
218,200,3292278
196,175,3097473
239,227,3225909
213,196,3177777
220,206,3210013
178,165,3089885
214,201,3381128
188,172,3079905
220,209,3172076
203,182,3051372
217,198,3036774
181,166,3073948
241,223,3090280
211,192,3292349
205,192,3010190
200,180,3038813
202,191,3232692
211,199,3478706
200,183,3010700
244,218,3082236
181,159,2958164
194,182,2998640
211,195,3182360
217,200,3197307
209,191,3158288
180,170,2966205
209,191,3159261
170,158,2945282
197,188,2920343
231,218,3214370
218,202,3201951
214,192,3201244
237,219,3070330
226,206,3306851
210,195,3152255
191,181,2973579
193,180,3035399
192,179,3073225
200,185,3162114
215,202,3308466
206,186,3184775
241,231,3653372
215,192,3078402
212,194,3281109
204,191,3228326
201,186,3057662
183,169,2991521
218,198,3102545
188,172,2906910
180,175,3126069
195,177,3023262
220,199,3150871
215,203,3068957
208,192,3057804
204,189,3163909
189,169,2960158
220,199,3192360
197,185,3162660
224,213,2995758
206,192,3290012
214,196,3222290
187,173,3146538
191,172,3173592
193,180,3287274
212,189,2962950
205,184,3159234
214,194,3204127
194,184,3186244
212,202,3224231
235,216,2952431
212,191,3331399
162,149,2963533
209,190,3114728
164,147,2922990
223,206,3325237
209,193,2962962
200,187,3145074
179,166,3088600
214,200,3309779
204,186,3189059
202,191,3161024
225,207,3204858
221,204,3162055
206,193,3339801
162,145,3045424
186,169,3058584
195,177,2899473
200,181,3209534
228,214,3409713
194,180,3037133
205,187,3271068
193,186,3035121
245,224,3484444
203,175,3338813
223,207,3198020
160,145,3042015
216,201,3135135
203,180,3210697
237,214,3261117
206,193,3188132
186,169,3140871
227,208,3241511
176,165,3193892
190,175,3143813
187,169,3079425
213,207,3147778
196,172,2994091
238,218,3080105
200,180,3321563
228,210,3221697
201,183,3034097
210,192,3087244
208,196,3115559
191,179,2962843
225,211,3206245
220,199,3180110
236,219,3080660
221,204,3363942
211,197,3199527
228,211,3065440
242,224,3254018
184,168,3083767
210,194,3391331
209,199,3104274
197,183,3244458
215,194,3254802
245,227,3256994
193,181,3154461
219,195,3226227
218,202,3140961
235,215,3332925
234,209,3248650
214,195,3154716
208,193,3082756
227,205,3252582
184,173,2983698
233,212,3195723
217,198,3340129
215,199,3120682
202,187,3224403
217,201,3104750
197,181,3047046
208,185,3179943
221,201,3246172
169,157,2982772
219,204,3077573
205,195,3023964
171,152,2894261
197,178,3104271
219,193,3440923
194,184,3045527
173,162,3180616
232,210,3282043
182,173,3037246
236,215,3390368
216,194,3049284
204,186,3081473
191,176,3091640
235,222,3251110
245,225,3153143
209,186,3212453
188,177,3056273
207,187,2945124
197,173,3015945
219,201,3369322
230,212,3149182
233,216,3300982
212,200,3417807
189,175,2993546
230,206,3175782
172,161,3039806
194,176,2946333
206,188,3222274
204,186,2828680
226,209,3294138
227,208,3215268
222,203,3088318
200,185,2992783
237,227,3236659
225,207,3273218
219,198,3193856
171,157,3093436
222,206,3289622
189,173,3096532
210,192,3107610
183,162,2998799
206,186,3261170
215,203,3236060
238,222,3417205
175,162,2979969
205,194,3240670
231,214,3248168
195,179,3009672
199,185,3264545
206,187,3113754
211,197,3200135
193,180,3236839
189,167,2946455
222,208,3198980
234,225,3442935
215,202,3251803
192,175,3164992
219,204,3187838
185,165,3188354
188,173,3140994
203,189,3299494
200,176,3099749
220,204,3027218
213,194,3143505
209,189,3197103
177,165,2895264
234,223,3340420
198,179,2828605
203,186,3142066
205,188,3188877
189,176,3081565
205,181,3244631
229,205,3286584
197,175,3101125
204,195,3115858
215,200,3126847
209,187,3252914
229,209,3062644
201,185,3153109
200,185,3129284
203,184,3151084
191,175,2875087
213,196,3276515
221,210,3370879
225,202,3228808
207,188,3131246
202,187,3193771
235,218,3389334
217,196,3310032
199,185,3053969
224,212,3277403
194,183,3251730
211,189,2979003
206,190,3153438
211,191,2947290
191,173,3011936
211,195,3323696
187,163,2819532
203,187,3184912
181,169,2930824
208,190,2961437
226,206,3218976
250,233,3344864
218,206,2891789
239,222,3119683
219,200,3208561
204,185,2876643
209,187,3070965
219,198,3084919
233,220,3110610
214,196,3248412
192,178,3094857
257,240,3251034
228,205,3287859
198,182,3211417
182,168,2923319
223,200,3036478
202,186,3134199
210,194,3001816
211,198,3079146
225,200,2994288
189,174,3140861
236,214,3205030
198,181,3388855
245,229,3290563
186,174,3115462
219,199,3271011
240,218,3453562
231,214,3263403
206,184,3057941
197,180,2976260
226,204,3227825
204,190,3080499
178,163,3096260
203,185,3401140
202,185,3161505
201,187,2974269
190,171,3001141
215,198,3108902
215,198,3198072
226,198,3084395
226,212,3294033
211,193,3173177
198,170,3042983
225,204,2946921
213,191,3186808
201,185,3297962
208,193,3063368
226,213,3202028
228,209,3201140
201,181,3004096
246,233,3331760
180,161,3070003
189,172,3111405
219,201,3389712
220,208,3224846
202,195,3263281
210,200,3207740
194,170,3240009
226,211,3330000
192,178,3119516
191,181,3142979
218,198,3211873
231,220,3434021
193,175,3065801
207,193,3166674
234,217,3155725
229,211,3314130
176,164,2870232
211,192,3097729
201,182,3133751
199,173,2908731
209,200,3186102
206,186,3127128
226,215,3177053
230,208,3188224
241,225,3356055
204,181,3049662
201,191,3139030
192,179,3139040
217,196,3253124
199,181,3252966
211,194,3332642
215,190,3159962
211,197,3038600
185,175,3162195
217,196,3025348
241,224,2965190
245,224,3112121
239,225,3321537
235,220,3200742
212,199,3306278
227,213,3327023
221,205,3160807
181,162,3144509
217,201,3256086
196,181,2988448
209,190,3136962
187,173,3137547
206,188,2886061
227,200,3226210
212,199,3008448
202,189,3278026
224,204,3146097
220,204,3223335
234,212,3380114
203,196,3091119
189,166,2744190
219,201,3077069
212,190,3274919
204,185,3103132
189,176,3123267
219,200,3333376
199,185,3275513
198,183,3201133
218,206,3230251
190,178,3042050
204,190,3199488
227,209,3061709
210,195,3122870
220,205,3218466
207,192,3096244
192,174,3055033
213,193,3436946
192,179,3091527
206,195,3297250
184,168,3055442
218,198,2904199
202,183,3168264
196,185,3235147
204,182,3092717
215,198,3266680
214,201,3259748
204,193,3087283
248,223,3259604
205,181,3133274
230,203,3223989
216,199,3238648
216,195,3045840
212,197,3146895
223,206,3229990
224,207,3270051
215,198,3138820
187,174,3214225
247,227,3319524
198,184,3237340
203,190,3070208
199,183,3102323
240,220,3284592
204,184,3373507
192,174,3062810
211,200,3311801
199,185,3212528
222,199,3359209
220,193,3036874
200,184,3175653
218,199,3136789
236,221,3051237
231,213,3374018
219,206,3248973
218,199,3087802
211,190,3148417
210,194,3051481
217,200,3232110
245,225,3371881
205,185,3114564
222,204,3139224
229,214,3070983
210,192,2983583
188,170,2952042
191,183,3175277
221,206,3158717
215,201,3051662
197,177,3059191
213,201,2819633
199,182,3104294
209,192,3164219
216,201,2907540
