11,0,2918341
17,0,3248781
22,0,3180555
18,0,3127381
18,0,3243372
9,0,3149313
19,0,3147067
12,0,3096320
14,0,3168620
20,0,3106216
22,0,3026214
16,0,3061074
13,0,3284418
15,0,3042248
24,0,3353744
14,0,3056257
17,0,3009410
20,0,3334216
18,0,3189840
22,0,3257235
15,0,3407628
15,0,3070144
9,0,3187574
8,0,3068137
11,0,3072794
14,0,3294915
18,0,3204198
17,0,3206964
16,0,3320985
17,0,3267375
17,0,3162338
15,0,3338817
16,0,2831692
15,0,3316490
15,0,2938801
13,0,3087950
25,0,3155215
20,0,2922615
10,0,3090575
13,0,3021229
14,0,3533230
13,0,3106750
18,0,3308397
12,0,3214152
21,0,2974924
20,0,2911046
14,0,3150140
12,0,2964678
14,0,2996605
14,0,3416677
12,0,3501520
20,0,3051729
17,0,3245717
16,0,2959599
17,0,3216739
7,0,3271560
15,0,3457631
12,0,3373322
11,0,3109859
19,0,3285987
21,0,2894990
16,0,3306223
16,0,3037447
12,0,3184406
14,0,3168490
18,0,3079572
18,0,3187293
14,0,3181733
20,0,2925859
17,0,3240487
16,0,3224209
14,0,3051465
10,0,3070516
18,0,3233201
14,0,3221579
18,0,3307392
12,0,3197374
8,0,3091231
20,0,3075889
18,0,3235917
14,0,3160397
19,0,3124862
21,0,2950752
22,0,3266865
10,0,3015849
10,0,3254235
16,0,3552930
18,0,3001689
8,0,3230999
13,0,3230493
16,0,3099561
13,0,3181696
16,0,3274176
20,0,3286305
16,0,3185628
10,0,2969598
13,0,3053722
17,0,3000898
15,0,2899592
15,0,3139819
17,0,3214891
18,0,3472154
11,0,3272300
17,0,3118186
14,0,3032517
14,0,3224879
12,0,3233551
11,0,2984151
15,0,3144473
15,0,3150582
22,0,3158770
15,0,3058393
11,0,2996258
18,0,2949147
11,0,3001490
17,0,3166026
16,0,3137695
12,0,3267184
12,0,3264898
14,0,3166509
14,0,3349954
16,0,3097046
15,0,3253539
15,0,3165795
17,0,2880433
19,0,3144618
19,0,3580725
20,0,3398821
27,0,3363802
20,0,3318136
19,0,3125284
12,0,3025346
16,0,3192979
16,0,3245137
14,0,3186527
10,0,3123332
18,0,3198020
25,0,3047815
13,0,3220925
18,0,3058928
17,0,3230487
19,0,3033505
9,0,3283101
19,0,3088000
21,0,3105368
15,0,3366039
17,0,2991282
20,0,3382033
12,0,3120957
17,0,3178393
19,0,3213083
17,0,2911987
18,0,3244356
17,0,3137311
21,0,3229500
15,0,3303671
11,0,3079427
13,0,3177250
14,0,3041496
14,0,3253080
17,0,3048043
19,0,3136024
12,0,3258527
21,0,3027964
19,0,3245228
20,0,3014258
15,0,3161662
17,0,3180210
15,0,3063266
17,0,3191993
20,0,3130365
9,0,3306007
16,0,3183325
16,0,3089766
12,0,3139804
14,0,3338590
13,0,2987006
16,0,3001894
15,0,3191952
13,0,2945932
14,0,3267536
24,0,3154506
11,0,3201607
28,0,3264003
21,0,3156397
18,0,3278054
17,0,3179049
9,0,3240271
20,0,3044682
15,0,3240462
15,0,3545946
14,0,3276632
20,0,3065767
12,0,3025416
19,0,2937109
16,0,3131079
19,0,3103121
9,0,2986901
20,0,2975015
16,0,2951742
12,0,3207305
20,0,3219510
14,0,3448241
9,1,3146009
12,0,3121586
20,0,3285937
20,0,3170904
20,0,3252279
16,0,3304483
12,0,3172795
13,0,3417569
7,0,3100942
18,0,2902414
15,0,3229146
12,0,3053943
21,0,3169393
17,0,3029678
20,0,3191133
13,0,3156826
12,0,3121977
13,0,3215318
13,0,2913612
23,0,3124178
9,0,3142636
19,0,3085740
11,0,3120120
14,0,3119508
14,0,3016961
16,0,3188270
11,0,3099008
16,0,3295431
17,0,3121802
13,0,3000418
16,0,3136348
15,0,3118151
22,0,3433868
17,0,3286991
15,0,3405331
14,0,3109386
18,0,3150383
19,0,3021129
16,0,2981193
20,0,3190775
12,1,3446770
15,0,2895700
10,0,3021309
15,0,3174256
15,0,3219621
16,0,2946203
15,0,3206979
14,0,2879260
15,0,3307232
14,0,2976244
11,0,3173008
14,0,3093803
19,0,3182191
19,0,3061443
16,0,3120093
25,0,2978822
22,0,3067945
20,0,3183441
13,0,3125508
13,0,3194768
14,0,3260599
17,0,3267887
15,0,2930953
10,0,2998209
24,0,3658606
20,0,3045329
11,0,3365185
19,0,3093130
21,0,3095478
15,0,3147121
13,0,3261708
20,0,3018379
18,0,3154215
22,0,3250534
18,0,2992084
14,0,2869905
16,0,3525000
18,0,3257189
12,0,3077615
16,0,3265972
10,0,3180012
18,0,3039791
16,0,3354520
17,0,3388537
16,0,3238533
15,0,3043755
18,0,3190565
17,0,3188583
17,0,3312465
19,0,3077393
25,0,3117568
14,0,3175031
12,0,3207826
12,0,3039539
16,0,3187312
15,0,3087223
22,0,3434785
16,0,3084884
24,0,3231076
13,0,2988669
24,0,3225767
15,0,3110832
14,0,3125505
15,0,3389577
23,0,3119427
20,0,3315071
19,0,3199026
15,0,3247914
20,0,3042636
12,0,3013032
12,0,3431681
18,0,3134999
21,0,3284073
11,0,2973198
19,0,3201282
14,0,3309493
22,0,3055551
12,0,3333343
11,0,3216445
17,0,3313217
16,0,3221874
22,0,3310918
21,0,3136968
15,0,3296653
13,0,3170636
15,0,3082750
11,0,3173196
13,0,3090848
17,0,3257624
11,0,3184108
16,0,3087120
9,0,3272147
12,0,3207326
18,0,3066585
23,0,3159999
19,0,3059084
14,0,3133819
13,0,3254108
19,0,3354108
10,0,3124867
5,0,3131779
19,0,3169958
19,0,3310304
16,0,3171861
19,0,3064359
14,0,3120256
17,0,3049960
17,0,3180229
18,0,3092776
18,0,3113592
26,0,3205325
12,0,3106827
18,0,3028196
16,0,3313499
23,0,3175331
13,0,3190663
8,0,3291315
15,0,3081108
13,0,3165427
13,0,3081188
16,0,3155379
9,0,3159531
17,0,3305128
25,0,3344095
17,0,3188043
10,0,2975398
12,0,3241995
20,0,3252062
14,0,3319813
15,0,3077255
5,0,3093514
18,0,3262101
17,0,3233489
20,0,3263771
18,0,3453446
12,0,3190123
14,0,3171743
18,0,3006540
9,0,3233248
13,0,2958241
20,0,3185674
17,0,3094047
13,0,3204190
15,0,3226098
15,0,3314829
18,0,3093934
16,0,3314295
15,0,3186624
15,0,2965627
20,0,3235405
7,0,3219677
10,0,3074461
14,0,3189195
15,0,3060907
19,0,3199753
17,0,3056604
9,0,3022047
10,0,3372607
15,0,3355905
12,0,3129694
21,0,3243342
17,0,3075796
19,0,3105354
23,0,3318334
14,0,3165058
20,0,3315613
26,0,3073801
15,0,3230331
18,0,3171802
13,0,3088304
7,0,3270895
19,0,3321212
16,0,3146294
18,0,3263270
24,0,3130921
14,0,3116093
19,0,3231547
24,0,3188045
12,0,3119960
13,0,3213624
16,0,3218701
17,0,3280173
7,0,3267479
19,0,3162991
13,0,3375279
11,0,3221094
21,0,3183057
14,0,3313488
8,0,2889831
9,0,3256329
21,0,3114228
15,0,3207670
15,0,3236795
12,0,3178430
22,0,2943832
16,0,3208884
13,0,3134649
15,0,3253678
21,0,3017972
13,0,3233597
19,0,3061491
14,0,2959235
9,0,3239602
22,0,3285546
19,0,3097461
14,0,3332928
14,0,3211258
15,0,3083019
17,0,3025026
10,0,3273048
9,0,2933475
17,0,3143564
18,0,3154736
20,0,3106341
14,0,2723354
16,0,3372861
15,0,3028276
15,0,3129022
21,0,3316279
18,0,3350419
24,0,3169439
24,0,3245552
16,0,3209357
17,0,3183931
20,0,3023067
18,0,3096136
20,0,3266677
14,0,3019534
10,0,3367979
15,0,3039045
13,0,3184248
12,0,3332180
16,0,3075433
15,0,3213999
18,0,3122740
15,0,3407506
18,0,3106818
19,0,3055423
13,0,3220168
20,0,3002273
18,0,3197345
10,0,3261830
16,0,3185302
12,0,2995118
16,0,2813135
12,0,3024275
14,0,3167782
14,0,3142977
12,0,3265657
10,0,3027387
19,0,3140212
10,0,3190482
13,0,3268511
7,0,2913436
16,0,3079332
24,0,3309888
16,0,3422136
19,0,3463747
14,0,3282564
16,0,3004944
10,0,2971496
14,0,3424756
16,0,3330281
15,0,2982013
16,0,3202788
16,0,3169012
14,0,3227880
19,0,3189465
9,0,3100868
18,0,3041123
12,0,3053741
16,0,3250687
20,0,3231086
17,0,3112788
14,0,2963422
15,0,3462187
9,0,3266248
16,0,3117692
18,0,3161617
14,0,3246436
21,0,3252050
13,0,2980221
18,0,3083443
19,0,3180897
24,0,3155618
22,0,3283294
19,0,2977351
13,0,3024559
20,0,3196705
20,0,3252025
15,0,3083425
14,0,3044724
18,0,3236849
14,0,3354841
14,0,3307775
24,0,3126897
18,0,3384886
18,0,2936450
15,0,3293130
17,0,3206686
22,0,3306132
15,0,3178892
10,0,3124934
12,0,3171463
19,0,3266921
19,0,3168005
18,0,3279882
14,0,3283734
15,0,3142949
14,0,3080354
19,0,3281136
9,0,3272318
16,0,3111524
12,0,3123123
15,0,3317589
29,0,3075540
15,0,3164084
19,0,3122939
11,0,3327909
13,0,3130193
17,0,3414504
17,0,3055949
25,0,3164872
22,0,3070762
17,0,3274464
14,0,3305081
20,0,3244337
17,0,3264836
16,0,3044316
16,0,3272231
17,0,3222265
18,0,3293896
11,0,3230339
15,0,3123326
7,0,3073502
13,0,3023226
12,0,3284450
11,0,3297687
24,0,3073681
27,0,3011876
17,0,3521797
13,0,3283911
18,0,3343754
17,0,3138462
16,0,2992946
11,0,3215320
11,0,3274038
18,0,3020423
12,0,2987442
19,0,3318287
21,0,3189296
17,0,3412940
16,0,3261102
12,0,3159676
19,0,3223055
15,0,3053611
23,0,3096191
14,0,3302051
29,0,2934972
15,0,3565952
11,0,2934033
13,0,3282377
19,0,3167932
10,0,3238266
24,0,3400056
17,0,2986611
16,0,2876006
15,0,2876252
15,0,3065611
13,0,3397960
12,0,2948076
12,0,3140459
13,0,3060721
14,0,3198900
10,0,3067439
14,0,3039308
20,0,3289171
14,0,3074163
15,0,3328229
16,0,3075131
19,0,3115829
11,0,2946377
17,0,3083238
17,0,3018299
15,0,3216035
21,0,3233775
17,0,3189687
14,0,3189125
13,0,3196938
16,0,3280849
20,0,3133485
19,0,3021237
9,0,3072368
14,0,3109835
17,0,3136620
10,0,3260521
20,0,3137032
15,0,3275049
12,0,3329206
20,0,3313419
16,0,3224319
14,0,3257127
13,0,3510250
14,0,3284105
20,0,3274100
11,0,3378622
18,0,3023755
16,0,3189899
19,0,3234007
8,0,3134097
14,0,3390725
16,0,3076338
15,0,3004372
22,0,3100192
21,0,3204177
14,0,3093329
13,0,3334709
26,0,3344122
19,0,3354906
19,0,3250538
12,0,3253515
17,0,3465992
14,0,3105976
12,0,3328906
19,0,2945012
19,0,3107019
16,0,3218620
19,0,3076336
10,0,3048850
16,0,3091461
14,0,3109893
12,0,3352973
13,0,3040622
12,0,3255055
17,0,3137686
11,0,2942500
19,0,3144159
16,0,3162415
20,0,3006172
15,0,3020808
10,0,3099527
20,0,3260795
15,0,2931273
18,0,3329779
12,0,3292962
12,0,3200027
11,0,3065311
20,0,3165608
15,0,3112614
14,0,2998354
17,0,3115681
15,0,3021066
18,0,3276534
13,0,3414752
22,0,3176985
17,0,3179031
9,0,3032391
17,0,3062347
10,0,3266491
21,0,3235656
16,0,3258739
21,0,3183294
15,0,2952402
22,0,3109712
12,1,3180952
14,0,3147095
25,0,3254620
16,0,3132774
19,0,3166856
15,0,3238075
13,0,2948753
25,0,3123255
20,0,3238035
9,0,3445140
11,0,3097744
14,0,3195645
16,0,3215578
9,0,2980703
18,0,3149180
15,0,3076640
15,0,2977090
8,0,3369216
15,0,3300657
11,0,3123020
20,0,3138733
14,0,3323812
19,0,3145062
8,0,3074754
17,0,3233714
20,0,3132460
15,0,3110807
16,0,3080426
13,0,3065896
23,0,3279297
13,0,3190093
19,0,3138391
16,0,3066054
19,0,3055886
11,0,3282218
19,0,3176847
11,0,3027200
18,0,3129435
11,0,3357710
20,0,2935357
13,0,2860280
13,0,3241738
16,0,3126039
17,0,3034023
21,0,3185954
8,0,3430492
15,0,3313236
11,0,3100716
11,0,2978290
23,0,3080809
16,0,3221055
11,0,3260190
15,0,3191781
12,0,3253679
14,0,3049619
12,0,3124438
13,0,3172193
21,0,3214378
13,0,3295352
19,0,2928019
16,0,3021461
15,0,2978002
14,0,3254502
13,0,3082626
12,0,3168015
15,0,3295057
16,0,3347151
10,0,3024231
11,0,3045717
15,0,3237349
14,0,2983761
17,0,3117242
21,0,3129740
18,0,3251331
16,0,3103975
11,0,3329435
12,0,3301737
21,0,2979538
14,0,3070868
18,0,3123435
16,0,3033836
17,0,3069389
11,0,3353486
22,0,3012007
13,0,3215520
10,0,3214610
12,0,3144113
14,0,3047094
14,0,3191099
15,0,3226333
14,0,3064416
17,0,3256465
18,0,3298750
10,0,3039392
14,0,3237975
10,0,3041703
17,0,3286155
9,0,3028638
14,0,3049615
13,0,3246208
20,0,3231761
18,0,3061102
16,0,3004841
11,0,3118919
12,0,3116904
20,0,3036505
12,0,3210239
9,0,3216394
20,0,3054658
21,0,2972058
16,0,2866824
14,0,2970868
17,0,3266418
20,0,2948987
23,0,3130617
14,0,3279769
14,0,3365698
11,0,3338296
13,0,3146782
16,0,3245515
17,0,3150691
15,0,2996524
12,0,3189535
14,0,3144512
20,0,3278660
12,0,3142011
12,0,3304513
17,0,3286031
10,0,3418117
16,0,3423654
21,0,3178844
22,0,3215025
19,0,3155784
13,0,3056545
17,0,3246501
15,0,3219298
10,0,2858509
24,0,3284701
14,0,3246904
16,0,3308312
15,0,3091111
13,0,3240661
20,0,3135272
13,0,2969040
18,0,3251550
23,0,3202191
23,0,3087565
25,0,3155929
10,0,3184656
9,0,3031403
11,0,3040438
16,0,3172828
14,0,2979506
14,0,2863615
25,0,3366904
21,0,3180005
23,0,3367033
18,0,3075288
23,0,3146529
12,0,3056108
16,0,3230047
13,0,3202282
16,0,3437595
20,0,3129213
14,0,3085688
20,0,3280129
9,0,3201789
22,0,3229719
15,0,3234382
11,0,3221755
12,0,3157240
12,0,3061257
21,0,3053674
18,0,3275673
9,0,3144265
16,0,3092539
24,0,3057153
21,0,3233396
18,0,3296455
18,0,3268582
12,0,3163995
15,0,3120207
19,0,3120195
11,0,3249526
19,0,3307774
10,0,3143861
19,0,3070728
12,0,3233363
15,0,3134340
15,0,3142708
19,0,2862766
23,0,3258415
18,0,3337511
17,0,3273021
15,0,3193948
11,0,3255546
19,0,3273085
15,0,3226760
12,0,3035402
24,0,3140654
18,0,3152968
13,0,3304769
16,0,3322892
20,0,3292396
14,0,3009739
6,0,3102679
22,0,3144212
13,0,3111424
14,0,3096095
9,0,3143058
16,0,3158623
14,0,3328559
16,0,3234485
7,0,3384441
9,0,3135357
6,0,3135575
14,0,3087598
25,0,3226125
19,0,2976614
14,0,3177846
17,0,3111134
14,0,3057151
12,0,3112381
15,0,2920532
15,0,3233903
13,0,3021333
14,0,3175836
11,0,3073961
18,0,3222203
19,0,3250404
18,0,2961823
9,0,3210487
23,0,3028969
16,0,2989209
12,0,2912085
16,0,3107359
29,0,3272132
27,0,3245392
17,0,3372904
12,0,3409488
15,0,3133669
12,0,3171278
15,0,3179231
13,0,2980189
19,0,3243681
9,0,3273513
13,0,3200083
16,0,3163633
16,0,3181686
9,0,3261524
17,0,3286368
16,0,3490949
19,0,3307168
12,0,3343885
17,0,3185113
16,0,3251408
16,0,3270721
11,0,3190626
12,0,3341516
19,0,3153830
18,0,3102102
12,0,3061452
19,0,2924604
15,0,2960543
12,0,2959235
22,0,3203545
20,0,3109798
18,0,2962302
11,0,3194886
24,0,3451793
11,0,2898729
21,0,3238254
25,0,3058956
19,0,3087993
13,0,3149973
13,0,3405621
13,0,3192631
9,0,3049397
18,0,3231570
14,0,3204648
15,0,3118276
23,0,3086810
21,0,2984596
16,0,3262392
12,0,3200132
11,0,3267106
15,0,3065204
19,0,3134407
16,0,3098309
12,0,3154982
17,0,3158082
12,0,3550542
18,0,3030016
25,0,3249898
15,0,3280318
16,0,3309028
17,0,3207321
12,0,3079713
18,0,3236277
19,0,3209840
14,0,3227902
24,0,3189973
13,0,3334369
19,0,3164627
10,0,3171886
11,0,2886313
18,0,3316166
11,0,3054227
8,0,2884467
17,0,2927976
15,0,3220234
20,0,3304034
18,0,3108483
19,0,3147804
14,0,3105923
15,0,3149781
16,0,3388989
10,0,3105622
15,0,3145804
8,0,3496725
12,0,3144710
17,0,2968112
12,0,3183956
21,0,3137306
19,0,3346211
20,0,3034058
16,0,3248616
16,0,3275036
18,0,3036013
9,0,3390360
12,0,3111271
11,0,3093172
27,0,3250210
11,0,2856569
10,0,3184725
19,0,3040528
14,0,3188031
16,0,3116666
19,0,2971399
14,0,3086161
23,0,3217171
17,0,3245432
14,0,2997511
11,0,3065933
10,0,3227572
15,0,3247544
15,0,3193375
14,0,3234003
20,0,3267902
21,0,3240074
9,0,3012456
12,0,3157799
20,0,3008290
12,0,3168092
11,0,3285867
15,0,3277488
21,0,3068114
21,0,2971157
15,0,2974150
18,0,3028861
15,0,3194347
26,0,3048806
21,0,2955445
14,0,3356982
11,0,3134464
13,0,3210942
18,0,3085397
13,0,3055611
16,0,3216866
15,0,3412919
15,0,3021175
23,0,3237009
26,0,3092468
19,0,3352513
14,0,3250622
15,0,3350484
16,0,3219695
10,0,3490025
20,0,3259677
14,0,3000260
16,0,3207276
18,0,2985279
14,0,3364340
14,0,3307604
11,0,3128817
14,0,3203404
12,0,3243317
23,0,3124078
27,0,3154953
19,0,3107252
16,0,3007149
25,0,2965655
16,0,3090687
21,0,3049736
20,0,2955249
14,0,3339289
18,0,3008468
21,0,2994311
13,0,2976653
19,0,3126342
19,0,3074446
12,0,3070575
11,0,3229713
14,0,3249681
19,0,3273380
14,0,3146151
12,0,3208044
17,0,2853863
11,0,3140937
17,0,3271324
20,0,2987341
15,0,3190982
16,0,3092690
18,0,3050346
18,0,3156297
21,0,3128534
21,0,3095917
22,0,3060202
15,0,3210561
17,0,3184954
11,0,3257098
14,0,3440314
15,0,2812813
15,0,3308822
16,0,3138475
13,0,3090406
24,0,3201257
14,0,3419818
15,0,3113590
20,0,2980504
12,0,3380782
16,0,3241397
16,0,3187749
16,0,3237931
21,0,3095804
15,0,3029816
21,0,3111610
17,0,3042961
14,0,3233489
19,0,3124564
13,0,3239480
17,0,3204628
14,0,3117940
7,0,2971713
16,0,3114492
24,0,3329131
12,0,3303595
13,0,3188216
18,0,3460469
18,0,3215022
19,0,3250140
16,0,3221763
13,0,3090082
14,0,3269379
19,0,3116232
14,0,3267424
15,0,3135816
15,0,3174644
17,0,3131926
11,0,3065451
11,0,3373083
14,0,3109517
12,0,3216117
14,0,3112012
9,0,3245882
12,0,3380311
14,0,3426937
13,0,3088001
17,0,3177741
14,0,3250886
14,0,3070072
14,0,2766540
11,0,2991807
13,0,3215609
18,0,2972081
13,0,3237213
12,0,3116637
12,0,3239306
19,0,3109695
16,0,3086597
13,0,3246001
17,0,3460097
15,0,3270155
14,0,3274071
21,0,3106649
19,0,3351100
5,0,3063079
8,0,3069343
13,0,3271175
15,0,3322365
16,0,3280078
15,0,3117172
11,0,3224735
16,0,3235488
13,0,3430294
15,0,3079223
11,0,3168497
14,0,3217776
18,0,3148962
14,0,2996752
19,0,3061982
24,0,3273479
20,0,3057700
14,0,3139183
10,0,3131809
16,0,3233472
20,0,3026322
16,0,3280571
15,0,3176431
24,0,3249165
13,0,3149626
11,0,3216031
25,0,3103070
20,0,2709299
13,0,3337303
12,0,3160673
13,0,3011783
25,0,3012128
20,0,3204805
6,0,3152126
20,0,3044628
18,0,3102174
14,0,3152688
8,0,3107298
13,0,3058834
21,0,3315227
16,0,3142115
19,0,3127203
21,0,3224905
6,0,3060880
6,0,3020865
10,0,3119874
8,0,3006819
10,0,3093194
12,0,3124447
16,0,3223246
28,0,2933662
10,0,3004366
19,0,3050844
20,0,3127094
18,0,3422856
16,0,3229648
14,0,3383369
21,0,3256630
19,0,3040374
17,0,3112568
14,0,3242192
12,0,3097823
18,0,3023398
16,0,3169149
14,0,3019613
13,0,3158210
16,0,3096171
14,0,3198902
13,0,3256253
16,0,3227360
19,0,3249166
16,0,3142261
16,0,3348962
20,0,3147678
12,0,3023340
16,0,3143924
21,0,3289999
19,0,2942009
17,0,3228400
14,0,3336187
13,0,3055629
17,0,3161473
15,0,3419148
15,0,3133018
11,0,3227848
18,0,3221910
12,0,3273578
16,0,3438949
12,0,3343913
13,0,3226176
15,0,3152313
13,0,3034900
22,0,3016894
21,0,3261939
23,0,3063077
20,0,3283516
16,0,3099876
14,0,3206077
16,0,3137790
12,0,3194145
18,0,3212872
10,0,3053788
14,0,2991150
20,0,3245216
15,0,3215682
15,0,3244253
18,0,3027067
11,0,3019140
9,0,3030941
17,0,3199614
17,0,3349219
15,0,2981317
14,0,3191844
14,0,3138905
15,0,3411900
14,0,3240847
12,0,3398694
20,0,3221101
13,0,3323228
16,0,3308749
17,0,2967371
9,0,3098557
17,0,3211528
27,0,3137813
14,0,3108815
15,0,3097508
15,0,3121788
16,0,3154508
16,0,3192874
15,0,3262207
9,0,2945406
24,0,3226184
20,0,3073676
11,0,3226485
15,0,3151400
14,0,3221767
12,0,3132327
15,0,3121005
10,0,3034649
10,0,3416729
15,0,3294782
18,0,3045032
8,0,3056369
16,0,3229252
15,0,3127433
12,0,3093349
8,0,3182429
10,0,3181847
11,0,3338604
17,0,3106208
13,0,3128207
19,0,3185754
16,0,3181115
19,0,3210662
22,0,3113290
12,0,3120351
23,0,3181092
14,0,3114565
16,0,2841605
14,0,3239945
16,0,3282475
21,0,3348526
15,0,3198244
12,0,3184719
24,0,3253686
22,0,3139920
15,0,3195562
13,0,3367447
17,0,2991728
8,0,3238276
19,0,3012825
9,0,3163802
12,0,3012454
15,0,3096753
17,0,3087776
14,0,3183107
16,0,3210873
12,0,3227213
16,0,3014466
22,0,3254356
14,0,3103352
9,0,3169515
14,0,3271973
19,0,3054783
18,0,3195761
14,0,3166200
9,0,3111905
15,0,3168489
11,0,3160432
21,0,3163763
14,0,3303972
19,0,3152082
9,0,3133745
13,0,2939393
16,0,3111911
13,0,3142328
17,0,3451118
17,0,3181869
26,0,3050956
14,0,3480001
20,0,3135406
19,0,2896617
27,0,2963555
18,0,3227956
11,0,2962124
20,0,3012310
15,0,3190440
19,0,3228264
10,0,3180554
17,0,3148449
13,0,3164652
14,0,3159033
15,0,2858467
15,0,2945329
11,0,2956443
21,0,3192883
20,0,3090717
16,0,3180737
14,0,3260214
24,0,3129889
10,0,2935443
18,0,2977192
15,0,3181834
12,0,3122729
13,0,3118965
19,0,3163923
20,0,2932996
9,0,3219322
22,0,3219269
11,0,3171613
14,0,3171220
23,0,3112056
20,0,3386422
16,0,3254828
12,0,3059213
16,0,3050542
15,0,3217742
16,0,3208105
15,0,3257718
25,0,3080082
15,0,3114459
14,0,3296822
16,0,3085502
17,0,3106554
15,0,3247866
15,0,3096706
14,0,2924701
24,0,3422460
14,0,3074847
20,0,3134834
9,0,3086515
24,0,3163401
14,0,3253210
16,0,3280309
16,0,3088137
10,0,3003024
12,0,3226611
19,0,3105502
18,0,3290709
15,0,3223551
14,0,3318774
28,0,3230750
11,0,2914325
16,0,3265422
20,0,3117873
15,0,2910551
11,0,3249786
18,0,3020752
13,0,3155773
18,0,3176053
28,0,2985117
13,0,3113435
11,0,3342598
16,0,3027914
20,0,3037415
16,0,2971236
16,1,3301192
12,0,3195432
17,0,3400458
15,0,2851393
21,0,3144223
20,0,3370546
14,0,3279233
18,0,3031466
13,0,3308602
15,0,3276006
16,0,3236938
14,0,3391769
18,0,3382281
19,0,3054180
16,0,3102072
14,0,3241488
17,0,3140000
20,0,2998732
17,0,2964368
15,0,3139052
13,0,3135837
19,0,2965746
13,0,3021028
14,0,3261287
15,0,3192846
16,0,3119565
14,0,3578511
24,0,2888385
16,0,3123904
10,0,3329860
16,0,3148928
23,0,3156655
11,0,3073506
8,0,3190408
18,0,3200238
21,0,3021081
18,0,3215624
14,0,3130218
12,0,3214813
16,0,3400097
20,0,3061571
17,0,3179039
15,0,2939332
13,0,3131826
14,0,3042314
16,0,2992483
15,0,3251711
17,0,3212997
23,0,3199252
16,0,3287364
23,0,3301748
19,0,3157058
21,0,3158757
9,0,3199137
24,0,3179624
11,0,3036362
9,0,3250871
13,0,3153434
20,0,3310045
15,0,3142740
17,0,3206138
14,0,2841144
18,0,3188815
11,0,2997957
11,0,3272930
17,0,3174311
15,0,3389257
18,0,3327570
12,0,2932593
18,0,3139360
16,0,3132282
14,0,3423271
7,0,3177700
16,0,3260464
22,0,2923133
11,0,3208196
17,0,3169159
22,0,3227233
21,0,3240808
17,0,3480110
14,0,3058428
8,0,3087202
13,0,2876549
14,0,3166683
19,0,3257330
15,0,3098129
21,0,3370377
22,0,3309310
17,0,3398782
11,0,3449652
14,0,3176411
10,0,3264055
18,0,3162694
15,0,3128238
16,0,3251970
15,0,3261931
19,0,2828410
16,0,2979653
15,0,3107987
21,0,3185505
18,0,3051540
18,0,2956652
17,0,3001493
27,0,2954933
12,0,3097735
22,0,3018106
18,0,3140928
17,0,3248765
16,0,3125212
23,0,3337308
21,0,3138291
15,0,3145627
14,0,3082512
16,0,3156478
15,0,3179415
18,0,3030408
18,0,3009613
12,0,2955988
18,0,3305317
14,0,3236189
10,0,3041031
17,0,3271393
14,0,3434171
19,0,3042248
17,0,3142014
16,0,3051170
19,0,3131407
16,0,3182518
12,0,3227278
15,0,3081500
20,0,3169861
15,0,3269425
16,0,3006433
20,0,3135971
17,0,3189532
10,0,3375041
17,0,2947801
12,0,3090643
15,0,3198828
19,0,3119207
18,0,3232493
17,0,2971547
16,0,3376607
22,0,3090379
20,0,3154716
24,0,3280223
17,0,3094830
13,0,3303052
16,0,3115588
15,0,3081203
19,0,3135171
20,0,3235157
13,0,3248282
9,0,3345525
17,0,3282578
10,0,3322210
14,0,3294565
14,0,3159905
18,0,3099007
17,0,3122003
10,0,3455265
18,0,3056361
20,0,3181894
15,0,3056865
6,0,3244589
11,0,3536061
15,0,3145618
14,0,3067539
11,0,3094742
17,0,3133850
16,0,3261930
20,0,3107477
15,0,3188038
24,0,3080805
12,0,3347979
11,0,3230426
17,0,2924304
14,0,3154200
9,0,3364566
7,0,3006954
19,0,3365678
14,0,3106861
15,0,3082954
16,0,3321259
12,0,3097984
20,0,3294515
20,0,3104064
13,0,3099437
20,1,3018121
16,0,2995841
18,0,3161679
16,0,3134002
8,0,3181214
13,0,3044884
16,0,3277217
23,0,3294349
14,0,3284591
18,0,3210871
17,0,2971209
10,0,3334937
15,0,3015801
21,0,3246428
11,0,3126618
13,0,2994313
16,0,3157508
14,0,3235195
17,0,3085581
14,0,3360578
16,0,3279355
15,0,3130911
23,0,3357261
22,0,2952257
17,0,3188780
14,0,2974419
21,0,2959050
8,0,2946494
14,0,3052670
13,0,2999506
25,0,3233687
14,0,3039789
18,0,3153532
20,0,3042134
11,0,3102270
18,0,3222143
21,0,3164674
16,0,3060932
16,0,3231913
20,0,3067352
15,0,3306815
15,0,3086918
20,0,3138709
11,0,3185608
19,0,3301744
21,0,3264807
15,0,3105515
17,0,3116231
17,0,3054313
15,0,3323368
14,0,2961722
16,0,3058879
14,0,2988369
20,0,3351637
16,0,3242054
11,0,3152318
18,0,3248243
15,0,3253007
17,0,3242161
14,0,2938200
18,0,3087798
13,0,3371158
21,0,3063543
13,0,3243413
12,0,3178015
21,0,3021594
16,0,3215468
13,0,3094425
16,0,3299831
19,0,3251100
9,0,3126509
17,0,3366187
12,0,3086072
15,0,3392439
16,0,3183688
9,0,2974638
18,0,3230380
6,0,3237128
21,0,3149041
27,0,3038670
15,0,3320692
14,0,2944498
19,0,3081307
15,0,3417950
19,0,3044257
26,0,2864485
16,0,3124356
19,0,3111154
14,0,3273231
21,0,3303106
16,0,3056011
16,0,3234125
23,0,3020309
18,0,3149443
9,0,2800950
16,0,3027915
24,0,3147342
16,0,3321846
13,0,3156258
17,0,2987499
14,0,2982647
11,0,3233896
19,0,3066589
16,0,3121305
18,0,3129531
24,0,3096496
20,0,3006419
12,0,3377748
18,0,3141099
18,0,3241395
17,0,3110678
18,0,2912989
15,0,3138683
18,0,2900983
22,0,3258663
13,0,2968244
20,0,3122599
15,0,3137803
15,0,3022914
12,0,3135608
24,0,3087783
15,0,2908313
18,0,3190032
20,0,2979878
14,0,3166635
21,0,3211289
15,0,3072242
12,0,3182012
14,0,3113020
10,0,3113693
18,0,3234171
16,0,3090151
26,0,3123767
11,0,2999394
12,0,3366154
25,0,3246896
15,0,3129608
19,0,3245860
15,0,3120252
20,0,3143828
6,0,3261291
15,0,3051703
18,0,3178913
15,0,3215232
8,0,3208692
15,0,2927172
18,0,3308024
16,0,3226129
17,0,3238395
9,0,3119353
22,0,3418583
15,0,3302410
10,0,3608903
13,0,3251465
17,0,2987730
7,0,3143968
17,0,3071659
20,0,3098185
19,0,3144982
17,0,3149225
14,0,3290757
15,0,3253358
19,0,2803539
18,0,3192244
9,0,3090192
14,0,3299076
10,0,3090819
19,0,3072095
18,0,3241352
16,0,2959116
22,0,3220612
17,0,3001575
18,0,3184764
14,0,3256731
14,0,3106167
24,0,3383075
15,0,3131395
21,0,3263320
17,0,3084382
15,0,3146684
16,0,3197561
10,0,3041949
12,0,2953578
19,0,3107723
23,0,2984951
14,0,3189977
12,0,3052175
12,0,3086360
16,0,3383750
14,0,3347013
15,0,3205268
18,0,3406022
21,0,3054596
21,0,3312647
16,0,3214471
13,0,3135472
21,0,3248490
17,0,3133457
17,0,3005059
12,0,3191454
15,0,3161907
16,0,3168910
16,0,3163423
13,0,3189514
21,0,3112217
16,0,3222153
18,0,2923566
17,0,3099380
17,0,2999319
13,0,2910356
17,0,3109085
9,0,3078172
21,0,3186264
25,0,2969657
13,0,3038549
17,0,3328173
12,0,3012374
8,0,3037396
17,0,3180557
10,0,3277742
12,0,3049846
14,0,3277903
13,0,3138979
13,0,3223633
18,0,3340029
17,0,3309461
8,0,3233747
11,0,3145659
18,0,3079739
14,0,3061897
22,0,3173651
14,0,3222885
11,0,3080945
22,0,3055822
15,0,3051570
12,0,3311773
15,0,3236628
16,0,3160885
15,0,2948649
16,0,3270955
13,0,3307495
11,0,3201238
13,0,2960591
8,0,3058632
15,0,3211019
21,0,3201625
16,0,3197494
16,0,3146771
18,0,3105668
18,0,3366413
13,0,3078526
11,0,3179109
12,0,3363640
8,0,2862272
19,0,3273073
17,0,3002135
18,0,3216251
17,0,3077271
15,0,3272385
15,0,3153167
14,0,3121033
16,0,3111025
21,0,3098353
13,0,3147368
15,0,3015431
13,0,3350816
16,0,3333699
11,0,3060363
13,0,3215841
19,0,3336793
14,0,3080279
12,0,3342125
14,0,3232725
11,0,3044541
16,0,3181509
17,0,3076809
19,0,3103765
25,0,3125268
15,0,3318619
11,0,3112277
11,0,3021512
22,0,3139587
14,0,3133374
18,0,3117395
16,0,2977774
15,0,3072508
12,0,3193967
10,0,3046820
15,0,3167648
13,0,3263498
15,0,3238945
23,0,3168403
19,0,3116147
12,0,3263634
11,0,3150648
16,0,3278970
26,0,3057076
10,0,3156230
17,0,3081492
14,0,3006945
15,0,3068568
18,0,3331903
25,0,3078108
14,0,3250456
16,0,3181584
13,0,3333709
15,0,3185995
29,0,3099942
13,0,3327069
11,0,3144698
22,0,3092586
12,0,3236394
14,0,3183509
12,0,2981567
13,0,3141269
9,0,3243083
20,0,3260384
17,0,3326210
19,0,3178368
23,0,3203679
14,0,3024459
14,0,3279962
13,0,2999072
14,0,3032089
18,0,3248192
20,0,3338283
18,0,3327877
18,0,3156452
14,0,3158675
14,0,3143699
19,0,3250197
20,0,2950354
13,0,3186998
10,0,3305770
8,0,3089017
17,0,3173673
18,0,3034300
15,0,3041446
21,0,3179861
15,0,3173582
26,0,3037381
13,0,2959275
20,0,3157150
14,0,3181648
13,0,3062336
7,0,3373411
8,0,3184106
13,0,3173607
19,0,3383357
14,0,3033186
18,0,2997937
19,1,3184822
14,0,2984805
24,0,3033764
19,0,3127549
14,0,3027247
14,0,3238650
22,0,3208753
21,0,3117331
23,0,2977910
19,0,3257369
12,0,3394716
16,0,3146750
20,0,2912750
10,0,2886464
17,0,3155238
17,0,2999650
12,0,3180379
10,0,3239056
15,0,3090227
10,0,3155893
14,0,3147919
14,0,3180951
18,0,3108171
10,0,3254270
20,0,2928380
15,0,3264214
18,0,3274993
19,0,3033552
16,0,3224518
12,0,3004614
15,0,3144843
20,0,3126197
14,0,3075441
19,0,3115183
20,0,3215964
21,0,3185084
18,0,3182776
19,0,3439592
10,0,3140120
14,0,3186843
18,0,3231665
22,0,3286372
14,0,3267350
15,0,3151568
22,0,2965995
14,0,3278480
18,0,2933965
15,0,3267139
16,0,3120171
16,0,3066857
15,0,3185891
16,0,3140951
22,0,3185838
16,0,3332087
15,0,3249367
12,0,3127538
14,0,3222323
17,0,3231576
12,0,3018256
20,0,3217464
10,0,3137056
15,0,3239741
17,0,3371287
9,0,2978920
16,0,3380805
17,0,3136394
15,0,2991126
14,0,3068733
22,0,3035449
25,0,3127236
16,0,3370597
19,0,3117886
12,0,3252598
22,0,3025022
20,0,3262350
11,0,3280807
13,0,3193486
11,0,3162347
13,0,3203501
7,0,2995019
17,0,3255222
17,0,2999715
15,0,3162490
22,0,3358597
18,0,3204644
11,0,3141544
15,0,2871053
16,0,3403280
22,0,3381579
22,0,3192643
14,0,3136658
18,0,3224653
23,0,3047410
13,0,3477857
18,0,3121818
24,0,3094312
19,0,2983497
15,0,3456076
15,0,3028559
22,0,3278500
21,0,3318381
26,0,3287559
8,0,3172835
24,1,3242851
7,0,3069882
16,0,3223514
10,0,3263487
17,0,3472882
18,0,3140744
12,0,3103105
13,0,3265643
19,0,3201219
21,0,3365524
15,0,3054176
16,0,3105295
13,0,3225457
19,0,3045608
14,0,2923367
20,0,3305235
11,0,2931294
9,0,3212943
13,0,3046213
16,0,3182474
19,0,3274360
19,0,3169182
16,0,3039713
12,0,3195803
19,0,3109755
17,0,3097355
16,0,2995310
18,0,3178601
20,0,3244342
13,0,3311018
13,0,3038583
12,0,3265563
19,0,3077246
22,0,3313010
8,0,3053368
14,0,3120187
20,0,3117248
16,0,3154314
19,0,3271634
16,0,2931082
18,0,3189014
18,0,3179698
8,0,3173835
11,0,3169987
9,0,3145027
17,0,3342031
15,0,3078980
21,0,3249572
16,0,3049671
9,0,3020520
8,0,3340987
15,0,3146908
14,0,3177929
13,0,3169510
18,0,3064916
13,0,3230112
16,0,3193127
15,0,2997104
16,0,3332737
11,0,3026849
10,0,3161832
10,0,2971566
14,0,3120161
16,0,2997963
11,0,3060337
16,0,3299141
19,0,3348334
15,0,3103743
19,0,3398364
13,0,3249716
16,0,3193876
14,0,3209431
11,0,3112583
13,0,3096645
18,0,3026756
14,0,3345250
16,0,3114018
16,0,3096171
19,0,3362604
16,0,3137998
16,0,3063278
23,0,3208573
14,0,3196474
16,0,3301779
13,0,2938719
18,0,3036029
16,0,3099099
15,0,3216664
15,0,3116634
18,0,3048571
20,0,3086906
8,0,3231141
17,0,3128287
22,0,3177503
18,0,3145448
22,0,3213605
16,0,3298038
20,0,3023321
14,0,3138366
15,0,3136348
18,0,3220821
11,0,3172368
15,0,3398510
14,0,3133137
16,0,3136033
14,0,3198012
18,0,2949823
17,0,3141806
16,0,3035127
14,0,3215304
11,0,3062465
15,0,3221689
17,0,3223160
13,0,3221011
11,0,3112812
6,0,2947814
16,0,3190721
14,0,3082759
10,0,3200614
15,0,3335522
11,0,3481966
10,0,3421004
12,0,3060088
20,0,3182062
13,0,3104643
14,0,3112192
17,0,3356571
14,0,3299725
15,0,3171247
15,0,2950847
22,0,3278129
18,0,3150952
14,0,3068811
27,0,2971786
20,0,3456097
18,0,3124024
19,0,3468348
14,0,3182197
16,0,3218650
18,0,3095819
18,0,3123452
14,0,2882799
12,0,3120615
13,0,2921861
23,0,3052112
13,0,3106273
16,0,3330764
16,0,3323183
11,0,3270150
24,0,3227488
15,0,2967210
17,0,3408838
23,0,3329004
16,0,3180811
22,0,3257285
18,0,2909286
18,0,2908631
11,0,3003833
13,0,3381818
12,0,3082607
18,0,3192464
21,0,3188742
15,0,3274297
15,0,3076231
15,0,3202580
13,0,3250128
10,0,3248321
15,0,3127811
17,0,3056562
15,0,2943096
15,0,2945494
16,0,3369909
13,0,3342398
9,0,3234074
16,0,3147515
15,0,2988909
11,0,2969597
19,0,3264522
15,0,3151694
16,0,3303322
10,0,3054663
18,0,3268708
18,0,3046116
18,0,3041217
20,0,3247807
10,0,3167616
15,0,3292301
15,0,3313789
14,0,3334280
12,0,3053649
14,0,3109350
11,0,3299026
18,0,3335782
13,0,3410198
10,0,3300158
12,0,3002101
18,0,3303214
22,0,3202672
18,0,3077327
17,0,3402015
12,0,2954804
18,0,3012024
14,0,3054184
19,0,3226871
16,0,2985648
11,0,3136644
17,0,2931200
21,0,3009918
16,0,3178103
10,0,2967449
19,0,3191567
17,0,3135415
10,0,3097388
17,0,3120479
11,0,3099201
16,0,3026510
14,0,3149166
12,0,3155332
18,0,3223668
17,0,3346074
16,0,3308553
5,0,3052803
19,0,2992253
13,0,3278068
12,0,3041049
11,0,3195484
14,0,3112618
11,0,3130123
14,0,3159150
15,0,3222232
15,0,2952327
9,0,3303141
9,0,3355290
17,0,3116266
20,0,3162014
9,0,3096426
18,0,3000900
20,0,2985191
26,0,3147551
17,0,3012576
19,0,3141097
19,0,2882417
18,0,3233921
19,0,3163981
15,0,2973014
10,0,3114964
13,0,3330561
20,0,3175950
9,0,3167526
15,0,3178607
11,0,3336540
17,0,3063652
11,0,3127740
16,0,3208482
18,0,3084798
16,0,3097520
14,0,3184373
11,0,3143004
20,0,3137496
20,0,3441774
18,0,3141822
18,0,3180285
21,0,3257888
20,0,2986099
11,0,2991706
15,0,3099207
16,0,3137174
17,0,3234006
13,0,3250553
13,0,3442847
9,0,3080426
21,0,3057912
11,0,3021327
24,0,3135115
12,0,3191947
12,0,3096942
12,0,3529191
11,0,3188131
23,0,3213482
19,0,3055191
16,0,3125948
17,0,3365916
13,0,3270514
25,0,3235153
15,0,2886573
20,0,3138732
20,0,3164339
18,0,3099158
14,0,3117756
12,0,3215231
18,0,3155984
19,0,3229423
20,0,3238998
17,0,3290964
10,0,2980123
10,0,3226422
14,0,3104541
20,0,3256886
26,0,2942999
19,0,3081414
13,0,2929539
12,0,2830017
21,0,2974096
22,0,3102291
8,0,3157600
19,0,3034937
17,0,3238908
13,0,3368068
21,0,3229130
10,0,2982266
10,0,3135379
18,0,3399141
11,0,3060285
10,0,3311903
12,0,3169638
16,0,3215901
14,0,3298367
15,0,3001500
14,0,3306917
19,0,3063903
14,0,3147964
12,0,3186994
10,0,3266580
24,0,3111271
19,0,3305131
9,0,3011846
17,0,3227552
14,0,3218447
14,0,3344396
15,0,3189737
19,0,3037592
12,0,3071267
26,0,3284099
14,0,3265043
19,0,3403640
14,0,3414342
10,0,2972196
26,1,2994728
19,0,3397383
19,0,3122462
19,0,3090760
23,0,3039886
13,0,2987889
10,0,3436377
21,0,3100043
17,0,3453294
13,0,3053715
12,0,3167823
12,0,2930020
19,0,3176703
14,0,3265267
17,0,3264751
11,0,3195617
16,0,3197370
17,0,3125375
20,0,3254607
16,0,3132144
22,0,3258952
20,0,3145087
17,0,3647061
14,0,3235696
12,0,3213899
18,0,3118047
15,0,3079319
11,0,3324193
16,0,3158681
13,0,3042553
16,0,3167779
22,0,3276852
18,0,3088965
12,0,3096839
13,0,2973151
22,0,3081607
25,0,3264525
16,0,3085633
21,0,3259214
15,0,3026637
20,0,3336296
13,0,3228217
15,0,3397350
15,0,3156784
13,0,3202597
16,0,3303917
26,0,3199379
20,0,3191842
18,0,3245283
20,0,3140158
11,0,3209223
23,0,3115054
20,0,3158707
13,0,3392608
16,0,3203671
10,0,3097282
15,0,3311207
14,0,2866804
19,0,2946447
14,0,3053832
21,0,3107519
17,0,3144629
19,0,3274290
13,0,3132895
11,0,3113765
21,0,3114750
13,0,3201566
16,0,3465695
14,0,2975966
17,0,3150948
17,0,3065241
16,0,3166279
13,0,3323798
15,0,3153270
17,0,3082446
16,0,3065876
13,0,3101147
21,0,3354499
14,0,3147112
19,0,3222345
23,0,3331841
14,0,3191988
11,0,2987606
14,0,3228993
8,0,3087802
20,0,3404143
12,0,3381887
19,0,3074625
14,0,3014994
17,0,3267448
19,0,3342129
18,0,3106789
21,0,3185053
13,0,3077059
22,0,3040978
18,0,3255401
11,1,3282387
18,0,3246155
13,0,3079951
17,0,2918891
22,1,3188148
13,0,3282674
20,0,3192832
19,0,2962751
21,0,3099094
16,0,3197619
9,0,3100378
19,0,3212366
16,0,3265697
15,0,3159581
15,0,3326531
10,0,3252486
22,0,3029702
16,0,3152573
19,0,3019580
20,0,3416917
19,0,3067206
15,0,3324599
14,0,3072491
12,0,2850530
31,0,3204170
20,0,3178331
9,0,3196388
13,0,2966141
16,0,3034516
11,0,2934255
17,0,3172843
9,0,3326028
16,0,3300188
10,0,3187053
17,0,3415060
19,0,3149595
8,0,3165807
16,0,3279779
14,0,3124332
20,0,3188424
15,0,3312434
18,0,3054913
15,0,3155502
16,0,2955100
16,0,3382650
10,0,3376472
22,0,3039524
21,0,3064523
20,0,3123032
15,0,3057797
14,0,3338696
16,0,3465221
20,0,3209484
15,0,3147305
12,0,2927921
22,0,2871148
17,0,3247737
17,0,3049911
18,0,2971128
19,0,3057621
20,0,3138963
15,0,3191789
17,0,3330349
16,0,3022609
13,0,2949273
15,0,3125805
22,0,3233862
14,0,3104338
16,0,3049147
19,0,3301321
17,0,3313544
11,0,3424876
18,0,3527102
22,0,3134096
20,0,3172598
19,0,3011615
15,0,3250992
12,0,3158522
13,0,3146921
14,0,3115184
16,0,3380892
12,0,3256594
12,0,2972723
13,0,3090536
9,0,3407386
15,0,2977386
14,0,3150723
18,0,3067361
12,0,3084401
22,0,3203585
10,0,3227475
15,0,3240363
20,0,3024159
20,0,3142263
18,0,2994547
23,0,3345851
15,0,3042079
13,0,2959448
18,0,3164457
14,0,3181566
12,0,3285424
13,0,3017361
14,0,3295559
16,0,3173395
17,0,3045552
20,0,3027674
15,0,3104359
17,0,2892175
11,0,3248940
18,0,3170563
11,0,3200560
16,0,3207768
17,0,3136014
18,0,3150870
16,0,2932036
14,0,3134474
21,0,3205130
18,0,3224892
12,0,3284896
15,0,2986282
15,0,3244790
18,0,3285537
14,0,2981713
14,0,3074278
16,0,3292482
21,0,3064535
13,0,3251991
24,0,3294208
21,0,3393452
20,0,3143784
20,0,3110113
12,0,3229079
16,0,2891981
22,0,3235511
17,0,3205608
19,0,3152880
22,0,3289679
15,0,2984580
22,0,3154303
12,0,3202823
17,0,2930781
14,0,3178483
18,0,3331638
18,0,3232109
23,0,3066601
13,0,3166791
19,0,3111385
11,0,3058148
9,0,3318985
20,0,3072015
21,0,3384995
13,0,3074935
14,0,3173761
16,0,3010131
26,0,3094370
15,0,3320589
12,0,3151161
14,0,3335940
19,0,3383172
16,0,3058496
13,0,2895334
18,0,3305551
20,0,3134162
18,0,2975787
23,0,3055559
13,0,3253796
21,0,3183260
11,0,3188020
19,0,3176080
21,0,3193424
12,0,3104488
18,0,3090967
16,0,2955137
12,0,3036507
22,0,3061574
15,0,3187822
20,0,3102160
11,0,3367542
23,0,3081806
19,0,3033552
25,0,2901246
20,0,3130257
9,0,2924989
17,0,3166983
14,0,3181085
12,0,3109890
11,0,3098545
14,0,3195149
14,0,3307202
16,0,3416263
11,0,3452221
23,0,3034598
16,0,3266877
18,0,3049917
10,0,3199740
14,0,3047679
7,0,3213459
11,0,3259615
16,0,3224642
12,0,3346027
7,0,3310721
13,0,2976722
14,0,3102993
24,0,3255879
13,0,3114756
19,0,3058152
12,0,3000165
18,0,3212013
20,0,3109606
18,0,3175699
19,0,3071125
14,0,3271223
17,0,2804158
20,0,3288712
12,0,3339165
11,0,3267216
17,0,3111424
19,0,3314395
13,0,3167207
13,0,3436655
11,0,3299999
14,0,3250540
16,0,3323038
17,0,3231805
23,0,3242486
20,0,3017428
13,0,3141165
22,0,2965834
19,0,3285990
12,0,3244777
14,0,3249198
14,0,3130236
22,0,3089926
11,0,3205297
8,0,3248503
11,0,3026188
19,0,3141824
22,0,3122022
15,0,2984784
15,0,2983635
13,0,3198027
17,0,3180987
18,0,2991458
17,0,2963813
16,0,2993324
16,0,3050576
24,0,3118104
13,0,3123202
14,0,3160015
16,0,3102925
14,0,3154959
16,0,3249331
25,0,3236738
8,0,2872299
16,0,3151966
19,0,3406997
11,0,3321345
7,0,2942752
11,0,2887701
19,0,3102208
20,0,3168169
20,0,3205884
15,0,3242562
16,0,3021127
9,0,3034271
14,0,3042378
10,0,3125658
17,0,3317288
9,0,3216397
11,0,3514934
14,0,2914489
14,0,3022276
20,0,3185318
11,0,3068310
16,0,3174238
17,0,2866328
16,0,2931214
21,0,3244951
11,0,3121433
10,0,3327070
14,0,3147570
15,0,3054185
19,0,3111297
15,0,3060383
15,0,3044902
18,0,3152071
13,0,3106966
20,0,3027854
24,0,3106306
13,0,3236322
20,0,3312786
13,0,3244214
13,0,3227729
19,0,3206759
12,0,3151773
12,0,3184801
17,0,3207225
20,0,3339039
14,0,3387717
22,0,3029258
14,0,3033397
16,0,3241799
17,0,3150798
17,0,3121712
15,0,3214552
21,0,2968890
13,0,3091660
12,0,3220300
16,0,3208937
17,0,3098981
16,0,3358928
21,0,3030146
15,0,3074826
15,0,3094625
18,0,3294833
15,0,3000338
11,0,3195148
22,0,3635891
14,0,3204505
11,0,3156543
18,0,3032717
21,0,3079060
16,0,3036366
13,0,3256768
17,0,3196051
15,0,3025198
17,0,3327671
11,0,3165078
9,0,3347388
13,0,3105127
16,0,3270394
18,0,3096661
22,0,3373440
15,0,3050725
16,0,3267014
13,0,3099932
16,0,2971349
14,0,3068478
13,0,3171186
18,0,3262034
17,0,2930764
18,0,3185636
20,0,3158467
16,0,2959683
18,0,3107808
13,0,3101703
16,0,3173430
14,0,3042312
12,0,3247248
12,0,3184020
12,0,3451430
14,0,3229454
20,0,3192398
14,0,3139838
11,0,3146913
23,0,3188617
16,0,3181054
11,0,3274864
14,0,3094360
22,0,3197332
16,0,3116157
12,0,3260796
16,0,2961352
23,0,3091266
10,0,3156397
21,0,3217564
13,0,3126524
15,0,3161076
8,0,3225582
20,0,3108170
21,0,3057012
30,0,3061431
12,0,3471812
14,0,3222384
21,0,2985906
19,0,3265150
13,0,3248535
21,0,2815273
10,0,3191143
19,0,3050002
14,0,3236766
14,0,3124103
17,0,3145596
16,0,3122525
14,0,3071788
9,0,3385799
24,0,2763559
13,0,3003401
18,0,3193889
12,0,2920651
20,0,2862696
16,0,3170737
14,0,3269507
19,0,2841390
19,0,3233796
14,0,3103610
13,0,3062232
15,0,3222360
10,0,3097806
12,0,3090344
21,0,3173488
16,0,2983240
16,0,3287301
17,0,2959922
16,0,3345320
14,0,3038530
18,0,3154444
17,0,3125962
17,0,3154482
15,0,2942049
14,0,3385471
18,0,3159499
21,0,3216313
16,0,3034021
14,0,3201452
16,0,3043708
16,0,3133860
17,0,3200353
19,0,3327520
16,0,3158748
19,0,3016411
11,0,3134153
18,0,3226906
14,0,3081550
17,0,3238991
23,0,3130139
14,0,3073435
17,0,3397874
13,0,3446798
12,0,3200768
14,0,3175481
9,0,3310603
21,0,3326633
23,0,3033309
15,0,3248576
16,0,3033379
12,0,3152364
18,0,3142184
19,0,3413788
18,0,3330558
12,0,3070178
21,0,2980822
12,0,3035532
21,0,3196207
14,0,2908827
18,0,2891304
15,0,3319185
15,0,3145333
18,0,3206915
17,0,3144520
19,0,3082539
15,0,3184993
14,0,2910360
18,0,3156559
13,0,3220602
14,0,3076977
12,0,2960609
11,0,3387693
19,0,3268306
15,0,2909080
11,0,3261575
16,0,3304025
8,0,3089452
15,0,3089743
18,0,3154200
14,0,3032847
11,0,3164979
14,0,3070647
22,0,3255866
11,0,3045241
16,0,3224943
9,0,3325182
12,0,3146678
13,0,3378790
12,0,3241249
16,0,3220067
16,0,3147294
19,0,3232115
16,0,3040593
15,0,2801582
20,0,3292766
20,0,3207518
13,0,2932542
15,0,3265843
19,0,3179304
19,0,3127451
15,0,3110782
19,0,3335205
18,0,3080418
19,0,3023023
22,0,3159790
20,0,3045414
19,0,3315967
14,0,3191212
18,0,2819715
11,0,3381293
19,0,3349769
16,0,3177239
19,0,3326593
18,0,3117273
19,0,3115121
12,0,3230221
14,0,3281921
14,0,3154945
17,0,2924651
18,0,3266773
15,0,3327658
17,0,3537467
17,0,3120067
16,0,2969296
10,0,3142504
22,0,3179139
9,0,3105066
25,0,3206445
13,0,3123604
19,0,2987257
14,0,3098630
14,0,3267671
18,0,2864758
21,0,3062302
17,0,3138980
12,0,3138323
9,0,3147729
18,0,3118261
20,0,3363750
16,0,3292907
20,0,3260235
12,0,3095090
14,0,3116674
13,0,3102273
17,0,3181179
11,0,2987805
22,0,3030501
18,0,3167946
12,0,2894231
15,0,3245991
13,0,3127821
13,0,3122980
12,0,3034903
11,0,3258310
15,0,3042780
12,0,3215654
14,0,3117152
14,0,3331900
4,0,3050366
12,0,3206496
8,0,3326860
14,0,3267522
12,0,3188384
17,0,3158289
14,0,3160649
11,0,3152243
19,0,3048654
13,0,3160644
11,0,3207114
12,0,3127518
15,0,3116450
15,0,3089163
23,0,3090228
28,0,3235797
15,0,3276360
14,0,3108593
15,0,3174669
12,0,3247406
10,0,3356091
15,0,3336705
14,0,3027792
8,0,3281980
15,0,3370979
10,0,3014359
14,0,3410240
17,0,3300116
18,0,3040130
12,0,2978092
18,0,2929144
21,0,3106482
21,0,3235795
21,0,3028170
25,0,3354737
18,0,3123955
29,0,3102750
21,0,3028037
15,0,3155813
12,0,3132706
17,0,3174035
9,0,3214753
18,0,3224568
18,0,3361543
14,0,3232967
25,1,3172528
13,0,3211030
21,0,3069077
16,0,3034170
13,0,3181683
16,0,3056878
13,0,3059353
16,0,3052547
20,0,2980392
15,0,3034592
17,0,3156820
16,0,3151837
13,0,3127275
13,0,3189543
14,0,2858964
18,0,2842145
17,0,3042314
15,0,3255672
21,0,3250416
20,0,2915115
11,0,3243470
18,0,3234146
12,0,3011356
18,0,3156872
18,0,3009325
21,0,3042328
16,0,3074136
13,0,2893692
20,0,2983070
14,0,3216216
12,0,3226296
16,0,3019739
16,0,3095068
12,0,3314201
12,0,3054750
21,0,3188343
21,0,3135110
18,0,3104051
14,0,3200863
18,0,3084370
21,0,3183173
17,0,2965264
17,0,3049432
19,0,3027596
10,0,3253054
18,0,2964269
23,0,3334624
13,0,3013408
13,0,3207204
20,0,3149584
16,0,2999013
10,0,3175939
28,0,3257307
17,0,3308985
18,0,2719953
16,0,3111775
18,0,3142406
20,0,3273803
18,0,3192568
6,0,3202101
11,0,3242296
22,0,3443496
16,0,3045436
17,0,3060900
12,0,3054978
13,0,3275391
20,0,3010642
15,0,3033457
18,0,3160875
25,0,3235932
18,0,3223180
22,0,3021863
14,0,3279976
21,0,2929695
11,0,3231129
16,0,3295121
15,0,2919063
12,0,3052363
22,0,3084825
19,0,3239865
15,0,3372416
9,0,3133702
11,0,3385167
19,0,3071454
12,0,3443538
16,0,3009089
16,0,3215348
14,0,3329441
17,0,3117041
12,0,3304894
22,0,3180875
18,0,3081440
6,0,3124439
24,0,3028156
19,0,3110941
14,0,3051535
22,0,3414736
17,0,2936827
17,0,3154417
22,0,3282725
21,0,3173226
13,0,3314042
14,0,3063252
15,0,2994326
7,0,3182685
9,0,3296997
19,0,3047326
10,0,3356968
17,0,3149041
9,0,3103977
18,0,3299286
14,0,3252619
23,0,3269274
21,0,3242972
18,0,2843444
11,0,3486036
7,0,3313699
13,0,3170438
14,0,3125471
13,0,3208181
14,0,3139398
18,0,3285736
19,0,3185841
11,0,3257748
19,0,3382410
18,0,3151449
12,0,2901266
25,0,3077927
9,0,3085476
15,0,2973777
15,0,3118747
14,0,3036842
17,0,3113314
18,0,3085087
19,0,3407345
19,0,2958612
16,0,3103005
12,0,3179281
18,0,3413636
8,0,3230605
22,0,3180017
16,0,3270002
15,0,3014242
27,0,3143499
20,0,3292432
20,0,3005283
17,0,3106309
15,0,3075604
14,0,3074237
19,0,3264690
15,0,3020741
21,0,3131400
16,0,3029837
10,0,3267733
17,0,3182425
25,0,3421693
16,0,3173580
12,0,3298679
18,0,3308361
16,0,3132505
11,0,3209779
13,0,3209333
23,0,3336182
24,0,3179787
15,0,2993933
11,0,3226561
14,0,3162431
8,0,3048474
10,0,2928961
15,0,3054223
21,0,3008743
23,0,3149286
11,0,3091903
14,0,3014748
20,0,2857632
18,0,2948648
15,0,3158130
18,0,3386707
16,0,3406061
15,0,2954422
19,0,3123503
12,0,3014688
23,0,3042095
18,0,3204331
14,0,2863548
18,0,3219281
19,0,3133718
14,0,3318297
13,0,3071325
20,0,3430273
14,0,3040063
18,0,3227339
11,0,3328423
16,0,3173862
18,0,3160373
17,0,3322592
13,0,3030431
18,0,3042398
14,0,3116218
17,0,2828629
16,0,3214532
17,0,3038854
22,0,3044080
16,0,3127542
16,0,3642347
17,0,2988327
20,0,3182664
19,0,2971743
17,0,3272176
13,0,3339666
14,0,3053308
13,0,3224259
18,0,3097717
17,0,3035959
15,0,3169262
16,0,2959502
15,0,3034976
12,0,2870111
19,0,3237638
22,0,2940043
19,0,2894552
12,0,3110004
12,0,3088656
22,0,2916827
16,0,3163265
10,0,3428197
11,0,3066625
9,0,2972424
16,0,3086943
17,0,3171199
18,0,3163121
19,0,2858533
18,0,3134898
19,0,3357553
23,0,3033845
17,0,3021254
15,0,3322665
12,0,3199064
14,0,3095941
8,0,3287024
19,0,3123598
23,0,3242701
12,0,3223402
19,0,3217322
15,0,2977894
13,0,3246852
11,0,3696557
18,0,3003444
17,0,3418564
17,0,3306979
16,0,3215346
13,0,3006159
18,0,3090523
15,0,3112505
24,0,3266957
19,0,3158534
16,0,3232297
20,0,3287607
11,0,3168541
14,0,3172104
14,0,3156877
15,0,3011449
15,0,3274858
14,0,3050223
19,0,3067055
20,0,2998937
14,0,3290596
17,0,3006650
22,0,3199753
14,0,3125418
11,1,3274828
22,0,3141783
19,0,3059994
14,0,3169410
12,0,3097463
19,0,3185661
13,0,2863081
18,0,3054458
21,0,3084188
15,0,2998230
11,0,3263694
13,0,3307757
11,0,3127481
18,0,3173514
10,0,3063737
15,0,3380684
17,0,3301012
14,0,3126082
6,0,3213450
16,0,3273962
22,0,3132526
18,0,3081083
15,0,3159971
21,0,3337372
17,0,3357411
11,0,3251902
27,0,3018690
14,0,3069962
14,0,3190816
22,0,2985353
15,0,3277979
14,0,3258311
17,0,3185899
14,0,3075270
17,0,3097361
11,0,3123797
18,0,3341973
16,0,3170881
12,0,3402620
14,0,3043769
14,0,3394456
13,0,3173749
13,0,3044222
15,0,3075365
12,0,2972355
20,0,3102587
17,0,3124207
23,0,3182160
24,0,2936409
13,0,3057158
13,0,3153622
20,0,3222990
17,0,3146611
24,0,3236440
8,0,3076692
11,0,3338669
13,0,3185145
15,0,2975546
10,0,3045346
13,0,3100309
19,0,3330174
11,0,3241728
18,0,3266589
17,0,3211830
13,0,3090642
18,0,3439716
12,0,3191657
18,0,3256089
11,0,3236512
17,0,3079944
19,0,3045891
12,0,2975726
20,0,3069651
14,1,3195082
15,0,3023198
14,0,3236428
15,0,3066678
18,0,3421004
13,0,3098783
12,0,2913041
17,0,3021682
15,0,3211210
14,0,3299926
17,0,3100542
18,0,2973464
17,0,3178726
18,0,3039564
12,0,3173495
24,0,3173532
12,0,2923451
21,0,3171888
24,0,3135575
17,0,3143547
20,0,2977269
14,0,3145705
17,0,3135255
20,1,3089278
8,0,3440184
16,0,3231697
16,0,3296730
12,0,3115132
18,0,3116456
16,0,3238063
25,0,3191392
16,0,3057502
11,0,3341470
13,0,3060931
18,0,3092378
20,0,3276675
11,0,3246517
20,0,3025335
18,0,3155554
20,0,3147584
14,0,3088578
18,0,3231678
21,0,3085373
24,0,2973965
21,0,3098839
16,0,2982939
16,0,3035814
17,0,2950205
14,0,3130147
20,0,3110869
13,0,3128992
18,0,3052655
14,0,3316548
15,0,3114806
15,0,3119668
16,0,3164793
26,0,3129485
12,0,2846459
24,0,3463845
16,0,2994593
13,0,3061416
13,0,3130835
13,0,3379077
15,0,2998901
11,0,3237633
12,0,3135447
18,0,3211690
13,0,3165192
10,0,3476332
15,0,3177251
22,0,3187813
14,0,2966505
18,0,3306168
15,0,3212947
16,0,2918561
19,0,3163186
16,0,3109286
23,0,3169823
13,0,2942661
21,0,3263673
14,0,3102607
25,0,3241023
17,0,3191403
16,0,3138133
17,0,3277338
14,0,3178415
20,0,3087703
22,0,3142487
18,0,3064091
14,0,3153670
12,0,3026141
23,0,3529192
19,0,3019763
10,0,3165672
18,0,3158745
18,0,3129671
14,0,3585006
18,0,3043013
15,0,3475586
18,0,3139556
10,0,2984614
12,0,3149568
18,0,3171777
15,0,3182146
9,0,2959622
20,0,2926942
15,0,3218855
21,0,3172591
15,0,3181700
20,0,2806070
17,0,3290612
19,0,3135753
23,0,3288961
8,0,3154198
15,0,3203878
16,0,3481232
20,0,3126881
20,0,3104293
19,0,3103612
11,0,2903033
19,0,3285662
17,0,3068292
15,0,3270918
13,0,3161382
13,0,3033349
18,0,3147199
24,0,3144173
10,0,3146004
19,0,3071223
14,0,3326172
20,0,3108177
22,0,3120600
16,0,2907460
20,0,2911240
13,0,3013818
18,0,3227273
13,0,3171235
15,0,3162633
6,0,2996182
21,0,3114313
11,0,3124517
19,0,2948555
23,0,3094613
16,0,2767631
18,0,3050928
13,0,3047130
19,0,3219561
19,0,3010000
21,0,3289983
15,0,3221309
16,0,3016425
13,0,3144322
11,0,3035896
19,0,3102191
23,0,3220367
21,0,3122890
17,0,3452359
9,0,3040564
20,0,3204308
13,0,3140739
26,0,2848685
17,0,3121974
18,0,3212256
17,0,3347410
23,0,3124008
19,0,3190114
17,0,3212499
8,0,3101778
19,0,3123440
15,0,3210530
19,0,3219139
15,0,3025907
14,0,3348971
18,0,3063775
14,0,2980081
10,0,2845810
15,0,3019749
14,0,3177930
18,0,3272468
20,0,3024525
15,0,3051672
15,0,3206953
21,0,3153947
18,0,3319982
15,0,3086997
21,0,3352946
18,0,3117003
11,0,3336562
21,0,3046823
21,0,3233060
13,0,3098577
25,0,3264912
19,0,3069593
17,0,3133011
11,0,3101864
17,0,3237893
25,0,3303993
16,0,3058871
9,0,3193652
14,0,3113200
13,0,3260478
13,0,3300164
13,0,3140813
14,0,3210100
16,0,3143681
11,0,2950364
7,0,3143035
12,0,3191306
24,0,2965118
16,0,3097825
13,0,3345781
19,0,2980830
20,0,2990269
20,0,3250293
18,0,3311028
22,0,3158922
19,0,3002088
15,0,3158120
22,0,3109298
16,0,3168653
26,0,3241164
15,0,3161837
18,0,3103775
12,0,3066709
18,0,3289189
19,0,3318725
19,0,3320223
17,0,3209702
20,0,3077998
16,0,3189419
16,0,3132505
21,0,3103485
19,0,3202765
15,0,3181743
22,0,2960494
15,0,3162377
14,0,3292697
11,0,3004915
14,0,3015644
14,0,3251594
13,0,3150953
18,0,3128182
12,0,3167580
22,0,3061232
16,0,3203232
16,0,3136103
12,0,3089014
7,0,3138458
16,0,2860356
18,0,3400358
15,0,3238336
19,0,3318695
13,0,3098032
13,0,3107453
15,0,3003798
21,0,3199750
15,0,3127962
14,0,3337293
17,0,3082791
12,0,2943969
16,0,3104054
18,0,3174197
21,0,3029464
12,0,3024904
14,0,3347405
15,0,3102063
17,0,3360619
12,0,3141820
23,0,3135765
10,0,3062358
18,0,2879865
16,0,3318745
11,0,3105770
10,0,2996118
16,0,2978917
16,0,3339759
14,0,3047672
14,0,3210278
22,0,3138334
15,0,3148534
15,0,3397891
13,0,3229247
18,0,3404709
14,0,3155212
13,0,3348289
16,0,3286626
10,0,3091613
11,0,3060703
8,0,3049893
14,0,3081003
17,0,3243315
16,0,3083361
23,0,3132308
22,0,3237963
9,0,2959601
15,0,3204870
16,0,3148626
4,0,3263920
15,0,3108018
15,0,2994136
18,0,3235699
15,0,3207978
21,0,3098332
11,0,3037490
19,0,3161716
26,0,3589637
16,0,3257769
13,0,3239837
20,0,3179160
22,0,3057890
23,1,3183873
16,0,3255174
10,0,3206398
21,0,3042017
12,0,3065616
14,0,3269383
17,0,3008511
15,0,3351565
21,0,3175409
14,0,3057842
13,0,3000661
17,0,2987394
17,0,3026708
8,0,3020129
18,0,2943462
14,0,3091516
17,0,3243946
13,0,3060864
14,0,3116183
13,0,3051311
10,0,3195011
12,0,2972002
14,0,3393765
23,0,3144223
22,0,3183375
12,0,2929882
14,0,3201616
6,0,3104901
11,0,3156082
24,0,3239917
18,0,2829770
14,0,3139913
17,0,3147409
19,0,3172668
15,0,3111452
17,0,3029480
14,0,2998899
18,0,3200842
20,0,3283371
14,0,3139217
12,0,3007673
22,0,3121591
16,0,3176922
20,0,3124619
14,0,3241030
8,0,3149327
18,0,3152979
14,0,3162576
17,0,3182102
14,0,3294838
10,0,3196553
12,0,2829686
19,0,3192261
15,0,3232344
20,0,3487481
12,0,3157719
14,0,3078148
21,0,3201918
18,0,3116234
16,0,3237257
16,0,3088723
15,0,3158937
16,0,3046569
13,0,2957204
21,0,3196084
15,0,3121067
19,0,3126115
8,0,3376729
25,0,3281980
15,0,2996918
16,0,3350207
15,0,3240309
16,0,3134985
12,0,3210010
21,0,3339408
15,0,3038719
11,0,3371929
15,0,3160306
19,0,3146189
17,0,3461632
17,0,3185026
12,0,3091154
14,0,3020704
21,0,3123481
11,0,2832085
19,0,3142828
17,0,3416837
9,0,3090474
11,0,3066871
13,0,3279150
19,0,3044455
24,0,3250876
15,0,2979045
19,0,3063583
17,0,2956518
11,0,3035464
16,0,3045218
19,0,3333824
14,0,3054259
14,0,3004869
18,0,3138955
18,0,3032250
11,0,3319524
21,0,3266886
18,0,3001892
11,0,3028814
18,0,3188749
19,0,3323509
12,0,2909052
19,0,3156283
20,0,3194056
15,0,2966965
16,0,3232342
19,0,3205835
15,0,3038346
15,0,3094550
20,0,3532978
17,0,3316074
9,0,2921353
9,0,3168070
15,0,3265822
15,0,3062912
16,0,3110533
20,0,3200600
19,0,2822625
16,0,3120753
13,0,3033442
28,0,3054984
17,0,3287263
18,0,3515956
19,0,3335231
12,0,3264690
16,0,3276801
15,0,3127658
16,0,3135699
13,0,3207242
25,0,3119915
15,0,3217407
13,0,2990283
18,0,3516316
17,0,3208491
14,0,3107784
15,0,3233654
22,0,3235269
17,0,3046106
16,0,2967612
15,0,3293780
18,0,2856922
8,0,3240417
10,0,3101547
15,0,2994144
17,0,3118203
15,0,3182893
18,0,3290911
16,0,3163255
20,0,3148361
21,0,3010266
13,0,3085304
19,0,2962852
14,0,3210278
16,0,3086853
15,0,3028829
12,0,3011773
17,0,3086049
13,0,3052382
19,0,2997332
21,0,3364730
14,0,3211120
23,0,3056954
23,0,3214192
21,0,3342175
12,0,3178434
21,0,3249578
19,0,3428786
14,0,3081954
13,0,3143178
12,0,3292236
22,0,3232371
17,0,3124760
16,0,3342438
18,0,3118170
20,0,3420727
10,0,3178804
21,0,3243371
11,0,3066791
18,0,3080050
18,0,3157223
18,0,3047984
13,0,3427520
9,0,3099356
12,0,3344925
19,0,3009436
17,0,3241667
18,0,3276762
20,0,2996359
15,0,3111301
18,0,3614796
14,0,3253022
16,0,3402919
15,0,3139127
18,0,3311549
16,0,3149069
20,0,3354293
20,0,3283791
11,0,3220198
21,0,3368443
15,0,2879025
20,0,3402853
15,0,3128803
16,0,2955303
16,0,3209571
21,0,3281685
17,0,3252600
15,0,3083668
17,0,3004017
16,0,3053978
13,0,3011676
20,0,3134097
17,0,3036276
14,0,3121185
15,0,3197331
13,0,3173084
12,0,2899792
12,0,3416219
21,0,3251408
15,0,3283110
13,0,3362001
15,0,3007957
18,0,2954326
20,0,2961962
24,0,3031665
17,0,3086280
10,0,3334538
16,0,3056692
19,0,3047814
19,0,3016473
9,0,3033599
11,0,3149983
21,0,3346759
15,0,3172950
15,0,3160143
15,0,2996686
18,0,3268273
14,0,3018032
16,0,3054468
18,0,3122277
18,0,3275544
13,0,3063359
10,0,3077281
16,0,3446625
16,0,3242503
17,0,3199731
16,0,3288507
11,0,2936503
14,0,3081687
20,0,3327505
11,0,3204832
16,0,3064312
33,0,3202688
13,0,3186971
14,0,3351109
16,0,3063080
9,0,3252328
20,0,2984067
16,0,3263968
11,0,3368084
14,0,3222606
23,0,3308962
22,0,3115815
11,0,2995163
24,0,2998242
8,0,3329307
17,0,3225575
22,0,3143858
23,0,2994765
16,0,3280265
18,0,3277150
18,0,3225338
15,0,3133704
17,0,3136058
7,0,3133811
14,0,3271792
18,0,3264179
19,0,3193269
14,0,3225838
19,0,3166333
19,0,3116866
19,0,3202616
13,0,3034787
12,0,3213811
15,0,3073785
13,0,3008931
19,0,3331834
23,0,3136044
15,0,2962641
17,0,3312031
22,0,3271597
10,0,3365776
13,0,2963913
16,0,3096192
17,0,3190999
13,0,3199698
15,0,3192497
13,0,3309667
15,0,2904651
18,0,3287787
10,0,3103555
19,0,3126229
14,0,3330848
19,0,3042814
8,0,3236850
9,1,3290647
14,0,3097730
13,0,3149579
8,0,2999011
19,0,3146566
17,0,3261227
23,0,2954722
20,0,3217900
17,0,3034219
16,0,3095638
14,0,2974399
12,0,3331309
12,0,3046107
13,0,3263626
15,0,3148445
16,0,3340454
17,0,3006088
7,0,3165097
12,0,3093965
18,0,2942529
17,0,2952742
17,0,3003913
13,0,3317255
12,0,2956194
19,0,3057479
12,0,3109265
18,0,3034420
15,0,3178228
15,0,3133645
17,0,2912409
13,0,3225853
14,0,3318282
12,0,3325786
8,0,3208104
12,0,3169151
21,0,3156093
24,0,3090538
9,0,3093361
9,0,3186545
10,0,3118826
21,0,3243086
14,0,3058824
14,0,3187163
18,0,3180216
17,0,3187268
16,0,3180045
12,0,3099228
14,0,3381679
14,0,3168766
14,0,3160704
20,0,3338925
12,0,3493661
17,0,3180228
19,0,3249486
13,0,3059677
19,0,3350796
18,0,3040158
12,0,3426079
11,0,2963204
16,0,2987671
12,0,3006358
9,0,3135620
12,0,3368514
16,0,3283231
14,0,3040031
25,0,2956405
24,0,3081634
17,0,3179015
13,0,3133242
17,0,3049068
9,0,3053788
15,0,3250411
11,0,3255948
14,0,3034458
16,0,3302488
10,0,3334255
20,0,3102053
15,0,3409600
10,0,3281492
18,0,2969750
21,0,3236593
18,0,3003252
20,0,3355356
15,0,3117886
15,0,3108629
21,0,3114497
16,0,3028406
13,0,3002248
15,0,2869429
14,0,2958920
13,0,3183403
12,0,3333428
18,0,3199126
12,0,3352701
7,0,3193907
16,0,3149658
11,0,2958784
16,0,2980612
15,0,2993366
20,0,3233400
13,0,3243675
11,0,3127423
15,0,3031819
16,0,3142782
14,0,3038279
17,0,3195790
15,0,2897025
8,0,3088535
18,0,3240623
20,0,3085866
17,0,3342957
13,0,2956068
14,0,3106642
12,0,3228015
17,0,3004341
13,0,3190474
19,0,3188012
17,0,3012200
12,0,3055419
19,0,3059825
17,0,3380585
14,0,3242765
24,0,3489637
19,0,3246772
21,0,3259249
17,0,3100602
18,0,3336685
10,0,3209059
19,0,3229149
15,0,3136637
14,0,3121606
14,0,3129934
21,0,3083674
20,0,3427090
14,0,3204176
12,0,3186098
11,0,2992561
23,0,3120680
17,0,3368621
20,0,3002707
15,0,3052605
15,0,3022326
11,0,3310005
15,0,3285075
22,0,2994919
16,0,3305147
16,0,3399696
15,0,3074122
17,0,3184377
11,0,3152870
22,0,3008777
22,0,3322889
22,0,3267248
17,0,2906574
24,0,3118202
15,0,3051198
18,0,3119942
19,0,3053346
19,0,3246644
13,0,2921985
17,0,3059539
16,0,2917485
24,0,3235385
20,0,3004557
14,0,3007470
26,0,2989854
21,0,3086064
17,0,3388928
15,0,3415269
18,0,2956847
22,0,2968949
20,0,3229060
29,0,3196595
22,0,3027564
23,0,3109411
15,0,3235514
15,0,3280492
13,0,3200898
19,0,3243943
17,0,3151113
13,0,3100466
13,0,3405102
18,0,3158956
15,0,3061732
12,0,3217700
15,0,3401586
22,0,3204941
10,0,3107180
9,0,3089042
23,0,3051056
15,0,3073806
14,0,3295892
15,0,3101805
20,0,3119660
15,0,3265968
19,0,3240547
20,0,3248290
20,0,3094761
11,0,3198325
19,0,2812327
13,0,3128751
23,0,3185027
18,0,3084881
11,0,3324559
26,0,3211204
23,0,3178225
21,0,3061332
8,0,3218334
10,0,3299691
14,0,3407943
18,0,3010866
16,0,3025853
15,0,3333375
17,0,3304480
23,0,3148627
19,0,3147994
17,0,3377657
22,0,3183279
13,0,3075697
21,0,3302248
21,0,2914146
7,0,3325139
13,0,3268284
20,0,2898209
10,0,3111485
22,0,3010789
14,0,2944483
12,0,3192477
18,0,3257650
22,0,3176415
20,0,3325005
21,0,3145800
14,0,3228236
17,0,3191909
23,0,3064451
14,0,3235936
18,0,3237935
20,0,3242374
21,0,2952632
22,0,3072141
13,0,3336190
12,0,3159109
16,0,2862964
15,0,3387588
17,0,2935461
13,0,3108603
15,0,3375577
24,0,2979983
16,0,3132889
18,0,3246399
20,0,3070930
16,0,3000458
17,0,3374996
15,0,3308575
16,0,2932997
17,0,3047431
15,0,3010694
22,0,3052357
10,0,3009570
13,0,3091828
15,0,3166698
11,0,3039434
20,0,3112220
20,0,2920586
18,1,3353443
16,0,2907441
13,0,3117629
19,0,3462690
20,0,3179703
11,0,3166394
18,0,2870159
17,0,3046354
11,0,3162306
13,0,3266673
17,0,3184665
16,0,3125407
20,0,3025043
26,0,3261375
14,0,2968640
19,0,3112180
12,0,3320779
16,0,3139622
18,0,3292234
21,0,3142358
24,0,3169043
16,0,3127759
19,0,2848726
12,0,3062648
12,0,3060044
16,0,3112265
9,0,2953653
11,0,3082822
18,0,3153064
23,0,3072369
17,0,3158515
17,0,3265306
15,0,3174762
19,0,3061793
21,0,3204860
20,0,3116743
5,0,3293528
22,0,3134209
19,0,3214098
15,0,3240802
22,0,3385564
11,0,3207198
14,0,3272778
14,0,3123097
13,0,3243112
18,0,3295822
17,0,3159432
21,0,2876430
17,0,3044362
17,0,3358324
16,0,3150208
19,0,3161313
21,0,3189457
13,0,3279571
16,0,3113348
15,0,3054234
16,0,3145732
15,0,3079828
21,0,3294260
11,0,2990010
11,0,2981422
19,0,3051968
14,0,3196893
10,0,3211325
9,0,2954134
19,0,2976369
11,0,3162660
12,0,2946434
15,0,3037364
13,0,3244664
10,1,3183752
12,0,3160655
15,0,3113012
10,0,3154681
12,0,3552571
18,0,3031216
17,0,3146607
25,0,3132363
19,0,3185796
15,0,3245938
18,0,2813278
18,0,3078095
16,0,3120698
18,0,3071479
13,0,3346114
21,0,3275130
16,0,3183633
10,0,3051877
19,0,3174135
22,0,3289087
20,0,3139233
12,0,3394904
16,0,2916963
23,0,3132342
19,0,2997498
14,0,3029521
18,0,2980894
14,0,3189289
22,0,2965485
19,0,3275450
11,0,3480031
21,0,3193517
17,0,3077196
22,0,3259685
18,0,3127605
19,0,3122552
12,0,3145350
12,0,3253410
16,0,3038496
17,0,3287039
9,0,3020050
9,0,3191798
13,0,2848046
19,0,3043799
16,0,3219905
17,0,3283076
17,0,3044255
11,0,3449989
16,0,3314492
10,0,3146877
12,0,3300474
26,0,3209212
8,0,3109914
14,0,3299657
13,0,3026480
15,0,3263575
17,0,2906736
23,0,3161308
17,0,3043561
19,0,3345510
14,0,3286339
19,0,3095846
14,0,3222800
15,0,3184869
23,0,3305462
10,0,3146904
11,0,3020859
32,0,3035876
21,0,3065549
16,0,3289517
19,0,3181073
16,0,3213697
15,0,3210747
19,0,3096012
16,0,3133507
9,0,3207637
13,0,3015063
14,0,3108636
17,0,3130637
17,0,3071080
13,0,3149944
12,0,3147288
22,0,3233084
24,0,3133654
17,0,3180682
19,0,3003795
15,0,3171769
19,0,3242398
11,0,3232107
19,0,3268997
20,0,3110589
23,0,3548635
24,0,3164607
18,0,3254092
10,0,2912376
14,0,3238393
9,0,3260208
21,0,3401945
25,0,3174658
16,0,3223310
14,0,3076331
19,0,3176833
20,0,3249983
20,0,3222963
13,0,3086900
11,0,3247262
12,0,3180912
19,0,3068894
21,0,3066719
21,0,3301241
14,0,2899099
15,0,3196172
8,0,3096718
17,0,3099405
12,0,3322897
24,0,2989793
17,0,3251826
8,0,3145730
15,0,3104237
15,0,2990508
19,0,3289938
14,0,2948085
17,0,3168027
16,0,3330129
23,0,3302106
14,0,3126838
18,0,3060869
8,0,3175315
15,0,3053402
17,0,3034853
12,0,3226591
26,0,3033842
8,0,2972271
11,0,3226903
19,0,3213762
18,0,3552194
10,0,3363944
16,0,2989424
18,0,3026269
17,0,3222062
14,0,3160202
17,0,3153740
12,0,3047247
13,0,3212305
13,0,3356805
14,0,3214279
19,0,2918430
19,0,3061560
21,0,3021171
17,0,3083034
17,0,3122610
12,0,3107064
14,0,2996354
22,0,3035674
15,0,3122554
24,0,3135757
15,0,3296128
19,0,3316643
16,0,3018839
10,0,3396203
11,0,3102350
16,0,3073772
13,0,3418080
16,0,3064597
15,0,2993365
20,0,3126605
23,0,3119972
8,0,2823696
10,0,3203881
15,0,3097350
10,0,3212754
21,0,3537366
11,0,3068589
17,0,3118242
14,0,3121816
17,0,3041430
10,0,3177710
5,0,3262955
15,0,3022911
16,0,3138974
24,0,3301211
9,0,3288428
6,0,3209350
11,0,2928954
18,0,3114385
19,0,3161372
14,0,3206643
19,0,3286312
15,0,3139173
20,0,3085850
13,0,3385276
20,0,3595041
18,0,3128151
7,0,3106115
15,0,3226248
14,0,3294431
21,0,3045294
14,0,3291290
13,0,3119027
17,0,2776271
17,0,3090967
20,0,2968838
13,0,3005623
16,0,3155210
15,0,3051380
13,0,3300647
12,0,3290607
13,0,3025658
18,0,3192353
21,0,3196082
17,0,3054094
14,0,2950002
17,0,3153858
7,0,3059988
16,0,3260176
19,0,3180833
16,0,3018101
24,0,3337440
20,0,3252253
19,0,3124829
10,0,3057569
20,0,3085510
20,0,3122905
15,0,2906656
16,0,3368599
16,0,3093183
14,0,3171669
22,0,3233354
15,0,3413555
20,0,3160157
17,0,3163293
14,0,3028095
8,0,3091085
9,0,3185739
19,0,3185691
18,0,3176927
18,0,3363978
12,0,3226868
14,0,3021133
15,0,3008439
20,0,3273794
16,0,3335699
15,0,3285354
15,0,3173046
25,0,3057021
15,0,3169059
14,0,3237173
13,0,3292606
19,0,3348459
21,0,3207086
16,0,3121905
16,0,3279206
22,0,3009212
14,0,2989826
13,0,3264414
15,0,3113561
16,0,3027286
15,0,3253645
18,0,3035582
14,0,3219455
17,0,3162520
16,0,3319369
8,0,2996150
18,0,3311743
14,0,3054988
13,0,2895336
15,0,3240625
13,0,3116493
12,0,2973575
15,0,3208139
16,0,2996540
13,0,3079871
16,0,3082342
18,0,3122706
18,0,3156367
17,0,3186747
24,0,3145834
19,0,3077721
14,0,2964602
11,0,3101546
9,0,3239083
15,0,3234752
14,0,3023935
13,0,3073305
27,0,2970664
14,0,2966699
11,0,3268105
16,0,3228837
17,0,3242004
14,0,3289951
19,0,2954954
17,0,3051098
15,0,3125471
13,0,3231376
21,0,3018557
18,0,3271491
17,0,3042794
27,0,3219034
20,0,2994343
25,0,3274686
11,0,3088511
20,0,3091828
14,0,3320259
23,0,3099355
16,0,3315767
22,0,3255137
15,0,3185590
15,0,3476253
16,0,3438872
18,0,3161764
18,0,2956836
18,0,3021453
13,0,2964673
19,0,3095230
14,0,3441379
11,0,3265099
17,0,3326395
18,0,3141126
10,0,3167067
14,0,2847128
19,0,3229918
16,0,3185309
23,0,3211124
15,0,3130477
17,0,3086296
20,0,3481578
18,0,3123097
20,0,3166433
17,0,3085111
16,0,3252938
13,0,3053639
11,0,3261573
13,0,3127942
14,0,3301714
24,0,3169687
11,0,3241601
21,0,3160078
21,0,3077795
9,0,3076979
18,0,3202435
11,0,3193412
26,0,3322970
8,0,3239443
18,0,3275289
19,0,2790705
10,0,3249443
13,0,3247735
13,0,3130883
17,0,3046788
16,0,3217776
19,0,3005354
15,0,3248461
18,0,3161729
15,0,3126533
13,0,3136217
12,0,3270705
14,0,3083639
12,0,3188122
22,0,3375789
14,0,3142192
14,0,3194132
20,0,3159378
22,0,3208423
13,0,3098154
14,0,3276800
16,0,3093447
16,0,3026476
16,0,2953431
17,0,3126135
20,0,3023797
16,0,3067501
12,0,3049804
20,0,3138386
16,0,3183383
17,0,3272995
17,0,3272022
15,0,3189811
12,0,3152415
7,0,3167274
6,0,3213973
19,0,3239975
14,0,2842595
11,0,3106567
15,0,3159898
16,0,3125492
10,0,3132403
16,0,3248960
8,0,2872000
24,0,3396903
12,0,2927819
9,0,3284308
17,0,2958084
14,0,2912217
16,0,3176353
13,0,3272723
19,0,3168661
21,0,3098237
14,0,3445482
24,0,3217525
11,0,3176674
19,0,3216375
17,0,3027268
13,0,3324305
15,0,3116627
19,0,3438760
14,0,2892179
18,0,3079480
18,0,3204454
22,0,3093160
18,0,3124919
15,0,3123262
8,0,3179340
16,0,3074382
20,0,3342370
14,0,2997408
11,0,3247606
16,0,3102068
16,0,2986356
18,0,3220945
10,0,3137682
8,0,3173581
17,0,3117801
18,0,3071997
16,0,3238448
10,0,3174514
17,0,3244801
11,0,3312120
18,0,3299197
16,0,2776853
19,0,3166396
15,0,3145576
17,0,3169123
19,0,3027856
13,0,3117792
11,0,3305459
25,0,3454271
15,0,3043876
12,0,3121556
16,0,3113418
19,0,3088695
17,0,3215982
19,0,3246136
16,0,3177204
16,0,3209424
16,0,3303546
14,0,3291615
23,0,3086067
10,0,3076828
18,0,3472235
9,0,3206322
8,0,3030072
15,0,3081717
18,0,2869850
11,0,3103583
14,0,2997248
8,0,3188529
15,0,3172250
24,0,3319609
15,0,2799657
14,0,3484992
25,0,3236492
14,0,3108649
23,0,3026451
11,0,3011193
20,0,2970531
15,0,3174368
6,0,3053765
16,0,2975783
15,0,3315479
20,0,3179960
20,0,2990834
18,0,3195093
15,0,3169579
25,0,3095223
14,0,3108165
19,0,2926412
12,0,2993944
8,0,3353145
12,0,2930059
17,0,3256894
20,0,3199460
18,0,3206211
21,0,2961833
14,0,3259819
9,0,3238024
16,0,3072280
14,0,3202323
14,0,3412650
10,0,3235341
13,0,3359732
11,0,3314494
22,0,2922363
16,0,3158980
18,0,3066374
16,0,3274230
16,0,3115806
12,0,3098853
24,0,3116420
16,0,3150123
17,0,3128953
16,0,3360323
12,0,3306723
16,0,3306366
19,0,2915124
14,0,2956275
10,0,3147256
16,0,3109794
16,0,3026656
13,0,3273788
22,0,3202246
18,0,3082073
13,0,3067348
16,0,3220665
13,0,3077423
11,0,3201793
12,0,3104900
16,0,3143054
26,0,3051727
12,0,3177291
23,0,3253348
10,0,3109609
13,0,3090185
18,0,3048613
15,0,3155665
16,0,3365683
17,0,2831200
19,0,3216647
18,0,3315847
15,0,3297750
22,0,3090787
14,0,3479947
20,0,3308845
21,0,3125240
20,0,2883783
20,0,3159524
26,0,3341974
19,0,3023234
11,0,2985917
10,0,3457590
15,0,3185832
11,0,3134214
13,0,3285505
13,0,3266868
15,0,3252259
12,0,3187326
17,0,3256745
17,0,3155568
15,0,3212761
19,0,3154297
16,0,3205733
11,0,3243270
12,0,3137760
14,0,3154295
14,0,2936523
14,0,3268207
12,0,3013616
15,0,2895137
15,0,3391663
14,0,3195906
12,0,3199666
17,0,3222288
18,0,3257537
18,0,3105412
15,0,3033561
14,0,3235575
14,0,3056826
9,0,3436930
15,0,3214775
14,0,3129934
12,0,3336920
19,0,3307529
11,0,3126387
13,0,3074556
23,0,2995808
15,0,3071780
19,0,3267152
13,0,3235562
13,0,3164734
17,0,3363774
20,0,3049815
22,0,3158256
17,0,3063353
20,0,3169330
17,0,3201666
12,0,3108581
12,0,3002259
10,0,3125990
20,0,3124248
14,0,3102486
23,0,3363527
17,0,3105901
21,0,3371257
15,0,2883201
16,0,3417545
17,0,3213908
17,0,2902495
13,0,3102837
14,0,3380142
14,0,3231477
14,0,3202088
14,0,2876781
19,0,3118275
20,0,3032427
17,0,3234125
19,0,3007955
20,0,3259578
17,0,3168797
18,0,3007058
21,0,3081660
22,0,3157745
16,0,3319213
14,0,3234865
13,0,2998515
18,0,3202372
19,0,3013530
19,0,3263012
17,0,3131774
25,0,3113450
17,0,3068321
12,0,3216399
17,0,3112214
20,0,3321311
13,0,3132904
16,0,3205546
22,0,3146842
16,0,3000742
20,0,3183973
24,0,2987134
12,0,3132783
14,0,3291185
8,0,3013787
19,0,3209156
19,0,3114696
14,0,3286550
13,0,3051038
10,0,3023233
18,0,2969306
16,0,3012043
14,0,3153233
13,0,3284008
17,0,3096242
11,0,2880757
16,0,3351915
18,0,3161922
17,0,3228322
16,0,3384831
16,0,3182152
7,0,3268492
15,0,2970283
12,0,3300277
19,0,3235482
19,0,3144472
10,0,3051696
15,0,2919266
17,0,3147800
20,0,3198369
25,0,3403923
18,0,3362407
8,0,3071162
19,0,3209061
19,0,3165562
18,0,3055530
14,0,3412082
21,0,3098750
13,0,3392426
11,0,3168777
13,0,2993394
21,0,3284278
17,0,3002929
26,0,3182100
18,0,3307143
13,0,3044350
20,0,3195704
16,0,3469562
18,0,3107624
19,0,3227493
13,0,3026478
19,0,3049725
24,0,3064108
20,0,3034916
16,0,3079788
21,0,3124789
18,0,3288154
23,0,3435424
17,0,3147135
15,0,3058459
12,0,3374480
11,0,3409189
18,0,3208131
15,0,3188838
17,0,3097472
18,0,3163800
11,0,3139077
17,0,3143764
17,0,3140942
21,0,3503686
15,0,2949507
15,0,3004952
8,0,3265613
19,0,2995727
20,0,3048912
25,0,3041557
20,0,3161244
28,0,3176051
15,0,3150092
19,0,3269052
21,0,3233854
18,0,3237053
12,0,3205522
15,0,3149375
18,0,3304039
12,0,3237711
19,0,3169335
13,0,3123010
15,0,3274717
19,0,2915145
14,0,3060142
13,0,3249255
10,0,3219522
17,0,3419869
16,0,3016001
16,0,3242127
8,0,3123710
13,0,3111073
17,0,3343879
16,0,3285075
8,0,3082319
14,0,3332370
15,0,3072688
13,0,2947135
16,0,3073911
8,0,3211099
17,0,3387360
19,0,3053277
25,0,3025189
12,0,3079714
14,0,3236487
14,0,3380335
19,0,3058092
12,0,3173605
15,0,3572971
16,0,3376831
19,0,3194225
13,0,3295237
15,0,3018983
13,0,3033567
14,0,3107088
16,0,3220867
18,0,3213402
20,0,3220665
17,0,3265418
17,0,3360768
25,0,3282444
13,0,3193108
14,0,3115401
14,0,3097586
19,0,3167293
11,0,3066874
14,0,3036269
12,0,3090509
19,0,3153846
13,0,2943509
17,0,3129121
20,0,3101271
18,0,3195077
10,0,3120927
13,0,3286826
11,0,3277289
11,0,2927767
13,0,3151413
23,0,3084272
13,0,3313856
17,0,3251980
17,0,3094724
21,0,3308644
18,0,2814772
11,0,3021837
17,0,3055988
23,0,3184508
15,0,3117282
11,0,3048111
17,0,3128108
19,0,3269280
16,0,3109507
24,0,2970906
25,0,3408703
20,0,3167912
10,0,3166799
17,0,3062093
11,0,3094123
21,0,3187953
14,0,3109286
18,0,2900857
26,0,3229328
20,0,3080450
19,0,3015123
15,0,3122582
24,0,3373154
11,0,3134072
15,0,3086917
18,0,3073307
14,0,3142500
10,0,2956569
11,0,3094861
20,0,3193524
14,0,3259402
18,0,3109100
11,0,3260809
14,0,3224731
15,0,3499372
13,0,3189842
23,0,3250412
10,0,3051209
17,0,3357950
13,0,2937209
9,0,3240758
20,0,3477277
9,0,3133344
12,0,3064319
15,0,3112632
14,0,3185232
15,0,3229421
16,0,3077300
15,0,3152475
20,0,2975098
16,0,3366336
15,0,3038254
13,0,2881605
16,0,3284725
21,0,2993637
13,0,3244266
20,0,3047138
10,0,3253273
23,0,3259709
16,0,3185523
17,0,3039448
20,0,2997024
9,0,3085082
18,0,2981920
17,0,3012342
19,0,3330849
14,0,3145480
19,0,3205079
20,0,3193252
20,0,3238347
20,0,3146082
11,0,3014590
17,0,3239713
14,0,3045270
16,0,3259397
24,0,3011033
15,0,3119802
24,0,3082958
15,0,3158219
14,0,3117909
17,0,3144559
15,0,2998494
20,0,3108372
15,0,3198660
16,0,3077563
9,0,3044034
11,0,3133463
17,0,3210551
15,0,3011692
12,0,3174395
15,0,3064305
15,0,3042692
20,0,3067987
14,0,3166860
12,0,3099394
11,0,2884044
18,0,3131687
15,0,3264166
20,0,3153312
18,0,2826582
16,0,3044095
16,0,3267157
14,0,3033057
14,0,3066924
17,0,2908904
12,0,3024721
17,0,2995464
14,0,2930734
10,0,3331846
14,0,3130271
11,0,3074057
16,0,3144774
18,0,3183236
10,0,3220064
13,0,3283054
14,0,3109391
16,0,3075531
13,0,3421055
17,0,3055356
12,0,3249061
24,0,3041155
18,0,3044915
12,0,3207967
20,0,3175896
14,0,3003123
11,0,3170354
12,0,3123106
9,0,3058875
13,0,3127641
16,0,3074075
16,0,3040609
18,0,2897991
15,0,2957820
12,0,3001951
6,0,3072832
17,0,3041273
14,0,2966717
15,0,3137061
18,0,3183250
14,0,2978692
24,0,3121441
12,0,3170201
20,0,3010400
23,0,3380153
22,0,3308928
17,0,3171720
6,0,2965960
15,0,3086350
21,0,3268173
15,0,3057511
16,0,3140064
14,0,3141261
19,0,3354887
9,0,3194285
24,0,3019843
16,0,3182101
16,0,3207354
20,0,2958183
14,0,3099179
22,0,3130355
15,0,2930152
16,0,3194040
19,0,3297771
18,0,3344981
12,0,3082262
16,0,2995457
10,0,3194021
14,0,2972712
15,0,3013877
15,0,3305303
18,0,3133147
18,0,3287456
22,0,3205196
13,0,3062146
14,0,3155912
17,0,2906336
25,0,3193282
11,0,3130194
12,0,3162582
14,0,3108016
10,0,3356740
10,0,3263091
14,0,3142007
16,0,2975789
15,0,3219577
21,0,3143764
21,0,2986846
13,0,3159725
16,0,3191703
23,0,3210135
15,0,3158305
18,0,3197647
6,0,3222932
10,0,3162908
17,0,3254890
14,0,2991622
12,0,3094796
19,0,3280496
14,0,3147005
14,0,3125673
17,0,3550790
17,0,3227622
20,0,3273108
10,0,3242171
21,0,3279466
18,0,3233372
15,0,3180233
14,0,3160455
13,0,3233456
12,0,2974563
22,0,3243832
23,0,3238733
15,0,3390694
13,0,3143866
11,0,2984191
20,0,3167654
14,0,3151266
15,0,3301294
18,0,3224981
13,0,3226057
8,0,3379170
16,0,3121362
20,0,3257841
17,0,3296883
20,0,3034679
19,0,3230761
16,0,3114610
19,0,3035638
23,0,3068428
15,0,3067736
15,0,3212957
18,0,3063089
14,0,3324619
12,0,2983776
7,0,3266744
17,0,2985026
18,0,3113180
17,0,3248541
17,0,3051313
12,0,3148992
25,0,3336891
16,0,3270731
19,0,2927550
14,0,3183830
22,0,3181403
22,0,3022976
13,0,3107211
10,0,3213313
16,0,3368991
12,0,3171912
28,0,3155783
17,0,3181406
17,0,3258254
18,0,3107468
15,0,3206164
17,0,3343374
18,0,3287830
17,0,3192729
16,0,3069522
18,0,2943063
14,0,3234994
19,0,3240498
21,0,3304979
19,0,3128246
10,0,3076572
18,0,3157426
13,0,2694627
23,0,3135714
20,0,3303617
10,0,3091838
17,0,3265676
14,0,3190613
13,0,3274536
9,0,3364154
16,0,3251978
17,0,3022066
8,0,3231602
20,0,2929862
14,0,3156306
16,0,3208876
14,0,3151186
26,0,3038087
12,0,3030416
16,0,3093395
12,0,3080683
14,0,3189177
4,0,3011090
20,0,3178136
22,0,3196990
9,0,2958641
10,0,3108171
11,0,3057411
16,0,3290624
16,0,3224893
17,0,3141083
29,0,2760211
15,0,3318254
15,0,3074068
13,0,3089409
24,0,3140605
18,0,3341399
17,0,3140630
16,0,3386287
15,0,3262150
14,0,2997222
16,0,3311261
15,0,3288540
11,0,3172922
12,0,3240786
14,0,3020885
18,0,3237702
11,0,3086921
13,0,3090102
17,0,3104643
16,0,3373862
14,0,2923700
12,0,3148525
15,0,3071020
17,0,3042831
19,0,3178352
17,0,3205315
24,0,3113249
12,0,2982968
20,0,3268606
19,0,2895782
16,0,3171714
16,0,2994271
9,0,3150376
17,0,3127446
19,0,3357447
18,0,3297139
17,0,3104036
9,0,3253643
16,0,3015503
18,0,3043861
17,0,3115497
18,0,3076135
16,0,3188195
14,0,3093680
23,0,3048700
16,0,2986450
17,0,3612797
15,0,3217062
11,0,3228940
12,0,3141716
20,0,3021381
19,0,3080611
13,0,3029343
8,0,3084950
16,0,3155417
18,0,3233436
12,0,3293193
10,0,3158976
11,0,3261450
12,0,3286759
18,0,3294091
20,0,3060434
16,0,3473883
15,0,3415271
16,0,3187828
19,0,3447205
15,0,3014343
15,0,3157745
12,0,3166610
11,0,3172051
25,0,3113079
16,0,3116844
10,0,3175946
14,0,3223020
26,0,3295319
17,0,2956633
14,0,3246415
16,0,3037839
13,0,3256613
10,0,3190086
13,0,3121701
14,0,2841213
16,0,3290940
17,0,3217589
18,0,3023924
10,0,3219219
10,0,3060068
17,0,3159254
19,0,3200830
27,0,3180829
9,0,3328496
18,0,2888379
17,0,3170952
14,0,3124743
28,0,3205750
12,0,3110525
20,0,3135504
10,0,3066858
10,0,3121741
10,0,3209062
16,0,2958354
16,0,3002006
14,0,3103253
19,0,3217757
19,0,3116531
13,0,3294403
16,0,3223066
20,0,3318091
12,0,3141957
12,0,3016977
10,0,3262624
13,0,3116310
14,0,3213334
18,0,3198277
10,0,2901605
14,0,3205857
9,0,3046797
16,0,3137778
11,0,3209078
21,0,3204995
13,0,3251907
14,0,3385489
15,0,3165125
17,0,3244847
14,0,3109177
15,0,3058224
16,0,3183260
13,0,3102005
17,0,3059701
14,0,3306078
27,0,2942963
13,0,3147650
13,0,3009636
19,0,2806003
26,0,2969373
12,0,3488544
23,0,3274192
14,0,3258502
17,0,3207840
21,0,3289058
14,0,3385274
15,0,3077847
15,0,3181953
12,0,2980625
19,0,3135710
15,0,3230769
18,0,3202593
9,0,3276012
14,0,3210149
19,0,3218523
13,0,3099247
10,0,2909475
19,0,3254160
10,0,3377319
24,0,3132439
14,0,3283337
12,0,3028702
16,0,3068556
13,0,3145445
9,0,2902097
18,0,2997864
8,0,2886043
18,0,3246274
10,0,2889467
16,0,3165770
16,0,3178570
18,0,3209704
10,0,3147790
20,0,3156485
16,0,3083353
15,0,3112917
18,0,2975378
17,0,2852333
17,0,3059431
15,0,3077092
17,0,3203757
11,0,3005820
15,0,3158935
18,0,3257261
10,0,3075941
20,0,3144406
10,0,2970939
13,0,3327204
21,0,3155016
19,0,3188715
9,0,2963259
14,0,2983992
14,0,3151475
17,0,3263976
16,0,3103245
20,1,3112167
16,0,3139767
16,0,3145189
22,0,3238873
23,0,3136267
17,0,3201126
16,0,3249694
14,0,3059290
16,0,3208483
10,0,3092483
18,0,3038938
15,0,3115815
16,0,3094720
20,0,3227041
16,0,3357739
15,0,3300768
25,0,3234416
18,0,3300523
10,0,3246429
20,0,3060518
12,0,3297851
13,0,3181276
18,0,3060008
17,0,3102918
20,0,3177489
13,0,3273791
11,0,3324804
10,0,3086724
13,0,3070665
19,0,3326537
15,0,2894704
22,0,3258318
14,0,3233755
15,0,3053932
20,0,3281202
16,0,3168810
17,0,3075336
28,0,3356810
22,0,3143728
12,0,3105521
21,0,3208896
15,0,3118935
17,0,3452324
14,0,3266906
18,0,3265216
19,0,3217455
17,0,2923876
26,0,3229026
16,0,2882887
24,0,3053603
14,0,3154593
16,0,2928880
24,0,3142174
20,0,3257364
10,0,3281591
10,0,3111620
23,0,3349928
12,0,3202876
13,0,2895345
15,0,3514005
23,0,3167145
21,0,3189843
10,0,3053997
22,0,3205276
23,0,3237838
19,0,3198594
11,0,3081378
17,1,3194169
18,0,3172606
14,0,3319061
13,0,3187039
9,0,2914991
16,0,3385212
17,0,3050410
25,0,3079454
6,0,2815485
11,0,3166924
22,0,3336795
14,0,3467527
14,0,3204335
16,0,3152850
20,0,3223063
16,0,2964057
13,0,3049286
22,0,3183027
9,0,3124796
13,0,3397073
13,0,3081131
15,0,3128954
15,0,3117199
11,0,3185040
12,0,3113888
19,0,3260129
17,0,3250645
17,0,3198416
21,0,3141065
13,0,3330656
18,0,3091874
14,0,3151467
22,0,3339556
11,0,2985205
11,1,3043068
16,0,3294952
18,0,2934593
12,0,3019452
16,0,3199238
15,0,3107395
17,0,3221492
14,0,3016697
16,0,3202402
19,0,3405006
16,0,3269721
20,0,3283502
16,0,3111748
12,0,3349154
7,0,3131901
20,0,3141314
17,0,3129997
13,0,3357643
17,0,3164643
16,0,3380143
18,0,3139089
9,0,3157167
14,0,3186641
10,0,2973467
12,0,3158671
11,0,3197560
12,0,3382637
12,0,3217632
16,0,3147775
17,0,3147551
14,0,2806228
15,0,3295482
12,0,3242096
15,0,2746989
22,0,3177380
22,0,3263471
11,0,3035537
18,0,3329610
15,0,3034266
16,0,3119267
15,0,3430690
15,0,3199089
21,0,3286343
16,0,2955455
12,0,3014374
15,0,3164287
17,0,3118995
14,0,3144406
14,0,3182853
22,0,3265144
13,0,3109456
22,0,3154736
13,0,3083783
23,0,3251292
14,0,3268796
21,0,3203193
11,0,3312805
22,0,3166056
10,0,3246643
10,0,3200069
9,0,3265013
16,0,3044102
19,0,3178620
13,0,3126872
14,0,3158371
16,0,3038730
19,0,3332365
10,0,3217550
16,0,3305211
13,0,3238151
16,0,3143656
18,0,3005298
19,0,3252523
7,0,3145413
21,0,3068223
15,0,3177590
12,0,3252537
13,0,3160364
20,0,3481074
18,0,3109831
14,0,3015398
15,0,3207249
16,0,3280044
8,0,3299431
18,0,3234522
17,0,3053931
13,0,3214364
18,0,3067853
18,0,3081829
21,0,3182083
11,0,3441813
14,0,3321842
16,0,3248039
15,0,2887255
17,0,3237750
20,0,3095195
21,0,2969906
15,0,2991020
11,0,3207933
14,0,3185522
12,0,2906425
16,0,3304965
15,0,3077670
17,0,3133190
18,0,2937651
23,0,3173403
13,0,3057426
19,0,3165177
12,0,3288554
17,0,3449835
15,0,3129783
12,0,3091578
9,0,3097759
11,0,3103571
12,0,3375908
14,0,3248582
20,0,3307520
13,0,3151676
21,0,3306169
18,0,3126988
12,0,2948241
9,0,3156590
16,0,3140626
13,0,3155875
16,0,3140319
14,0,3115500
17,0,3318133
22,0,3140557
15,0,2897235
12,0,2943385
9,0,3332939
17,0,3075035
17,0,3127845
17,0,3185599
11,0,3149431
18,0,3042791
15,0,3083577
18,0,3260382
14,0,3106027
11,0,3140069
14,0,3226035
16,0,3024315
20,0,3138509
5,0,3205640
21,0,3159571
18,0,3014016
17,0,3323207
12,0,3184340
17,0,3094364
21,0,2999240
14,0,3111798
22,0,3145516
15,0,3083306
16,0,3192813
16,0,3279990
15,0,3299725
14,0,3000439
23,0,3106037
12,0,3059321
15,0,3115656
15,0,3124052
17,0,3101718
18,0,3170401
19,0,3233932
17,0,3180117
10,0,3315166
18,0,3126633
22,0,3151809
21,0,3100783
16,0,3282619
16,0,3143390
17,0,3070826
28,0,3292576
18,0,3165581
16,0,3071636
14,0,3016890
14,0,3157625
18,0,3159948
15,0,3107754
22,0,3093279
18,0,3167189
17,0,3140384
11,0,3051034
18,0,3133607
20,0,3196738
16,0,3112471
17,0,3166025
13,0,3021419
22,0,3046136
19,0,3215259
17,0,3011746
14,0,3035369
22,0,3071747
14,0,3135264
17,0,3439909
23,0,3138182
18,0,3134240
16,0,3136175
16,0,3229822
17,0,3237159
16,0,3199212
21,0,3199188
14,0,3141186
19,0,3126084
17,0,3258282
10,0,3110719
13,0,3063871
20,0,3042179
19,0,3039752
16,0,3087107
9,0,3215152
11,0,3110841
18,0,3339237
12,0,2931123
16,0,3270626
27,0,3112462
10,0,3257822
20,0,3207624
13,0,3103022
19,0,3169432
8,0,2971105
14,0,3117702
13,0,3482061
13,0,2948581
12,0,3187606
16,0,3266863
11,0,3088445
21,0,2882872
20,0,3015906
17,0,3122445
18,0,3168368
19,0,3272580
19,0,3138882
24,0,3094722
19,0,3232494
18,0,3065938
15,0,2990651
13,0,3033322
19,0,3028573
12,0,3054499
17,0,3232539
15,0,3228785
13,0,3250641
8,0,3158812
22,0,3004786
15,0,3146011
16,0,3030501
15,0,3145016
13,0,3182066
19,0,3177261
23,0,2918890
15,0,3275660
17,0,3097005
20,0,3068077
19,0,3322071
26,0,3200768
12,0,3122473
10,0,3282204
11,0,3122183
17,0,3174119
18,0,3147495
15,0,3197384
16,0,3080529
10,0,3119468
17,0,3149549
22,0,3212780
23,0,3343501
17,0,2988839
19,0,3075051
15,0,3089607
12,0,3063441
10,0,3229330
13,0,3108150
19,0,3199718
14,0,3029086
10,0,3127849
25,0,3197956
23,0,2929578
12,0,3227662
27,0,3091281
12,0,3049503
27,0,3129324
9,0,3444027
9,0,3021194
23,0,3231943
17,0,2927331
24,0,3024279
12,0,2954186
19,0,3124144
7,0,3080767
21,0,3270071
12,0,3046030
26,0,3132243
22,0,3059105
13,0,3213671
10,0,3194916
13,0,3121298
17,0,3164664
10,0,3152422
14,0,3031172
15,0,3200224
14,0,3283516
10,0,3244550
13,0,3113321
19,0,3138087
24,0,3259188
8,0,3025761
8,0,3269917
16,0,3061184
12,0,2919886
18,0,3071171
19,0,3090303
13,0,3351734
11,0,3392150
17,0,3328981
6,0,3262628
22,0,2965503
13,0,3105170
19,0,2975464
9,0,3080968
18,0,3008843
15,0,3200821
11,0,3077205
16,0,3019226
16,0,3300545
16,0,3114549
18,0,3071430
18,0,3133397
14,0,3049743
13,0,3419216
15,0,3186168
21,0,3115515
16,0,3006175
18,0,3256514
17,0,3000010
16,0,3293791
15,0,3180056
14,0,3187571
12,0,3217815
16,0,2997577
22,0,3162001
11,0,3229515
18,0,3206098
27,0,3118964
14,0,3263693
17,0,3284199
24,0,3033101
7,0,3325261
21,0,2975032
11,0,3195426
9,0,2803011
15,0,3100518
14,0,3402701
14,0,3101597
21,0,2915320
17,0,2987735
21,0,3323153
13,0,3211472
18,0,3179201
21,0,3073024
13,0,3107616
16,0,3206037
17,0,3120399
14,0,3292188
15,0,3054637
15,0,3140946
15,0,3164296
14,0,3179528
15,0,3338667
25,0,3030184
15,0,3133067
11,0,3157147
16,0,3182402
18,0,2892432
21,0,3213207
18,0,3153967
12,0,3260897
14,0,3127635
15,0,3068602
15,0,3096831
21,0,3143825
18,0,3109175
14,0,2950085
19,0,2877216
18,0,3137889
14,0,3225745
20,0,3179594
11,0,3306565
18,0,3211232
15,0,3164779
11,0,3210004
20,0,3467494
14,0,3283623
22,0,3141180
24,0,3281383
12,0,3466998
13,0,3233242
20,0,3213628
16,0,3292987
11,0,3315952
25,0,3196440
15,0,3355844
20,0,3230685
14,0,3056578
26,0,3403600
13,0,3190911
18,0,3230593
10,0,3117963
14,0,3177469
18,0,3158436
17,0,3410808
14,0,2943879
22,0,3382914
16,0,3292835
15,0,3149244
15,0,3529389
20,0,3046705
15,0,3182489
16,0,3012738
11,0,3115007
14,0,3312554
14,0,2998050
17,0,3075238
17,0,3304369
15,0,3180909
15,0,2997353
13,0,3082316
12,0,3206839
14,0,3182062
20,0,2986659
11,0,3356866
13,0,3048505
15,0,2907031
16,0,3050969
19,0,3139136
16,0,3171468
15,0,3327371
18,0,3345770
12,0,3250255
14,0,3001440
12,0,3224847
13,0,3243985
21,0,2788064
13,0,3184724
19,0,3159463
15,0,3011406
24,0,3105026
15,0,3197683
15,0,3415600
15,0,3163004
14,0,3031701
15,0,3280722
14,0,3225976
12,0,3106523
11,0,3047881
21,0,3106047
13,0,2985677
22,0,3115879
10,0,3240654
17,0,3161109
11,0,3154978
15,0,3124488
16,0,3136937
13,0,3123467
20,0,3274250
14,0,3061877
19,0,3245239
12,0,3125462
23,0,3235534
12,0,3215828
16,0,3153081
20,0,2885098
25,0,3034114
20,0,2972790
16,0,3222935
15,0,3067762
18,0,3317786
17,0,3393143
20,0,3334697
21,0,2969992
15,0,3108209
18,0,3056226
16,0,3130351
17,0,3214522
21,0,3182402
17,0,3207879
13,0,2938640
16,0,3143777
13,0,3086828
28,0,3106382
12,0,3140093
19,0,3262162
17,0,3108019
11,0,3089161
22,0,3232256
18,0,3131690
14,0,2982156
20,0,3093725
9,0,3128461
21,0,3126947
15,0,3139978
23,0,2985734
21,0,3047028
20,0,3216849
15,0,3003278
17,0,3008651
11,0,3183166
15,0,3051531
15,0,3141009
12,0,3210752
15,0,3069723
17,0,3208279
15,0,3385306
17,0,3115700
16,0,3153719
16,0,3270733
19,0,2946628
12,0,3075823
25,0,3194650
14,0,3194462
27,0,2881480
21,0,3223127
14,0,3160057
19,0,3110475
20,0,3335318
13,0,3273190
10,0,2984920
20,1,3205070
19,0,2972576
13,0,3112386
16,0,3160613
15,0,3130761
15,0,3086066
14,0,3284472
18,0,2952764
18,0,3076912
13,0,3370056
13,0,3090935
11,0,3009425
22,0,3317879
11,0,3088381
15,0,3293371
16,0,3118057
19,0,3029555
20,0,3205436
9,0,3244631
15,0,3161139
17,0,3403735
12,0,3098622
17,0,3167078
14,0,2926555
21,0,3218642
23,0,3194473
23,0,3178351
12,0,3081943
16,0,3335605
18,0,3083440
21,0,3030519
17,0,2981695
14,0,2976084
27,0,3209322
10,0,3227034
18,0,3223433
13,0,3028051
15,0,3129712
10,0,3303085
15,0,3306903
14,0,3139761
19,0,3164422
16,0,3209076
18,0,3223230
24,0,3264958
18,0,3035466
11,0,3018624
13,0,3067999
16,0,3465885
11,0,3305999
10,0,3345341
16,0,3102091
20,0,3164043
12,0,2916644
22,0,3189181
14,0,3095798
18,0,3096914
9,0,3129720
9,0,3061713
17,0,3012826
14,0,3305189
15,0,3164652
18,0,2995664
19,0,3041484
16,0,3159792
18,0,3336330
18,0,3225923
13,0,2928723
13,0,3268630
11,0,3041448
15,0,3373423
14,0,3099209
19,0,3155711
17,0,3410925
19,0,2984323
15,0,3058582
20,0,3103758
15,0,3402249
15,0,3300925
19,0,3229508
12,0,3216662
12,0,3177859
13,0,3228878
9,0,3292758
10,0,3033818
17,1,3068718
17,0,3098925
13,0,3068660
17,0,3071016
24,0,3217778
21,0,3095765
13,0,3008000
16,0,3066878
21,0,3231002
14,0,3193385
9,0,3263866
19,0,3132723
17,0,3116789
17,0,3221869
21,0,3347454
14,0,3211695
18,0,3334565
17,0,3073796
18,0,3260838
14,0,2871470
13,0,3139051
18,0,3298462
19,0,2932891
13,0,3178524
16,0,2894914
9,0,3152568
14,0,3170142
12,0,3142744
9,0,3290883
16,0,3396559
15,0,3051629
17,1,3150399
13,0,3145015
19,0,3235666
16,0,3165514
11,0,3031790
16,0,3294631
19,0,2990289
17,0,3324066
15,0,3199416
15,0,3015650
12,0,3404624
19,0,3240251
16,0,3215363
13,0,3055245
10,0,3138953
18,0,3129838
18,0,3171916
17,0,2933563
16,0,3292293
13,0,3233048
13,0,3382663
11,0,2996395
15,0,3095496
15,0,3341652
17,0,3032805
9,0,2962373
17,0,3043943
18,0,3267797
21,0,3342641
10,0,3291931
17,0,3366127
20,0,3229116
18,0,3173564
21,0,3223877
16,0,3051531
18,0,3029841
14,0,3295590
13,0,3102326
20,0,3133195
14,0,3250253
15,0,3219460
18,0,3110681
15,0,3304847
11,0,3130685
23,0,3153974
15,0,3179055
14,0,3038996
7,0,3318713
23,0,3038706
15,0,3333279
15,0,3304514
10,0,2983523
6,0,3015528
30,0,3158665
23,0,3194986
11,0,3389903
15,0,2977885
19,0,3372668
19,0,3139652
22,0,3229005
23,0,3086490
16,0,3382354
14,0,3312970
10,0,3351364
13,0,3320036
11,0,2916352
18,0,3429782
20,0,3357213
12,0,3399516
23,0,3274622
13,0,3130139
16,0,3007791
13,0,3080895
18,0,3220870
17,0,3419203
15,0,3208621
16,0,3025592
15,0,3108082
25,0,3253832
18,0,3509177
16,0,3222962
7,0,3172046
21,0,3391401
14,0,3189448
18,0,3080990
15,0,3209866
11,0,3015690
20,0,3355201
11,0,3240500
15,0,3187284
20,0,3157975
15,0,3156340
20,0,3397224
21,0,2914911
16,0,2885134
23,0,3229038
20,0,3203883
17,0,3248429
21,0,3307765
18,0,3207260
11,0,3189971
12,0,3087912
22,0,3214749
17,0,3328610
16,0,3262599
9,0,3047863
23,0,3052607
16,0,3316290
14,0,3105270
20,0,3154569
14,0,3132886
13,0,3071691
19,0,3014798
13,0,3139813
19,0,3257182
14,1,3135849
11,0,3286432
6,0,3066317
15,0,3321843
17,0,3260729
16,0,3105346
15,0,3164287
11,0,3015580
21,0,3222440
22,0,3154447
16,0,3110514
13,0,3138072
16,0,3369943
18,0,3167654
14,0,3012385
28,0,2884946
16,0,3171166
11,0,3056178
12,0,3308179
20,0,3045257
17,0,3063706
11,0,3015087
16,0,3175772
19,0,3352131
12,0,3050162
15,0,3220263
23,0,3132030
16,0,3243906
17,0,3181716
11,0,3155964
11,0,3144050
14,0,3347105
23,0,3261216
17,0,3380019
10,0,3128761
15,0,3138930
17,0,3231995
16,0,3014157
19,0,3463002
24,0,3191943
19,0,3227471
14,0,3185136
24,0,3111527
17,0,3053002
16,0,3177982
20,0,3096365
18,0,3051257
19,0,3148433
17,0,3018077
16,0,2937386
15,0,3116289
15,0,3006658
16,0,3071554
18,0,3125142
15,0,3114563
10,0,3063155
10,0,3099998
21,0,3191016
13,0,3125608
16,0,3274055
14,0,3288267
29,0,3174625
13,0,3053404
21,0,3252539
17,0,3031375
13,0,3107321
25,0,3032481
19,0,3196478
15,0,3156980
22,0,3143571
14,0,3044066
11,0,3040573
16,0,2895145
22,0,3244852
8,0,3517643
15,0,3351462
9,0,3312582
13,0,3028934
20,0,3318509
21,0,3285263
15,0,3161014
14,0,3232016
18,0,3123711
23,0,3223528
11,0,3092842
12,0,3223294
16,0,3100061
11,0,3178807
13,0,3043264
14,0,3514864
10,0,2968196
19,0,3192326
10,0,3289237
23,0,3226326
19,0,3323991
17,0,3132653
15,0,3127813
7,0,3139925
16,0,3000857
17,0,2959885
19,0,3099985
20,0,3150505
13,0,3350672
25,0,3312924
12,0,3017373
21,0,3464818
13,0,3165333
11,0,3368792
14,0,2996654
12,0,3081065
19,0,3148335
14,0,3266928
20,0,2944291
14,0,2934777
17,0,3383842
15,0,3073933
18,0,3231693
15,0,3072190
21,0,3182430
21,0,3022171
14,0,3073165
12,0,3329452
16,0,3128704
8,0,3207737
18,0,3039930
9,0,3079232
19,0,3389339
16,0,3089411
16,0,3230049
19,0,2984905
15,0,3366267
9,0,3054653
17,0,3200877
25,0,3005157
16,0,3246874
20,0,3292469
12,0,3039019
6,0,3156850
18,0,3242612
24,0,3062490
13,0,3251278
16,0,3055788
15,0,3248769
19,0,3398424
16,0,2983576
17,0,3426592
18,0,3302039
17,0,3201808
13,0,3133963
18,0,2898029
10,0,3068092
20,0,3137198
12,0,3399501
24,0,3092238
18,0,3108807
24,0,3300568
14,0,3234742
16,0,3112843
18,0,3011458
19,0,3342800
18,0,3262820
14,0,3060894
12,0,3046877
22,0,3128919
16,0,3194007
13,0,3180261
16,0,3163326
14,0,3270028
17,0,3210198
11,0,3194646
16,0,3058648
19,0,3005141
24,0,3271740
15,0,3097894
19,0,3053196
16,0,3232637
20,0,3362812
15,0,3041707
14,0,3179187
16,0,3027142
14,0,3205539
21,0,3234373
12,0,3455993
20,0,3394436
20,0,3010929
12,0,3258031
18,0,3382541
22,0,3182265
15,0,3051541
14,0,3198590
11,0,3164152
18,0,3368023
16,0,2984066
22,1,2984992
14,0,2887298
10,0,3091537
19,0,2955639
17,0,3091588
14,0,3322656
16,0,3095347
11,0,3098964
11,0,3289056
18,0,2968683
16,0,3151024
16,0,3129214
16,0,3097216
9,0,3195433
10,0,3157979
5,0,3094021
13,0,3426995
11,0,3192658
15,0,2971511
17,0,3382991
16,0,3143850
8,0,3255293
14,0,3254792
18,0,3017907
17,0,3221400
11,0,3219649
22,0,3002033
12,0,3088761
14,0,3233431
10,0,3092124
10,0,3107538
15,0,3128298
16,0,3160747
21,0,3353345
10,0,3452513
20,0,3313268
15,0,3204089
20,0,3120220
15,0,3183299
13,0,3126675
13,0,3319705
21,0,3278663
11,0,3263749
19,0,3259433
18,0,3149914
14,0,3383338
19,0,3154024
20,0,3194636
19,0,3178480
16,0,3096482
18,0,2945232
17,0,3016669
16,0,3187555
19,0,2963005
8,0,3148984
12,0,3302513
10,0,3151994
16,0,3066084
13,0,3186597
21,0,3346534
11,0,3240268
17,0,3138017
9,0,3086827
15,0,3132722
26,0,3305872
18,0,3228943
13,0,3157269
20,0,3312000
22,0,3239549
14,0,3007458
13,0,3108239
17,0,3360549
15,0,3139485
11,0,3129422
12,0,3230680
18,0,3131338
15,0,3018464
17,0,2970312
14,0,3090934
15,0,3139367
16,0,3144423
17,0,3186053
12,0,2845239
27,0,3159739
21,0,3137777
16,1,3087244
21,0,3295605
18,0,2988183
14,0,3407037
14,0,3117205
29,0,3353204
21,0,3328230
11,0,3248330
20,0,3313608
16,0,3077879
15,0,3110410
15,0,3222913
14,0,3170934
8,0,3028456
15,0,3116315
15,0,3097655
22,0,3316483
14,0,3099857
15,0,3239631
22,0,3188010
18,0,3123496
13,0,3381353
14,0,3049696
16,0,2945278
12,0,3246748
19,0,3169938
13,0,3254523
15,0,3173620
12,0,3093688
12,0,3316362
13,0,2953996
19,0,3252590
3,0,3265950
14,0,3141731
13,0,3187560
10,0,3161356
21,0,3230192
20,0,3195192
17,0,3249501
20,0,3391806
16,0,3155786
19,0,3109674
9,0,3210132
10,0,3195347
22,0,3186400
12,0,3130407
17,0,3258422
14,0,3153696
18,0,3174347
19,0,3116217
18,0,3381088
18,0,3039507
9,0,3306558
17,0,3192704
15,0,3043646
15,0,3167642
20,0,3076937
14,0,2942635
17,0,2889577
16,0,3000716
16,0,3152061
21,0,3154358
16,0,3187428
29,0,3108602
21,0,3115666
16,0,3110586
16,0,3025496
17,0,3249763
18,0,3043899
18,0,3086202
15,0,3165773
16,0,3056680
23,0,3196243
13,0,3119908
10,0,3099974
16,0,3023376
23,0,2981602
18,0,3205431
17,0,2964254
18,0,2970245
22,0,3324471
13,0,3062184
15,0,2977825
14,0,3000025
12,0,3056842
18,0,3029279
19,0,3171101
13,0,3035558
15,0,3184952
10,0,3232699
19,0,2965489
17,0,3064141
10,0,3236447
10,0,3136507
11,0,3195556
16,0,3102129
16,0,3405863
19,0,3149257
18,0,3195655
18,0,3040955
23,0,3161839
17,0,3074495
21,0,3087013
20,0,2981411
20,0,3228679
14,0,3122772
14,0,3126735
13,0,3123859
14,0,3117093
13,0,3286751
12,0,3288214
23,0,3180809
14,0,3134241
21,0,3058236
17,0,3110470
15,0,3189069
22,0,3104424
12,0,3334808
18,0,3135671
14,0,2872653
17,0,3194586
14,0,3148952
23,0,3237296
19,0,2984647
26,0,3255835
19,0,3312014
17,0,3191593
10,0,3062743
21,0,3233112
14,0,3152975
14,0,3205115
12,0,3018478
21,0,3204496
20,0,3079752
11,0,3283298
18,0,3237429
16,0,3210000
21,0,3207021
17,0,3111939
13,0,3217467
18,0,3118800
13,0,2895284
15,0,2878450
14,0,3236229
15,0,3462008
19,0,3128759
16,0,3057958
17,0,2788790
24,0,3274402
20,0,2967020
16,0,3211874
14,1,3047157
11,0,3128517
17,0,2996358
22,0,3137553
25,0,3064435
11,0,3142265
20,0,3327320
19,0,3098265
15,0,2981634
16,0,3175847
15,0,3199131
20,0,3178309
13,0,3110405
14,0,3160815
11,0,3140420
17,0,2969162
28,0,3237162
18,0,3033079
13,0,3155362
15,0,3219248
18,0,2932013
18,0,3273037
20,0,3116165
13,0,3064359
19,0,3195639
22,0,3371884
18,0,3002634
10,0,3183629
11,0,3220388
9,0,3339044
12,0,3245442
14,0,3425068
18,0,3409707
15,0,3025944
20,0,3132633
11,0,3348569
13,0,3147881
13,0,3136518
21,0,3219078
16,0,3045153
23,0,3400281
20,0,3037629
12,0,3336397
12,0,3330443
11,0,3320741
14,0,3333848
13,0,3031719
16,0,3160376
20,0,3170476
16,0,3056142
16,0,2961957
10,0,3222905
10,0,3024548
19,0,3251266
16,0,3219376
14,0,3077861
19,0,3147601
12,0,3346548
18,0,3073733
15,0,3030109
22,0,2848479
15,0,3313056
17,0,3075755
20,0,3160002
19,0,3209881
16,0,3386446
16,0,3049168
22,0,3170700
17,0,3131050
17,0,3226842
25,0,3086561
14,0,3399747
13,0,3262865
12,0,3129194
15,0,3362576
19,0,3191846
18,0,3193821
14,0,3068771
26,0,3271162
10,0,2996247
15,0,3144591
15,0,2895805
10,0,3138348
13,0,3275226
13,0,3160342
12,0,3444836
13,0,3276281
19,0,3285879
14,0,3093137
21,0,3088490
24,0,3081979
13,0,3335339
21,0,3265420
19,0,3169899
23,0,3055744
18,0,3131274
17,0,3058448
14,0,2950105
11,0,3387106
15,0,3196932
10,0,3235217
21,0,3016152
13,0,3333051
17,0,2881057
15,0,2942868
13,0,3354237
9,0,3261935
14,0,3162753
10,0,3295839
14,0,3250446
16,0,3039202
19,0,3085972
13,0,3017312
20,0,3178591
13,0,3092303
13,0,3075054
14,0,3245588
11,0,3231023
13,0,3037849
19,0,3165627
20,0,3053532
18,0,3222856
19,0,3199981
12,0,3331972
15,0,3208750
15,0,3115281
13,0,3171983
22,0,3349498
12,0,3321624
20,0,3249803
17,0,3045788
16,0,3120581
25,0,3194264
19,0,2931948
11,0,3099872
17,0,3164927
22,0,3036232
13,0,3095701
18,0,3201939
25,0,2999011
10,0,3219909
8,0,3082165
12,0,3257946
18,0,3243494
11,0,3209655
19,0,3292528
9,0,3168456
14,0,3267704
12,0,3202129
13,0,3302096
4,0,3256287
18,0,3106433
21,0,3035041
9,0,3221437
6,0,3116649
13,0,3012479
12,0,2987603
14,0,3174957
15,0,2988712
24,0,3137503
18,0,2954297
15,0,3307088
12,0,2914403
17,0,2913522
23,0,3039392
14,0,3259161
13,0,3223535
16,0,3308239
17,0,3276654
17,0,3365356
14,0,3290475
18,0,3216369
16,0,3177735
20,0,3021787
23,0,3376869
14,0,3279077
17,0,3201922
25,0,3532013
19,0,3269373
16,0,3156646
20,0,3188425
14,0,2843937
14,0,3055158
22,0,3051346
22,0,3185897
11,0,3092597
13,0,3174368
19,0,3425951
15,0,3248719
19,0,3048586
15,0,3252413
7,0,3340319
18,0,3328093
10,0,3268553
16,0,2912962
12,0,3398595
18,0,3283647
11,0,3294727
18,0,3414369
12,0,2974220
10,0,3160421
18,0,3171491
13,0,3242258
16,0,3006970
18,0,3214829
16,0,3069125
17,0,3103207
20,0,3032690
16,0,3111013
16,0,3179457
13,0,3402440
14,0,3327841
13,0,3082697
21,0,3238149
13,0,2935372
28,0,3388970
19,0,3194839
17,0,3146543
15,0,3296512
18,0,3055786
17,0,3233181
17,0,3056701
12,0,3047701
19,0,3026617
19,0,3139918
17,0,2932258
14,0,3140623
18,0,3146504
17,0,3419414
12,0,3377596
14,0,3155676
21,0,3009076
17,0,2978130
15,0,3293254
15,0,3257644
24,0,3260598
15,0,3156979
19,0,3282756
15,0,3146128
10,0,2937348
10,0,3062970
17,0,2951165
15,0,3313313
19,0,3063612
9,0,3090726
17,0,3119341
19,0,3083606
17,0,3244779
16,0,3276370
19,0,3206871
15,0,3014164
14,0,2954151
21,0,3195556
14,0,2942940
15,0,3221178
18,0,3211172
19,0,3223388
12,0,2976180
11,0,3236722
22,0,3129323
19,0,3023648
10,0,2959809
20,0,3198793
6,0,2974530
25,0,3271115
16,0,3195945
16,0,3157936
16,0,3284002
17,0,3247580
13,0,3098337
14,0,3199253
10,0,3190435
17,0,3082162
18,0,3145667
18,0,3150036
11,0,3326348
13,0,3144079
16,0,3211449
14,0,3085980
17,0,3073388
22,0,3090471
16,0,3071460
21,0,3231567
14,0,3372357
15,0,3030370
20,0,3358790
21,0,3368777
13,0,3053766
18,0,3043660
18,0,2982319
8,0,2989029
26,0,3358536
19,0,3235860
17,0,3016676
18,0,3401454
18,0,3328436
9,0,3011732
10,0,3263574
10,0,3165999
24,0,3225189
10,0,3178069
16,0,3229092
32,0,3451925
14,0,3217633
23,0,3187722
11,0,3065727
14,0,3063644
17,0,3202555
10,0,3185612
22,0,3058364
15,0,3256048
12,0,3165370
15,0,3262831
18,0,3122583
19,0,3124871
13,0,3092744
11,0,2917546
11,0,2896939
14,0,3381117
19,0,3169579
22,0,3066884
15,0,3222616
10,0,3176804
22,0,3155147
8,0,3190332
12,0,3121366
13,0,3143722
15,0,3173640
10,0,3021959
15,0,3189763
24,0,3005896
16,0,3161129
23,0,2989644
13,0,3232795
21,0,3237646
17,0,3236997
14,0,3187040
19,0,3160178
10,0,3142110
20,0,2937650
22,0,3075500
16,0,3017329
15,0,3187278
14,0,3146211
17,0,3154521
13,0,3306147
16,0,3103621
20,0,3181074
13,0,3269290
19,0,3217837
15,0,3308981
19,0,3062212
19,0,3283376
19,0,3129099
15,0,2976117
16,0,3079634
10,0,3154868
25,0,3047656
13,0,3231847
19,0,2913748
12,0,3173214
20,0,3234049
24,0,3177464
19,0,2978961
19,0,3271319
18,0,3253987
9,0,3062290
9,0,3336088
17,0,3147141
17,0,3150637
22,0,3179104
19,0,3118093
16,0,3088762
10,0,3086346
16,0,3118540
20,0,3221624
15,0,2869118
17,0,2925706
15,0,3467403
16,0,3133487
14,0,3074689
16,0,3204643
22,0,3134412
15,0,3315105
15,0,3119107
13,0,2952891
15,0,3073057
17,0,3027714
18,0,3151442
8,0,3154142
17,0,3247397
14,0,3170814
13,0,3030818
17,0,3259911
18,0,3287955
13,0,3161119
21,0,3316961
10,0,2849435
16,0,3138972
20,0,3098429
16,0,3198784
21,0,3212186
20,0,3105811
15,0,3133448
2,0,3197901
19,0,3274835
19,0,3354934
16,0,2953097
14,0,3167792
15,0,3184312
14,0,3000870
10,0,3268988
14,0,3277997
16,0,3094422
15,0,3052025
16,0,3186470
13,0,3261481
16,0,3007403
14,0,3402783
15,0,3188836
11,0,3224856
21,0,3275501
13,0,3233828
20,0,3002995
24,0,3059295
12,0,3296149
15,0,3526758
14,0,3214387
18,0,3299099
18,0,3115146
18,0,3342012
19,0,3390614
24,0,3306490
18,0,3249221
19,0,3305024
23,0,3131421
15,0,3016704
17,0,2991075
13,0,3226953
11,0,3103275
17,0,3269660
14,0,3195475
21,0,3173262
21,0,3191391
12,0,3266175
19,0,3310806
13,0,3143245
19,0,3430671
22,0,3106893
18,0,2988337
18,0,3335931
10,0,3135020
23,0,3228623
17,0,3166028
17,0,3263808
18,0,3230218
14,0,3239965
21,0,2864916
14,0,3213204
16,0,3013703
18,0,3009270
16,0,3117764
11,0,3085500
21,0,2892143
17,0,3234182
14,0,3158764
11,0,2865194
7,0,3065455
16,0,2965299
15,0,3186420
21,0,3328890
17,0,3022724
15,0,3136734
10,0,3342199
18,0,3224058
9,0,3148961
14,0,3337451
19,0,2716721
17,0,3269953
12,0,3114039
9,0,3310390
15,0,3026594
18,0,3362434
21,0,3208765
8,0,3204299
11,0,3094215
14,0,2969090
14,0,3111580
18,0,3315904
20,0,3550281
14,0,3054198
15,0,2885032
14,0,3183197
12,0,3116569
18,0,3081594
26,0,3151941
22,0,3134079
13,0,3361132
17,0,2954063
14,0,3207926
10,0,3105304
20,0,3081716
15,0,3149123
21,0,3262196
17,0,3084154
16,0,3211261
14,0,3250129
15,0,3315694
22,0,3192851
15,0,3073018
19,0,3122189
7,0,2947554
16,0,3008878
12,0,3102076
18,0,2955162
14,0,3307828
15,0,3129379
18,0,3154804
11,0,2994168
18,0,3187779
17,0,3245735
14,0,2945983
16,0,2980059
12,0,2954043
20,0,3251874
17,0,3065852
12,0,3327171
15,0,3358718
20,0,3127135
14,0,3224073
20,0,3129889
14,0,3120817
14,0,3005785
12,0,2983864
18,0,2779803
14,0,3072380
20,0,3183656
20,0,3123212
12,0,3034933
12,0,3346494
16,0,3266359
13,0,3347790
14,0,2947777
13,0,2963980
14,0,3424712
14,0,3026980
19,0,3215754
16,0,3251071
20,0,3155493
18,0,3306542
14,0,3271445
13,0,3182293
24,0,3215724
13,0,3315448
16,0,3156350
13,0,3068968
19,0,3102552
16,0,2994529
11,0,3435018
12,0,3333885
23,0,3023303
14,0,3377023
16,0,3221137
9,0,3197439
20,0,3120503
15,0,3199302
14,0,3057506
15,0,3084940
21,0,3366031
19,0,3211400
19,0,3331667
12,0,3097609
13,0,3159119
28,0,3055729
15,0,2974198
14,0,3199702
11,0,3120864
17,0,3234515
15,0,3112878
19,0,3487397
15,0,3038798
19,0,3232950
14,0,3077073
12,0,3068739
16,0,3223311
13,0,3087022
13,0,3236826
10,0,3059630
18,0,3159244
19,0,3255033
18,0,3353802
18,0,3002654
11,0,2955986
19,0,3121198
14,0,3069553
17,0,3278053
10,0,3316238
17,0,3176132
20,0,3005252
12,0,3187787
18,0,3247336
18,0,3280023
15,0,3437738
22,0,3261779
13,0,3166425
22,0,3190795
20,0,3085676
15,0,3177851
19,0,3297055
13,0,3380658
15,0,3031500
11,0,3320143
14,0,3147659
16,0,3422188
17,0,3665367
19,0,3426922
9,0,3121543
15,0,3398547
13,0,3021781
15,0,3293052
12,0,3318838
19,0,3280963
12,0,3158379
17,0,3062671
19,0,3053512
13,0,3068079
6,0,3183066
11,0,3137844
14,0,3137994
14,0,3122584
13,0,3299308
20,0,3222434
21,0,3165975
22,0,3110143
22,0,3221435
23,0,3355740
13,0,2913969
16,0,3229586
23,0,3191099
11,0,3125117
13,0,3211647
15,0,2951613
12,0,3373240
14,0,3110205
16,0,2931110
18,0,3036403
10,0,2950899
15,0,2960025
17,0,3134572
11,0,3171095
12,0,3299761
19,0,2980598
17,0,3037599
16,0,3042923
14,0,3146807
11,0,3130978
11,0,3191838
18,0,3200418
18,0,2997168
19,0,3279500
16,0,2930250
17,0,2921414
18,0,3075032
15,0,2959842
21,0,3364428
15,0,3402408
22,0,3304114
13,0,3259937
10,0,3057072
17,0,3326311
10,0,3129224
11,0,3144441
21,0,3095673
20,0,3005016
16,0,3526822
16,0,3128081
15,0,3045936
18,0,3156095
14,0,3033192
20,0,3430385
21,0,3340370
20,0,3080921
18,0,3171765
16,0,3296617
13,0,3283309
14,0,3156547
16,0,3244815
23,0,3184782
25,0,3133991
14,0,3214798
21,0,3245933
17,0,2997181
23,0,3349676
16,0,3360540
13,0,3257709
11,0,3351571
16,0,3252895
17,0,3177994
17,0,3280417
17,0,3337262
21,0,3001396
24,0,3071646
12,0,3003574
8,0,3010506
16,0,2980229
17,0,3000180
10,0,3050873
14,0,3184335
12,0,2974558
17,0,2953082
18,0,3180895
12,0,3184495
17,0,3022415
14,0,3230467
17,0,3067980
12,0,3055592
16,0,3207515
22,0,3042700
16,0,3212318
13,0,2982104
20,0,2807146
16,0,3231715
13,0,3207286
14,0,3193254
10,0,3186177
17,0,3193849
17,0,3253290
12,0,3172597
24,0,3144726
18,0,3442157
11,0,2957699
14,0,3130061
12,0,3072186
16,0,3196395
23,0,2997513
11,0,3059636
8,0,3397865
11,0,3104551
13,0,3158451
12,0,3296662
16,0,2992456
15,0,3115786
20,0,2900820
8,0,3165243
19,0,3073259
27,0,3113532
16,0,3163610
13,0,3142746
15,0,3383407
13,0,3088329
10,0,3000255
14,0,3074145
17,0,3396684
17,0,3138627
24,0,2903053
14,0,3236067
18,0,3350803
18,0,3205194
16,0,3134986
7,0,3072422
18,0,3129365
12,0,3152801
17,0,3358538
17,0,3127034
22,0,3048625
11,0,3198746
16,0,3037519
18,0,3036089
17,0,3185594
12,0,2948003
15,0,2785132
9,0,3279307
14,0,3312466
11,0,2885107
19,0,3053089
19,0,3403551
16,0,3213209
15,0,3067431
17,0,2967611
14,0,3077495
16,0,3214628
16,0,3077029
12,0,3023604
19,0,3241472
19,0,2931440
20,0,3013360
15,0,3278027
17,0,3183116
19,0,3442188
15,0,3017130
18,0,3077676
17,0,3216241
15,0,3057428
12,0,3103332
21,0,2970278
22,0,3118514
18,0,3067495
20,0,3451432
22,0,3440243
14,0,3298205
13,0,3191592
22,0,3072215
19,0,3027666
13,0,3038201
10,0,3093752
15,0,2994303
25,0,3012148
13,0,3194310
22,0,3133074
9,0,3182672
14,0,3048011
19,0,3270705
18,0,3157276
14,0,3209221
18,0,3452268
18,0,2986090
18,0,3251956
12,0,3243299
12,0,3135520
18,0,3185619
16,0,3070746
24,0,2939071
11,0,2998072
11,0,3156370
6,0,3212626
23,0,3321676
16,0,2930732
14,0,3045042
15,0,3161013
19,0,3110603
13,0,2909032
18,0,3161619
21,0,2874702
15,0,3160720
14,0,3371171
10,0,3161298
18,0,3178309
23,0,3088730
14,0,3373840
17,0,3360004
12,0,3184714
13,0,3048075
9,0,3140099
10,0,3128574
12,0,3082248
19,0,3110810
18,0,3373270
12,0,2969296
8,0,3123195
26,0,3048067
17,0,3178359
11,0,2890417
11,0,3334063
18,0,3132155
18,0,3143501
17,0,3271386
12,0,3150699
19,0,3199104
14,0,3171465
9,0,3205200
18,0,3283016
19,0,2967221
16,0,3038783
12,0,2986935
11,0,3332980
10,0,2988400
14,0,3042542
16,0,2999686
17,0,3107138
22,0,3174591
12,0,2969431
16,0,3259316
19,0,3173736
17,0,3185735
19,0,2884001
9,0,2983364
17,0,3274557
11,0,3319805
22,0,3249542
20,0,3308926
12,0,3116369
20,0,3332761
21,0,3105715
14,0,3165223
22,0,3375621
15,0,3148463
9,0,3117391
13,0,3110196
11,0,3100167
17,0,3208464
20,0,3042960
17,0,3370653
29,0,3360919
15,0,3092796
14,0,3145381
12,0,3137940
12,0,3211180
17,0,3264952
16,0,3018162
14,0,3060633
15,0,3141026
20,0,3201994
12,0,3079879
14,0,2962194
14,0,3413215
18,0,3134466
29,0,3027775
17,0,3185720
23,0,3325684
9,0,3304831
16,0,3468104
23,0,3065032
10,0,3092714
13,0,3093874
16,0,3326393
15,0,3282659
22,0,2976635
15,0,3209778
25,0,3142532
11,0,3136489
16,0,3123704
11,0,3324893
13,0,3109047
10,0,3235223
21,0,3170962
17,0,3221752
20,0,3132486
11,0,3167196
21,0,3247996
15,0,3084595
17,0,3058562
16,0,3081733
18,0,3419411
20,0,3081750
20,0,3072039
15,0,2957945
17,0,3185017
14,0,3016636
26,0,3073591
9,0,3187258
19,0,3021544
12,0,3201423
14,0,3156859
16,0,3332627
20,0,2879320
15,0,3134285
18,0,3223573
25,0,2929722
18,0,3171008
13,0,3215701
16,0,3347170
16,0,3191262
14,0,3209859
17,0,3148265
19,0,3187375
13,0,3089126
17,0,3245051
16,0,3064627
18,0,3142719
19,0,3158384
15,0,3183795
28,0,3327950
19,0,2909865
12,0,3170201
11,0,3320337
13,0,2972129
7,0,3219010
16,0,3264361
19,0,3176464
17,0,3025564
17,0,3027599
20,0,3051823
13,0,3209312
18,0,2985735
12,0,3077099
10,0,3326516
13,0,3157436
17,0,3306039
16,0,3135004
14,0,3402726
11,0,2984362
14,0,3289226
12,0,3456916
14,0,3127278
16,0,3322540
16,0,3224186
13,0,3047642
15,0,3133770
22,0,3274489
21,0,3240914
9,0,3137909
9,0,3341818
13,0,3089102
9,0,3191795
17,0,3060947
12,0,3165336
16,0,2866440
16,0,3352177
12,0,3167888
18,0,2998828
16,0,3272367
10,0,3204763
13,0,3359021
18,0,3072541
11,0,3219294
16,0,3044976
22,0,3167655
12,0,3232925
18,0,3176409
15,0,3420347
16,0,3071405
15,0,3142196
17,0,2942913
18,0,3120917
21,0,2944056
16,0,3036743
8,0,3177425
18,0,3203419
17,0,3147947
14,0,3196137
23,0,3045504
18,0,3030681
15,0,3119510
16,0,3207464
20,0,3118514
17,0,3289065
18,0,3103348
16,0,3310315
20,0,3304962
15,0,3184617
10,0,3146363
20,0,3144247
11,0,3221365
14,0,3114261
17,0,3110589
24,0,3194513
21,0,3170065
18,0,3308667
14,0,2942872
15,0,2978923
18,0,3114928
15,0,3140436
13,0,3068422
9,0,3147626
16,0,3031884
13,0,3156346
15,0,3266910
11,0,3169172
22,0,3138287
15,0,3313968
20,0,3233552
9,0,3212350
14,0,3275179
17,0,3417034
20,0,3535891
22,0,3150279
13,0,3350911
14,0,3180025
21,0,3204795
12,0,3187549
24,0,3201353
12,0,3195462
20,0,3270000
11,0,3120566
17,0,3051607
30,0,3346501
17,0,3255313
18,0,3047083
14,0,3323261
18,0,3192628
6,0,3126895
11,0,3424930
10,0,3255498
18,0,3060401
13,0,3319522
21,0,3330135
22,0,3241726
10,0,3225641
17,0,3166346
20,0,3060711
7,0,3083138
17,0,3323048
17,0,3299519
9,0,3194766
15,0,3162288
21,0,3064603
13,0,3288438
9,0,3320079
20,0,3019840
14,0,3224309
20,0,3166350
17,0,3393733
16,0,3073126
15,0,3040365
16,0,3167879
12,0,3146901
19,0,3282402
15,0,3139089
18,0,3137748
15,0,3176621
10,0,3150007
12,0,3205912
14,0,3162919
15,0,3102044
14,0,3155434
13,0,3056646
16,0,3032216
17,0,3062822
14,0,2931975
13,0,3325460
14,0,2928995
13,0,3095748
16,0,3154833
22,0,3169469
19,0,3332971
13,0,3350178
17,0,2999244
19,0,3250045
12,0,3128543
15,0,3429777
8,0,3067667
11,0,3123653
29,0,3131573
12,0,3028423
15,0,3113959
15,0,3137733
18,0,3244912
14,0,3188592
14,0,3069742
17,0,3106025
13,0,2919563
15,0,3309908
16,0,3394494
19,0,3182532
16,0,3161921
18,0,3131146
15,0,3315539
6,0,3310359
13,0,3159843
22,0,3347130
14,0,3139975
12,0,3316105
16,0,3056680
16,0,3322186
21,0,3106910
15,0,3472077
11,0,3080288
12,0,3223725
13,0,3073442
13,0,3317246
18,0,3193371
14,0,3304942
21,0,3233063
15,0,3343644
18,0,3277976
17,0,3226182
18,0,3121750
17,0,3047481
15,0,3311444
8,0,3187936
12,0,3034293
17,0,3069607
15,0,3122224
23,0,3268621
15,0,3038458
14,0,3387177
20,0,3334880
8,0,3403175
16,0,3305565
19,0,3027678
17,0,3328218
18,0,3332842
16,0,3370710
9,0,3285310
14,0,2913467
9,0,3248278
15,0,3031862
20,0,3049833
17,0,3194353
14,0,3004359
22,0,2969102
17,0,3191784
13,0,3073606
12,0,3227489
16,0,3040115
21,0,3129586
16,0,3270127
12,0,3037815
11,0,3114845
12,0,3303454
18,0,3204136
15,0,3225249
11,0,3252779
24,0,2839077
12,0,3180829
19,0,3202704
13,0,2981656
11,0,3244709
11,0,3159499
19,0,2989618
13,0,3207818
22,0,3154984
12,0,3170272
14,0,3278987
12,0,3385605
13,0,3289322
19,0,3046400
25,0,3134936
7,0,3142382
14,0,3151887
21,0,3038598
12,0,3219789
10,0,3366102
11,0,3137302
17,0,3070227
19,0,2979887
10,0,3059616
18,0,3091453
13,0,2995856
9,0,3263431
10,0,3158537
16,0,3255413
14,0,3241514
13,0,3249739
17,0,3209573
15,0,3369398
8,0,3067351
15,0,3190819
24,0,3143155
17,0,3219080
19,0,3140944
24,0,3291080
16,0,3312100
18,0,3109006
9,0,3276132
20,0,3100638
16,0,3060461
16,0,3232030
14,0,3054713
24,0,3236478
18,0,3226693
12,0,3231824
11,0,3072576
18,0,2849950
16,0,3201384
16,0,3261168
13,0,2989525
19,0,3072334
15,0,3191756
24,0,3086431
13,0,3128651
11,0,3191318
11,0,3329508
16,0,3243465
22,0,2879149
14,0,3174156
18,0,3221480
12,0,3455282
15,0,3140921
12,0,3322684
16,0,3141750
15,0,3139446
19,0,3111320
19,0,3208761
11,0,3276338
15,0,3101283
17,0,3214042
13,0,3179601
25,0,3131373
13,0,3037810
21,0,3098688
22,0,3050669
19,0,3113250
11,0,3022303
18,0,2984107
13,0,3151049
11,0,3139858
14,0,3086817
20,0,3153670
24,0,3100316
17,0,3338296
15,0,3164368
24,0,3310569
22,0,3059089
16,0,3197972
13,0,3228187
9,0,3294202
19,0,3157135
12,0,3179734
33,0,3364595
19,0,3203619
16,0,3128543
6,0,3012820
13,0,3105068
16,0,3140836
16,0,3423510
18,0,3033590
16,0,3046268
17,0,3093598
17,0,3446241
14,0,3219639
14,0,3121961
16,0,3231828
19,0,3109372
14,0,3179006
11,0,3111005
13,0,3191928
12,0,3160922
16,0,3220436
13,0,3133416
17,0,3275892
14,0,2905627
18,0,3095156
14,0,3031945
14,0,3452194
16,0,3116340
20,0,3183746
15,0,3228628
16,0,3084735
17,0,3070924
7,0,3123251
20,0,3221051
16,0,3112007
13,0,3178700
19,0,3536162
16,0,3000044
12,0,3131586
17,0,3484355
12,0,3266506
12,0,3154955
18,0,3137720
12,0,3436699
13,0,3219487
19,0,3329539
18,0,3130859
18,0,3309313
16,0,3170696
22,0,3082684
14,0,3062895
21,0,3035241
18,0,3224547
13,0,3038263
11,0,3039393
19,0,3209302
11,0,3124220
22,0,3343454
18,0,3203394
16,0,3379135
21,0,3091448
20,0,3029475
23,0,3224107
18,0,3312366
11,0,3177728
24,0,3266217
16,0,2997541
15,0,3167032
19,0,3034217
20,0,3287198
13,0,3117217
15,0,3116346
12,0,3001218
24,0,3340271
13,0,3250225
22,0,3083682
19,0,3348100
18,0,3280280
18,0,3230975
20,0,3302231
24,0,3362571
16,0,3166536
9,0,3217889
7,0,3108533
22,0,3269395
22,0,3115101
16,0,3197229
24,0,3053519
23,0,3260591
18,0,2973272
12,0,3147269
20,0,3123025
12,0,3364634
16,0,3169157
17,0,3179170
13,0,3103525
14,0,3021914
7,0,3269941
7,0,2874171
22,0,3371098
13,0,3211653
12,0,3009022
13,0,3220832
16,0,3366927
23,0,3218587
13,0,3122169
15,0,3184914
19,0,3164017
17,0,3228147
14,0,3143217
18,0,3247787
13,0,2953002
17,0,3211442
13,0,3162861
13,0,3037823
21,0,3314438
16,0,3150890
22,0,3008467
21,0,3187070
13,0,3106373
11,0,3252425
23,0,3166414
17,0,3182309
22,0,3178005
21,0,2950724
19,0,2921235
19,0,3110765
18,0,3142519
17,0,3103744
17,0,3089718
25,0,2999676
25,0,2995844
17,0,2967163
21,0,3022191
13,0,3159180
19,0,3055477
16,0,3166478
16,0,3117458
23,0,2967119
17,0,3042299
14,0,3160453
12,0,3275940
14,0,2977548
16,0,3162177
8,0,3164079
13,0,3279175
19,0,3270218
17,0,3288615
17,0,3061900
16,0,3280609
14,0,3230483
11,0,2946692
11,0,3277165
14,0,3053975
14,0,3256224
11,0,3129731
21,0,3286761
16,0,3191154
23,0,3151856
15,0,3107531
16,0,3178642
14,0,3588669
11,0,3104721
18,0,3393594
12,0,3190412
27,0,3025533
15,0,3014822
17,0,3100480
21,0,2914838
12,0,3157040
12,0,3161147
15,0,3139467
17,0,2908101
22,0,3305057
23,0,3264302
16,0,3233195
13,0,3090310
17,0,3158740
18,0,3050765
10,0,3199744
12,0,3020344
11,0,3228287
11,0,3169245
18,0,3078656
12,0,3064623
15,0,3321794
20,0,3091592
15,0,3642428
15,0,3040355
14,0,3262586
10,0,3099722
25,0,3167363
14,0,3136514
14,0,3103264
25,0,3162035
16,0,3116938
11,0,3203119
17,0,2964075
10,0,3130200
22,0,3290471
17,0,3216311
9,0,3170321
17,0,3170118
18,0,3154476
11,0,3153069
19,0,3234939
15,0,3196742
16,0,3092623
10,0,3026581
14,0,3264211
22,0,3248187
28,0,3268461
17,0,3337471
14,0,3066466
17,0,3035170
17,0,3217744
15,0,3209199
21,0,3117023
16,0,3198755
18,0,3270589
12,0,3100320
10,0,3135825
15,0,3166365
11,0,3181794
14,0,3167317
15,0,3281337
14,0,3224443
19,0,3059604
13,0,3037220
12,0,3234062
17,0,3271699
18,0,3141719
20,0,3068333
18,0,3030177
11,0,3280744
11,0,3063454
11,0,3174377
13,0,2858788
23,0,3118371
24,0,3036590
18,0,3066695
16,0,3191613
17,0,3099635
13,0,3052435
10,0,3345063
13,0,3080654
21,0,3252114
17,0,3224395
11,0,2941383
22,0,3170401
13,0,3242223
17,0,3192687
12,0,3176872
15,0,3217052
13,0,3041716
14,0,3064611
12,0,3234731
14,0,3099356
13,0,3240685
25,0,3136739
14,0,2957247
16,0,3106285
12,0,3209214
11,0,3146583
19,0,3284228
19,0,3073304
14,0,3276511
24,0,3270153
7,0,3183608
19,0,3117659
23,0,3089919
10,0,3297864
16,0,3338576
24,0,3129301
18,0,3104076
23,0,3307821
13,0,2978724
22,0,3222943
18,0,3263488
19,0,3363149
10,0,3166758
22,0,3074979
17,0,3294594
9,0,3085304
10,0,3067459
16,0,3117453
20,0,3179196
16,0,3073025
12,0,3064962
16,0,2987969
17,0,3275442
16,0,3181652
25,0,2970542
20,0,3085681
11,0,3241249
21,0,3267772
22,0,3188967
20,0,3088228
14,0,3137299
14,0,3486692
14,0,3351405
13,0,3110204
13,0,3133322
13,0,3140214
14,0,3292601
19,0,3384372
16,0,3242956
14,0,3272742
13,0,3188802
11,0,3059250
21,0,3459961
10,0,2958024
16,0,3049665
15,0,3152647
17,0,3241095
18,0,2988230
19,0,2967958
15,0,3075552
20,0,3117862
17,0,3232355
22,0,3227821
17,0,3014937
12,0,3529241
10,0,3161004
15,0,2892641
16,0,3200268
21,0,3051962
23,0,2912458
21,0,3292903
13,0,3118416
13,0,3232104
19,0,3065663
18,0,2959027
7,0,3071182
11,0,3027726
17,0,3023485
16,0,3263865
13,0,3152322
12,0,3281598
15,0,3009823
16,0,2942247
24,0,3129091
19,0,2914571
17,0,3038849
16,0,3249918
17,0,3492985
16,0,3114820
24,0,3168219
21,0,3111650
22,0,3158884
23,0,2985214
21,0,3297519
18,0,3243818
21,0,3211537
16,0,3254806
21,0,3282368
14,0,3117678
19,0,3203684
17,0,3053145
12,0,3015209
20,0,3136194
11,0,3109044
24,0,3258405
16,0,3136634
12,0,3014889
13,0,3190672
21,0,3331015
17,0,3146073
9,0,2974039
20,0,3153912
14,0,2950208
15,0,3054233
16,0,3215861
14,0,3142249
19,0,3034962
13,0,3290206
16,0,3194055
14,0,3111357
17,0,3012002
18,0,3197307
24,0,3083271
18,0,3217678
13,0,3063303
24,0,3093857
18,0,3275028
20,0,3187569
22,0,2946249
9,0,3013039
17,0,3044226
17,0,3068311
18,0,3121946
20,0,3094781
17,0,3153477
22,0,2982526
16,0,3257109
15,0,3039482
17,0,3004924
27,0,3060771
13,0,3153082
14,0,3027880
16,0,2951874
12,0,3098432
13,0,2942126
14,0,3007406
19,0,3123063
21,0,3374775
17,0,3273416
14,0,3179994
15,0,3198024
21,0,2987620
24,0,3261638
20,0,3035393
8,0,3264724
9,0,3025360
20,0,3214562
20,0,3051841
27,0,3272990
15,0,3118663
7,0,3293895
18,0,3079741
24,0,3201893
20,0,3235323
9,0,3263060
13,0,2972496
17,0,3265166
17,0,3219887
17,0,3181511
21,0,3322716
16,0,3053696
13,0,3160098
15,0,3049304
14,0,3150445
17,0,3276771
23,0,3027865
15,0,3181689
21,0,3180722
12,0,3119998
20,0,3179648
16,0,3127981
19,0,2949116
10,0,3185556
19,0,2979368
14,0,3288517
17,0,3338585
14,0,3208195
17,0,2922691
19,0,3207376
16,0,3231856
11,0,3407266
16,0,3161832
13,0,3110912
16,0,3388027
12,0,3118565
19,0,2992317
21,0,3258201
14,0,3206953
16,0,3172546
17,0,2942167
22,0,3177721
19,0,3089904
19,0,3145408
15,0,3065952
21,0,3180677
21,0,3149503
20,0,3128646
18,0,3196375
11,0,3128571
18,0,3128258
18,0,3186499
17,0,3254939
19,0,3286373
20,0,3147660
13,0,3315977
10,0,3363942
16,0,2974346
15,0,3199881
12,0,3215443
14,0,3220691
19,0,3250746
19,0,3288975
17,0,2912863
20,0,3150244
17,0,3195145
14,0,2906857
17,0,2981225
22,0,3125426
17,0,3146234
9,0,3067008
13,0,3169593
15,0,3116825
22,0,3138474
19,0,3106541
22,0,3438042
11,0,3156785
17,0,3095120
12,0,3111201
17,0,3113660
16,0,3044952
17,0,3275953
13,0,3011702
24,0,3242648
11,0,3182725
21,0,3167849
10,0,3161317
14,0,3013277
15,0,3021050
17,0,3150993
19,0,3142605
11,0,3257566
17,0,3164950
12,0,3435364
16,0,3046785
15,0,3045854
18,0,3311797
20,0,3265159
23,0,3314943
13,0,3357227
24,0,3039339
12,0,3145197
18,0,3218637
14,0,3161648
12,0,3176267
16,0,3091955
16,0,3289958
16,0,2882729
15,0,3221852
18,0,3063591
8,0,3125853
17,0,3046207
18,0,3163607
10,0,2862448
14,0,3142467
20,0,3210948
19,0,3267442
10,0,3231335
12,0,2994770
11,0,3186404
18,0,3153590
15,0,3033233
17,0,3091082
15,0,2967455
18,0,3313433
14,0,3169941
15,0,3051642
16,0,3331749
15,0,3310087
20,0,3166615
12,0,3434547
15,0,3261936
18,0,3012433
19,0,3060057
19,0,3115120
17,0,3167835
19,0,2994200
12,0,3285764
13,0,3163741
16,0,3132292
14,0,3361133
14,0,3112033
16,0,3134154
9,0,3098569
11,0,3231900
17,0,3115841
19,0,2846827
11,0,3096124
18,0,3202597
13,0,3275451
20,0,3162106
19,0,3110508
15,0,3389465
18,0,3101464
16,0,3231504
24,0,3255958
28,0,2960573
20,0,3308726
19,0,3043278
15,0,3124350
18,0,3166758
16,0,3259491
14,0,3114784
16,0,2923628
10,0,3192521
13,0,3020081
17,0,3159778
18,0,3051116
16,0,3006610
17,0,3158857
15,0,3177982
13,0,3276855
14,0,2972659
14,0,2982303
19,0,3078635
13,0,3059667
18,0,3187803
18,0,3114794
15,0,3181587
15,0,3102194
18,0,3197071
13,0,3070576
8,0,2895276
17,0,3265958
19,0,3120720
15,0,3255942
9,0,3154156
12,0,3184009
11,0,3169234
17,0,3296229
8,0,3115383
15,0,3189825
18,0,3167424
25,0,3224860
20,0,3260494
23,0,3113812
12,0,3154263
9,0,3061218
21,0,3294657
14,0,3133885
16,0,2813597
15,0,3304767
10,0,2995159
17,0,3009960
10,0,3095243
13,0,3345309
13,0,3081692
12,0,3130749
20,0,3038204
14,0,2916364
12,0,3116165
10,0,2944609
15,0,3236166
10,0,3154870
13,0,3160916
15,0,2923387
22,0,3345467
19,0,3121014
23,0,2860074
14,0,3189486
13,0,3147286
11,0,2911186
14,0,3291626
25,0,3208176
15,0,3162199
11,0,3104213
21,0,3300883
13,0,3137763
14,0,3076566
22,0,3053178
15,0,3254373
15,0,3335045
13,0,3039690
18,0,3018393
19,0,3109266
15,0,3303245
11,0,3530414
17,0,3111922
11,0,3146715
18,0,3232324
16,0,3184512
23,0,2902991
21,0,3301692
14,0,3350061
17,0,3199622
19,0,3247180
27,0,3118133
17,0,3056367
14,0,3244599
14,0,3021994
19,0,2962277
14,0,2979146
8,0,3282150
14,0,3202449
24,0,3018517
20,0,3308692
13,0,3170825
11,0,3164422
15,0,2917305
20,0,2927842
15,0,3095975
8,0,3230466
15,0,3190785
15,0,3185619
10,0,2933289
18,0,3100077
19,0,3183491
15,0,3214496
12,0,3245007
18,0,3224466
22,0,3086909
22,0,3250673
16,0,3083902
13,0,3112528
14,0,3023851
11,0,3401328
16,0,3249906
22,0,3081830
14,0,3220437
14,0,3065593
17,0,3161715
24,0,2969950
17,0,3416600
19,0,3102262
20,0,3313842
22,0,3179614
19,0,3066706
15,0,3457208
15,0,3165400
20,0,3244218
13,0,3358998
17,0,3124073
18,0,3174125
17,0,3011258
24,0,3033182
14,0,2960450
16,0,3421781
25,0,3198341
15,0,3093375
14,0,2949879
22,0,2987805
9,0,2913317
20,0,3303477
17,0,2857938
11,0,3329387
14,0,3059759
21,0,2923968
8,0,3246917
10,0,3045635
19,0,3275556
10,0,3149057
10,0,3213558
14,0,3008666
15,0,3314907
15,0,3005909
14,0,2948335
13,0,3288114
17,0,3127016
17,0,3227674
13,0,3086112
22,0,3191117
22,0,3401916
12,0,3305708
13,0,3373041
20,0,3153317
14,0,3153465
21,0,3149804
17,0,2977842
9,0,3076712
17,0,3209621
12,0,2897308
13,0,3264334
18,0,3122935
15,0,3012984
16,0,3056685
15,0,2898279
15,0,3272059
13,0,3337611
16,0,3259714
10,0,3094282
17,0,3157186
20,0,3190872
20,0,3268189
11,0,3191128
13,0,3267742
20,0,3200648
21,0,3297216
16,0,3030581
23,0,3258792
21,0,2965501
21,0,3128306
17,0,3238412
22,0,3281495
18,0,3023944
16,0,3308312
22,0,3283974
17,0,3030896
11,0,2863190
23,0,2985427
14,0,3118506
16,0,3080038
20,0,3302089
18,0,3414372
17,0,2984627
15,0,3044303
11,0,3247502
21,0,3043535
20,0,3317595
16,0,3332324
12,0,3147385
21,0,2901222
12,0,3255790
14,0,3261099
14,0,3103364
17,0,3107163
19,0,3186441
14,0,3103681
25,0,2921818
16,0,3038326
16,0,3143609
10,0,3341332
25,0,3088186
11,0,3181230
12,0,2880140
9,0,3182099
21,0,2938105
20,0,3101108
22,0,3283177
16,0,3090279
14,0,3396657
15,0,3488977
24,0,3276146
15,0,3150718
16,0,3014372
16,0,3288043
17,0,3107127
20,0,3033085
17,0,2971946
24,0,3227801
16,0,3294603
15,0,3210316
20,0,3087731
10,0,3108291
20,0,2974231
16,0,3344393
9,0,3034067
12,0,3116665
23,0,2972260
11,0,3025444
15,0,3273760
12,0,3282624
17,0,3034410
8,0,3042534
15,0,3100812
17,0,3074643
12,0,3011611
17,0,3159191
12,0,2996299
11,0,3214928
16,0,3236908
19,0,3089154
23,0,3191559
16,0,2988909
22,0,2984704
20,0,3329781
11,0,3048626
19,0,3190380
13,0,2890694
15,0,3298112
12,0,3145547
14,0,3088120
5,0,3334009
16,0,3044072
12,0,3208694
23,0,3206756
14,0,3033257
13,0,3265186
14,0,3264028
16,0,2967819
18,0,3069862
12,0,3015286
12,0,3033557
18,0,3215209
21,0,3074494
19,0,3155295
18,0,3155832
18,0,3325412
15,0,3162416
20,0,3306387
12,0,3176675
11,0,3309954
21,0,3008546
17,0,3203182
12,0,3321777
16,0,3136812
20,0,3226787
20,0,3363553
16,0,3263528
23,0,2983611
16,0,2936240
13,0,3159751
15,0,3128621
22,0,3180618
23,0,2996171
19,0,3252561
12,0,3180129
20,0,3400310
11,0,3193208
16,0,3228148
20,0,3085565
16,0,3074408
17,0,3179181
11,0,3030358
17,0,3209077
13,0,2954062
21,0,3246863
12,0,3142663
18,0,3116470
15,0,3227495
12,0,3377015
17,0,3218529
22,0,3025822
16,0,3039159
13,0,2893442
18,0,3088235
17,0,3129128
9,0,3210632
16,0,3121630
19,0,3457941
13,0,3235434
8,0,3241468
9,0,3333142
18,0,3107825
20,0,3109357
28,0,3188582
15,0,3178992
25,0,3202054
13,0,3230160
21,0,3163110
20,0,3332657
13,0,3111058
22,0,3066888
11,0,3249352
15,0,3160224
15,0,3257317
21,0,3144153
11,0,3396070
13,0,2989481
17,0,3181228
17,0,2986825
13,0,3102184
16,0,2767837
12,0,3188967
14,0,2949471
20,0,2950427
14,0,2933751
21,0,3187449
14,0,3299913
15,0,3520000
17,0,3203365
16,0,2982171
11,0,3219435
13,0,3213758
20,0,3074474
25,0,3169247
25,0,3211960
12,0,3330030
24,0,3054137
17,0,3326251
13,0,3262810
18,0,3189784
13,0,3305226
22,0,3119259
19,0,3179877
14,0,3314070
16,0,3023848
18,0,3414234
23,0,3126861
19,0,3030411
12,0,3039053
13,0,3061195
10,0,3077926
20,0,2942613
7,0,3252616
15,0,3225468
12,0,3289160
16,0,3203093
18,0,3017917
16,0,3123769
16,0,3136571
15,0,3081681
19,0,3349566
18,0,3264592
18,0,3277943
18,0,3058446
18,0,3167941
19,0,2889693
13,0,3350196
17,0,3345445
18,0,3254423
19,0,3309511
18,0,3284425
14,0,3335759
11,0,3241824
10,0,3073446
14,0,3112913
17,0,3339643
17,0,3193228
13,0,3241255
20,0,3185525
14,0,3195991
17,0,3260373
21,0,3144438
19,0,3143847
14,0,2770167
16,0,3211549
14,0,3116591
12,0,3654378
14,0,3035361
25,0,3016449
17,0,3109926
23,0,3246249
10,0,3435849
10,0,3148961
17,0,3071741
15,0,2994543
13,0,3435804
19,0,3062061
15,0,3067755
20,0,3188182
22,0,3235061
16,0,3032319
12,0,2960738
18,0,3169420
19,0,2927050
12,0,3142579
12,0,3453527
16,0,3069624
22,0,3136842
19,0,3317226
17,0,2984679
19,0,3009249
12,0,3015533
18,0,3329656
17,0,3177107
14,0,3204924
24,0,3093771
14,0,3096425
11,0,3113891
18,0,3267396
16,0,3190945
19,0,3371681
21,0,3184000
14,0,3004551
21,0,3208495
11,0,3271037
13,0,3062517
22,0,3099177
15,0,3223987
18,0,3098659
17,0,3229796
16,0,3222467
16,0,3127794
16,0,3459379
13,0,3026797
15,0,3056360
13,0,3167745
21,0,3254933
15,0,3210610
16,0,3140580
18,0,3230879
13,0,3242260
12,0,3223790
13,0,3129808
16,0,3001895
15,0,3017575
12,0,3346424
22,0,3009101
14,0,3088667
10,0,3105592
16,0,3055600
27,0,3173915
22,0,3014716
23,0,3144549
15,0,3164590
13,0,3251082
18,0,3088551
14,0,3147364
13,0,3204145
13,0,2879019
11,0,3089383
21,0,3180890
17,0,2944604
13,0,3218869
13,0,3023434
18,0,3042906
17,0,3475641
16,0,3060180
20,0,3117721
27,0,3435562
12,0,3108090
17,0,3219803
15,0,3098478
19,0,3117854
12,0,3184230
11,0,3229471
22,0,3253711
9,0,3165529
18,0,3132956
16,0,3054294
15,0,3020231
24,0,3271268
19,0,3249764
16,0,2911888
12,0,3252286
8,0,3128735
12,0,3129837
21,0,3125581
17,0,3132599
14,0,3012190
13,0,3105226
16,0,3177555
14,0,3511809
23,0,3216138
17,0,3051118
20,0,3252086
17,0,3180465
20,0,2792586
22,0,3095676
16,0,3452341
9,0,3303464
19,0,3120945
24,0,3251955
16,0,3101138
18,0,3148459
15,0,3011060
19,0,3005441
25,0,3086622
23,0,3008837
13,0,3306978
14,0,2990404
12,0,3315896
15,0,3043436
18,0,3053669
19,0,3207967
14,0,3060649
19,0,2980545
13,0,3282199
15,0,3205648
20,0,3068840
13,0,3196141
17,0,3255464
17,0,3255741
13,0,3001612
14,0,3231012
18,0,3153902
23,0,3075699
13,0,3298366
17,0,3226835
16,0,3380862
15,0,3276765
10,0,3258348
13,0,3204676
14,0,3093964
14,0,3212095
14,0,3086601
12,0,2894806
21,0,3143520
15,0,3124106
15,0,3193877
11,0,3130810
17,0,3064974
15,0,3272440
24,0,2971402
19,0,3031221
10,0,2905117
10,0,2949546
15,0,2879396
18,0,3071934
13,0,3195522
13,0,3316301
26,0,3326413
14,0,3323143
16,0,3220556
19,0,3269280
20,0,3366072
18,0,3212813
14,0,3019851
14,0,3273098
16,0,3134073
15,0,3071252
23,0,3326960
17,0,3250131
15,0,3075373
13,0,3362075
12,0,3437521
18,0,3176218
15,0,3287127
10,0,3089821
21,0,3210023
13,0,3165181
18,0,3282335
16,0,3031028
13,0,3203310
14,0,3101576
15,0,3297998
14,0,3191742
13,0,3206555
12,0,3299894
14,0,3220006
15,0,3144330
21,0,3037736
15,0,3122185
10,0,2981275
18,0,3275128
14,0,3219799
21,0,3085118
17,0,2948196
12,0,3174815
14,0,3117267
11,0,3277245
20,0,3009077
21,0,3215561
14,0,3183042
23,0,3031393
15,0,3059141
20,0,3351382
13,0,3211670
16,0,3352392
19,0,3158906
17,0,3279578
22,0,3328189
20,0,3214027
13,0,3156908
21,0,3046297
12,0,3203242
16,0,3216792
20,0,3234620
13,0,3104604
25,0,3067412
12,0,2982060
14,0,3314021
15,0,3075461
12,0,3030514
30,0,3241344
21,0,3227549
23,0,3030200
12,0,3059470
17,0,3197577
14,0,3307506
17,0,2994959
7,0,3306616
21,0,3190415
17,0,3150141
16,0,3077455
21,0,3112410
21,0,3017181
17,0,3175424
8,0,2996149
18,0,3109305
12,0,3509395
17,0,3268723
20,0,2996262
13,0,3239152
15,0,3047444
22,0,3237579
12,0,2919977
21,0,3207725
15,0,3192009
20,0,3093704
17,0,3198862
15,0,3183068
18,0,3142719
22,0,3358636
15,0,3393816
19,0,2955491
10,0,3001109
12,0,3547865
14,0,3034759
11,0,3296937
22,0,3417743
21,0,3111476
17,0,3152714
23,1,3349781
12,0,3137526
22,0,3010453
16,0,3307737
14,0,2999237
20,0,3332102
16,0,2877371
22,0,3090404
13,0,2968536
17,0,3063665
18,0,3188104
14,0,3032268
17,0,3165808
12,0,3304223
8,0,3033126
19,0,3072576
17,0,3324070
22,0,3032424
7,0,3447226
17,0,3146824
17,0,3170523
13,0,3317015
9,0,3330031
21,0,3367132
13,0,3216154
12,0,3089070
18,0,3383686
13,0,3212974
10,0,3264948
11,0,3348083
7,0,3065172
16,0,3341272
20,0,3391706
17,0,3166891
18,0,3012903
13,0,3208127
15,0,3337842
17,0,3124838
20,0,3406725
14,0,2999628
12,0,2853751
17,0,3341803
18,0,3145565
21,0,3005817
20,0,2955172
12,0,3067739
16,0,3130643
13,0,3159237
17,0,3055135
22,0,3010542
20,0,3217925
15,0,3044281
20,0,3342764
13,0,3041615
17,0,3147404
19,0,3263009
12,0,3330141
16,0,3169338
19,0,3033085
17,0,3063923
22,0,3058579
14,0,2873393
18,0,3247861
8,0,3132113
18,0,3137954
13,0,3304582
15,0,3087447
15,0,3223330
14,0,3151237
12,0,3176916
11,0,3211648
18,0,3029063
20,0,3103726
16,0,3171105
14,0,3261453
13,0,3154981
16,0,3132935
14,0,3152146
21,0,3086533
13,0,2995351
14,0,2986049
19,0,2788706
21,0,3453399
10,0,3236231
18,0,3255151
14,0,3114251
16,0,3260342
21,0,3587449
17,0,3164886
21,0,3295515
10,0,3085132
24,0,3247327
15,0,3116837
14,0,3353702
13,0,3003114
17,0,3247376
13,0,3174316
17,0,3102234
17,0,3115502
18,0,3311180
12,0,2921285
22,0,3084665
18,0,3298179
15,0,3187205
13,0,3066073
17,0,3292610
16,0,3195423
9,0,3185615
28,0,3097301
14,0,3143131
15,0,3199252
12,0,3093005
20,0,3227523
30,0,3158762
25,0,3224612
23,0,3094574
17,0,3325893
17,0,3165549
18,0,3301716
19,0,3180471
15,0,3145087
10,0,3097986
21,0,3158001
19,0,3173958
19,0,3072627
11,0,3213471
18,0,2951870
20,0,3198721
20,0,3434534
12,0,3035636
16,0,3201077
20,0,3376827
13,0,3172937
16,0,3440349
18,0,3159639
16,0,3013213
18,0,3150240
17,0,3359408
26,0,3300683
16,0,3316936
19,0,3027475
10,0,3247211
16,0,3237454
14,0,3600279
18,0,2872197
16,0,3239343
21,0,3148552
18,0,2993414
15,0,3311352
20,0,3258280
17,0,2906187
24,0,3236505
15,0,3167679
15,0,3269662
12,0,2956979
12,0,3189876
16,0,3174295
12,0,3058877
20,0,3142674
18,0,3094201
15,0,3181448
24,0,2885883
14,0,2869214
14,0,3189343
14,0,3329805
16,0,2951272
18,0,3088381
23,0,3378679
23,0,3027670
16,0,2970547
15,0,3071687
13,0,3193729
20,0,3127074
20,0,3322227
18,0,3221772
10,0,3342940
14,0,2894755
9,0,3315972
14,0,3146774
18,0,3245711
17,0,3141040
15,0,3209941
21,0,3301174
14,0,3159599
22,0,3178402
23,0,3179094
17,0,3259682
14,0,3123922
15,0,3160867
17,0,3117468
22,0,2897311
17,0,3215369
13,0,3223873
12,0,3300712
26,0,3233673
17,0,2969198
17,0,3006060
20,0,3183144
20,0,3105748
10,0,3179536
16,0,3099794
16,0,3239936
14,0,3008650
16,0,3290838
19,0,3230581
17,0,3397974
19,0,2999579
20,0,3023518
19,0,3161579
17,0,3329725
15,0,3224243
13,0,3142727
25,0,3167104
15,0,3340075
16,0,3019717
21,0,3317749
19,0,3265139
13,0,3163290
13,0,2992974
15,0,3062718
16,0,3143218
19,0,3200228
19,0,2996420
18,0,3157768
12,0,3033118
20,0,3287758
18,0,3078393
12,0,3267196
18,0,3045156
12,0,3016851
13,0,2889709
20,0,3037652
9,0,3281358
17,0,3078762
13,0,3408617
20,0,3290730
16,0,3295220
20,0,3172509
21,0,3249530
15,0,3222513
15,0,3205355
12,0,3149132
15,0,3163341
19,0,3327705
12,0,3070784
12,0,3143730
16,0,3181277
19,0,3051874
13,0,3117360
15,0,3111668
17,0,3097756
18,0,3247366
18,0,3088684
27,0,3098648
14,0,2948428
20,0,3165314
15,0,3038087
15,0,3239949
24,0,3200523
10,0,3215959
6,0,3212408
16,0,3282312
12,0,3205399
16,0,3022053
10,0,3120956
18,0,3409313
14,0,3289943
16,0,3090207
24,0,3072956
14,0,2892532
12,0,3187406
18,0,3342594
19,0,3133296
21,0,3064003
21,0,3165468
16,0,3341374
23,0,2938870
14,0,3390864
14,0,3479910
22,0,3192593
20,0,3202203
12,0,3168205
20,0,3211751
11,0,3114270
17,0,3288490
14,0,3431380
19,0,3374102
16,0,3273262
10,0,3333672
12,0,2948557
11,0,2998216
17,0,3085054
13,0,3183918
10,0,3256743
17,0,3150466
15,0,3188687
20,0,3208598
13,0,3048205
14,0,3190491
8,0,3268817
23,0,3123214
19,0,3031221
15,0,3454260
13,0,3147735
13,0,3119170
22,0,2947825
10,0,3244265
18,0,3475375
12,0,3355563
17,0,3025577
19,0,3478725
15,0,3196587
16,0,3203002
21,0,3270201
21,0,3046978
15,0,3321099
12,0,3107947
16,0,3136479
24,0,3349946
15,0,3391477
21,0,3135910
14,0,3105686
16,0,3134410
11,0,3278886
13,0,3070671
16,0,3159441
17,0,3007780
18,0,3226085
14,0,3220449
16,0,3085128
8,0,3060644
17,0,3084290
11,0,2917696
19,0,3462292
13,0,3313278
10,0,3368246
21,0,2985537
26,0,3241429
17,0,3225996
16,0,3138900
14,0,3269544
20,0,3055212
17,0,3167297
12,0,3302310
18,0,3356108
17,0,3140170
15,0,3314070
15,0,3172228
10,0,3093475
12,0,2968417
16,0,3103627
13,0,2964773
16,0,3282990
18,0,3048655
19,0,3174287
19,0,2894787
18,0,3307893
20,0,3193762
9,0,3012735
17,0,3198345
12,0,3246321
18,0,3233068
16,0,3268717
22,0,3146375
14,0,3177807
20,0,3124970
21,0,3203766
16,0,3355484
10,0,3051133
21,0,3319583
15,0,2969444
20,0,3269638
20,0,3427441
22,0,3194437
17,0,3319091
10,0,3053861
18,0,2983119
14,0,3233848
9,0,2982782
12,0,3304445
14,0,3390574
14,0,3210397
19,0,3349912
17,0,2985241
14,0,3126214
16,0,3033991
13,0,3134908
18,0,3201088
15,0,3193035
23,0,2973881
15,0,3242059
18,0,3284712
14,0,3425592
12,0,3180993
16,0,3231656
16,0,3170086
15,0,3048752
21,0,3102830
16,0,2952203
16,0,3099792
19,0,3072386
14,0,3065675
16,0,3031335
19,0,3105755
17,0,3121291
13,0,3049558
11,0,3125462
17,0,3251519
13,0,3185205
15,0,3087109
21,0,2990845
15,0,3266849
12,0,3156746
14,0,3070932
11,0,3258044
12,0,3063918
13,0,2981827
12,0,3057811
13,0,3035253
16,0,2836065
20,0,3227831
13,0,3319384
14,0,3238099
17,0,3391953
19,0,3006776
12,0,3266125
13,0,3018789
12,0,2982214
10,0,3003170
17,0,3194284
12,0,3003637
12,0,3031247
16,0,2908177
23,0,3181726
16,0,3020253
15,0,3141598
11,0,3415675
9,0,3202921
23,0,3138809
19,1,2862349
19,0,3250416
12,0,3245595
18,0,3093027
15,0,2993432
13,0,2974536
15,0,3157749
11,0,3308360
17,0,3014094
23,0,3354176
12,0,2949891
10,0,3104723
19,0,3332342
13,0,3137571
14,0,3207747
17,0,3073478
16,0,2872962
19,0,3092394
13,0,3165265
21,0,3244592
16,0,3076841
13,0,3346231
13,0,3193526
17,0,3192800
21,0,3287413
18,0,3138943
17,0,3252848
15,0,3062924
17,0,3338274
17,0,3109578
10,0,3276991
17,0,2929318
14,0,3185426
17,0,3128034
16,0,3317748
17,0,3229658
19,0,3261856
24,0,3191848
22,0,3186671
12,0,2938100
16,0,3271339
13,0,3078900
17,0,3180334
13,0,3159199
17,0,3051961
13,0,3173887
17,0,2991001
21,0,3012336
16,0,3073662
14,0,3189224
9,0,3049603
15,0,3113829
17,0,3310852
16,0,3254680
18,0,3205097
10,0,3150190
16,0,2996841
15,0,3213325
18,0,3369584
17,0,3031507
19,0,3304026
14,0,3295841
21,0,3057913
16,0,3195382
16,0,3285395
26,0,3136330
12,0,3135695
19,0,3125545
21,0,3464298
11,0,2988497
15,0,3378470
13,0,3154664
14,0,3228144
20,0,3547457
26,0,3203055
9,0,3136732
21,0,3126206
10,0,3161002
22,0,3517255
18,0,3279125
23,0,3118939
17,0,2967141
12,0,3315397
18,0,2947507
10,0,3394457
11,0,3157595
9,0,3216265
25,0,3257592
13,0,3355232
19,0,3328451
13,0,3161938
9,0,3520266
11,0,3032894
15,0,3359406
10,0,3122559
15,0,3112778
18,0,3180533
17,0,3091072
19,0,3351655
13,0,3100552
15,0,3010303
19,0,3026859
13,0,3188435
13,0,3180476
19,0,2957606
23,0,3305962
12,0,3084425
16,0,2925010
13,0,3126853
26,0,3217921
12,0,3107582
16,0,3432846
21,0,3191787
21,0,3392798
11,0,3382554
15,0,3094068
10,0,3147465
16,0,3177634
16,0,3286844
23,0,3280620
16,1,3333783
10,0,3003498
16,0,3314544
16,0,3304434
26,0,3068116
23,0,2998825
10,0,3224315
17,0,3152811
14,0,3294564
13,0,3224590
22,0,3113239
13,0,3285018
18,0,3069640
14,0,2931832
13,0,3185205
12,0,3108003
16,0,3130315
14,0,3185954
17,0,2972925
5,0,3136437
14,0,3036322
12,0,3162801
19,0,3075313
19,0,3109452
14,0,2994691
13,0,3222225
8,0,3339299
22,0,3066013
17,0,3286365
12,0,3108379
15,0,3142843
12,0,3110715
17,0,3108757
14,0,3168213
18,0,3307238
9,0,3314436
16,0,3044180
15,0,3192976
13,0,3138120
16,0,3184152
14,0,3182031
13,0,3249423
18,0,2978295
16,0,3147542
10,0,2963544
18,0,3295365
23,0,3013270
12,0,3246351
16,0,3080139
17,0,3075946
19,0,3075745
18,0,3094382
12,0,3047420
14,0,2993592
14,0,3217969
16,0,3107769
9,0,3077011
13,0,3334548
15,0,3379633
15,0,3036524
10,0,3261348
20,0,2949969
17,0,3282232
19,0,3029549
7,0,3355398
19,0,3040450
15,0,3136812
15,0,3332358
16,0,2948515
19,0,3181894
13,0,2973734
20,0,3429149
14,0,3025081
21,0,3057850
17,0,3234763
20,0,2953210
18,0,3332352
21,0,3203402
14,0,3106436
28,0,3269690
22,0,3038086
19,0,3289778
14,0,3241276
21,0,3019419
18,0,3245410
18,0,3309958
13,0,3148355
12,0,3174625
19,0,3040315
13,0,3207894
22,0,3090695
18,0,2999752
12,0,3103619
13,0,3258077
16,0,3132892
21,0,3109487
14,0,3238684
17,0,2906429
17,0,3142209
24,0,3226313
17,0,3244140
12,0,3002919
19,0,2945539
18,0,3035836
13,0,3329214
18,0,3226826
18,0,3272441
18,0,3209654
17,0,3357010
14,0,3132752
21,0,3224930
10,0,2979728
24,0,2941538
19,0,3183914
11,0,3261153
19,0,3096159
16,0,3290257
16,0,3366947
19,0,3300317
14,0,3077572
15,0,3242376
17,0,3006173
14,0,3132719
14,0,3100950
12,0,3059871
20,0,3047352
10,0,3110669
14,0,3252481
17,0,3082529
13,0,3177083
18,0,3018959
17,0,3288755
18,0,3205505
19,0,3318677
16,0,3067465
16,0,3141033
18,0,3195004
22,0,3093097
12,0,3116748
13,0,3074096
23,0,2984515
10,0,3035497
11,0,3319403
16,0,3326720
15,0,3254922
15,0,3088364
21,0,3286900
12,0,3061703
21,0,3283824
15,0,2980876
16,0,3136227
16,0,3378460
21,0,3054326
13,0,3180580
15,0,3421317
24,0,3114297
14,0,3237847
19,0,3216543
27,0,3130265
10,0,2933663
21,0,2972708
14,0,3191956
17,0,3153767
16,0,3312661
12,0,3050676
14,0,2999137
21,0,3285410
17,0,3145362
15,0,3300487
20,0,3162578
18,0,3237506
16,0,3119510
19,0,3373438
16,0,3143715
12,0,3247345
14,0,2992648
17,0,3290788
18,0,3241626
13,0,3014502
15,0,3085592
19,0,3001157
21,0,3031757
12,0,3331211
17,0,3117954
18,0,3207941
15,0,3038624
28,0,3010757
16,0,3133771
18,0,3234470
13,0,3269758
12,0,3272749
12,0,3094452
17,0,3073425
18,0,3099310
16,0,3032820
17,0,3307248
15,0,3465986
19,0,2961743
16,0,3042664
14,0,3194901
15,0,3152237
12,0,3065917
13,0,3247015
15,0,3146436
16,0,3259666
18,0,3238310
12,0,3301797
21,0,3310951
19,0,3207672
14,0,3019295
10,0,3232268
17,0,3093815
16,0,3043090
24,0,3291432
17,0,3151923
14,0,3414404
19,0,3089700
13,0,3150405
6,0,3128931
7,0,3124603
20,0,3182788
14,0,3239117
23,0,3473574
19,0,2996091
9,0,3230166
17,0,3086644
12,0,3200826
19,0,3115136
18,0,3238023
17,0,3463435
21,0,3070112
23,0,3180821
25,0,2923666
17,0,2952576
21,0,2996545
18,0,3067777
15,0,2973881
18,0,3143198
17,0,3253014
13,0,3284926
20,0,3163611
22,0,3190880
16,0,3068663
17,0,3033036
16,0,3040372
19,0,3290167
10,0,2904320
10,0,3273253
21,0,3112993
21,0,3200053
17,0,3248031
22,0,3293158
17,0,3411060
12,0,3236684
14,0,3108258
13,0,3266408
19,0,3400559
10,0,3290898
16,0,3089110
17,0,3366437
17,0,3179733
18,0,3380345
17,0,3203387
12,0,3311848
18,0,3387833
23,0,3245132
20,0,3120106
20,0,3137532
17,0,2867516
15,0,3072770
14,0,3199979
11,0,3230757
16,0,3310427
16,0,2800553
17,0,3220436
12,0,3309779
16,0,3163880
11,0,3049226
19,0,3178555
27,0,3237416
22,0,3263365
19,0,3278840
15,0,3236322
16,0,3200104
15,0,3119340
18,0,3300510
12,0,3214041
15,0,3184986
11,0,3455029
21,0,2894979
24,0,3208220
15,0,3155082
15,0,3147044
14,0,3273461
15,0,3309778
13,0,2958719
22,0,2958402
8,0,3192815
19,0,3050446
15,0,3118807
12,0,3062954
10,0,3279872
13,0,3161888
18,0,2899763
12,0,3198893
17,0,3298502
23,0,2986837
19,0,3318959
18,0,3186670
15,0,3057304
10,0,3361371
8,0,3062055
16,0,3185394
9,0,3163515
15,0,3144701
16,0,3159397
18,0,3202789
19,0,3299109
14,0,3016760
17,0,3150454
15,0,3097707
12,0,3138531
17,0,3339096
12,0,2965716
18,0,3225007
19,0,3346698
21,0,3426313
16,0,3031457
17,0,2966408
17,0,3251816
16,0,3123098
24,0,3060210
9,0,3349045
15,0,3077295
12,0,3272906
19,0,3086792
9,0,3099174
15,0,3140056
26,0,3219229
11,0,3197450
23,0,3203034
18,0,3131794
19,0,2921429
12,0,3064427
11,0,3063755
20,0,3199165
15,0,2885023
14,0,3146266
20,0,3180582
18,0,3090945
16,0,3074123
21,0,3151896
17,0,3253328
8,0,3292022
12,0,3305788
20,0,3319081
15,0,3147719
13,0,3137652
16,0,2907246
12,0,3044078
23,0,2903304
25,0,3264260
14,0,3112259
17,0,3099884
15,0,3095280
10,0,3111021
15,0,3085245
22,0,3458951
13,0,3130002
16,0,3020368
23,0,3094181
16,0,3012281
18,0,3202826
13,0,3402717
26,0,3134816
11,0,3283616
23,0,3339567
16,0,3051113
15,0,3282829
21,0,3018525
10,0,3102912
24,0,3096923
11,0,2943701
15,0,2973593
26,0,3178213
19,0,3135099
13,0,3094591
20,0,3136940
15,0,3424222
12,0,3015597
19,0,3050467
14,0,3130789
12,0,3126832
14,0,3169087
19,0,3087077
18,0,3081954
17,0,3207456
13,0,3281832
16,0,3075958
15,0,3200925
14,0,3502564
19,0,3148091
10,0,3228593
16,0,3060203
13,0,3151734
22,0,3215661
16,0,3301329
15,0,3185764
18,0,2988846
20,0,3387361
16,0,3161925
17,0,3188775
19,0,3155781
16,0,3326911
18,0,2975001
18,0,3384258
21,0,3189944
18,0,3275839
12,0,3173568
19,0,3148441
7,0,3101873
17,0,3017302
19,0,3193551
20,0,2987491
19,0,3076091
20,0,3199743
19,0,3075158
14,0,3249528
20,0,3200983
6,0,2970949
13,0,3017951
17,0,3140823
22,0,3220653
12,0,3303400
18,0,3297227
14,0,3270379
24,0,3075208
16,0,3154906
13,0,3173166
10,0,3324353
24,0,3233866
21,0,2917450
15,0,2956399
12,0,3204483
20,0,3101759
13,0,3143653
13,0,3181429
15,0,3293197
12,0,3094139
17,0,3126738
17,0,3175412
25,0,3050583
13,0,3042992
14,0,3154688
12,0,3270860
20,0,3309636
11,0,3137638
12,0,3163249
23,0,2957330
20,0,3211909
16,0,3317186
15,0,3013158
17,0,2995733
11,0,3159894
18,0,3057409
16,0,3122522
15,0,3073175
20,0,3275631
17,0,3073422
19,0,3089587
11,0,3401921
18,0,3202045
13,0,3083034
17,0,3242720
21,0,3088631
15,0,3173825
16,0,3013374
15,0,3150783
19,0,3430981
9,0,2971763
24,0,3246191
15,0,3226808
16,0,3212292
11,0,3018974
14,0,3054005
11,0,3330316
16,0,2985142
13,0,3154131
12,0,3147429
20,0,2975047
9,0,3292678
16,0,3134975
15,0,3100471
20,0,2890212
21,0,3169401
16,0,3087985
22,0,2831516
20,0,3016949
13,0,3351909
18,0,3021096
14,0,3080232
17,0,3305920
15,0,3093953
17,0,3142516
11,0,3286430
9,0,3092753
6,0,3194478
27,0,3148857
16,0,3081651
16,0,3216357
19,0,3358626
25,0,3103616
20,0,3067271
15,0,3103662
19,0,3439859
19,0,2991512
13,0,2908210
14,0,3232289
13,0,3081102
18,0,3095012
18,0,3236011
13,0,3245914
19,0,3274811
24,0,3249806
13,0,3017266
16,0,3184269
16,0,3204709
18,0,3239221
7,0,3260360
13,0,3008729
18,0,3273285
11,0,3144917
14,0,3181533
15,0,3112319
15,0,3145721
12,0,3422680
16,0,3396970
21,0,3018506
16,0,3249807
12,0,3169298
20,0,3144008
21,0,3141947
13,0,3388572
22,0,3042957
17,0,3089770
19,0,3178233
12,0,3136769
24,0,3430590
6,0,3066773
13,0,3175826
11,0,3112353
18,0,3011026
13,0,3340309
15,0,3189033
11,0,3150140
14,0,2995340
18,0,3154932
18,0,3307530
10,0,3155418
20,0,3247700
9,0,3119467
9,0,3538600
15,0,3323559
19,0,3036026
27,0,2908587
12,0,3291858
19,0,3122977
17,0,3326860
14,0,3115262
21,0,3230692
13,0,3199140
16,0,3371588
12,0,3131009
23,0,3157706
22,0,3041357
13,0,3136364
19,0,3082074
14,0,3001086
10,0,3045881
12,0,3207995
21,0,3130207
12,0,3242183
16,0,3242989
14,0,3144600
22,0,3194498
17,0,3266389
15,0,2986983
15,0,3086389
14,0,3318009
17,0,3178905
30,0,3430945
10,0,3456208
19,0,3118748
10,0,3073182
11,0,3276831
21,0,3166295
18,0,3220236
18,0,3148413
15,0,3061789
14,0,3189447
12,0,3109254
15,0,3320393
6,0,3174572
13,0,3084303
24,0,3149349
8,0,3193173
14,0,2894226
6,0,3266672
19,0,3223280
9,0,3167576
18,0,3345049
11,0,3170810
17,0,3146503
14,0,3517584
25,0,3339572
12,0,3255542
19,0,3213367
18,0,3381656
15,0,3182035
17,0,3198389
25,0,3085014
20,0,3106998
12,0,3253161
9,0,3072734
13,0,3084354
19,0,3190831
20,0,3003887
21,0,2956885
20,0,3472747
12,0,3400058
22,0,2976219
13,0,3188575
14,0,3381392
15,0,3056288
13,0,3236185
21,0,3007794
15,0,3102104
16,0,3156116
17,0,3187981
15,0,3236206
23,0,3216296
22,0,3231273
16,0,3350675
15,0,2933970
16,0,2995062
9,0,3392669
8,0,3064378
19,0,2931683
18,0,3372922
8,0,2918476
6,0,3200066
12,0,3198903
13,0,2985656
16,0,3337878
19,0,2960234
19,0,3306500
24,0,3181324
18,0,3270572
20,0,3178878
17,0,3266578
16,0,3040644
18,0,3066146
22,0,2963396
20,0,3362694
11,0,3267528
23,0,3299146
13,0,3275329
10,0,3108492
22,0,2820255
16,0,3274631
19,0,3278973
19,0,3294455
13,0,3197249
13,1,3304780
23,0,3058676
15,0,3528509
15,0,3161816
13,0,3149895
9,0,3073866
19,0,3168546
15,0,3109623
12,0,3301061
19,0,3061798
16,0,3217610
15,0,3320521
20,0,3032021
20,0,3055167
19,0,3167711
16,0,2956608
18,0,3244459
12,0,3148765
12,0,3140874
15,0,3177307
21,0,3133044
17,0,3173079
18,0,3248799
10,0,3176530
14,0,3180484
17,0,3212503
13,0,3319856
19,0,3024499
17,0,3175555
17,0,3012637
17,0,3303640
13,0,3108257
12,0,3194769
13,0,3313323
13,0,3271884
15,0,3061626
24,0,3172366
22,0,3148626
30,0,2928870
13,0,2913625
20,0,3276815
15,0,3261508
15,0,3171996
18,0,2971621
15,0,3067452
15,0,3316006
17,0,3026694
18,0,3211015
20,0,3179485
14,0,3384002
14,0,3120288
11,0,3232907
19,0,3233532
20,0,3209772
20,0,3217970
12,0,3235684
14,0,3101724
15,0,3143820
18,0,3223441
14,0,3151603
21,0,3075257
21,0,3010856
16,0,3309742
16,0,3225602
23,0,3066703
16,0,2926292
9,0,3436814
14,0,3354212
12,0,3125612
20,0,3219655
17,0,3011233
10,0,3130001
11,0,3238011
15,0,3184894
19,0,3341301
12,0,3248594
15,0,3030287
9,0,3251245
16,0,3253272
15,0,3380199
15,0,3159452
20,0,3173259
16,0,3208036
23,0,3123978
21,0,3003774
17,0,3046129
20,0,3033552
16,0,3021313
8,0,3312234
12,0,3183725
9,0,3182630
8,0,3218321
17,0,3045235
27,0,3108527
13,0,3083462
16,0,3109878
14,0,3213986
22,0,3153902
18,0,3206745
18,0,3265323
15,0,3004591
12,0,3061466
18,0,3047245
23,0,2901044
19,0,3177879
7,0,3416207
7,0,3113414
14,0,3259946
12,0,3343833
19,0,3185178
17,0,3193374
21,0,2965532
8,0,3110216
11,0,3275826
13,0,3089990
20,0,3376494
15,0,3114641
17,0,3187081
20,0,3233578
13,0,3124810
11,0,3188440
21,0,3230524
14,0,3484413
29,0,3231925
14,0,3302400
16,0,2988231
13,0,3284995
13,0,2872304
14,0,3145196
19,0,3126573
12,0,3016444
11,0,2954649
18,0,3301337
13,0,3279788
13,0,3060483
18,0,3123743
21,0,3023837
17,0,3135807
12,0,3258382
13,0,3049426
14,0,3156869
15,0,3112133
11,0,3302763
10,0,3023392
12,0,3359720
17,0,3261491
11,0,3435108
22,0,3077111
12,0,3423578
12,0,3128357
12,0,3270082
22,0,3291580
13,0,3050669
21,0,3481554
14,0,3193043
8,0,2982509
17,0,3456520
14,0,3330421
20,0,3255386
9,0,2983373
23,0,3211294
12,0,3274907
12,0,2966517
15,0,3133183
16,0,3195115
16,0,3054729
17,0,3142028
15,0,3109469
20,0,3153261
17,0,3048762
19,0,3371769
15,0,3071362
17,0,3043969
24,0,3016362
21,0,3113748
15,0,3220941
15,0,3126404
17,0,3460256
14,0,3066269
21,0,3173860
18,0,3090253
21,0,3168580
17,0,3164632
11,0,3085470
14,0,3272545
14,0,3324937
17,0,3343088
17,0,3157175
15,0,3157135
8,0,3149500
11,0,3073786
10,0,3169758
10,0,3285174
18,0,3494056
14,0,3081831
13,0,3227535
14,0,3247156
16,0,3264502
15,0,3192563
9,1,3263754
11,0,3136389
14,0,2997887
14,0,2874582
15,0,3170405
13,0,3098425
15,0,3295696
15,0,3114214
16,0,3016947
18,0,3037036
17,0,3040640
16,0,3034011
19,0,2902337
21,0,3385472
12,0,3131600
14,0,3144639
19,0,2979870
19,0,2991331
11,0,3178957
16,0,3261946
15,0,3032681
16,0,2928386
9,0,3341742
22,0,3078324
13,0,3145351
21,0,3213871
19,0,3121330
9,0,2980634
13,0,3186686
19,0,2860252
21,0,3078618
13,0,3132338
20,0,3205325
17,0,3240549
14,0,3148476
18,0,3126495
8,0,3187384
24,0,3349469
14,0,3196389
15,0,3099700
18,0,3271540
14,0,3038575
13,0,2914622
19,0,3323245
14,0,3205684
18,0,3271463
14,0,2909070
17,0,3237745
15,0,3296903
22,0,3108088
10,0,3129216
15,0,3124566
19,0,3031684
12,0,2927858
22,0,3107321
14,0,3260094
16,0,3289837
20,0,3460414
18,1,2964318
19,0,3385039
21,1,3282643
14,0,3236570
14,0,3063525
19,0,2973071
8,0,3161791
13,0,3150833
18,0,2975113
23,0,3475859
19,0,3139800
12,0,3037558
20,0,3019759
13,0,3493978
18,0,3145700
17,0,3225291
19,0,3112163
16,0,2970276
12,0,3070151
15,0,3122562
14,0,3072638
18,0,3134140
20,0,3279805
13,0,3001036
12,0,3037015
10,0,3222243
14,0,3132644
18,0,3240445
18,0,3203800
19,0,3176862
14,0,3194301
13,0,3250891
20,0,3230874
14,0,3078166
10,0,3244426
14,0,2962851
19,0,3178539
15,0,3045219
13,0,3163094
17,0,3354016
12,0,3180011
19,0,3361123
15,0,3057397
14,0,3286108
10,0,3146606
21,0,3101905
20,0,3379067
25,0,3357003
17,0,3181724
15,0,3251576
15,0,3265622
14,0,3276839
25,0,3013711
18,0,3100862
17,0,3119019
8,0,3185325
18,0,3124242
11,0,2987074
11,0,3299128
19,0,2989093
16,0,3177263
18,0,3358438
17,0,3171337
11,0,3176075
14,0,3143216
17,0,3317924
17,0,3232741
15,0,3242406
11,0,3253000
10,0,3326908
16,0,3209804
22,0,3237553
14,0,3283891
19,0,3248631
15,0,3193858
14,0,2891339
14,0,3023542
17,0,3127083
14,0,3111589
19,0,3252232
18,0,3007077
15,0,3355453
15,0,3039898
16,0,3374411
15,0,3196154
13,0,2913813
12,0,3356457
25,0,2969870
15,0,3380990
16,0,3019842
15,0,3070914
15,0,3180381
15,0,3219335
13,0,3001188
21,0,3140805
15,0,3093178
24,0,3089071
15,0,3215715
11,0,3104533
20,0,3120189
17,0,3215582
14,0,3315808
18,0,3026135
16,0,3067361
14,0,3180307
18,0,3137151
10,0,2932063
16,0,2948194
16,0,3365480
12,0,2971822
16,0,3168359
19,0,3039282
13,0,3432993
20,0,3072494
16,0,3398876
21,0,3148237
16,0,3403141
11,0,3111352
12,0,3257759
15,0,3141087
16,0,3305366
9,0,3165490
15,0,3137270
13,0,3202166
13,0,3135379
10,0,3370511
12,0,2912162
9,0,3131624
15,0,3335283
18,0,3344251
12,0,3057079
18,0,3179986
15,0,3205782
20,0,3121933
15,0,3196782
16,0,3475434
17,0,3235156
14,0,3302726
17,0,3230000
20,0,3255828
11,0,2978864
19,0,3175252
9,0,3096188
15,0,3138525
20,0,3256387
20,0,3184054
17,0,2996493
14,0,3234747
22,0,3038117
23,0,3353559
13,0,3323512
13,0,3150099
17,0,3267581
13,0,3113079
11,0,3270902
17,0,3145670
11,0,3055171
12,0,3211962
19,0,3170963
16,0,3388391
17,0,2980907
18,0,3211125
8,0,3050229
17,0,3058329
17,0,3097278
11,0,2873571
13,0,3199846
19,0,3101922
24,0,3332746
14,0,2979379
21,0,2898528
21,0,3035609
17,0,3118155
20,0,3182698
10,0,3141849
13,0,2972710
19,0,3291463
14,0,3057055
21,0,3119262
23,0,3090526
15,0,3357122
14,0,3182408
19,0,3006389
17,0,2996652
17,0,3256795
13,0,3248120
15,0,3174874
12,0,3102407
18,0,3037499
9,0,3205161
18,0,3301203
13,0,2972575
21,0,3350167
15,0,3129614
24,0,3268975
24,0,3120033
14,0,3085009
17,0,3061660
18,0,3196634
21,0,3170079
20,0,3381758
18,0,3295862
14,0,3326569
16,0,3152463
18,0,3079926
20,0,3181052
13,0,3278008
11,0,3146580
20,0,3328210
25,0,3043772
7,0,3127210
16,0,3280943
11,0,3146710
15,0,3324188
11,0,3078017
18,0,3159380
20,0,3005304
13,0,3138978
10,0,3168980
22,0,3064927
15,0,3095294
20,0,3256316
9,0,3095795
19,0,2994338
20,0,3218216
24,0,3176177
23,0,3118204
19,0,3231959
14,0,3019664
14,0,3039533
10,0,3304463
18,0,3128083
23,0,3010153
20,0,2993755
16,0,3325760
13,0,3283858
12,0,3197988
12,0,3256240
14,0,2943417
18,0,3139886
25,0,3098577
12,0,3274713
9,0,3096127
18,0,3140963
9,0,3199799
18,0,3271269
17,0,3086831
14,0,3375335
18,0,3422265
10,0,3177744
10,0,3131803
19,0,3194262
19,0,3348522
24,0,3321654
23,0,3133612
14,0,3388739
14,0,3312390
17,0,3180377
12,0,3151200
15,0,3324122
15,0,3092199
15,0,3150875
15,0,3110724
15,0,3127105
19,0,3144597
20,0,3301356
16,0,3192717
14,0,3018032
16,0,3170098
12,0,3311765
15,0,3157526
14,0,3088147
21,0,3241764
13,0,3202883
20,0,3096548
20,0,3135860
14,0,3267389
14,0,3081203
13,0,3176986
18,0,3212129
17,0,3342368
14,0,3324345
18,0,3037264
11,0,3162750
20,0,3208526
17,0,3104450
11,0,3174480
15,0,3284012
22,0,3286145
9,0,3198200
16,0,3313137
17,0,3301266
12,0,3423781
11,0,3136586
12,0,2862718
12,0,3194126
30,0,3097801
12,0,3346090
19,0,2860488
11,0,3321088
23,0,2962021
15,0,3015653
16,0,3219126
18,0,3226480
13,0,3236338
18,0,3103628
11,0,3158307
22,0,3225155
12,0,3328297
10,0,3088068
15,0,3382052
11,0,3170244
14,0,3146010
17,0,2943940
10,0,3163878
14,0,3159592
14,0,3081059
11,0,2919094
17,0,2999202
18,0,3252077
17,0,3049958
14,0,3080541
15,0,2863079
17,0,3117899
16,0,3084026
12,0,3060860
16,0,3005428
10,0,3256878
19,1,2934678
15,0,3016226
13,0,3238531
15,0,3319908
14,0,3188073
14,0,3088749
11,0,3125287
8,0,3065392
21,0,3267130
20,0,3209102
12,0,3127764
13,0,3205946
11,0,3591172
15,0,3154508
23,0,3077433
13,0,3062657
21,0,2932201
17,0,3015414
14,0,3349361
15,0,3558902
16,0,3040647
19,0,3266372
16,1,3044067
15,0,3202640
9,0,3209625
11,0,3395542
18,0,3260453
16,0,3308297
23,0,2882911
20,0,2929726
15,0,2997803
15,0,3248402
14,0,3180782
10,0,3168083
17,0,3212822
16,0,3159206
13,0,3124076
15,0,3267360
15,0,3099254
19,0,3309217
17,0,3034623
18,0,3263204
14,0,3153435
20,0,3291422
9,0,3266464
14,0,3422892
11,0,3191142
17,0,2963509
14,0,3174119
18,0,3158163
14,0,3093555
14,0,3150872
20,0,3003532
26,0,3282385
25,0,3000730
15,0,3313087
14,0,3440739
19,0,3127775
15,0,3009395
16,0,3124206
16,0,3456993
17,0,3238024
19,0,3286334
20,0,3126123
24,0,3292694
16,0,3323238
17,0,2937971
19,0,3607474
11,0,2993284
12,0,3202153
17,0,3271062
15,0,3163508
13,0,3577865
20,0,3204340
14,0,3256102
21,0,3284310
12,0,3028165
14,0,3483950
21,0,3289329
12,0,3117697
15,0,3257232
19,0,3263709
14,0,3334905
17,0,3204391
22,0,3144011
21,0,3398525
16,0,3132886
19,0,3380779
14,0,3177888
19,0,3085463
25,0,3232316
15,0,3331274
16,0,3198246
14,0,3320404
14,0,3210082
14,0,2898395
16,0,3361277
14,0,3230534
19,0,3116228
14,0,3010776
10,0,3205767
23,0,3028441
17,0,3005869
12,0,3260257
18,0,3189204
15,0,3210069
16,0,3101540
22,0,3202072
16,0,3178814
9,0,3043442
20,0,3153628
14,0,3171052
16,0,3168808
14,0,3254243
18,0,2857333
16,0,3142454
24,0,3288190
14,0,3204847
16,0,3181506
11,0,3199337
10,0,2995703
16,0,3199121
23,0,2816889
17,0,3153921
15,0,3237723
16,0,3265043
13,0,3239125
17,0,3382162
15,0,3082733
13,0,3008868
9,0,3179114
13,0,3114025
15,0,3260631
15,0,3014561
17,0,3010121
16,0,2970901
13,0,3287793
18,0,3261044
22,0,3178296
15,0,2992399
12,0,3150767
12,0,3309429
15,0,3123797
14,0,3043478
15,0,3135799
20,0,2990528
16,0,3194697
9,0,3116188
20,0,3219667
16,0,3207224
20,0,3103479
17,0,2910384
19,0,3224710
16,0,3205684
21,0,2855260
12,0,2930754
20,0,2975276
12,0,3215953
21,0,3241691
17,0,3323498
20,0,3217695
20,0,2985461
20,0,3384463
20,0,3194379
12,0,3149278
15,0,3164687
15,0,3037478
14,0,3223498
10,0,3238645
10,0,3166475
16,0,3143151
14,0,3201170
17,0,3095165
14,0,3085318
13,0,3078400
19,0,3192229
14,0,3385649
15,0,3178477
17,0,3326636
16,0,3247823
18,0,3117989
13,0,3160751
16,0,3323042
11,0,3151959
9,0,3353016
13,0,3366220
12,0,3288694
13,0,3109727
15,0,3115147
7,0,3135999
9,0,3121334
7,0,3216705
16,0,3125417
20,0,3236850
13,0,3171279
16,0,3196575
25,0,3170955
21,0,2811982
15,0,3076603
18,0,3254262
14,0,3258523
18,0,3238690
15,0,3249357
22,0,3268891
14,0,3155328
26,0,2970105
17,0,3267182
20,0,3321839
20,0,3181869
16,0,2884346
18,0,2968686
18,0,3348664
15,0,3235087
10,0,3189832
18,0,3234471
17,0,3343030
19,0,3364211
16,0,2958682
18,0,3183391
15,0,3061493
15,0,3343318
18,0,3343310
16,0,3086281
21,0,3157080
12,1,3063771
14,0,3185636
13,0,3193959
20,0,3520705
13,0,3209999
20,0,3332100
16,0,3016790
20,0,3043547
13,0,2978915
27,0,3017709
12,0,3165149
18,0,2844144
11,0,3101667
9,0,3318527
14,0,3117609
11,0,3296463
13,0,3128001
13,0,3314192
26,0,3115910
16,0,3175259
12,0,3112972
20,0,2958207
20,0,3220264
19,0,3105689
23,0,3234171
15,0,3260104
15,0,3035855
20,0,3177495
19,0,3068410
17,0,3057400
13,0,3417081
13,0,3104031
18,0,3166255
15,0,3153845
16,0,3172770
21,0,3247306
11,0,3025253
18,0,3184059
11,0,3128028
17,0,3325969
12,0,3270097
19,0,3093365
20,0,3196037
18,0,3257682
9,0,3205389
17,0,2980016
16,0,3122606
15,0,3019997
19,0,3233600
16,0,3046857
15,0,3043753
11,0,3111184
14,0,3062263
13,0,3330524
14,0,3086132
11,0,3100864
16,0,3297938
19,0,2896782
13,0,3141141
13,0,3058842
16,0,3308556
14,0,3245984
18,0,3166444
20,0,3326563
21,0,3023378
19,0,3079672
15,0,3197208
17,0,3067965
10,0,3132783
12,0,3055511
19,0,3150404
18,0,3268719
11,0,3163347
11,0,3008102
17,0,3188126
17,0,3250777
18,0,3122091
20,0,3123191
14,0,3183064
20,0,3048536
13,0,2862673
19,0,3254980
17,0,3126573
11,0,3229143
13,0,3097077
16,0,3275131
13,0,3213636
17,0,3145489
15,0,3243362
18,0,2959467
15,0,3207024
17,0,2813234
22,0,3175796
10,0,3102796
16,0,2946345
11,0,2906582
17,0,2946899
19,0,3095404
13,0,3554563
14,0,3024436
15,0,3245781
21,0,3050461
22,0,3082231
15,0,3146983
13,0,3254343
18,0,3254221
19,0,3075901
12,0,3067540
12,0,3207090
19,0,3010716
18,0,3198082
15,0,3208019
16,0,3131807
13,0,3050660
16,0,3205460
19,0,3137133
15,0,3311354
16,0,3362901
15,0,3202815
11,0,3196302
19,0,3138226
23,0,3208554
16,0,3050050
12,0,3088580
13,0,3275531
14,0,3135153
22,0,3206220
13,0,3023368
25,0,3207221
15,0,3122946
16,0,3048440
16,0,3307673
15,0,3054581
19,0,3198789
24,0,2983970
14,0,3274199
19,0,3076385
9,0,3352648
18,0,3126230
13,0,3035183
18,0,3144409
19,0,3281445
17,0,2954330
14,0,3043510
23,0,3120448
15,0,3370538
21,0,3441018
23,0,2964974
15,0,3005664
14,0,3269708
8,0,2931147
20,0,3280844
17,0,3118677
14,0,3086317
14,0,3049919
18,0,3122528
15,0,3210533
14,0,3363198
16,0,3116345
21,0,3194707
14,0,3065977
15,0,2997475
8,0,2792068
14,0,3141943
11,0,3234564
13,0,2921582
15,0,3118943
12,0,3492030
17,0,2908019
11,0,3139669
14,0,2920717
16,0,3352926
11,0,3176513
16,0,2987445
16,0,3126938
16,0,3195567
17,0,3258898
19,0,3317715
10,0,3151947
14,0,3150360
15,0,3249215
16,0,3204892
14,0,3075698
18,0,3126864
17,0,3041218
12,0,3094388
13,0,3300326
16,0,3123122
18,0,3111479
21,0,3133882
11,0,3544594
14,0,3111898
15,0,3183489
19,0,3103042
15,0,3256881
16,0,3064746
10,0,2982387
22,0,3206278
15,0,3132807
13,0,3148679
19,0,3420796
10,0,3246596
12,0,3287074
20,0,3087300
18,0,3216398
17,0,3194156
15,0,3221896
22,0,3260142
17,0,3301407
15,0,3085646
16,0,3017368
15,0,3099676
12,0,2996491
19,0,3394620
15,0,3368235
13,0,3145432
15,0,3318885
16,0,3067982
14,0,3160207
20,0,3158153
26,0,2882933
18,0,3003590
11,0,3018408
12,0,3349878
10,0,3050266
18,0,3038348
17,0,3293531
15,0,3122553
16,0,3295693
11,0,3114413
29,0,3190880
16,0,2872043
14,0,3144151
14,0,3410692
12,0,3488927
12,0,3156331
15,0,3063313
16,0,2930090
13,0,3057011
13,0,3127922
17,0,3355591
19,0,3214579
13,0,3287609
17,0,3058057
17,0,2955030
17,0,3213983
22,0,3028594
10,0,3222872
16,0,3163046
25,0,3277830
14,0,3290325
13,0,2946047
16,0,3333167
9,0,3404137
15,0,3144987
19,0,3043695
15,0,3297304
14,0,3183253
14,0,3028835
16,0,3174481
18,0,3001300
27,0,3259222
22,0,3157997
18,0,3210948
15,0,2986384
13,0,3123576
16,0,3249104
11,0,3288103
18,0,3112303
18,0,3365285
18,0,3112874
9,0,3181165
6,0,2990825
11,0,3310184
14,0,3191774
16,0,3130464
20,0,3244547
14,0,3166290
16,0,3112620
24,0,2946481
13,0,3237726
19,0,3171503
17,0,3075846
15,0,2967325
12,0,2992767
14,0,3093802
9,0,3227538
21,0,3149786
15,0,3057606
17,0,3022124
15,0,3243011
18,0,3226191
21,0,2918068
12,0,3275634
19,0,3244083
9,0,3154186
17,0,3399692
16,0,3333463
24,0,3252632
11,0,3178061
12,0,3148083
14,0,3099651
10,0,3178066
17,0,3186883
15,0,3271401
14,0,3037588
12,0,3366432
15,0,3267349
21,0,3176136
13,0,3269577
18,0,3382497
20,0,3203989
22,0,3419075
16,0,3217311
19,0,3225220
16,0,3280647
19,0,3402399
10,0,3278705
11,0,3532543
20,0,3036762
14,0,3232495
17,0,2900144
16,0,3483639
16,0,3381776
27,0,3147776
19,0,3273524
17,0,3471912
21,0,3250184
22,0,3030969
14,0,3083539
12,0,3295680
11,0,3125435
18,0,3236498
13,0,3338816
20,0,3191598
18,0,3319552
15,0,3241318
21,0,2979068
10,0,3016356
13,0,3144501
12,0,3192221
11,0,2985984
20,0,3154112
20,0,2936112
11,0,3259570
17,0,3255911
13,0,3049706
13,0,3080727
17,0,3215197
16,0,2864132
16,0,2897874
25,0,3185602
20,0,3130979
17,0,3078691
18,0,3276358
16,0,3460930
15,0,3205725
26,0,3139444
14,0,3368983
18,0,3050115
17,0,2962031
19,0,3160336
20,0,3218937
9,0,3040038
18,0,3011396
13,0,3125518
14,0,2934234
15,0,3266130
20,0,3238146
13,0,3162394
16,0,2983960
20,0,3113617
14,0,3528156
14,0,3307892
17,0,3152781
14,0,2979110
21,0,3191260
16,0,3137750
16,0,3158726
9,0,3243128
15,0,3037441
21,0,3151090
7,0,3192048
19,0,3037389
15,0,3348032
10,0,3095611
17,0,3086745
21,0,3318134
13,0,3169082
17,0,3182382
18,0,3254263
16,0,3094601
12,0,3110782
16,0,3299480
13,0,3096775
20,0,3308972
13,0,3189806
16,0,2921775
15,0,3148276
14,0,3087822
18,0,3103417
11,0,3189092
18,0,3183057
11,0,3280631
15,0,2940198
13,0,2903824
22,0,3185817
11,0,3211950
12,0,3104815
19,0,3240315
15,0,3399136
16,0,3168873
11,0,3529164
28,0,3148786
18,0,3190145
10,0,3230188
11,0,3271387
16,0,3099577
13,0,3058681
9,0,3299523
15,0,3128890
24,0,3119171
15,0,3022372
20,0,3317262
17,0,3129519
21,0,3294326
12,0,3270609
12,0,2982956
19,0,3117039
15,0,3253308
15,0,3164255
25,0,3281211
16,0,3275510
10,0,3110049
14,0,3182346
12,0,3327703
22,0,3182055
11,0,3041696
17,0,3396776
18,0,3115891
16,0,3235718
14,0,3154345
24,0,3412162
16,0,3264280
21,0,3294977
20,0,3170539
15,0,3102355
17,0,3150060
9,0,3159780
13,0,3173578
19,0,3327773
9,0,2817703
15,0,3226646
16,0,3379671
14,0,3285910
10,0,3242358
18,0,3146884
18,0,3214161
6,0,3057517
14,0,2908169
21,0,2866907
13,0,3325011
20,0,3167946
9,0,3267778
19,0,2884559
12,0,3135909
21,0,3067178
15,0,3187689
19,0,3137120
14,0,2998323
13,0,3056388
18,0,3399850
19,0,3044191
11,0,3150776
13,0,3410456
13,0,3155049
15,0,3202074
17,0,3291582
12,0,3248653
17,0,3342354
14,0,3102993
23,0,3080430
16,0,3206090
16,0,3473902
21,0,2908594
10,0,3302990
21,0,3200007
20,0,3012258
12,0,3510041
15,0,2944323
9,0,3323756
15,0,3238080
11,0,3074639
19,0,3020961
18,0,3039835
18,0,3041311
9,0,2970032
13,0,3397078
18,0,3545171
14,0,3223379
15,0,3114302
14,0,3095425
21,0,3223531
18,0,2964789
20,0,3209032
20,0,3257296
12,0,3156879
15,0,3223537
21,0,3157648
12,0,3142829
7,0,3071026
15,0,3177544
16,0,3083403
17,0,3157610
14,0,2940437
14,0,3058244
24,0,3222298
15,0,3323283
11,0,3336769
22,0,3004038
12,0,3119322
6,0,3124754
19,0,3164313
20,0,3163773
19,0,3231243
20,0,3119708
13,0,3310084
19,0,3363690
14,0,2952263
19,0,2817374
21,0,3182451
14,0,3167224
16,0,3178916
12,0,3256235
15,0,3208252
19,0,3162436
16,0,3159449
15,0,2974392
12,0,3075533
15,0,3205561
11,0,3191637
13,0,3008964
16,0,3237671
18,0,3219778
12,0,3058195
14,0,3156555
16,0,3325981
21,0,2891211
15,0,3048917
15,0,3213938
15,0,3179280
15,0,3291666
26,0,3037656
15,0,3224601
16,0,3079995
13,0,2988504
17,0,3222278
12,0,2971337
8,0,2854699
20,0,3057085
17,0,3366665
19,0,3271614
16,0,2938111
20,0,3215508
16,0,3238344
11,0,3044159
16,0,2917454
18,0,3118731
23,0,3006036
15,0,3233240
11,0,3110859
21,0,3389318
18,0,3134925
9,0,3225160
15,0,3147101
13,0,3139020
6,0,3120945
11,0,3106886
12,0,3259520
21,0,3304488
14,0,3077993
14,0,3387418
10,0,3082130
12,0,3100698
17,0,3061889
16,0,3141037
12,0,3070953
23,0,3443598
19,0,3127862
15,0,3168807
17,0,3306090
20,0,3101643
15,0,2997315
16,0,3278393
12,0,3049533
21,0,3138027
15,0,3171390
13,0,3370353
13,0,3023207
10,0,3511385
14,0,3046034
16,0,3086253
16,0,3062139
14,0,2983548
19,0,3309805
16,0,3139008
12,0,2986048
17,0,3175659
19,0,3186755
26,0,3502325
13,0,3168059
20,0,3457476
20,0,3200265
15,0,3438014
13,0,3165467
12,0,3088192
21,0,3403377
21,0,3079167
25,0,3138787
16,0,3348955
25,0,3040163
17,0,3190245
20,0,3119444
20,0,3398694
14,0,3080653
14,0,3077853
14,0,3392447
23,0,3056774
16,0,2994979
13,0,3125726
19,0,3214187
6,0,3459977
17,0,3312670
13,0,3240867
9,0,3006696
16,0,3112586
28,0,3316734
16,0,3015156
18,0,3303212
19,0,3124751
13,0,3114461
10,0,3287364
11,0,3155744
21,0,3328226
18,0,2857641
15,1,3169807
10,0,2979145
19,0,3040326
16,0,3096458
18,0,3121616
13,0,3444252
19,0,3111172
22,0,3102956
11,0,3277707
16,0,3122462
8,0,3403268
16,0,3125147
14,0,3115859
19,0,3296621
12,0,3208947
21,0,3109067
13,0,3003811
15,0,2951133
14,0,3115143
9,0,3274355
12,0,3133141
21,0,2970283
15,0,3244567
16,0,3046813
17,0,2920727
16,0,3097258
16,0,3004109
19,0,3198422
22,0,3215386
12,0,3120547
14,0,3337466
19,0,3075000
19,0,3005725
16,0,3111417
12,0,2956421
18,0,3138560
16,0,3209704
19,0,3098337
16,0,3208972
9,0,3128182
25,0,3211053
17,0,3118518
15,0,3039849
15,0,3183927
14,0,3286104
20,0,3221118
17,0,3332543
19,0,2973605
12,0,3179912
10,0,3012766
10,0,3196709
17,0,3285140
15,0,3270453
20,0,2930886
13,0,3157533
17,0,3104149
11,0,3443906
23,0,3194669
14,0,3271508
14,0,3120341
9,0,3330995
8,0,3222835
11,0,3271530
18,0,3039474
13,0,3114861
13,0,3326647
12,0,2936565
13,0,3151710
19,0,3131353
18,0,3293567
22,0,3108543
15,0,3014437
11,0,3165276
16,0,2917573
24,0,3271707
18,0,3148570
17,0,2899730
15,0,3335700
21,0,2994466
18,0,3180624
21,0,3057254
14,0,3260440
18,0,3349586
20,0,3231890
16,0,3181063
14,0,3170930
6,0,2843988
16,0,3303195
23,0,3118400
25,0,3222330
16,0,3171394
24,0,3195232
12,0,3094920
18,0,3252095
17,0,3113013
23,0,3102729
11,0,3145366
11,0,3072969
10,0,3169981
13,0,3228527
16,0,3059645
13,0,3143736
14,0,3027313
12,0,2972888
14,0,3243855
15,0,3234484
16,0,3322562
16,0,2966600
11,0,3179503
14,0,3165288
15,0,3137304
20,0,3226673
15,0,3259915
23,0,3140280
16,0,3135818
16,0,3092688
18,0,3141773
12,0,3097497
22,0,3198852
12,0,3024049
21,0,3093805
17,0,3170251
17,0,3083505
19,0,2886343
16,0,3098922
16,0,3091991
20,0,3196494
16,0,2999637
16,0,2863969
12,0,3085821
21,0,2992176
20,0,3282293
18,0,3293607
17,0,3143038
9,0,3286183
13,0,3054290
15,0,3171867
14,0,3380489
19,0,3169270
20,0,3320987
12,0,3495392
13,0,2986626
23,0,3338047
18,0,3132693
18,0,3154294
19,0,3100259
16,0,3107431
11,0,3452958
21,0,2982645
17,0,3434454
19,0,3063812
14,0,3220333
11,0,3415913
11,0,3179218
19,0,3346894
9,0,2970240
14,0,3069353
22,0,3306093
9,0,3272363
10,0,3125747
15,0,3144760
13,0,3101292
16,0,3161482
15,0,3254894
15,0,3231719
16,0,3008205
19,0,3063963
11,0,3212124
11,0,3075876
10,0,3093251
9,0,3298685
11,0,3219605
16,0,3139505
6,0,3249979
24,0,3130814
21,0,2961081
9,0,3060394
12,0,3183574
18,0,3187729
13,0,3164925
15,0,3207527
17,0,3323617
21,0,3230696
17,0,3208303
22,0,3148307
18,0,3110041
17,0,3215157
15,0,3148406
16,0,2982741
22,0,3063062
13,0,3136813
18,0,3057693
14,0,3103859
7,0,3168938
20,0,3216553
14,0,3408497
15,0,3335583
19,0,3175022
21,0,3003338
19,0,3271275
27,0,3298119
18,0,3308699
16,0,2924753
17,0,3230945
15,0,3222701
19,0,2977266
15,0,3443416
13,0,3168158
19,0,3393150
19,0,3267440
15,0,3256241
14,0,3125313
22,0,3155881
18,0,3195655
15,0,3008435
12,0,3229892
20,0,3327927
16,0,3038601
18,0,3255694
17,0,3089868
22,0,3416680
24,0,3105281
13,0,3044817
14,0,3075739
15,0,2987532
16,0,3115998
8,0,3161304
17,0,3323253
10,0,3035708
19,0,3202762
12,0,3155350
22,0,3010901
11,0,3188899
19,0,3072513
17,0,3190055
22,0,3441219
13,0,3394481
20,0,3215208
18,0,3120815
23,0,3100907
7,0,3184270
14,0,3025664
15,0,3012159
20,0,3379781
17,0,3254776
14,0,3186889
19,0,3139325
15,0,2901881
16,0,2959324
19,0,3082076
22,0,3237996
17,0,3267585
9,0,2951085
9,0,3170536
15,0,3441407
16,0,3282275
14,0,3189832
16,0,3050209
18,0,3279961
19,0,3129803
14,0,3111719
19,0,3176128
20,0,3168667
17,0,3163664
10,0,3408150
10,0,3139362
13,0,3190633
17,0,2944392
19,0,2991013
11,0,3041484
19,0,3178423
15,0,3132973
23,0,3129473
17,0,3104615
20,0,2989320
20,0,3080390
11,0,3230272
18,0,3200488
18,0,3033105
16,0,3453944
14,0,3166524
17,0,3216238
16,0,3230523
13,0,3229298
23,0,3145041
15,0,3297830
10,0,3342330
14,0,3197435
21,0,3134249
21,0,3349145
19,0,3359263
15,0,3209999
15,0,3158689
20,0,2955816
9,0,3213531
16,0,3238966
16,0,3056998
13,0,2922265
15,0,3052250
22,0,3202923
11,0,3341124
25,0,3014846
11,0,3152611
27,0,3178513
13,0,3034321
15,0,3019160
18,0,3113685
16,0,3194537
8,0,3107771
20,0,3105886
16,0,3235191
17,0,3235140
10,0,3114749
13,0,2965248
14,0,3039838
17,0,3008014
16,0,3354984
17,0,3165239
18,0,3218541
13,0,3158569
18,0,3038799
17,0,3130438
18,0,3361852
12,0,3390843
13,0,2921575
12,0,3047497
10,0,3097648
14,0,3310856
20,0,3085714
11,0,3148531
12,0,3088742
12,0,2937488
18,0,3205993
8,0,3237558
16,0,3228565
11,0,3118960
18,0,3214719
21,0,3155313
16,0,3101319
18,1,3183308
17,0,3206907
19,0,3193471
19,0,3232642
13,0,3186984
14,0,3159002
11,0,3154297
15,0,3217609
18,0,3014314
17,0,3273747
13,0,2939357
14,0,3064514
12,0,3179227
13,0,3042621
15,0,3107289
18,0,3107189
20,0,3458558
11,0,2915196
20,0,3015702
19,0,3324411
18,0,3181726
24,0,3285494
11,0,3117711
14,0,3138035
14,0,3314995
20,0,3002180
18,0,2981919
10,0,2953449
7,0,3034500
13,0,3304322
19,0,3008672
10,0,3192902
23,0,3158232
14,0,3194429
14,0,3107348
21,0,3142353
23,0,3055920
16,0,3238308
20,0,3101688
9,0,2784134
20,0,3236578
24,0,3278284
9,0,3294040
11,0,3111375
20,0,2980899
18,0,3311713
10,0,3152093
20,0,2922971
21,0,3338922
12,0,2994515
12,0,3216546
15,0,3138880
16,0,3006316
14,0,3035652
19,0,3153766
16,0,3203207
11,0,3219898
21,0,3108756
17,0,3213554
5,0,3185764
19,0,3437542
19,0,3154869
16,0,2984467
10,0,3300349
11,0,3105224
18,0,3012141
18,0,3147756
9,0,3301001
16,0,3185708
9,0,3177398
17,0,3020388
22,0,3110047
12,0,3027746
19,0,3166768
16,0,3160754
12,0,3284443
20,0,3098378
8,0,3034054
19,0,3028021
18,0,3018874
15,0,3110136
18,0,3039380
15,0,3043952
19,0,3260166
15,0,2888178
15,0,3300231
15,0,3022772
21,0,3273976
19,0,3365009
19,0,3003162
13,0,3244249
18,0,3269562
17,0,3389243
14,0,3292133
20,0,3348535
21,0,3216031
24,0,3056489
10,0,3343327
17,0,3213390
20,0,3095018
16,0,2895863
17,0,3095407
15,0,2842978
14,0,3238059
19,0,3120192
14,0,3246958
21,0,3148361
17,0,3043812
14,0,2904221
10,0,3390809
18,0,2992872
15,0,3103758
15,0,3369722
16,0,3175369
10,0,3235088
13,0,3209935
17,0,3341665
17,0,3176305
15,0,3209836
15,0,3121910
12,0,3179987
21,0,3192944
11,0,2901312
12,0,3058665
17,0,3145486
17,0,3020549
21,0,3343224
13,0,3118457
24,0,3323891
10,0,3134151
18,0,3233243
8,0,3406090
12,0,3033592
12,0,3357435
22,0,3276331
16,0,3011656
22,0,3282862
16,0,2971975
12,0,3101622
15,0,3283937
18,0,3033982
19,0,3347037
15,0,3047983
16,0,3305030
17,0,3342050
16,0,3136296
24,0,3286301
16,0,3190101
16,0,3028529
21,0,3193431
19,0,3360362
20,0,2992438
20,0,3111381
13,0,3206141
17,0,3037514
17,0,3358427
14,0,3058968
8,0,3328413
15,0,3004381
15,0,3290388
23,0,3175643
8,0,3188724
18,0,2890335
20,0,3177515
14,0,2992347
17,0,3349710
16,0,3082183
15,0,3217386
14,0,3085363
10,0,3241060
11,0,3183261
23,0,3254917
10,0,3093809
19,0,2945969
21,0,3177200
14,0,3102199
17,0,3314353
13,0,3183599
18,0,3119844
23,0,3098241
13,0,3219736
13,0,3031158
20,0,3119258
7,0,3208131
17,0,3309223
12,0,3451042
14,0,3304772
22,0,2943474
13,0,3239505
15,0,3327951
13,0,3130160
23,0,2993589
19,0,3243068
12,0,3084788
16,1,2995530
14,0,3378682
17,0,3041027
22,0,3280951
20,0,2992814
16,0,3059702
21,0,3078269
13,0,3095214
19,0,3207167
16,0,3150112
19,0,3173954
10,0,3143240
14,0,3099366
17,0,3165971
10,0,3320945
10,0,2923166
19,0,3341989
21,1,3060773
18,0,3196951
12,0,3315919
19,0,2993394
7,0,3284334
14,0,3337322
11,0,3146494
12,0,3163927
14,0,3376333
14,0,3168981
11,0,3258061
19,0,3230088
17,0,3007028
14,0,2992642
16,0,2849357
14,0,3130726
15,0,3059860
17,0,3072377
11,0,3173962
17,0,3054601
21,0,3243467
17,0,3087591
16,0,3068178
16,0,2992922
15,0,2889077
23,0,3044012
12,0,3258217
10,0,3053028
20,0,2973382
16,0,3139881
15,0,3213746
14,0,2835996
17,0,3162592
9,0,3426388
17,0,3131278
13,0,3073729
13,0,2816919
15,0,3012121
15,0,3106168
20,0,3135143
29,0,3220411
19,0,2999899
19,0,3111915
22,0,3289783
18,0,3215130
18,0,2959465
16,0,3230459
13,0,3164766
11,0,3158654
17,0,3146254
20,0,3099773
22,0,3083059
12,0,2659188
18,0,3188637
15,0,3114853
21,0,3296025
18,0,2995288
15,0,3197242
16,0,3186050
18,0,3031246
19,0,3290784
15,0,3251606
17,0,3015348
22,0,3288085
17,0,3039738
21,0,3094774
22,0,2948934
22,0,3201006
21,0,3111572
13,0,3097010
13,0,3016202
19,0,2926254
19,0,2981690
10,0,3249311
16,0,3096293
11,0,3301562
8,0,3051191
14,0,3127281
9,0,2802362
19,0,3101257
14,0,3332672
10,0,3385057
14,0,3235652
20,0,3300677
24,0,3000087
18,0,3056059
13,0,3067048
17,0,3394290
18,0,3055232
17,0,3052982
20,0,3269356
18,0,3308554
17,0,3229692
17,0,3182620
16,0,2907374
7,0,2976359
15,0,3193388
12,0,3374139
18,0,3203211
19,0,3307171
10,0,3305530
9,0,3326355
17,0,3234740
17,0,3294298
17,0,3064600
19,0,3034250
16,0,3015345
11,0,3135816
19,0,3216996
9,0,3124755
16,0,2964352
13,0,3147719
16,0,3269681
18,0,3236842
14,0,3044090
21,0,3275644
17,0,3124594
13,0,3207731
13,0,3492093
10,0,3052920
14,0,3165406
14,0,2905477
13,0,3158705
10,0,3076607
11,0,3160036
16,0,3031595
14,0,3284230
19,0,2990119
16,0,3318956
11,0,3388669
13,0,3471918
16,0,3252347
7,0,3314776
17,0,3106290
10,0,3089710
12,0,3122737
15,0,3475075
13,0,3221388
13,0,2883935
7,0,3263231
15,0,3116489
17,0,3248172
17,0,3276167
14,0,3142115
20,0,3097108
7,0,3134678
22,0,3136683
13,0,3106941
23,0,2945976
9,0,2983326
19,0,2946697
15,0,3253939
21,0,3110897
11,0,3273149
8,0,3112624
20,0,3229188
11,0,3132262
16,0,3178032
21,0,3189248
17,0,3220605
24,0,3114633
18,0,3260629
18,0,3176035
12,0,3342628
12,0,3219832
14,0,3113773
22,0,3081829
18,0,3052002
11,0,3109394
20,0,3145785
17,0,3111815
14,0,3303084
14,0,3114630
12,0,3074766
22,0,3113060
22,0,3322043
19,0,3255982
11,0,3305585
13,0,2897760
11,0,3208563
17,0,3110473
15,0,3188284
18,0,3423962
17,0,3272423
17,0,3284781
17,0,3306072
12,0,2956110
16,0,2918436
17,0,3128557
15,0,3099997
21,0,3250560
13,0,3098243
16,0,3237122
21,0,3036254
19,0,3182520
12,0,3236966
18,0,3420489
20,0,3313521
11,0,3000964
23,0,3088747
19,0,3226760
14,0,3271942
27,0,3179588
17,0,3348080
16,0,3063816
20,0,3215440
19,0,3217257
17,0,3007627
14,0,2924887
16,0,3316557
13,0,3231148
19,0,3110562
16,0,3243847
15,0,3152279
8,0,3036155
10,0,3301530
14,0,3254293
17,0,3196065
20,0,3433465
24,0,3111933
20,0,3098564
11,0,3258321
20,0,3300080
13,0,2932125
12,0,3034047
13,0,3321168
12,0,3482862
15,0,2967823
14,0,2910304
15,0,3290273
16,0,3289991
24,0,3216817
20,0,2935616
15,0,3145220
18,0,3229311
21,0,3167011
12,0,3286830
17,0,3085174
17,0,3146515
12,0,3142956
17,0,3367907
12,0,3402826
11,0,3144427
23,0,3112301
16,0,3064671
18,0,3134147
24,0,2902749
18,0,3365739
22,0,3289293
14,0,2845648
16,0,3148916
14,0,3002345
24,0,2988003
19,0,3160915
17,0,3044532
20,0,3130972
15,0,3031116
16,0,3090766
11,0,3246110
11,0,2922001
21,0,3133059
18,0,2966815
18,0,3055499
19,0,2954284
17,0,3169614
8,0,3031438
9,0,3368919
23,0,3016620
23,0,3210762
19,0,3215751
22,0,3030315
13,0,3133685
7,0,2928006
10,0,3301748
12,0,3067930
8,0,3572511
17,0,2957181
12,0,3309957
13,0,3294556
15,0,3307753
23,0,3080579
10,0,3288445
16,0,3166267
27,0,3104136
22,0,3059635
14,0,3245139
17,0,3141046
25,0,3097949
15,0,3091244
18,0,3022115
18,0,3227013
20,0,3241947
17,0,3129213
21,0,3187935
23,0,3128342
21,0,3202867
12,0,3072610
14,0,3114831
20,0,3070451
14,0,3323180
16,0,3210613
16,0,3065729
18,0,3180823
22,0,3410108
13,0,3152222
21,0,3013499
17,0,3096680
14,0,3321494
19,0,3088630
17,0,3054196
15,0,3008271
13,0,3092566
14,0,3105222
10,0,3075894
12,0,3290932
20,0,3272724
16,0,3383403
24,0,3215932
18,0,3243844
15,0,3276726
13,0,3135787
15,0,3069835
11,0,3236754
20,0,3297771
21,0,3064056
10,0,3238721
12,0,3176530
17,0,3091316
21,0,3126259
18,0,3127911
8,0,3099392
16,0,3171865
15,0,3222031
15,0,3256478
17,0,3293762
13,0,3296218
19,0,2930169
20,0,3012513
7,0,3165083
20,0,2954439
17,0,3325392
19,0,3238804
11,0,3089416
25,0,3179700
16,0,3129071
17,0,3112421
18,0,3083536
21,0,3062614
14,0,3363596
16,0,3285047
15,0,3223957
16,0,2988370
20,0,3175066
10,0,3253805
21,0,3237395
24,0,3205965
14,0,3255160
17,0,3239975
15,0,3408879
15,0,3055734
17,0,3206132
16,0,3251193
22,0,3125225
12,0,2980361
18,0,3193165
10,0,3031920
13,0,3296338
22,0,2980711
5,0,2990106
18,0,3249034
19,0,3177216
11,0,3182324
18,0,2944788
17,0,3125032
19,0,3055544
10,0,3169185
12,0,3095858
17,0,3402040
13,0,3120419
15,0,3111867
16,0,3201389
18,0,3069588
21,0,3265164
13,0,3056020
13,0,3291831
18,0,3093674
21,0,3078396
18,0,3422078
17,0,3235434
17,0,3142401
15,0,3242799
17,0,3088712
18,0,3084096
17,0,3347150
17,0,3050389
16,0,3024984
17,0,3391278
14,0,3109494
20,0,3061507
14,0,3267097
7,0,3074778
15,0,3074111
21,0,3133275
22,0,3348537
12,0,3186828
8,0,3081767
17,0,3308938
14,0,2787349
22,0,3218417
13,0,2968966
15,0,3369323
17,0,3220256
19,0,3348337
18,0,3183463
12,0,3198858
8,0,2943051
21,0,3152927
15,0,3178043
19,0,3098040
23,0,3120971
16,0,3157128
14,0,3086368
18,0,3170317
14,0,3143808
23,0,3074671
11,0,2916293
16,0,3147057
16,0,3142494
13,0,3048767
20,0,3192193
16,0,3222719
17,0,3192254
16,0,3136346
20,0,3185682
11,0,3204908
16,0,3148784
15,0,3138729
12,0,3156992
16,0,3019520
16,0,3129318
14,0,3017217
17,0,3484163
18,0,3130063
17,0,3056214
21,0,3177858
9,0,3091887
14,0,2992265
17,0,3432118
13,0,3090506
12,0,3100214
18,0,3481988
11,0,3064496
17,0,3274864
9,0,3064048
15,0,2922011
16,0,3106867
29,0,3308379
17,0,3221471
14,0,3060962
9,0,3293203
16,0,3108792
15,0,3428257
21,0,3204031
17,0,3224545
19,0,3153688
13,0,3071902
18,0,3025676
16,0,3084262
16,0,3118306
20,0,3096353
14,0,2904518
17,0,3181900
18,0,3070184
19,0,3127385
16,0,3301297
17,0,3043880
12,0,3207145
17,0,2986852
14,0,3160803
13,0,2875782
10,0,3157612
15,0,3324398
12,0,3287603
19,0,3333875
15,0,3204776
17,0,2955159
14,0,3283792
18,0,3140132
15,0,3264814
18,0,3194277
16,0,3212072
16,0,3091626
15,0,3177061
21,0,3143061
20,0,3270440
22,0,3130169
16,0,3020250
11,0,3256414
14,0,3232290
11,0,3076099
11,0,3156576
21,0,3156375
12,0,3410742
20,0,3225704
14,0,3306374
13,0,3199546
17,0,3409113
17,0,3044655
25,0,3313002
16,0,3389005
22,0,3483727
13,0,3375274
17,0,3056403
9,0,3207375
16,0,3178438
17,0,3238645
22,0,3001303
11,0,2961710
17,0,3177712
16,0,3264130
11,0,3137678
10,0,3106470
12,0,3138737
15,0,3192724
17,0,3348643
17,0,3135177
12,0,3019203
8,0,3091770
24,0,3135026
25,0,3063155
10,0,2997602
13,0,2977229
17,0,3058500
10,0,2924136
16,0,3182744
12,0,3081133
18,0,2917858
16,0,3150181
15,0,3282918
14,0,3131674
14,0,3086657
11,0,2874291
20,0,3298636
16,0,3004111
14,0,3324639
14,0,3229497
18,0,3200284
12,0,3284559
15,0,3270535
12,0,3234381
23,0,3110100
11,0,3093154
9,0,3119290
20,0,3282841
18,0,3087387
22,0,3106964
17,0,3233703
23,0,2976120
23,0,3071654
16,0,3054722
13,0,3110114
14,0,3254777
13,0,3305414
16,0,3310884
10,0,3289177
16,0,3029391
14,0,2967501
19,0,3341913
16,0,3218306
10,0,3047787
16,0,3142957
17,0,3042553
13,0,3160854
18,0,3239275
18,0,3090291
18,0,3453159
15,0,3106001
15,0,3150410
15,0,3273852
12,0,3348440
24,0,3377720
15,0,2901995
17,0,3079830
19,0,3026963
18,0,2972957
14,0,3145204
17,0,3002272
20,0,3178737
14,0,3014168
14,0,3159581
14,0,2956949
9,0,3170731
13,0,3372992
15,0,3344424
16,0,3183187
20,0,3264576
15,0,3236195
12,0,3180274
23,0,3233897
18,0,3344857
13,0,3095710
6,0,3088875
18,0,3132746
14,0,3198620
10,0,3109091
17,0,3471002
15,0,3145735
22,0,3123756
9,0,3192003
7,0,3153641
17,0,3140714
18,0,3236180
18,0,3225524
19,0,3125618
18,0,3228804
20,0,3044952
17,0,2970837
12,0,2861562
8,0,3193495
15,0,3154579
14,0,3085288
17,0,3106496
13,0,3133768
8,0,3032302
15,0,3248079
14,0,3053892
24,0,3055162
17,0,3114459
13,0,3085025
9,0,3049407
17,0,3118723
12,0,3256665
18,0,3163005
15,0,3057967
27,0,3185715
18,0,3062527
19,0,3226239
19,0,3089384
16,0,3218607
17,0,2851967
22,0,3146907
18,0,3173931
14,0,3220873
21,0,3106820
12,0,3198122
13,0,3323360
16,0,2876220
14,0,3180675
15,0,3074702
12,0,2991129
20,0,3106376
14,0,3068985
20,0,2971475
18,0,3047508
25,0,3338435
15,0,3014216
19,0,3017462
12,0,3210981
13,0,3067534
13,0,3150470
12,0,3104324
17,0,3255541
14,0,3003521
14,0,3222045
19,0,3294310
21,0,3132039
17,0,3243704
22,0,2959475
21,0,3083176
18,0,3177767
13,0,2940775
10,0,3239848
16,0,3430928
7,0,3196525
11,0,3242295
11,0,3114460
16,0,3139798
14,0,2944883
12,0,3034568
15,0,3221435
19,0,3155792
17,0,3478359
19,0,3043341
22,0,3239623
15,0,3184985
15,0,3263733
17,0,3357133
9,0,2869004
21,0,3236748
17,0,2972469
21,0,3206851
22,0,3052270
16,0,3053317
13,0,3228735
13,0,3169586
11,0,3225665
19,0,3172018
13,0,3176526
17,0,3235949
10,0,2958753
15,0,3191955
22,0,3056080
10,0,3229887
17,0,3293289
13,0,3160226
20,0,3269629
21,0,3185893
8,0,3108437
13,0,3162443
19,0,3033799
24,0,3472358
18,0,3051723
17,0,2914425
19,0,3322539
19,0,3235719
11,0,2988084
19,0,3015478
13,0,3148226
20,0,3219956
20,0,3104495
16,0,3468054
21,0,2901057
17,0,2983524
17,0,3335961
19,0,3242887
20,0,3306412
15,0,3261260
14,0,3197212
11,0,3084922
11,0,3095384
13,0,3247567
26,0,2991892
12,0,3357726
19,0,3191346
12,0,3089516
16,0,3069896
13,0,3472130
12,0,3157448
16,0,3010154
15,0,3187513
18,0,3401148
13,0,3274866
18,0,3009688
21,0,3258960
15,0,3109430
20,0,3353197
19,0,3222064
17,0,3118558
13,0,3151307
20,0,3006983
24,0,3273641
22,0,3123698
23,0,3323734
22,0,3026714
13,0,2999279
22,0,3329386
15,0,3146485
12,0,3200325
12,0,3197557
9,0,3139036
22,0,3309746
18,0,3245337
17,0,3103102
11,0,3331812
13,0,3384047
14,0,2914150
13,0,3122945
7,0,3209458
15,0,3056266
15,0,3106818
15,0,2901713
11,0,2992151
14,0,3088338
15,0,3320397
11,0,2976840
16,0,2942855
15,0,2979226
15,0,3215252
13,0,3003995
13,0,3153133
15,0,3223865
15,0,3169729
11,0,3221025
12,0,3230041
18,0,3170987
22,0,3207517
12,0,3026840
16,0,3169070
15,0,3248909
18,0,3002947
12,0,2997403
16,0,3178869
16,0,3323644
17,0,3062436
19,0,3255871
10,0,3085373
12,0,3307675
11,0,3251470
16,0,3113018
16,0,3092426
17,0,3226101
12,0,3076717
11,0,3131173
18,0,2969391
25,0,2961232
17,0,3249402
23,0,3365263
19,0,3333961
22,0,3150925
15,0,3505075
17,0,2988843
16,0,3104554
18,0,3153620
12,0,3193526
16,0,3422477
14,0,3097144
14,0,3137126
14,0,3087158
15,0,3408033
15,0,3036856
15,0,3141720
26,0,3053883
14,0,3220223
17,0,3138741
14,0,3269618
11,0,3102480
9,0,2879764
20,0,3086463
21,0,3179840
16,0,3057016
19,0,3301076
18,0,3042629
17,0,3231528
16,0,3168120
16,0,3312922
17,0,3321205
14,0,3053718
13,0,3325577
16,0,3095133
15,0,3006897
13,0,3162153
15,0,3372827
12,0,3223827
19,0,3226985
17,0,3279667
10,0,3181439
14,0,3216650
14,0,3350285
15,0,2956598
18,0,3089642
13,0,3137603
13,0,2951770
15,0,3094018
17,0,3214462
14,0,3249978
18,0,3142583
12,0,3053136
15,0,2969486
14,0,3104611
16,0,3268494
21,0,3065660
15,0,2990745
15,0,3273670
15,0,3126884
19,0,2886231
27,0,3192948
11,0,3294496
12,0,3201294
18,0,3094609
14,0,3045693
14,0,3277502
19,0,3228554
18,0,3279238
24,0,3096318
9,0,3156684
17,0,3509600
17,0,3025891
21,0,3321322
27,0,3164857
18,0,3185358
14,0,3400175
17,0,3112545
18,0,3232634
19,0,3097691
18,0,3127739
12,0,3029090
16,0,3023334
11,0,3057104
25,0,3216931
9,0,3120543
20,0,3095074
7,0,3119419
9,0,3115447
19,0,3214213
14,0,3016828
9,0,3244916
18,0,3171371
14,0,3027979
19,0,3290299
19,0,3205878
17,0,3072033
21,0,3140470
10,0,3225533
13,0,3176027
10,0,3252957
14,0,3218686
12,0,3165957
19,0,3330835
18,0,3235126
18,0,3255958
15,0,3350497
12,0,3358089
10,0,3278698
19,0,3195490
16,0,3237800
18,0,3101989
16,0,3130761
16,0,3016010
21,0,3349476
15,0,3111744
19,0,3172923
20,0,3297536
15,0,3241865
24,0,3188107
24,0,3258088
14,0,3375461
15,0,3086702
19,0,3159890
22,0,3200630
23,0,3539717
11,0,3138640
21,0,3259558
23,0,3156660
19,0,3140835
18,0,3089306
20,0,3152424
14,0,3420478
22,0,3105438
18,0,2999363
22,0,3015161
15,0,3032867
17,0,2989102
21,0,3048498
10,0,3047057
13,0,3227911
17,0,3077828
21,0,3237391
17,0,3052010
22,0,3354386
14,0,3101909
15,0,2840338
20,0,3124062
17,0,3193302
23,0,2991239
18,0,3005291
10,0,3198756
15,0,3056775
18,0,3010449
24,0,3285585
16,0,3004564
21,0,3022346
5,0,3355653
19,0,2993222
10,0,2985037
18,0,3598467
18,0,3297706
8,0,3249941
14,0,3064867
17,0,3202275
18,0,3044204
14,0,3114586
12,0,3202981
10,0,3409375
17,0,3188578
15,0,3200034
15,0,3231800
18,0,3258648
15,0,3149348
11,0,3118902
16,0,2901659
19,0,3134712
10,0,3110542
15,0,3252200
20,0,3259229
21,0,3215350
10,0,3238945
12,0,3226767
16,0,3191895
14,0,3292759
14,0,3295946
18,0,3305020
22,0,3108270
22,0,3014271
13,0,3026715
18,0,3191001
14,0,3033244
22,0,3039424
15,0,3232216
20,0,2964357
20,0,3042784
20,0,2992438
16,0,3111443
17,0,3207622
15,0,3156541
14,0,3315125
13,0,3162496
13,0,3015521
14,0,2995258
14,0,3012032
15,0,3071268
18,0,3225616
14,0,3129510
10,0,3125460
14,0,3069773
10,0,3114151
14,0,2940765
13,0,3378709
17,0,3292778
11,0,3099187
10,0,3282430
13,0,2906707
15,0,2976121
18,0,3237948
18,0,3198981
15,0,3085106
17,0,3010401
15,0,3328744
21,0,3063744
20,0,3169223
14,0,2885850
18,0,3060791
8,0,3384829
13,0,2771695
12,0,2994949
11,0,3265976
11,0,3183267
12,0,3101732
11,0,3225890
14,0,2929435
14,0,3053797
12,0,2924706
15,0,3066150
11,0,2971901
17,0,2958250
19,0,3075262
14,0,3239826
19,0,3234246
15,0,3122726
18,0,3091929
16,0,3278248
14,0,3019972
27,0,3074231
14,0,3071144
21,0,3176577
19,0,3216797
18,0,2878067
13,0,2990347
12,0,2972608
13,0,3088796
14,0,3197256
15,0,2921958
18,0,3177460
13,0,3172221
14,0,3282499
19,0,2827081
14,0,3180305
28,0,3229057
14,0,3145570
8,0,3243276
14,0,3035444
19,0,3044788
16,0,3196914
13,0,3250718
17,0,3107662
18,0,3137413
10,0,3065287
15,0,3127145
16,0,3216323
18,0,3097883
20,0,3189111
18,0,3289807
15,0,3142951
17,0,3130817
20,0,2992610
12,0,3429002
16,0,3040477
17,0,3199449
19,0,3219346
16,0,3223668
13,0,3256800
23,0,3164433
15,0,3329499
15,0,3181127
16,0,3139441
14,0,2980173
11,0,3149058
18,0,3079333
15,0,3145639
17,0,3183500
12,0,3046523
17,0,3092751
14,0,3301801
26,0,3129237
10,0,3313083
19,0,3334948
21,0,2896973
19,0,3188157
18,0,2933124
22,0,3126766
18,0,3057342
15,0,3207178
17,0,3145254
10,0,2936118
17,0,2905757
20,0,3223244
20,0,3014998
10,0,3125612
18,0,3065731
13,0,3192592
22,0,3363300
12,0,3118780
12,0,3226517
10,0,3343027
14,0,3027159
15,0,2994645
20,0,3001158
22,0,3106002
13,0,3176165
11,0,3269820
13,0,3001781
18,0,3156853
17,0,3034597
10,0,2829826
15,0,3073281
13,0,3184523
15,0,2914507
12,0,3047791
11,0,3038985
21,0,3279236
16,0,3018088
17,0,3220666
13,0,3381844
20,0,3183750
20,0,3241758
16,0,3230525
19,0,3162984
13,0,3220935
21,0,3193268
10,0,3173766
16,0,3250077
18,0,2866384
12,0,3098278
21,0,3135549
11,0,3162616
15,0,3153244
15,0,3123664
10,0,3013235
17,0,3003002
19,0,3139143
21,0,3130078
14,0,3151499
23,0,3316603
14,0,3241917
18,0,3153644
23,0,2964649
20,0,3044997
8,0,3153613
18,0,3077540
13,0,3231075
11,0,3262270
13,0,3150845
16,0,3248750
10,0,3137118
20,0,3239377
11,0,2982202
17,0,3020160
21,0,3134680
19,0,3130199
12,0,3072964
19,0,3015319
13,0,2990252
16,0,2979299
16,0,3346598
12,0,3172940
18,0,3054437
17,0,3152839
18,0,3171586
24,0,3153462
22,0,2888655
15,0,3193518
17,0,3228827
22,0,3152773
21,0,3201271
17,0,2944902
19,0,3069892
19,0,3194009
14,0,3099761
17,0,3335255
15,0,3040887
9,0,3233961
15,0,3223725
25,0,3153755
20,0,3271856
11,0,2953824
13,0,3093563
19,0,3303308
22,0,3030961
17,0,3201052
13,0,3212446
10,0,3096943
11,0,3125497
14,0,3423151
18,0,3216559
11,0,3048986
17,0,3245712
14,0,3240346
10,0,2950916
23,0,3152954
14,0,3109686
12,0,3192580
14,0,3145702
19,0,3047571
16,0,3332695
15,0,3053821
10,0,3237039
14,0,3055562
22,0,3103573
15,0,3162403
16,0,3166788
17,0,3100577
25,0,3072544
23,0,3004791
9,0,3143237
23,0,3122961
20,0,3020551
15,0,3014034
15,0,2928498
19,0,3196783
18,0,3073476
14,0,3199650
13,0,3286143
17,1,3190722
18,0,3139606
15,0,2960681
14,0,3297693
10,0,3164574
17,0,3183764
13,0,3029122
13,0,2921479
20,0,3204375
20,0,2967312
21,0,3206713
21,0,3018869
11,0,3032679
8,0,3211170
17,0,3224558
25,0,2964388
15,0,3052977
19,0,3237786
14,0,3131515
13,0,3060527
12,0,3021535
14,0,3235090
21,0,3025992
18,0,2987720
13,0,3094867
16,0,3088756
14,0,3098562
16,0,3205886
18,0,3216437
16,0,3352657
23,0,3361592
11,0,3223252
14,0,3259392
21,0,2963929
16,0,3117775
16,0,3185169
19,0,3242703
10,0,3224930
20,0,3151965
15,0,2959369
20,0,2938729
13,0,3104412
18,0,3053611
20,0,3088455
10,0,3144905
12,0,3128116
25,0,3154862
18,0,3045383
15,0,2968919
18,0,3206858
15,0,3327991
18,0,3039286
16,0,3308162
16,0,3016253
20,0,3139899
14,0,3256158
20,0,3157590
19,0,3083721
18,0,3254919
15,0,3116882
13,0,3067256
14,0,3248634
12,0,3190676
10,0,3323090
13,0,3260846
23,0,3088909
15,0,3258147
17,0,3191709
14,0,3305441
17,0,3014555
14,0,2955441
21,0,3175933
20,0,3107587
15,0,3076315
16,0,3231185
16,0,3067231
13,0,3241111
11,0,3275467
23,0,3223707
20,0,3186966
13,0,2902589
20,0,3189624
13,0,3248367
22,0,3253547
12,0,2865933
15,0,3079259
21,0,3236395
26,0,3152506
12,0,3297739
19,0,2988502
15,0,3124440
11,0,3063718
13,0,3050838
24,0,3035528
14,0,3094756
20,0,3349445
10,0,3142606
12,0,2843137
10,0,3234350
11,0,3082512
24,0,2984191
24,0,3321526
23,0,3051721
18,0,3102556
12,0,3216169
17,0,3225821
18,0,3201282
18,0,3210543
17,0,2950315
18,0,3185210
19,0,2929909
10,0,3238769
19,0,3112853
18,0,3201766
23,0,3112393
14,0,2817722
16,0,3126837
16,0,3257795
18,0,3229367
13,0,2982370
11,0,3082963
10,0,2925686
11,0,3552835
10,0,3248656
12,0,3466158
18,0,3035432
16,0,3187590
18,0,3213490
17,0,3018737
18,0,3120156
14,0,3171468
13,0,2988907
17,0,3208145
17,0,3032310
17,0,3078880
22,0,3261660
16,0,3068685
18,0,3021666
12,0,3207284
20,0,3127083
16,0,3135882
19,0,3301042
13,0,3125630
18,0,3199346
14,0,2996911
13,0,3175648
20,0,3118222
17,0,3141615
21,0,2962489
12,0,3065491
18,0,3300329
16,0,3223300
26,0,3269577
19,0,3093451
15,0,3157346
14,0,3157496
14,0,3113880
13,0,3330487
10,0,3069690
22,0,3150399
21,0,3294984
15,0,2995266
9,0,3047646
17,0,3192293
13,0,2934916
14,0,3209532
19,0,3040701
17,0,3170569
12,0,3080345
17,0,3228457
13,0,2852500
14,0,2978376
24,0,2968774
16,0,3276281
25,0,3088731
15,0,3073739
13,0,3231874
25,0,3002974
18,0,3284114
17,0,3032425
15,0,3182914
20,0,3242322
15,0,2940418
8,0,3273422
19,0,3304973
19,0,3062263
15,0,3105536
31,0,2974561
16,0,3045088
18,0,2837090
13,0,3136622
18,0,3324051
12,0,3066407
12,0,3133855
14,0,3083258
21,0,3449040
13,0,2947491
11,0,3104253
10,0,3274644
20,0,3073950
15,0,3207043
5,0,3166191
19,0,2944515
17,0,2805161
22,0,3183965
17,0,3150090
14,0,3011421
17,0,3077134
14,0,3327134
16,0,3211602
10,0,3113121
14,0,3015329
8,0,3243426
14,0,3117092
11,0,3074060
10,0,2865594
9,0,3278431
13,0,3256386
14,0,3350400
15,0,3201159
19,0,3242076
19,0,3011667
17,0,3210583
15,0,3359544
14,0,3180801
18,0,3404812
20,0,3167150
13,0,2871571
19,0,3197895
19,0,3250549
13,0,3174861
17,0,3228815
9,0,2979032
19,0,3196963
11,0,3096388
14,0,3236087
16,0,3150571
14,0,3203614
14,0,3175839
10,0,3285904
15,0,3282519
16,0,3182450
16,0,3127193
16,0,2986574
12,0,2999183
18,0,3062391
26,0,3161597
16,0,3235903
16,0,3311661
19,0,2887348
17,0,3223094
15,0,3330282
12,0,3034231
17,0,3039910
19,0,3174762
18,0,3089280
22,0,3051910
15,0,3131275
18,0,3137626
12,0,3167154
18,0,3227637
16,0,3166019
10,0,3214992
17,0,3449566
17,0,3066855
15,0,3135671
13,0,3006658
16,0,3175520
15,0,3320984
16,0,3272777
14,0,3358710
13,0,2942296
12,0,3184004
19,0,2970207
15,0,3151028
24,0,3178915
18,0,3145340
20,0,3131509
16,0,3377725
11,0,3511374
14,0,3058753
25,0,3086446
13,0,3216937
14,0,3235886
9,0,3278850
20,0,3286678
19,0,3121163
13,0,3105800
20,0,3155468
20,0,3162783
15,0,3283897
17,0,3098750
12,0,2975549
16,0,3197752
12,0,3251449
16,0,2966415
14,0,3116357
9,0,3084390
19,0,3012662
17,0,3017917
17,0,3102625
19,0,3365762
13,0,2937728
16,0,3243876
18,0,2995707
9,0,3134835
15,0,3284751
17,0,3379547
13,0,3238692
17,0,3170668
17,0,3207805
12,0,3052735
15,0,3227580
12,0,3055405
13,0,2948216
18,0,2999271
18,0,3011682
20,0,3222003
9,0,3020034
22,0,3297178
17,0,3052338
14,0,3082475
12,0,3199182
16,0,3452565
18,0,2853025
8,0,3168414
13,0,3054685
24,0,3381466
15,0,3105735
17,0,3195141
17,0,3010541
15,0,3031220
12,0,3356677
21,0,3161695
20,0,3238888
17,0,3114477
18,0,3169315
20,0,3086331
14,0,3258985
14,0,2980809
18,0,2994459
16,0,3090759
14,0,3231070
14,0,3099101
16,0,3166963
14,0,2933538
22,0,3256741
12,0,3001707
13,0,3373279
18,0,3268397
17,0,3101243
17,0,3380384
16,0,3240518
7,0,3195999
21,0,3089750
15,0,3023449
18,0,3124399
19,0,3217683
12,0,2967576
9,0,3010962
15,0,3356617
19,0,3051412
20,0,3277509
18,0,3044582
18,0,3148608
17,0,3161428
14,0,3102398
13,0,2855258
14,0,3050872
16,0,3215584
16,0,3172197
20,0,3230020
20,0,3126117
8,0,3138123
14,0,3179684
6,0,3047134
19,0,2987979
14,0,3015688
14,0,3355809
16,0,3062972
15,0,3027713
15,0,3248790
10,0,3238344
24,0,3135178
16,0,3054466
15,0,3281728
12,0,3080475
15,0,3256390
23,0,3027158
17,0,3130475
19,0,3071550
15,0,3024864
13,0,3111938
17,0,3268949
19,0,3200007
24,0,3148621
12,0,3286960
10,0,3108278
19,0,3078612
14,0,3170971
18,0,3037979
19,0,3264552
12,0,3117665
17,0,3124041
16,0,2986220
13,0,3045762
17,0,3095857
15,0,3143190
14,0,3196094
12,0,3237806
15,0,3161779
11,0,3077043
11,0,3255984
17,0,3401023
13,0,3053504
14,0,3320881
18,0,3178903
9,0,3059077
25,0,3196042
18,0,3251334
22,0,3300218
19,0,3340621
17,0,3465603
19,0,3179146
17,0,3151558
14,0,3248584
14,0,3118119
13,0,3198766
13,0,3210669
27,0,3223712
21,0,3304814
17,0,3186446
27,0,3204514
21,0,2929394
20,0,3040192
16,0,3183275
16,0,3452753
17,0,3166395
16,0,3242333
17,0,3169588
18,0,3198516
16,0,3183564
13,0,3134739
16,0,3157354
10,0,3248805
8,0,2996583
17,0,3452131
12,0,3009052
11,0,3156465
21,0,3284206
19,0,3224933
16,0,3061276
12,0,3020555
14,0,3005531
15,0,3069178
12,0,3179512
18,0,3146733
16,0,3115847
22,0,3293635
19,0,3260679
16,0,3322883
23,0,3162440
28,0,3421261
17,0,3160704
9,0,2920306
16,0,3229649
16,0,3459361
20,0,2921972
23,0,3258355
11,0,3129042
15,0,3132819
12,0,2994751
15,0,3099583
21,0,3163285
13,0,3116227
15,0,3044934
15,0,3230231
19,0,3137037
16,0,2927598
8,0,3256588
11,0,3194454
19,0,2854214
17,1,3190036
13,0,3110340
8,0,3088781
20,0,3117014
16,0,3117409
13,0,3019552
25,0,3198621
15,0,3065472
11,0,3009564
28,0,3119611
12,0,3214132
18,0,3134945
23,0,3140013
15,0,3157387
8,0,3181811
14,0,3172093
17,0,3285573
21,0,2906069
18,0,2978913
12,0,3100746
14,0,3150017
15,0,2907766
12,0,3128278
21,0,3188599
23,0,3065594
14,0,3358035
15,0,3278129
18,0,3370639
18,0,3228077
15,0,3076626
12,0,3129888
12,0,3154078
20,0,3262436
14,0,3143714
13,0,3315672
12,0,3202534
17,0,3030064
15,0,3041531
18,0,3106279
11,0,3186115
11,0,3228535
22,0,3083943
21,0,3023613
18,0,3090023
11,0,3221146
16,0,3265684
15,0,3015685
19,0,3011562
16,0,3448643
19,0,3127368
14,0,3194690
14,0,3122913
14,0,3255944
10,0,3050063
12,0,3246462
14,0,3295036
18,0,3259788
18,0,3096396
16,0,2897873
15,0,3069362
15,0,3056790
14,0,3257288
17,0,3128669
10,0,3252612
11,0,3081357
16,0,3103335
14,0,3020283
26,0,2870379
14,0,3236611
16,0,3138118
15,0,3116404
15,0,3323204
14,0,3075848
17,0,3062917
16,0,3309239
15,0,3488137
23,0,3371319
13,0,3158102
17,0,2918088
16,0,3205677
13,0,3261096
13,0,3163688
18,0,2959785
18,0,3118041
18,0,3263127
11,0,3155906
13,0,2983302
20,0,2902512
21,0,3183470
11,0,3228637
15,0,3155273
17,0,3010474
11,0,3186374
14,0,3072602
23,0,3015850
14,0,3222233
20,0,3163584
16,0,2969550
19,0,2899287
15,0,3221684
10,0,3358786
20,0,3208739
12,0,3339427
19,0,3137963
13,0,2990950
12,0,3152280
13,0,3247619
20,0,3366862
11,0,3336041
19,0,3005147
19,0,3372632
9,0,2948546
16,0,3137151
22,0,3124438
10,0,3031754
8,0,2876822
12,0,3162461
17,0,3028007
12,0,3117042
12,0,3002889
17,0,3055060
8,0,3145675
17,0,3043651
19,0,2896925
13,0,3160530
14,0,3180639
12,0,3116987
15,0,3097199
14,0,3078689
20,0,3084712
21,0,3083476
17,0,3145325
19,0,3003924
14,0,3085928
18,0,2964959
15,0,3167462
16,0,3234036
18,0,3121869
19,0,3268960
28,0,3157415
12,0,3188464
11,0,3274473
13,0,3052387
15,0,3077537
14,0,3002127
23,0,3246202
18,0,3021857
11,0,3073211
16,0,3183177
14,0,3083964
16,0,2920336
21,0,3141031
16,0,3516915
15,0,3072715
19,0,2992202
19,0,3337735
12,0,3121245
15,0,3282738
15,0,3191930
16,0,3149946
15,0,3047614
11,0,3251784
13,0,3237829
13,0,2978607
15,0,3085568
13,0,3105280
21,0,3476276
16,0,3085020
17,0,2961741
14,0,3245569
16,0,3072157
15,0,3226916
16,0,3275120
24,0,3045487
24,0,3350735
16,0,3196448
10,0,3234386
14,0,3267945
23,0,3120193
23,0,2955741
19,0,3223725
23,0,3190358
16,0,3307658
17,0,3272226
19,0,2999197
22,0,3338333
17,0,3146432
16,0,3114414
17,0,3140564
22,0,3203626
22,0,3383592
19,0,3192025
16,0,3093342
15,0,3248265
22,0,2940056
17,0,3255612
16,0,3080008
13,0,3280644
20,0,3005377
27,0,3206112
15,0,3067387
17,0,3062336
12,0,3180841
13,0,3152595
11,0,3010969
16,0,3214127
12,0,3140666
13,0,2891325
17,0,3304344
11,0,3142339
15,0,3282375
23,0,3127552
22,0,2881602
11,0,3173447
16,0,3043215
17,0,3106639
17,0,3240195
16,0,3224877
14,0,3342731
6,0,2966304
15,0,3151056
17,0,3213364
16,0,3183105
17,0,3352112
13,0,2819149
17,0,2994202
20,0,3198675
17,0,3335298
17,0,3126134
18,0,3130171
13,0,3247087
24,0,3144069
17,0,3288632
16,0,3174989
21,0,3274739
15,0,3080191
17,0,3218552
15,0,3122941
15,0,3347888
18,0,3281155
12,0,3392470
10,0,3184639
13,0,3320034
14,0,3057388
13,0,3105411
17,0,3283578
13,0,3146736
13,0,3133241
13,0,3138472
13,0,3067981
17,0,3089495
16,0,3038452
14,0,3057583
10,0,3000972
16,0,2992604
20,0,3163401
11,0,3082758
16,0,3190057
22,0,3256932
16,0,3213845
19,0,3288114
21,0,3222628
6,0,3121927
14,0,3081758
10,0,3178792
18,0,3239736
13,0,3136181
23,0,3284076
16,0,3012093
15,0,3024014
12,0,3191209
16,0,3234292
13,0,3401180
16,0,3305483
15,0,3286120
12,0,3177834
17,0,3277269
11,0,2958753
14,0,3293047
21,0,3103028
22,0,3275726
20,0,3182782
17,0,3132955
8,0,3438164
15,0,3216572
19,0,3306241
18,0,2879525
10,0,3417816
16,0,3084700
12,0,3264245
11,0,3111924
17,0,3157877
14,0,3040376
10,0,3274432
18,0,2904885
20,0,2859999
16,0,3063293
14,0,3116448
19,0,3279955
8,0,3093822
12,0,3106056
13,0,3232491
17,0,3054685
20,0,3168429
9,0,3057540
17,0,3147675
23,0,3095539
13,0,3176196
19,0,3249093
11,0,3265738
15,0,3127529
17,0,3225581
19,0,3207271
9,0,3193483
9,0,3259553
11,0,2967784
17,0,3225318
12,0,3179579
11,0,3022339
25,0,3170489
12,0,3103399
20,0,2991088
20,0,3389687
21,0,3372515
21,0,3327077
13,0,3149983
15,0,3045704
13,0,3026713
8,0,3111935
17,0,2994066
11,0,3179709
17,0,3220773
28,0,2982654
15,0,3371656
13,0,3209298
15,0,3046601
8,0,3175560
10,0,3261469
9,0,3247435
15,0,3177119
12,0,3087281
17,0,3213463
14,0,3063061
13,0,3070012
18,0,3181204
19,0,3162646
13,0,3183831
13,0,3195536
12,0,3118828
16,0,3176099
20,0,2995653
15,0,2955849
20,0,3199610
16,0,2933586
17,0,3035389
16,0,3162499
16,0,3034705
19,0,3274974
26,0,3182557
19,0,3101098
18,0,3262622
21,0,3160814
17,0,3195143
14,0,3061641
15,0,3119710
12,0,3419414
12,0,3124929
14,0,3348156
19,0,2968354
15,0,3312657
13,0,3131824
16,0,3096768
13,0,3065600
15,0,3296453
12,0,3311265
19,0,3272446
13,0,3163584
13,0,3298961
17,0,3205786
9,0,3285602
19,0,3196827
10,0,3312138
16,0,3546354
16,0,3128458
16,0,3108800
15,0,3111214
19,0,3250229
16,0,3075613
19,0,3180762
13,0,3282691
23,0,3388904
17,0,3260320
16,0,3161196
16,0,3086213
10,0,3198661
17,0,3051056
16,0,3152162
14,0,3354833
15,0,3039335
15,0,3302278
20,0,3292854
19,0,3154891
6,0,3265981
13,0,3011544
15,0,2932888
6,0,3094321
23,0,3297726
15,0,3284788
16,0,3169947
18,0,3215584
16,0,3193084
19,0,3018586
9,0,3320184
12,0,3247634
24,0,3059520
20,0,3247574
22,0,2910904
12,0,3183426
22,0,3164183
14,0,3149025
15,0,3401128
10,0,3233706
22,0,3116477
18,0,3262398
13,0,3018795
14,0,3228927
19,0,3056980
19,0,2779598
11,0,3219104
15,0,3274148
12,0,3123266
17,0,3082368
15,0,3099509
19,0,3232771
21,0,3189521
11,0,3100269
16,0,3117214
9,0,2990684
19,0,3432053
18,0,3130603
16,0,3233090
10,0,3050371
17,0,3294545
14,0,3020567
13,0,2896285
13,0,3140568
20,0,3044956
19,0,3197339
16,0,3233536
18,0,3251653
21,0,3006250
22,0,3013998
19,0,3192601
9,0,3317027
16,0,3422047
22,0,3373694
19,0,3146118
19,0,3295142
14,0,3178840
21,0,3217477
15,0,3141951
14,0,3362912
13,0,3195226
17,0,3263662
20,0,3165907
21,0,3086968
19,0,3317395
12,0,3089686
13,0,3213511
18,0,3126906
17,0,2873485
19,0,3400810
12,0,3261711
16,0,3221785
14,0,3056874
15,0,3116387
15,0,3284911
11,0,3054871
20,0,3199471
17,0,3140501
14,0,3437738
13,0,3051404
20,0,3264776
16,0,3207950
10,0,3141164
13,0,2969837
20,0,3058900
10,0,3066322
14,0,3191117
14,0,3175857
10,0,3088432
27,0,3131016
14,0,3117605
19,0,3117416
13,0,3025700
19,0,3178813
22,0,3005595
11,0,3345969
11,0,3253575
12,0,3264242
18,0,3076359
10,0,3132128
13,0,3104482
8,0,3279265
18,0,3431075
16,0,3355889
15,0,3113983
12,0,3130112
20,0,3351556
20,0,3242023
15,0,3207290
15,0,2972243
13,0,3093695
17,0,3102158
14,0,3426707
17,0,3134125
18,0,3372957
14,0,3229757
19,0,3127109
23,0,3377900
14,0,3324919
12,0,3172281
17,0,3371448
11,0,3041822
15,0,3379297
20,0,3137702
13,0,3232616
15,0,3078954
11,0,3214271
19,0,3015025
24,0,3091579
16,0,3254256
17,0,3248272
16,0,3173370
18,0,3199209
15,0,3271339
21,0,3239032
22,0,2914804
8,0,3158383
18,0,2982705
20,0,3092800
19,0,3271780
15,0,3176924
12,0,3160833
16,0,3071644
17,0,2912597
18,0,3003573
17,0,3150950
16,0,2990524
13,0,2837747
20,0,3031370
14,0,3259205
16,0,3330152
10,0,3108774
13,0,2997271
21,0,3221342
22,0,2849254
23,0,3350434
16,0,3255625
16,0,3123862
21,0,3372382
14,0,3042243
21,0,3044360
22,0,2904927
13,0,3095413
12,0,3285900
13,0,3074367
12,0,2902677
17,0,2936368
17,0,3268773
15,0,3038819
20,0,2999940
24,0,2985605
20,0,3159882
13,0,3062066
8,0,3207228
24,0,3030483
18,0,3323804
14,0,3276811
18,0,3154640
15,0,3189670
19,0,2998933
12,0,3156768
14,0,3260202
14,0,3100467
15,0,3353045
19,0,3144084
18,0,3129279
14,0,2959355
14,0,3070989
11,0,3151125
20,0,3333726
14,0,3336633
22,0,3237311
19,0,3074061
17,0,3187825
8,0,3018658
19,0,3022751
22,0,3191835
13,0,2994637
23,0,2856928
20,0,3207224
17,0,3234998
18,0,3259368
17,0,3106346
18,0,3356098
18,0,3329862
16,0,3233573
17,0,3191952
21,0,3529797
10,0,3276757
11,0,3216868
10,0,3207980
21,0,3254450
10,0,3144940
16,0,3254935
9,0,3145405
14,0,3170810
13,0,3285331
14,0,3182611
16,0,3218728
14,0,3352437
21,0,3063178
12,0,3064413
23,0,3047733
17,0,3157943
24,0,3302304
17,0,3150582
9,0,3179737
21,0,3177204
15,0,3023909
16,0,3213422
18,0,3232517
18,0,3233736
19,0,3287061
12,0,3139084
15,0,3125444
25,0,3127372
14,0,3026836
13,0,3187309
18,0,3231831
18,0,3174362
16,0,2886229
13,0,3098924
16,0,2988796
19,0,3156255
13,0,3196325
16,0,3063320
15,0,3295760
23,0,3188610
11,0,2946044
21,0,3241446
13,0,3123319
19,0,3171692
17,0,3045817
18,0,3170419
14,0,3188493
16,0,3428845
20,0,3041930
16,0,3218272
18,0,3448812
16,0,3197381
13,0,3210487
19,0,3480730
17,0,3221813
16,0,3310538
24,0,3042294
12,0,3169387
16,0,3042571
15,0,3331628
12,0,2995693
20,0,3008587
13,0,3099293
13,0,3043425
11,0,3244020
15,0,3434231
20,0,3248096
14,0,3120650
11,0,3180459
13,0,3192342
12,0,3128540
24,0,3202820
20,0,3080909
18,0,3002273
15,0,3229194
19,0,2937686
16,0,3136323
20,0,3026931
16,0,3012631
14,0,3192238
15,0,3419829
15,0,3151387
12,0,3364627
22,0,3010790
12,0,3188674
20,0,3198080
13,0,2677309
9,0,3142627
14,0,3378003
16,0,3209314
16,0,3120691
20,0,3061904
15,0,3156579
19,0,3106885
19,0,2977067
21,0,3310381
13,0,3150172
12,0,3122825
19,0,3010951
16,0,3026200
16,0,2909677
8,0,3129369
19,0,3033961
9,0,3166427
15,0,3109290
15,0,3144113
16,0,2957560
12,0,3147876
6,0,3083152
18,0,3150743
17,0,3052391
19,0,3121841
16,0,3246170
18,0,3141579
18,0,3196760
13,0,2997538
13,0,3300841
22,0,3106882
17,0,3273588
20,0,3432846
20,0,3101676
15,0,3347456
15,0,3209626
15,0,3048333
16,0,3235656
7,0,3126452
18,0,3241371
11,0,3414530
11,0,3200712
18,0,3285804
16,0,3401079
11,0,3309757
16,0,2961831
12,0,3106139
22,0,3349437
14,0,2970544
17,0,3098551
15,0,3093495
18,0,3285130
19,0,3144463
17,0,3100853
13,0,3287438
12,0,3180039
16,0,3113862
16,0,3314398
21,0,3403736
15,0,3171390
18,0,3355938
27,0,3214609
14,0,3045690
22,0,3096666
15,0,3111591
14,0,3253043
14,0,3344441
19,0,3293272
18,0,3024765
20,0,3273616
14,0,3212379
11,0,3293041
14,0,3215754
16,0,2787514
10,0,3135009
10,0,2797246
15,0,3120782
18,0,3080756
16,0,3242190
18,0,3308265
9,0,3303452
14,0,3332157
16,0,3183103
19,0,3265786
11,0,3006244
13,0,3350127
21,0,2876159
10,0,2971986
16,0,3304547
21,0,3268697
21,0,3126297
17,0,3108780
11,0,2862812
15,0,3155414
23,0,3139086
9,0,3233185
16,0,3151270
21,0,3237843
15,0,3254263
31,0,3048410
17,0,3047755
13,0,3244690
15,0,3006713
17,0,3098966
9,0,3211831
14,0,3231810
21,0,3087780
16,0,3308002
10,0,3231864
14,0,3012780
17,0,2969469
15,0,3389131
13,0,3128859
17,0,3175108
20,0,3197691
17,0,3086329
17,0,3156711
11,0,3156562
6,0,3049104
18,0,3044807
17,0,3034194
13,0,3097778
14,0,3141613
8,0,3212644
13,0,2952189
10,0,3037933
13,0,3319123
9,0,3219203
20,0,3354211
19,0,3311821
14,0,3244737
13,0,3190487
9,0,3214686
12,0,2975534
13,0,3345259
13,0,3249621
12,0,3323083
15,0,2988965
13,0,3108224
16,0,2873426
15,0,3288183
18,0,3065182
9,0,3167639
12,0,3220667
16,0,3213135
15,0,3157401
16,0,3108319
13,0,3154833
17,0,2954734
17,0,3213287
16,0,3098276
11,0,3211632
14,0,3226876
14,0,3305222
16,0,3024494
19,0,3110321
25,0,3189228
14,0,3210784
15,0,3137829
10,0,3260408
19,0,3217366
16,0,3216101
13,0,3072279
23,0,3314471
14,0,3173749
15,0,3199815
17,0,3080009
19,0,3044553
21,0,3302635
15,0,3245800
16,0,3018309
12,0,3170954
17,0,3044591
19,0,3235556
19,0,3147519
16,0,3067561
20,0,3410692
24,0,3208064
17,0,3061949
13,0,3040462
11,0,3026958
11,0,3024617
17,0,3005303
14,0,3172646
12,0,3191255
11,0,3000014
18,0,3103171
15,0,3018208
13,0,3271302
19,0,3118342
17,0,3304649
9,0,3260281
15,0,3229607
14,0,3000405
24,0,3341128
21,0,3073398
15,0,3292825
15,0,2919844
17,0,3135193
13,0,3243546
20,0,3272002
36,0,3153634
14,0,3268023
12,0,3150667
16,0,3183121
20,0,2966329
13,0,2979647
19,0,2973917
18,0,3171900
17,0,3068967
10,0,3242696
17,0,3134770
18,0,2925169
22,0,3321079
12,0,3147373
19,0,2975008
24,0,3030812
19,0,3038031
17,0,3256609
24,0,3072123
12,0,3182857
17,0,2859208
17,0,3145897
20,0,2962295
11,0,3103108
19,0,3266034
22,0,2983117
14,0,3301233
18,0,3155722
9,0,3130619
20,0,3243334
18,0,2999312
13,0,3027330
17,0,3147041
15,0,3134169
20,0,2970282
12,0,3108764
11,0,3305810
12,0,3121081
13,0,3342246
22,0,3256803
14,0,3038753
16,0,3315471
19,0,3090807
22,0,2931707
24,0,2940293
14,0,3005354
12,0,3147726
16,0,3225181
15,0,3149798
13,0,3082000
15,0,3233149
12,0,2975482
22,0,2921304
17,0,3167383
11,0,3132177
20,0,3059894
14,0,3181023
12,0,3143481
14,0,3131623
17,0,3345769
18,0,3242947
10,0,3070610
16,0,3251041
17,0,3027934
16,0,3086275
20,0,3242708
20,0,3354756
13,0,3065519
15,0,3108516
12,0,3193037
15,0,3171767
12,0,3128408
15,0,3247351
15,0,3177189
19,0,3224126
17,0,3096631
21,0,3273443
17,0,3192538
20,0,3191541
15,0,3049557
19,0,3246514
18,0,3049898
14,0,3112585
15,0,3093891
26,0,3207894
22,0,3116607
11,0,3091395
17,0,3367782
14,0,3094922
10,0,3071520
18,0,3346944
19,0,3282685
17,0,3151484
14,0,3180925
20,0,3101612
12,0,3131205
12,0,3100441
15,0,3139527
21,0,3099577
14,0,3125781
23,0,3166030
11,0,3356290
19,0,3123317
17,0,3136592
15,0,3155707
17,0,3112872
15,0,3225371
26,0,3176683
23,0,3202389
26,0,3233514
10,0,3184975
14,0,3082118
21,0,2975406
17,0,3247651
13,0,3035635
16,0,3303261
19,0,3160274
21,0,3074158
15,0,3159741
10,0,3205296
16,0,3281424
15,0,3319254
22,0,3156713
19,0,3231769
10,0,3246856
17,0,3013825
17,0,3375935
20,0,3141749
15,0,3328116
18,0,3317301
18,0,3416001
16,0,2962105
13,0,3291350
12,0,3392735
18,0,3068749
14,0,2994851
17,0,3202991
14,0,2954543
14,0,3008203
16,0,3206097
19,0,3201016
19,0,3085282
20,0,3100720
13,0,3075652
15,0,3178875
16,0,3062734
16,0,3263584
16,0,3026213
16,0,3120290
24,0,2965218
22,0,3198673
21,0,3136253
12,0,3308637
10,0,3149235
10,0,3189448
12,0,3047545
15,0,2920095
18,0,3185451
20,0,3171641
18,0,3062603
17,0,3024346
16,0,3119027
20,0,3355948
20,0,3283778
10,0,3209667
8,0,3174081
14,0,2919253
16,0,3125568
12,0,3200011
10,0,3100208
27,0,3246001
13,0,3227989
15,0,3376408
17,0,3139002
17,0,3063335
5,0,3189013
20,0,3332059
20,0,3306020
22,0,3142794
25,0,2973066
10,0,3141539
17,0,3234222
13,0,3208287
15,0,3066728
20,0,3110947
7,0,3363865
15,0,2974159
18,0,3116049
9,0,2995863
15,0,2953354
13,0,3093728
21,0,3193384
17,0,3052906
14,0,3207704
24,0,3094379
12,0,3058585
16,0,3163170
14,0,3248797
23,0,3343920
15,0,2751730
21,0,3194654
12,0,3258941
13,0,3247305
18,0,3154763
10,0,3171862
20,0,3039382
24,0,3391668
16,0,3191320
17,0,3241013
16,0,3224610
21,0,3058299
17,0,3215269
14,0,3126152
8,0,3089477
12,0,3101130
17,0,3112580
18,0,3132621
14,0,3295779
17,0,3151580
17,0,3224129
13,0,3039743
16,0,3297075
9,0,3111508
17,0,3145964
17,0,3153043
20,0,3132481
10,0,3193750
16,0,3132429
10,0,3289711
21,0,3216861
12,0,3241381
20,0,3133488
12,0,3292714
14,0,3359919
16,0,3174067
14,0,3161146
12,0,3123834
10,0,3196401
22,0,3103178
24,0,3213287
10,0,2819894
15,0,3206131
13,0,3129322
16,0,3239052
19,0,3011944
15,0,3260342
16,0,2934583
18,0,3001889
19,0,3132542
12,0,3356577
10,0,3224526
16,0,3063373
19,0,3069155
19,0,3353574
16,0,3283156
17,0,3360568
26,0,3078594
20,0,2919661
13,0,3137790
20,0,3310915
13,0,3087994
14,0,3188678
14,0,3083602
15,0,3471063
17,0,2882104
17,0,3062321
16,0,3184511
13,0,3205021
17,0,3370727
15,0,3211410
16,0,3014426
20,0,3176916
19,0,3283449
17,0,2728749
12,0,3146980
14,0,3174838
18,0,3316663
12,0,3325981
19,0,2968896
14,0,3198647
13,0,3082863
11,0,3318161
15,0,3005265
23,0,3088433
16,0,3126980
17,0,3360872
17,0,3072547
11,0,3167455
10,0,2945755
18,0,3098841
16,0,3232313
17,0,3162251
18,0,3201322
19,0,3231955
13,0,3334299
14,0,3011053
19,0,3102857
15,0,3263664
20,0,3270857
17,0,3249499
15,0,3209791
12,0,3064513
14,0,3105971
14,0,3267910
9,0,3101077
11,0,3105686
11,0,3209507
13,0,3205237
16,0,3279243
15,0,3036561
21,0,3284142
22,0,3037825
17,0,3077076
15,0,3183108
12,0,3105875
18,0,3080304
19,0,3327695
8,0,3130854
11,0,3326670
20,0,3113508
15,0,3157374
18,0,3067126
25,0,3073286
15,0,3129604
12,0,3148549
11,0,3367556
14,0,3186578
15,0,3266740
19,0,3007969
12,0,3213570
26,0,3364138
15,0,3252696
15,0,3469335
16,0,3060402
14,0,3105122
11,0,3271789
25,0,3085080
19,0,3059003
16,0,3430777
19,0,3437701
14,0,3098455
10,0,3128616
11,0,3168632
21,0,3219120
22,0,3152714
26,0,2950995
18,0,3184610
14,0,3167469
17,0,3061196
19,0,3079746
24,0,2982725
16,0,3198707
13,0,3129874
11,0,3204647
15,0,3284014
19,0,3158472
15,0,3191384
18,0,2906633
19,0,3283307
16,0,3176454
15,0,3263432
17,0,2894375
17,0,3240918
18,0,3200083
14,0,3336691
11,0,3211346
13,0,3127081
11,0,3296483
16,0,3123117
19,0,3298105
10,0,3040182
17,0,3161579
16,0,2880504
18,0,3360686
15,0,3203020
11,0,2980594
18,0,3179853
12,0,3178465
6,0,3052998
20,0,3005862
23,0,3110116
18,0,3226610
16,0,3080247
12,0,3152663
14,0,3286967
20,0,3217625
24,0,2876794
17,0,3120263
17,0,3197369
16,0,3390886
19,0,3268752
15,0,3190370
11,0,2995832
10,0,3191349
18,0,3253732
18,0,3125191
13,0,3161727
14,0,3088229
14,0,3096485
15,0,2958709
18,0,2984822
12,0,3063693
11,0,3276403
18,0,3101125
20,0,3056431
13,0,2935659
15,0,2918462
29,0,3145731
14,0,3046149
23,0,3203307
17,0,3022768
16,0,3047882
15,0,3166350
17,0,3288519
17,0,2902165
9,0,3181670
14,0,3025258
17,0,3254898
14,0,3267893
18,0,3235361
17,0,3115525
22,0,3213553
20,0,3062251
15,0,3222185
13,0,3539401
13,0,3262670
18,0,3065351
11,0,3105435
14,0,3089890
21,0,2960479
12,0,2979099
19,0,3445697
20,0,3087155
17,0,3047555
16,0,3399012
14,0,2966080
13,0,3236870
12,0,3125334
19,0,3241544
13,0,3104919
13,0,3326155
17,0,3190237
9,0,3280206
16,0,3328136
14,0,3145078
17,0,3271520
17,0,3238939
16,0,2995733
20,0,3318680
10,0,3188232
14,0,3045839
19,0,3102766
26,0,3069282
18,0,3107973
13,0,3250235
14,0,3347322
12,0,3261001
10,0,3343905
12,0,3076372
15,0,3181318
11,0,3149626
15,0,3156234
9,0,3098697
14,0,3056628
19,0,3091752
15,0,3156629
11,0,3224575
21,0,3301428
14,0,3059487
12,0,3257322
18,0,3143313
23,0,3015746
11,0,3126450
20,0,3238440
18,0,3176759
11,0,3204358
14,0,3053392
16,0,3284810
19,0,3442539
13,0,3132410
15,0,3201984
14,0,3035516
13,0,3052032
19,0,3260079
20,0,3177852
14,0,2939221
14,0,3020929
16,0,3234556
14,0,3239950
22,0,3337882
14,0,3158054
14,0,2947859
16,0,2954907
21,0,3166378
6,0,3075474
17,0,2961343
17,0,3117885
13,0,3211805
18,0,2881468
15,0,3180158
20,0,3068614
9,0,3229716
18,0,3062477
15,0,3391348
15,0,3258966
16,0,3409164
16,0,3241010
15,0,3048540
10,0,3276244
11,0,3293484
10,0,3096791
13,0,3097332
15,0,2987425
26,0,3276326
16,0,3049885
10,0,3096622
17,0,3465562
21,0,3253852
18,0,3157934
21,0,3172450
18,0,3435423
12,0,3024769
19,0,3227864
19,0,3266298
12,0,3119413
13,0,3030117
16,0,2995442
12,0,3158001
17,0,3049698
15,0,3123028
22,0,3173692
13,0,2972147
12,0,3162065
10,0,3151578
15,0,2971747
11,0,3065683
22,0,3275488
17,0,3167329
18,0,2909280
12,0,3369192
15,0,3028740
16,0,3236297
18,0,3233166
19,0,2971784
17,0,2965234
16,0,3082329
15,0,3320427
16,0,3080523
15,0,3159696
6,0,3098630
17,0,3377878
20,0,3183305
16,0,3195044
14,0,3155783
13,0,3290343
16,0,3100970
14,0,3350109
20,0,3253219
18,0,3200167
12,0,3055311
23,0,3363403
14,0,3227578
16,0,3139675
13,0,3065489
17,0,3220806
12,0,2948314
13,0,3197560
18,0,3171088
16,0,3140787
9,0,3316095
16,0,2964467
18,0,3233971
13,0,3279732
17,0,3366029
17,0,3201537
13,0,3176572
23,0,2933085
12,0,3214167
12,0,3278328
12,0,3114807
14,0,3213093
17,0,2988753
21,0,3350881
19,0,3221257
22,0,3129939
17,0,3477008
17,0,3271412
8,0,3107734
11,0,3177022
16,0,3346523
15,0,3259421
15,0,3089023
13,0,3175676
19,0,3080863
16,0,3324019
13,0,3003975
14,0,3440166
15,0,3121694
20,0,3300562
16,0,3161811
11,0,3376635
13,0,3051078
12,0,3107173
15,0,3148028
9,0,3140280
13,0,3354922
16,0,3020906
25,0,3306638
10,0,3172750
17,0,3393756
24,0,2986997
10,0,2909725
16,0,3353323
16,0,3240088
17,0,3067032
13,0,3157452
17,0,3215592
20,0,3059768
12,0,3222364
17,0,3214487
18,0,3258626
24,0,3122616
18,0,3244677
14,0,3215925
14,0,3131816
12,0,3165984
16,0,3286133
15,0,2921280
19,0,3169869
15,0,3049742
19,0,2745085
15,0,3176645
19,0,3119759
13,0,3062577
20,0,3124782
12,0,3182291
18,0,3155965
9,0,3091374
14,0,2965626
11,0,3203468
21,0,3173551
23,0,3181387
9,0,3282329
12,0,3182373
16,0,3400551
21,0,3309142
17,0,3121920
15,0,3350499
12,0,3085520
22,0,3357628
16,0,3186829
13,0,3202622
11,0,2945732
17,0,2767328
16,0,3095063
15,0,3199559
13,0,3002318
22,0,3313670
9,0,3011608
12,0,2800080
13,0,3233713
13,0,3043687
18,0,3065980
18,0,3179742
14,0,3326867
18,0,3055362
15,0,3001716
22,0,3318106
24,0,3414223
18,0,3098079
21,0,3096345
20,0,3240120
30,0,3122508
14,0,3290391
12,0,2939115
18,0,3004793
19,0,3205968
16,0,3062398
13,0,3136231
12,0,3392615
19,0,3134215
23,0,3338208
13,0,3140853
25,0,3096612
20,1,3040134
13,0,2955257
11,0,3099239
13,0,3301330
13,0,3110922
18,0,3168945
15,0,3588118
8,0,3048366
21,0,2891075
22,0,3029794
14,0,3092394
18,0,3286108
13,0,3279095
21,0,3145817
14,0,3127331
17,0,3006228
17,0,2973720
18,0,2900705
18,0,3026646
16,0,3292862
15,0,3075850
19,0,3091766
14,0,3082494
12,0,3253905
17,0,3145920
14,0,3280826
13,0,3154629
8,0,3364289
18,0,3129810
11,0,3221894
22,0,3290256
18,0,3043157
15,0,3079322
12,0,3297819
18,0,3212148
17,0,3260512
16,0,3070958
27,0,3141336
22,0,3067528
22,0,3185080
19,0,3087989
16,0,3246008
17,0,3006129
10,0,3147809
16,0,3291124
16,0,3111420
20,0,3066745
18,0,3280579
19,0,3225086
18,0,3188671
19,0,3269403
8,0,3443522
16,0,2947110
18,0,3284980
20,0,3057896
12,0,3067544
23,0,3136568
14,0,3338811
27,0,3104478
12,0,3126543
15,0,3247212
10,0,3244331
19,0,3278743
19,0,3308088
18,0,3233828
18,0,3072406
8,0,3231403
21,0,3186900
18,0,3034154
13,0,3031764
14,0,3119468
11,0,3327011
12,0,3113381
14,0,3131775
15,0,3051942
14,0,3479084
17,0,3227045
15,0,3202935
12,0,2949297
22,0,2958383
18,0,2922582
18,0,3249707
19,0,3124901
13,0,3252291
19,0,3043369
10,0,3128582
12,1,3217037
18,0,3135669
19,0,3080208
24,0,3190130
19,0,3195547
22,0,3366150
12,0,2958504
20,0,3232791
14,0,3340416
9,0,3363324
20,0,3053548
17,0,3170289
13,0,3302486
15,0,3116067
18,0,3307840
14,0,3178798
13,0,3210758
13,0,3252208
20,0,3062867
19,0,3304799
19,0,3038032
17,0,3336698
16,0,2922622
22,0,2934735
14,0,3045572
16,0,3319258
14,0,3263097
16,0,3076966
13,0,3049943
16,0,3369754
20,0,3064257
16,0,3046143
17,0,3088964
13,0,3318063
7,0,2907710
15,0,3260300
9,0,3184685
18,0,2903210
12,0,3044451
18,0,2974837
14,0,3152429
14,0,3316956
19,0,3145949
21,0,3134156
14,0,3180028
18,0,3039911
23,0,3264481
16,0,3241219
23,0,3083967
14,0,2928730
21,0,3051704
14,0,3116271
19,0,3126983
14,0,3291003
8,0,3250050
18,0,3388644
20,0,3079199
15,0,3285281
16,0,3294506
15,0,2995065
12,0,3198864
20,0,3121508
19,0,3160291
18,0,3261743
15,0,3223335
15,0,3185888
18,0,2905725
16,0,3189626
18,0,3118253
16,0,3106255
20,0,3087644
9,0,3306094
21,0,3234404
14,0,2995170
11,0,3145662
17,0,3088074
21,0,2921077
6,0,3050979
14,0,3414656
18,0,3084653
18,0,3332842
22,0,3266202
23,0,3147409
13,0,3037632
18,0,3267474
25,0,3402095
13,0,3086782
19,0,3146183
9,0,3104706
15,0,3157964
18,0,2984258
19,0,3084577
15,0,3169500
13,0,3417056
21,0,3146071
17,0,2996201
21,0,3094794
14,0,3061514
12,0,3021556
9,0,3189607
12,0,3207598
14,0,3092172
26,0,3151341
21,0,3084900
19,0,3120495
10,0,3182260
16,0,3204798
8,0,3387176
11,0,3214896
14,0,3310631
13,0,3117836
14,0,3075842
10,0,3286774
16,0,3066387
17,0,2876826
15,0,3209934
14,0,3219124
9,0,3154739
8,0,3120038
9,0,3021951
8,0,3323406
16,0,3070861
11,0,3238057
15,0,2945852
9,0,3013075
22,0,3188473
12,0,3322320
18,0,3025276
18,0,3304062
17,0,3037244
15,0,3035092
13,0,3000330
14,0,2966385
20,0,3425491
18,0,3262101
20,0,3321897
17,0,2936991
11,0,3325475
18,0,2931247
17,0,3139439
12,0,3150486
21,0,3182567
18,0,2932315
12,0,3410469
18,0,3237266
14,0,3119443
16,0,3094042
17,0,3145503
15,0,3077391
20,0,3051918
12,0,3240329
13,0,3089038
17,0,3225900
9,0,3344556
15,0,3201775
10,0,3140141
14,0,3121450
17,0,3199305
12,0,3374246
23,0,2878399
15,0,3425946
16,0,3192650
17,1,3120291
12,0,3269719
17,0,3212786
14,0,3003557
18,0,3252710
20,0,3149940
19,0,3052559
18,0,3121258
15,0,3077428
24,0,3068264
19,0,3057970
17,0,3039305
15,0,3500943
19,0,3258820
17,0,2955505
19,0,3205340
21,0,3350111
18,0,3237400
17,0,3208946
17,0,2953836
13,0,3299263
17,0,3202093
20,0,3087216
13,0,3209335
25,0,3260809
14,0,3103743
17,0,3007478
15,0,3337764
23,0,3167372
17,0,3050168
15,0,3401028
19,0,3137688
24,0,3277804
12,0,3009425
17,0,3128835
15,0,3196104
13,0,3277603
17,0,3265221
19,0,3006629
19,0,3123942
16,0,3273831
12,0,3092534
16,0,3188247
14,0,3622224
17,0,3434046
22,0,3360417
8,0,2878330
12,0,2973349
16,0,3355949
16,0,3020277
10,0,3172385
13,0,3085221
9,0,3351762
13,0,3068866
25,0,3039743
10,0,3065794
19,0,3093935
12,0,3005652
14,0,2988006
13,0,3042029
20,0,3303987
8,0,3163754
22,0,3047934
23,0,3056584
18,0,3401440
17,0,2992148
20,0,3228917
12,0,3304500
25,0,2837155
13,0,3080377
14,0,3336176
12,0,3285037
11,0,3101416
21,0,2966409
17,0,2821345
14,0,3022989
15,0,3269014
16,0,2842657
18,0,3361748
18,0,3295140
20,0,3061952
16,0,3308822
12,0,3203309
12,0,3201083
15,0,3275422
14,0,2975405
13,0,3140478
7,0,3111563
9,0,2859878
18,0,3297056
17,0,3068738
11,0,3056317
20,0,3083931
16,0,3254280
22,0,3092016
17,0,2976357
20,0,3254234
24,0,3077176
17,0,3146816
13,0,3048841
12,0,3070522
18,0,3179451
11,0,2965199
14,0,3279524
23,0,3080836
20,0,3033944
12,0,3055422
9,0,3109942
9,0,3135308
12,0,3216566
21,0,3133800
17,0,3175205
27,0,3484176
13,0,3143201
10,0,3425074
21,0,3288847
19,0,2948268
18,0,3250458
10,0,3142223
22,0,3323198
17,0,3107018
21,0,3436127
12,0,3029816
19,0,3264213
22,0,3296206
19,0,3188835
18,0,3327211
18,0,3169129
17,0,3121413
19,0,3161803
17,0,3324418
19,0,3055736
19,0,3178599
13,0,3195382
17,0,3123478
15,0,3127979
16,0,3022945
17,0,3190683
18,0,3107533
22,0,3358324
15,0,3205466
15,0,3013224
17,0,3248024
16,0,3012641
21,0,2916052
20,0,3121043
24,0,3233208
12,0,2884566
18,0,3070877
20,0,3014129
14,0,3310559
10,0,3227285
18,0,3126707
13,0,3365446
11,0,3191868
12,0,3258312
17,0,2999482
13,0,3072600
14,0,3083401
18,0,3137034
15,0,2987789
16,0,3119242
12,0,2817923
17,0,3153146
16,0,3254376
15,0,3153789
19,0,3012718
20,0,3321936
11,0,3123210
19,0,3310829
12,0,3040914
15,0,3287052
14,0,3187710
16,0,3310305
14,0,3065858
26,0,3105494
23,0,3160536
16,0,3172750
19,0,3178576
17,0,3112522
20,0,3016561
8,0,3028595
19,0,3281493
14,0,3049439
16,0,3336708
11,0,3165188
14,0,3087558
10,0,3054154
19,0,3223932
19,0,3412823
16,0,3352634
7,0,3185228
15,0,3248740
16,0,3033034
14,0,3126273
12,0,3095336
13,0,3087677
13,0,3353589
18,0,3046497
19,0,3107020
15,0,3233649
15,0,3235492
16,0,3240718
14,0,3190690
13,0,3096215
15,0,3210059
12,0,3093371
14,0,3324610
21,0,2964157
15,0,3312436
15,0,3109927
17,0,2994479
15,0,3388512
16,0,3109661
21,0,3155977
17,0,3049455
11,0,2978698
27,0,3352899
16,0,3120082
12,0,3023829
12,0,3232515
22,0,2999743
16,0,3187554
20,0,3101380
18,0,3349791
14,0,3193269
18,0,3391424
12,0,3204713
14,0,3024763
9,0,3265227
14,0,3086950
13,0,3244858
22,0,3246955
11,0,3141267
15,0,3358569
25,0,2954818
17,0,2983061
22,0,3029336
15,0,3373986
14,0,3046839
8,0,3329549
18,0,3217347
14,0,3195925
15,0,3291049
13,0,3053546
23,0,3249205
15,0,3108208
10,0,2893512
10,0,3132894
9,0,2996089
18,0,3079478
18,0,3259263
15,0,3267257
17,0,2939068
16,0,3351710
12,0,2893680
12,0,3077523
14,0,3125986
25,0,2954399
19,0,3163489
15,0,2991187
8,0,3163043
20,0,3074608
17,0,3088769
14,0,3124677
14,0,3047219
16,0,3453518
21,0,3240819
22,0,3187206
17,0,3128154
9,0,3174006
16,0,3191665
22,0,3212009
19,0,2900515
14,0,3091841
19,0,3047278
11,0,3299490
16,0,3422161
18,0,3084651
17,0,3420606
12,0,3211673
18,0,3191990
16,0,3259375
19,0,3223030
16,0,3026315
12,0,3069362
23,0,3427438
9,0,3143128
14,0,2924538
9,0,3188984
14,0,3067863
15,0,3161918
13,0,3125462
17,0,3055520
12,0,3307671
19,0,3209455
20,0,2992378
16,0,3180842
24,0,3243953
14,0,3084663
11,0,3243041
18,0,3175770
17,0,3199448
12,0,3329248
22,0,3406990
18,0,3058338
12,0,3075391
19,0,3160965
14,0,3195193
17,0,3230801
18,0,3087032
20,0,3131524
15,0,3119330
10,0,3345038
16,0,3170224
21,0,3286207
15,0,3071704
17,0,3247331
15,0,2857617
13,0,3412035
17,0,3274662
14,0,3090154
16,0,3023914
16,0,3053647
21,0,3385914
17,0,3187759
22,0,3126432
15,0,3081084
16,0,3179180
16,0,3437952
12,0,3126956
15,0,3360042
9,0,3028857
19,0,3282600
10,0,2998264
19,0,3275058
16,0,3110933
19,0,3041992
27,0,3320473
14,0,3309603
13,0,3124031
16,0,3168767
15,0,2954917
14,0,2941077
12,0,3305005
17,0,3127554
13,0,3238398
18,0,3042093
19,0,3255872
15,0,3077832
15,0,3075363
13,0,3034506
16,0,3038022
13,0,3156160
18,0,3009170
13,0,3073039
14,0,3207799
20,0,3042640
20,0,3178682
17,0,3278432
11,0,3038646
16,0,3071644
17,0,3204036
20,0,3134495
11,0,3387943
16,0,3242752
21,0,3177248
22,0,3087541
11,0,3214334
14,0,3212641
6,0,3361483
19,0,3187394
21,0,3315284
17,0,3061222
12,0,3502543
19,0,2920348
12,0,3236718
20,0,3306449
13,0,3211381
13,0,2981894
9,0,3312762
14,0,3230771
12,0,3016647
26,0,3044546
14,0,2932063
10,0,3269678
11,0,3196666
14,0,3232043
8,0,3285966
18,0,3085568
10,0,3011260
13,0,3374494
12,0,3101212
21,0,3110491
15,0,3054354
16,0,2793163
15,0,3286788
21,0,3149242
9,0,3036322
18,0,3014266
17,0,3304857
13,0,3192815
13,0,3164763
19,0,2980307
15,0,3042962
18,0,2981804
14,0,3116054
16,0,3122713
18,0,3015545
10,0,3060693
16,0,3308942
19,0,3048926
10,0,3283288
9,0,3404385
13,0,3178312
15,0,3284707
15,0,3327115
10,0,3400323
16,0,3108385
16,0,3243172
18,0,3036873
16,0,3082809
15,0,3018089
22,0,2970569
13,0,3136628
22,0,3273766
8,0,3535898
17,0,3171393
15,0,3144798
18,0,3218830
22,0,3221321
16,0,3118513
16,0,3057204
13,0,3136479
23,0,3397348
14,0,3092386
15,0,3048172
13,0,3345337
22,0,3403457
25,0,3128373
24,0,3140953
11,0,2976427
17,0,3207611
13,0,3133946
10,0,3228578
18,0,3217471
11,0,3155985
14,0,3149978
13,0,3461770
16,0,3159526
19,0,3011068
20,0,3042490
24,0,3210414
11,0,3310612
11,0,3232083
18,0,3008100
17,0,2960250
7,0,3109806
15,0,3128795
9,0,3031713
16,0,3141603
16,0,3301056
14,0,3207809
21,0,2997610
20,0,3058105
16,0,3242647
16,0,2939011
12,0,3236860
17,0,3409653
15,0,3214199
14,0,3291595
17,0,3153999
19,0,3240949
11,0,3098936
14,0,3056263
18,0,3231114
9,0,3229067
14,0,3259877
26,0,3322229
28,0,2929493
17,0,3223050
17,0,3122954
18,0,3096998
19,0,3061029
13,0,3197017
16,0,3216580
13,0,3017146
20,0,2935250
16,0,3072384
16,0,3024188
19,0,3152808
13,0,3134639
14,0,3132218
20,0,2957900
10,0,3324011
13,0,3233053
24,0,3225470
15,0,3253304
10,0,2957375
16,0,3309653
15,0,3104686
12,0,3098205
15,0,2923337
14,0,3270919
19,0,3098082
17,0,3025512
21,0,3172522
12,0,3210151
21,0,3247272
12,0,2996199
18,0,2925615
18,0,3093143
23,0,3017354
16,0,3389468
10,0,3040076
10,0,2906524
14,0,3334131
15,0,3092912
22,0,3243263
12,0,2964109
24,0,3072683
11,0,3194369
21,0,3082521
13,0,3123951
18,0,3126855
21,0,3122242
20,0,3038197
26,0,2987895
20,0,3115132
20,0,2981792
15,0,2938095
19,0,3187996
18,0,3123428
12,0,3194504
16,0,3165476
14,0,3253859
15,0,3257066
9,0,3158409
20,0,3100331
11,0,3179289
8,0,3158283
15,0,3208309
16,0,3319951
18,0,3169272
21,0,3009119
20,0,3221972
14,0,3200678
10,0,2960780
18,0,3100804
19,0,2958019
21,0,3246630
13,0,3074072
25,0,3082702
17,0,3116120
13,0,3197959
17,0,3142290
22,0,3266481
16,0,3276781
15,0,3096154
12,0,3330967
19,0,3063631
14,0,3059740
13,0,3209312
22,0,3112734
20,0,3334994
19,0,3137727
15,0,3203732
10,0,3471427
19,0,3190041
14,0,3038222
24,0,3188697
14,0,2993641
24,0,3094417
13,0,3302720
24,0,3341904
16,0,3107847
17,0,2980423
11,0,3290668
14,0,3006622
19,0,3332320
18,0,3180310
22,0,2996072
13,0,3189347
18,0,3081660
15,0,3243071
12,0,3185182
14,0,3220338
18,0,3273760
10,0,3201441
12,0,3212444
11,0,3232905
20,0,2963881
17,0,3063164
10,0,3375604
17,0,3000419
15,0,3092379
14,0,3392691
12,0,3314839
25,0,3209694
13,0,3085900
13,0,3417249
8,0,3202107
11,0,3194136
11,0,3165695
18,0,3156152
13,0,3189244
13,0,3418905
18,0,2924285
21,0,3081732
17,0,3279453
13,0,3075201
16,0,2930526
15,0,3184597
24,0,3127055
13,0,3103734
19,0,3406732
14,0,2992979
9,0,3089414
18,0,3403154
18,0,3117057
16,0,3400972
7,0,3115671
25,0,3310738
16,0,3056313
18,0,3226741
17,0,3200215
15,0,2967447
16,0,3322894
10,0,3250072
22,0,2958562
11,0,3183606
16,0,3104805
17,0,3071074
18,0,3045432
19,0,3353791
19,0,3171064
12,0,3015477
12,0,3190521
13,0,3222693
26,0,3128042
13,0,2995794
19,0,3066201
21,0,3094901
13,0,3041451
16,0,3093395
18,0,3278658
12,0,3289719
17,0,3217524
14,0,3173184
15,0,3191298
18,0,3222119
17,0,3053289
21,0,3114896
25,0,3240991
18,0,3395354
14,0,3106521
11,0,3240855
10,0,3011473
18,0,3296098
21,0,3181612
14,0,3120335
18,0,3071955
18,0,3273393
15,0,3186104
14,0,3068342
12,0,3198428
19,0,3163279
17,0,3253101
16,0,3171197
14,0,3071794
23,0,3034363
14,0,3078572
12,0,3343718
23,0,3207329
21,0,2959649
16,0,3170729
12,0,3498619
12,0,3111391
14,0,3091842
17,0,3292079
20,0,2922065
10,0,3108910
13,0,2950636
19,0,3354878
16,0,3345818
15,0,2784366
11,0,3012091
16,0,2904213
14,0,3069991
18,0,3057402
11,0,3313318
8,0,3200754
17,0,3182965
15,0,2996147
12,0,3129080
24,0,3163239
14,0,3191317
19,0,3041189
16,0,3238739
18,0,3298977
10,0,3332213
11,0,3158869
17,0,3125366
13,0,3123049
18,0,3129549
24,0,3117232
28,0,3055879
14,0,3150202
22,0,3060355
13,0,3329213
14,0,3154356
15,0,3077933
19,0,3214734
15,0,2963146
18,0,3127219
9,0,3211034
22,0,3222518
16,0,2934298
21,0,3394662
26,0,3226815
14,0,2957726
13,0,3425136
20,0,3315720
22,0,3223872
13,0,3063262
14,0,3305818
18,0,3257397
14,0,3119547
20,0,3158128
14,0,3240192
13,0,2937898
18,0,3174357
12,0,3439493
22,0,3269675
18,0,3394562
18,0,3225078
16,0,3270758
11,0,3251652
11,0,3241405
15,0,3303483
17,0,3125352
11,0,3248365
19,0,3060935
18,0,3465710
16,0,3155347
12,0,3035480
12,0,3309996
22,0,3141367
19,0,3208314
17,0,3220668
16,0,2966018
17,0,2928684
12,0,3181992
11,0,3407477
16,0,3234809
14,0,3447735
15,0,3199222
20,0,3134010
20,0,3017539
15,0,3048168
16,0,3291031
24,0,3218366
17,0,3160415
12,0,3090300
21,0,3079329
12,0,3146293
16,0,3072041
17,0,3320116
20,0,3040781
20,0,2978021
13,0,3176101
15,0,3092099
12,0,3213955
15,0,2932757
16,0,3179103
21,0,3091379
17,0,3291388
15,0,3022340
14,0,3303462
15,0,3013205
16,0,3154628
24,0,3156054
20,0,3068038
15,0,3259874
14,0,3284269
17,0,3044618
22,0,3267924
21,0,3122871
15,0,3065384
14,0,3224105
16,0,3153252
19,1,3252907
20,0,3122241
19,0,3109623
16,0,3371775
14,0,3082154
19,0,2876834
18,0,3202783
18,1,3130567
15,0,3054281
22,0,3289843
18,0,3116010
14,0,3352236
16,0,3241978
18,0,3116374
15,0,3126903
19,0,3210426
16,0,3021620
21,0,3134665
24,0,3073408
5,0,3054912
20,0,3099063
15,0,3209747
15,0,3053802
16,0,3163477
18,0,2969566
26,0,3034632
9,0,3172623
20,0,3175636
18,0,3059304
14,0,3395692
20,0,3105381
17,0,3202520
11,0,3025177
13,0,3264710
10,0,2977573
10,0,3241478
21,0,3332462
12,0,3050230
16,0,3379042
13,0,3177355
15,0,3292387
6,0,2910753
24,0,2848153
15,0,3198496
13,0,3287122
17,0,3319163
14,0,3096670
13,0,2947519
16,0,3013857
9,0,3128736
17,0,3120475
13,0,3150181
12,0,3224515
11,0,3359783
18,0,3364902
12,0,3295103
22,0,3206370
16,0,3284166
13,0,3225952
11,0,3324502
7,0,3148737
21,0,3102759
15,0,3259160
10,0,3141506
24,0,3115469
19,0,3231818
12,0,3141163
24,0,3316895
20,0,2979493
16,0,3057432
16,0,3101330
19,0,3175665
19,0,3159039
10,0,3303187
12,0,3168329
6,0,3274442
8,0,3083890
5,0,3068620
19,0,3157064
15,0,3147242
19,0,3146905
19,0,2998332
17,0,3428507
18,0,3141609
17,0,3181023
17,0,3062345
17,0,3177823
9,0,2918717
17,0,3118466
12,0,3273721
14,0,3048874
14,0,3198097
14,0,3104889
17,0,3099871
20,0,3124337
17,0,3198456
16,0,3165198
13,0,3433600
16,0,3277017
12,0,3149456
18,0,3212640
8,0,3144153
16,0,3324051
19,0,3258072
20,0,3049450
20,0,3058273
7,0,3245841
18,0,3162863
15,0,3378010
16,0,3221595
16,0,3384760
17,0,2951574
18,0,3245897
19,0,3144252
14,0,3143913
14,0,3149040
16,0,3244182
18,0,3212691
10,0,2932497
16,0,3197226
21,0,3117387
11,0,3223167
22,0,3330535
12,0,3024916
9,0,3052847
15,0,3110446
23,0,3264842
18,0,3052145
12,0,3247318
19,0,3323661
25,0,3105133
20,0,3348527
16,0,3242854
15,0,3261073
16,0,3197162
26,0,3036939
10,0,3290358
16,0,3235985
15,0,3116462
13,0,3197191
14,0,3115729
18,0,3385507
17,0,3058175
9,0,3075821
20,0,3293555
19,0,3185692
19,0,3196714
20,0,3023741
18,0,3146447
15,0,3061248
17,0,3017760
17,0,3258210
14,0,3209016
7,0,3111726
15,0,3146150
9,0,3155187
22,0,2888101
19,0,3336814
16,0,3133620
16,0,3302973
16,0,3129593
16,0,3148711
15,0,3306598
13,0,3347939
19,0,2966981
14,0,2971648
12,0,3171528
13,0,3300946
19,0,3186790
15,0,3258898
18,0,3095900
15,0,3420545
21,0,3387013
16,0,3132595
21,0,3015539
17,0,2987360
10,0,3372870
18,0,3122328
21,0,3137553
16,0,3218300
12,0,3310830
18,0,3313781
18,0,3385159
9,0,2931237
22,0,3045912
17,0,3131160
19,0,3227536
13,0,3172851
16,0,2986161
14,0,3159497
11,0,3277400
12,0,3042461
19,0,3379260
14,0,2987329
15,0,3068407
9,0,3214832
14,0,2996600
19,0,3154518
23,0,3082160
14,0,3237208
17,0,3059773
17,0,3145061
19,0,3026877
15,0,3166863
15,0,3307399
15,0,3084296
10,0,3161459
19,1,3267332
9,0,3042295
16,0,3189461
25,0,3201586
17,0,3146404
11,0,3220262
12,0,3188272
19,0,3156272
17,0,3042177
14,0,3164400
20,0,3072320
11,0,2991801
12,0,3282301
11,0,3241097
16,0,3273865
13,0,2971888
14,0,3017380
18,0,3019129
15,0,3344433
16,0,2950498
19,0,3235198
13,0,2925833
21,0,3319118
17,0,2864437
11,0,3325723
9,0,3195051
11,0,3284172
16,0,3272501
15,0,3393752
13,0,3176226
15,0,3095443
19,0,3041999
17,0,3181012
22,0,3325391
19,0,3208163
20,0,3137134
10,0,3068517
14,0,3061337
15,0,3319666
15,0,3182585
15,0,3000858
12,0,3009610
14,0,3048169
23,0,3044261
19,0,3112029
17,0,3197045
21,0,3255904
24,0,2952437
13,0,3251649
14,0,3136930
14,0,3169157
12,0,3210662
14,0,3019033
26,0,3325437
19,0,3030806
19,0,3005974
7,0,3196127
14,0,3224117
21,0,3052781
25,0,3218631
25,0,3092122
14,0,3043939
20,0,3182687
10,0,2928958
12,0,3100939
12,0,3085670
11,0,3111350
15,0,3303845
17,0,3404423
21,0,3406602
15,0,3109958
20,0,3145708
20,0,3146231
10,0,3262734
18,0,3145389
13,0,2898773
16,0,2935787
15,0,3106740
11,0,3132101
15,0,3160444
13,0,3204344
14,0,3226394
9,0,3133542
17,0,3117629
12,0,3179500
14,0,3194255
12,0,3034296
18,0,3197085
8,0,3124460
13,0,3420088
11,0,2997678
19,0,3007238
17,0,3258520
22,0,3406368
14,0,3211148
27,0,3302458
10,0,3062977
18,0,2932906
8,0,3171084
13,0,3131215
14,0,2930890
21,0,3147831
14,0,3199655
14,0,3055594
13,0,3378341
18,0,3145165
21,0,3118481
17,0,3235515
12,0,3204947
14,0,3024875
15,0,3144456
15,0,3291929
9,0,2963506
23,0,3238424
15,0,3389214
15,0,2861589
25,0,3206166
18,0,3073693
26,0,3086693
14,0,3190285
24,0,3424309
21,0,3269406
17,0,3196655
13,0,3154010
16,0,3121137
18,0,3053391
18,0,3292575
18,0,3041910
20,0,3314259
25,0,3152419
16,0,3151586
17,0,2993943
19,0,3236711
10,0,3032785
22,0,3307899
21,0,2859817
5,0,3280155
22,0,3116650
27,0,3097289
16,0,3332284
15,0,3214654
13,0,2951443
18,0,3209043
15,0,3285361
24,0,2995591
13,0,3165361
21,0,3297175
15,0,2986022
16,0,3145861
18,0,3099595
7,0,3026984
20,0,2808984
12,0,3171011
10,0,3080361
16,0,3228038
15,0,3174466
18,0,3089563
27,0,3255063
11,0,3017529
15,0,3053056
15,0,3062809
16,0,3134768
15,0,3059138
15,0,2938521
11,0,3263140
12,0,3047123
16,0,3070685
13,0,3203522
20,0,3196934
15,0,3006526
14,0,3101091
13,0,3079555
20,0,3304773
12,0,3202930
10,0,3161337
13,0,3255544
16,0,3105334
24,0,3264830
21,0,2978221
6,0,3200269
14,0,3006075
18,0,3048837
14,0,3083568
16,0,3317805
10,0,3440377
9,0,3071822
20,0,3031305
16,0,3064985
22,0,3161106
8,0,3466093
9,0,3353194
20,0,3288763
19,0,3155932
16,0,3292083
19,0,3152701
16,0,3267651
21,0,3067839
15,0,3129715
12,0,3177038
15,0,3039158
12,0,3113862
17,0,3248756
23,0,3247291
18,0,3070602
16,0,3228634
19,0,3033849
12,0,3245232
18,0,2881909
16,0,3315310
15,0,3311962
17,0,3109121
16,0,3242511
17,0,2974592
17,0,3120603
18,0,3301924
13,0,3213971
16,0,3371350
13,0,3221725
13,0,3165397
11,0,3376937
14,0,3437286
12,0,2974543
16,0,3037346
19,0,3227193
23,0,3121365
12,0,3007709
20,0,3073847
24,0,3310105
16,0,3292552
13,0,3308698
16,0,3227079
16,0,3087021
18,0,3180346
15,0,3062965
12,0,2983256
21,0,3023014
15,0,3261897
24,0,3092968
19,0,3174437
13,0,3268470
5,0,3136976
15,0,3420010
25,0,3230754
13,0,3172701
11,0,3175137
14,0,2993882
13,0,3008822
17,0,3187953
26,0,2981801
13,0,3254992
20,0,3253451
16,0,3195157
18,0,3209652
18,0,3313451
19,0,3092120
15,0,3000352
27,0,3224158
14,0,3151538
10,0,3114223
19,0,3075349
12,0,3348212
16,0,3209723
8,0,3333123
10,0,3238268
7,0,3382875
17,0,2969977
16,0,2993395
16,0,3141272
17,0,3246890
15,0,3098325
17,0,3069408
14,0,3241021
13,0,3057494
7,0,3188089
12,0,3239330
17,0,3253974
22,0,3134910
16,0,3385214
14,0,3240943
17,0,3088340
18,0,3130101
8,0,3134462
23,0,3346784
16,0,3267476
22,0,3327335
15,0,2989767
19,0,3198094
15,0,3109168
17,0,3067539
19,0,3075030
18,0,2993804
17,0,3209603
12,0,3082899
21,0,3193309
28,0,3171727
16,0,3246149
19,0,3098925
21,0,3391002
19,0,3093626
17,0,3269547
7,0,2887048
24,0,3176697
8,0,3079482
22,0,3020013
11,0,3237726
12,0,3195862
13,0,3317799
9,0,3011174
19,0,2924023
23,0,3031644
17,0,3095919
12,0,3310665
16,0,3134894
15,0,3083058
13,0,3211720
12,0,3291799
18,0,3307056
13,0,3067177
10,0,3314085
18,0,2966053
18,0,3231729
17,0,3172079
11,0,3212787
9,0,3166791
21,0,3026374
19,0,3078912
11,0,3147375
23,0,2927684
19,0,3214647
15,0,3058495
14,0,3290822
13,0,3169110
20,0,3287372
12,0,3445827
18,0,3079850
12,0,3151870
15,0,3208128
22,0,3118246
19,0,3046458
17,0,3194062
21,0,3034928
13,0,3223871
13,0,3437418
9,0,3196316
12,0,2937646
17,0,3545961
11,0,3355427
14,0,3230328
18,0,3357360
16,0,3209756
14,0,3018106
18,0,3147840
23,0,3130015
12,0,3315094
17,0,3061764
19,0,3108351
19,0,3426523
13,0,2922803
12,0,3118321
10,0,3291782
16,0,3187225
23,0,3078356
17,0,3152948
11,0,3227548
20,0,3143937
15,0,3245018
20,0,3078286
16,0,3210627
19,0,3307288
12,0,3463062
6,0,2889584
16,0,3130432
20,0,3381068
27,0,3466782
15,0,3053233
13,0,2991795
15,0,3228116
10,0,3165081
21,0,3265786
15,0,3225374
16,0,3018922
20,0,3285736
12,0,3056997
21,0,3092428
20,0,3097063
13,0,3083456
22,0,3093343
16,0,3122702
19,0,2954489
17,0,3128432
22,0,3255885
20,0,3323359
16,0,3096116
13,0,3227980
14,0,3208160
16,0,3263089
17,0,2864675
13,0,2904678
19,0,3098537
20,0,3084478
13,0,2968933
16,0,3020435
17,0,3289826
15,0,3340363
11,0,3142438
16,0,2982102
14,0,2957527
14,0,3250747
13,0,3287410
13,0,3089730
18,0,3093277
20,0,3193034
12,0,3179592
16,0,3158831
15,0,3193768
20,0,3085979
20,0,3282319
13,0,3080501
15,0,3247796
9,0,3060284
18,0,3094153
11,0,3225543
21,0,3216297
11,0,3047014
12,0,3264407
13,0,3123923
12,0,3263781
13,0,3290893
15,0,3131002
10,0,3221478
14,0,3423629
18,0,3174437
17,0,3023635
18,0,3341351
18,0,2956339
24,0,3264932
13,0,3169852
12,0,2947163
10,0,3490528
19,0,3187832
20,0,3046855
16,0,3147176
21,0,3228554
16,0,3390596
13,0,3282609
14,0,3195260
16,0,2926859
17,0,2988600
15,0,3096172
16,0,3153345
22,0,3170645
17,0,3114207
15,0,3187688
14,0,3093748
11,0,3107905
13,0,3118116
20,0,3133946
13,0,3138573
20,0,3428929
13,0,3036356
18,0,3133935
15,0,2899699
14,0,2893533
17,0,3045789
8,0,3077191
16,0,3147184
18,0,3186791
18,0,3118819
19,0,3158996
15,0,2904684
11,0,3343541
12,0,3225251
15,0,3159633
15,0,2952570
13,0,3092924
21,0,3123637
26,0,2988860
17,0,3129493
18,0,3180714
11,0,3133610
14,0,3383615
10,0,3223520
14,0,2968144
15,0,3072869
14,0,3273708
17,0,2946692
13,0,3403575
13,0,3014328
16,0,3183482
17,0,3328651
17,0,2911903
18,0,3144680
12,0,3073056
17,0,3047196
23,0,3094334
23,0,3286658
16,0,3288924
20,0,3222406
13,0,3162337
15,0,3318408
12,0,3080667
17,0,3165842
20,0,3189145
20,0,3300109
18,0,3233799
17,0,3120734
11,0,3186950
14,0,3088751
21,0,3167493
17,0,3317621
18,0,3203837
25,0,3058494
21,0,3482507
10,0,3082426
16,0,3384803
15,0,2948246
14,0,2883054
18,0,2971643
18,0,3270056
18,0,3252356
18,0,3354195
10,0,3138792
20,0,2945059
15,0,3185148
19,0,2945393
21,0,3136052
14,0,3276867
13,0,2917254
11,0,3048982
20,0,3265038
17,0,3126292
16,0,3185734
14,0,3167524
12,0,3306064
13,0,3009007
12,0,3102826
14,0,3201515
15,0,3298520
17,0,3133420
21,0,3116949
18,0,3355083
15,0,3155483
14,0,3257911
12,0,2979042
13,0,3166494
18,0,3337237
14,0,3435234
18,0,3341498
19,0,3415216
19,0,3432944
15,0,2972998
16,0,2873539
14,0,3121805
18,0,3267144
11,0,3176026
20,0,3300658
18,0,2987505
23,0,3237662
19,0,3350460
13,0,2967281
17,0,3255934
12,0,3067566
16,0,3393092
16,0,3152704
20,0,3288900
16,0,3242692
12,0,3216577
16,0,3030757
20,0,3225039
20,0,3028030
19,0,3136221
9,0,3193373
22,0,3207955
11,0,3043300
22,0,3083244
17,0,2876624
22,0,3255145
20,0,3207713
10,0,3183952
24,0,3294339
11,0,2973686
14,0,3106662
17,0,3078405
14,0,3095220
14,0,3004209
17,0,3111407
19,0,3323976
17,0,3079010
13,0,3160387
13,0,3007643
15,0,3212044
11,0,2942541
17,0,3186846
17,0,2999512
21,0,3233060
11,0,3032678
10,0,3182783
11,0,3215267
17,0,3086044
24,0,3156047
18,0,3148171
17,0,3332350
13,0,3017043
23,0,3104906
15,0,3107921
14,0,3185979
17,0,3207390
17,0,3249080
17,0,3287899
17,0,2999079
12,0,3191248
23,0,3183824
17,0,3202841
13,0,3306219
22,0,3302214
15,0,2994162
17,0,3173461
11,0,3154505
17,0,2913199
19,0,3217393
11,0,2943352
13,0,3208332
13,0,3268974
14,0,2915467
19,0,3238465
17,0,3046600
11,0,3076931
17,0,3010128
9,0,3342212
15,0,3391205
23,0,3214108
14,0,3085032
11,0,3406410
16,0,3324198
12,0,2970620
23,0,3185087
16,0,3286295
15,0,3000874
22,0,3256944
12,0,3166360
12,0,2996714
10,0,3138836
21,0,3131707
8,0,3368691
16,0,3202541
16,0,2942473
9,0,3258012
11,0,3198463
17,0,2997325
21,0,3027712
17,0,3025768
14,1,3136226
22,0,2982796
14,0,3174599
22,0,3064488
17,0,3229396
19,0,3022480
20,0,2926208
31,0,3347525
18,0,3291557
15,0,3400236
15,0,3010538
20,0,3129468
21,0,2811790
8,0,3301355
13,0,2940777
25,0,3231680
15,0,3619451
17,0,3409419
18,0,3187157
9,0,3254829
17,0,3193859
16,0,2825461
18,0,2920016
13,0,3165265
7,0,3063171
9,0,3135244
18,0,3215691
15,0,3288426
15,0,3242001
14,0,3204419
14,0,3125805
17,0,2916183
14,0,2948230
21,0,3180305
12,0,3122200
20,0,3253930
17,0,3308908
12,0,3361634
19,0,3270522
15,0,2980685
13,0,3485422
16,0,3234230
23,0,3145794
16,0,3330128
22,0,3002245
15,0,3087227
14,0,3129086
17,0,3291868
18,0,3148788
12,0,3269532
19,0,3066252
17,0,3050259
17,0,3137852
20,0,3198778
14,0,3148269
12,0,3081778
13,0,3208809
25,0,3356732
15,0,3011841
18,0,3361504
20,0,3289173
15,0,3008956
13,0,3094165
12,0,3190647
16,0,3089260
15,0,3158427
13,0,3341058
15,0,3178982
11,0,3043402
10,0,3379080
14,0,3164575
20,0,2960686
18,0,3367374
23,0,3073563
12,0,3441652
12,0,3059283
22,0,3028003
19,0,3334090
10,0,3034626
8,0,2961901
22,0,3199162
9,0,3313819
20,0,3071289
18,0,3179363
12,0,3405200
16,0,3124349
17,0,3322159
12,0,3171563
22,0,3013713
10,0,2994688
23,0,3338230
13,0,3192457
23,0,3059772
24,0,3172228
15,0,3139934
21,0,3211536
26,0,3263212
16,0,2966243
13,0,3086182
19,0,3170248
20,0,3222891
17,0,3620223
16,0,3144199
17,0,2992294
18,0,3163715
24,0,3251876
21,0,2864713
14,0,3123142
16,0,3134112
19,0,3067121
10,0,3129797
15,0,3222249
16,0,2958686
17,0,3035930
13,0,3190127
24,0,3091292
18,0,3322270
14,0,3304795
22,0,3182031
14,0,3383593
10,0,3046569
13,0,3436401
15,0,2951362
20,0,3278264
11,0,3095604
17,0,2879134
19,0,3113551
15,0,3140938
17,0,3052186
13,0,3071844
13,0,3120042
26,0,3158001
22,0,3390576
18,0,3023050
22,0,3119297
24,0,3112320
10,0,2982162
16,0,3244451
13,0,3412757
12,0,2871515
19,0,3161285
11,0,3299199
13,0,3133873
14,0,3260396
25,0,3094672
15,0,3180554
19,0,3034920
19,0,3185522
14,0,3043972
15,0,2983588
18,0,3067232
14,0,3165295
9,0,3285257
12,0,3300198
17,0,3350354
11,0,3409533
12,0,3062973
20,0,3366841
13,0,3066982
7,0,3188352
17,0,3122248
16,0,3246377
14,0,3076377
17,0,3039039
19,0,3231093
13,0,3139436
9,0,3139476
8,0,3102152
17,0,2775892
15,0,3265685
11,0,3408428
15,0,3068270
11,0,3251522
26,0,3058539
15,0,3003601
13,0,3274812
15,0,3030333
21,0,3052377
27,0,3138687
18,0,3414696
16,0,3209786
12,0,3219632
20,0,3213912
12,0,2934013
16,0,3109111
13,0,3087127
18,0,3164562
11,0,2988386
21,0,3268229
16,0,3313123
13,0,2971936
16,0,3248174
17,0,3174710
13,0,3199051
11,0,3281500
17,0,3126100
14,0,3080189
19,0,3201342
18,0,3106930
10,0,3044484
17,0,3047260
13,0,3311818
15,0,3164223
9,0,3252456
18,0,3146631
12,0,3301017
19,0,3108372
18,0,2944575
14,0,3165957
14,0,3256418
22,0,3108519
18,0,3255845
12,0,3036722
20,0,2987733
17,0,3300326
17,0,3310484
18,0,3053389
22,0,3360929
13,0,3041035
14,0,3092473
19,0,3191349
15,0,3141696
15,0,3636066
16,0,3280795
16,0,3051871
16,0,3019701
19,0,3196001
23,0,3068328
12,0,3288642
14,0,3045945
17,0,3129407
14,0,3046431
5,0,3090421
18,0,3134448
12,0,2863243
22,0,3270509
19,0,3018974
10,0,3009085
17,0,3215634
12,0,3029805
16,0,3096415
15,0,2954097
13,0,3038180
19,0,3006686
21,0,3160058
16,0,3200115
27,0,3042816
12,0,3447141
10,0,3279839
21,0,3086861
16,0,3076573
15,0,3077907
18,0,2989277
21,0,3371001
15,0,3193884
22,0,3252365
12,0,3154391
18,0,3307337
17,0,3114787
13,0,3072687
12,0,3086800
13,0,3140648
12,0,3216543
14,0,3134575
15,0,3008706
15,0,3298798
18,0,3037026
21,0,3114166
17,0,3450055
16,0,3176510
15,0,3113371
18,0,2957360
27,0,3116301
23,0,3014648
16,0,3020405
17,0,3217709
18,0,2957173
24,0,3099135
16,0,3416634
14,0,3091379
17,0,2991043
21,0,3150162
16,0,3220763
23,0,3280921
18,0,2873951
17,0,3159548
19,0,3062394
13,0,3273588
15,0,3305489
19,0,3042477
18,0,3377126
9,0,3036514
13,0,3351927
14,0,3260787
18,0,3429423
14,0,2915157
11,0,3124516
17,0,3188935
16,0,3214211
20,0,3151472
12,0,2914526
11,0,3180156
23,0,2998001
23,0,3226004
14,0,3151497
20,0,3157957
16,0,3053172
19,0,3206242
11,0,3083526
16,0,3073118
18,0,3216905
12,0,3069665
21,0,2983536
20,0,3289415
22,0,3390441
19,0,2951154
11,0,3305250
11,0,3151498
14,0,3439077
14,0,2980417
15,0,3219780
16,0,3232181
17,0,3237781
13,0,3272455
20,0,3323620
14,0,2986321
20,0,3034471
14,0,3183189
17,0,2900698
24,0,3257462
14,0,3020869
16,0,3128086
15,0,3154485
14,0,3216309
20,0,3256833
15,0,2932064
8,0,3212340
15,0,3132508
16,0,3038708
24,0,3135907
11,0,3161771
18,0,3142594
14,0,3312499
11,0,3078115
10,0,3054776
16,0,3371898
17,0,3125335
15,0,3079106
16,0,3127634
13,0,3290496
18,0,3193958
13,0,3019877
10,0,3074501
18,0,3238343
24,0,3293545
14,0,2879784
13,0,2934083
9,0,3208230
16,0,3193890
13,0,3307288
14,0,3060068
10,0,3215101
16,0,3295683
11,0,3100996
13,0,2898554
11,0,3116776
17,0,3055667
21,0,3093092
17,0,3182779
9,0,3366732
8,0,3151970
12,0,3237467
15,0,3129727
15,0,3065060
13,1,3209442
14,0,2967379
12,0,3441295
27,0,3260997
13,0,3055820
22,0,2927266
10,0,3528145
15,0,3050982
16,0,3166999
17,0,2946164
15,0,3069747
12,0,2916675
14,0,3137211
25,0,3142065
14,0,3006983
15,0,3157211
18,0,3268289
16,0,3366837
19,0,3365359
15,0,3027515
18,0,3194635
13,0,3111309
22,0,3208797
11,0,3162476
14,0,3006192
9,0,2885656
13,0,3161154
19,0,3362910
19,0,3050596
16,0,2897136
19,0,3040059
16,0,3236580
14,0,3053853
13,0,3100273
20,0,3126262
16,0,3344566
13,0,3089142
18,0,3314663
20,0,3114367
20,0,3023053
15,0,3244289
22,0,3027113
14,0,3219698
17,0,3145834
13,0,3235232
21,0,3362463
13,0,3332979
10,0,3322354
22,0,3109409
13,0,3265308
22,0,2936021
19,0,3307040
19,0,3270075
19,0,3322091
16,0,3317384
16,0,3224697
17,0,3181394
14,0,3037250
21,0,3351186
16,0,3159725
27,0,3107219
18,0,3121854
14,0,3293350
18,0,3049620
16,0,3132564
12,0,3131086
12,0,3243459
12,0,3165854
25,0,3094269
15,0,3094470
11,0,3172820
17,0,3345482
14,0,2951052
14,0,2998895
13,0,3363487
15,0,2970577
17,0,2998540
13,0,3281075
11,0,3318523
13,0,3209532
20,0,3347283
16,0,3187471
13,0,3036598
14,0,3117729
14,0,3304341
12,0,3344509
17,0,3064194
15,0,2993916
12,0,2863553
18,0,3178589
13,0,3310600
17,0,3078772
17,0,3144750
11,0,3037281
19,0,2971431
15,0,3350403
22,0,3126675
11,0,3219551
20,0,3227959
22,0,3153848
19,0,3218495
17,0,3205223
15,0,3087021
19,0,2873271
16,0,3016105
15,0,3320893
14,0,3227106
23,0,3297923
19,0,3230657
19,0,3239201
16,0,3337219
14,0,3080896
14,0,3045741
13,0,3308210
16,0,3196499
21,0,3372854
20,0,3240923
12,0,3171980
15,0,3218082
17,0,3240209
17,0,3190473
16,0,3138855
21,0,2996020
14,0,3473751
17,0,3142152
16,0,3133317
9,0,3037036
15,0,3044550
15,0,3059129
10,0,3284163
11,0,3139419
18,0,3069692
17,0,3157725
22,0,3082065
11,0,3064649
14,0,3292010
14,0,3416096
11,0,3469173
12,0,3067893
12,0,3078363
12,0,3282159
17,0,3104799
14,0,3178924
15,0,3050336
14,0,3183630
14,0,2898746
14,0,3309146
15,0,3033443
24,0,3113409
15,0,3454836
16,0,3156655
19,0,3415808
10,0,3258700
15,0,3203901
19,0,2985523
21,0,3132286
19,0,3114130
18,0,3226382
16,0,3459478
14,0,3236739
17,0,3261821
17,0,3346928
19,0,3028317
17,0,3340170
15,0,3053317
14,0,3203437
13,0,3077869
18,0,3278951
18,0,3286855
17,0,3130770
14,0,2940211
13,0,3048950
18,0,3243980
17,0,3125693
23,0,3218485
17,0,3198606
16,0,3087377
12,0,3066679
21,0,3230435
20,0,3465400
17,0,2997359
12,0,3160406
21,0,3225388
13,0,3403279
13,0,3081984
9,0,3279778
18,0,3339154
11,0,3099167
16,0,3051401
18,0,3286174
17,0,3229787
12,0,2865079
14,0,2968030
19,0,3240280
11,0,3029610
16,0,2925815
21,0,3305163
17,0,3155095
20,0,3239764
14,0,3049433
13,0,3233009
18,0,2990536
15,0,3063444
16,0,2880840
11,0,3226423
7,0,3505650
11,0,3122617
16,0,3041722
13,0,3151891
12,0,3243781
15,0,3044190
16,0,3173217
21,0,3130272
17,0,3290927
14,0,3290675
17,0,3371934
20,0,3066592
11,0,3415420
18,0,3081104
17,0,3045740
18,0,3125909
17,0,3171280
16,0,3495944
10,0,3446539
17,0,3301503
17,0,3320404
13,0,3274781
15,0,3146027
19,0,3240456
11,0,3195440
16,0,2981114
15,0,3023366
18,0,3161033
16,0,3000277
14,0,3204459
12,0,3033699
13,0,3148862
15,0,3253420
19,0,3192461
27,0,3015986
19,0,2862138
17,0,3354787
13,0,3160279
14,0,3089073
12,0,3217704
26,0,3367777
26,0,3178634
14,0,3206869
26,0,3309432
16,0,2862494
16,0,3469518
13,0,3056824
19,0,3187312
17,0,2991462
18,0,3288050
22,0,2981915
11,0,3019541
13,0,3264985
16,0,3359231
18,0,3349930
13,0,3140561
12,0,3179723
17,1,2993795
20,0,3244986
17,0,3063837
18,0,3181409
12,0,3089383
15,0,3144278
13,0,3304677
14,0,3143451
13,0,3099746
15,1,3196221
13,0,2982168
16,0,3153665
9,0,3161923
13,0,3491853
24,0,3353324
5,0,3239047
23,0,3370823
19,0,3333912
17,0,3154073
17,0,3139091
12,0,3302451
15,0,3569301
17,0,3104230
17,0,3137226
16,0,3354667
17,0,3140800
14,0,3272900
21,0,3213110
7,0,3401720
15,0,3105172
13,0,3384756
12,0,3044740
8,0,3149565
24,0,2817208
15,0,3025796
18,0,3115061
21,0,3215964
14,0,3172262
23,0,3087652
24,0,2868092
16,0,3220471
13,0,2868037
12,0,3182743
12,0,3033008
4,0,3177245
18,0,3378675
16,0,3193456
16,0,3129826
19,0,3127520
16,0,3119269
13,0,3068596
19,0,3171167
17,0,2783854
17,0,3139818
8,0,3317387
12,0,3049008
21,0,3220508
17,0,2923131
19,0,3336698
15,0,3397660
22,0,3049080
15,0,3226149
12,0,3170313
16,0,2915620
12,0,3187413
14,0,2900318
18,0,3167386
17,0,3197918
14,0,3125083
15,0,3191908
14,0,2924421
13,0,3274401
16,0,3101509
11,0,3208086
16,0,2836376
10,0,3150607
13,0,3211537
18,0,3234729
12,0,3088768
16,0,3270581
17,0,3106376
14,0,3048371
24,0,3081785
17,0,3218236
17,0,3301639
11,0,3244067
10,0,3329173
28,0,3298049
18,0,3179936
18,0,3110800
18,0,2954845
13,0,3186095
18,0,3059924
22,0,3006805
19,0,3194943
17,0,3169631
14,0,3122759
16,0,2935398
15,0,3276650
14,0,3043633
19,0,3185222
18,0,3149629
20,0,3107686
14,0,3234658
15,0,3214923
15,0,3079955
16,0,3242521
17,0,3150384
15,0,3221460
19,0,3196964
19,0,3266793
7,0,3296918
12,0,3284936
14,0,3032560
12,0,3123378
14,0,3204608
24,0,3443916
17,0,3193412
19,0,3100398
23,0,2877301
18,0,3015419
16,0,3042697
19,0,3202807
17,0,3036190
13,0,3385943
19,0,3064738
19,0,3199703
21,0,3053827
20,0,3302574
18,0,3373290
20,0,3357395
16,0,3222583
15,0,3138658
16,0,3340265
11,0,2959281
23,0,2948492
19,0,2995281
14,0,3384495
11,0,2960734
19,0,3117020
20,0,3112531
20,0,3102200
15,0,3176305
18,0,3219807
14,0,3253189
22,0,3056180
12,0,3189248
11,0,3116764
17,0,3211521
5,0,2933717
12,0,3145935
18,0,3185889
17,0,3257770
15,0,3284646
19,0,3370645
16,0,3181386
10,0,3096544
22,0,2970487
24,0,3035050
15,0,3360301
14,0,3257968
13,0,3070330
13,0,2824411
18,0,3191039
16,0,3198822
19,0,3255788
12,0,3065308
10,0,3050336
20,0,3331219
10,0,2983808
13,0,3235911
16,0,3208674
18,0,2950979
19,0,3223534
16,0,3066243
27,0,3227460
20,0,3409343
19,0,3043044
18,0,3305392
28,0,3157882
10,0,3193128
18,0,3388046
16,0,3080887
14,0,3039987
9,0,3216513
13,0,3155153
13,0,3093144
15,0,3142220
20,0,3181975
14,0,3279764
12,0,3253567
9,0,3100077
19,0,3211172
21,0,3007844
18,0,3149245
27,0,3112587
17,0,3172716
13,0,3226407
13,0,3289921
21,0,3207734
25,0,3175616
17,0,3145568
13,0,3318982
20,0,2989884
15,0,3199677
16,0,3188230
15,0,3405698
23,0,2932030
17,0,3072380
15,0,3175266
14,0,3078768
11,0,3049187
17,0,3260620
20,0,3169681
15,0,3327627
11,0,3276275
27,0,2908630
16,0,2996888
18,0,3117115
9,0,3247026
16,0,3090555
14,0,3119942
15,0,3033944
19,0,3203603
13,0,2999183
14,0,3374983
22,0,2999905
18,0,3249492
16,0,3267158
21,0,3074828
16,0,3030704
21,0,2841695
21,0,3075855
19,0,3132043
11,0,3327200
12,0,3104307
20,0,3060468
21,0,3197965
18,0,2908342
19,0,3275462
13,0,2929914
10,0,3086641
17,0,3031395
18,0,3131452
16,0,3185305
18,0,3306287
12,0,3156860
18,0,3157271
15,0,3151123
10,0,3072063
19,0,3157259
6,0,3095040
9,0,3088999
16,0,2923427
24,0,3155760
13,0,2926328
16,0,3043057
14,0,3378359
15,0,3236582
18,0,3046362
7,0,3263952
22,0,3149976
19,0,3314805
17,0,3440753
11,0,3307874
13,0,3303769
19,0,3009583
11,0,3397682
18,0,3332157
16,0,3363931
17,0,3096764
16,0,3141360
12,0,3088221
12,0,3376785
17,0,3339594
15,0,2997861
16,0,3313077
22,0,3012799
17,0,2990069
11,0,3096222
11,0,2946080
16,0,3112979
19,0,3020159
16,0,3144054
12,0,3151939
14,0,3377614
16,0,3198716
13,0,3357120
20,0,2994022
9,0,2879191
14,0,3087607
19,0,3176775
16,0,3180769
20,0,3162589
9,0,3052267
17,0,3019902
19,0,3200095
19,0,3071301
19,0,3376600
13,0,3176547
17,0,3131672
17,0,3540145
17,0,2990400
19,0,3159057
12,0,3145420
11,0,3036350
15,0,3114096
25,0,3107567
21,0,3190798
14,0,3233723
17,0,3141520
10,0,3261314
20,0,3413984
16,0,3241751
14,0,3367846
16,0,3180063
11,0,3115665
14,0,3062616
16,0,3331451
22,0,3198079
15,0,3091623
15,0,3185052
23,0,3105546
13,0,3101295
18,0,3066763
10,0,3199177
10,0,3008959
18,0,3275374
18,0,3015792
18,0,3211647
22,0,2996800
17,0,3251373
13,0,3087986
16,0,3367027
14,0,3199676
16,0,3151317
10,0,3392370
20,0,3131122
23,0,3170029
14,0,3110405
22,0,3372223
14,0,3161610
20,0,3035442
14,0,3234107
16,0,3042082
13,0,3451765
19,0,3132201
16,0,3114784
15,0,3326532
16,0,2844760
28,0,3192362
14,0,3043807
25,0,3228115
15,0,3017475
6,0,3249934
16,0,3081528
20,0,3233200
21,0,2953747
16,0,2978814
12,0,3126441
15,0,2978403
10,0,3112668
24,0,3235832
19,0,3070349
17,0,3102039
15,0,3291649
14,0,3189675
14,0,3201977
10,0,3351631
17,0,2975210
13,0,3017951
15,0,3208892
18,0,3117758
11,0,3089348
10,0,2782080
19,0,3273824
15,0,3089092
18,0,3081876
12,0,3162804
15,0,3006981
20,0,3281270
17,0,2997401
15,0,3074402
12,0,2953481
28,0,2997092
10,0,3072044
16,0,3140156
10,0,3074121
16,0,3043999
13,0,3390970
11,0,3212020
14,0,2925482
19,0,3370603
16,0,3263400
19,0,3022894
16,0,3152466
18,0,3344257
9,0,3114133
19,0,3224261
20,0,3352972
10,0,3212526
13,0,2999575
20,0,3116800
8,0,3283074
16,0,3172617
13,0,3195818
22,0,3259356
15,0,3076112
11,0,3085708
21,0,3157814
13,0,3278057
21,0,3195142
17,0,3247109
17,0,3267279
7,0,2943049
15,0,3231383
20,0,3046747
15,0,3206969
12,0,3132634
26,0,3075240
20,0,2991957
10,0,3194330
16,0,3159614
18,0,3176989
11,0,3324541
26,0,3260546
16,0,3182613
12,0,3213657
17,0,3250815
13,0,3132263
11,0,3082596
12,0,3229927
14,0,3360764
14,0,3029682
11,0,2995116
13,0,2874211
17,0,3140257
13,0,3328049
18,0,3233530
14,0,3402935
19,0,3029930
14,0,3301142
18,0,2914932
19,0,3189085
10,0,3169571
13,0,3084979
16,0,2958445
15,0,3175946
13,0,3088884
9,0,3394967
10,0,3007649
17,0,3365746
13,0,3104251
23,0,3039863
19,0,3152140
16,0,3255390
12,0,3211623
15,0,3156340
15,0,3347668
12,0,3189279
16,0,3035352
8,0,3201673
15,0,3234312
14,0,3436597
25,0,2998856
17,0,3022997
24,0,3088544
14,0,3195013
10,0,3137262
15,0,3249863
17,0,3479707
19,0,3097929
16,0,3167672
18,0,3124408
13,0,3131496
18,0,3049729
17,0,2970765
15,0,3314227
18,0,2990654
23,0,3210288
13,0,3102024
17,0,3268183
14,0,3118562
17,0,3126211
15,0,3045544
22,0,3075627
19,0,3099578
17,0,3226152
11,0,3124602
11,0,3274697
10,0,3105149
21,0,3109122
17,0,3142749
15,0,3139948
16,0,3134967
23,0,2957721
22,0,3277716
13,0,3055311
15,0,3001310
18,0,2965323
16,0,3269238
14,0,3328231
14,0,3027180
11,0,3147006
12,0,3279943
22,0,3098169
21,0,3403687
24,0,3223285
15,0,2865270
13,0,3337727
18,0,2951246
18,0,3318550
19,0,3011654
16,0,3176979
12,0,3313220
16,0,3127082
16,0,2910810
17,0,3187685
19,0,3169435
17,0,2961063
16,0,3185890
20,0,3120526
14,0,3266950
16,0,3174962
19,0,3099349
13,0,3135700
12,0,2969518
25,0,3327647
21,0,3203385
9,0,3308029
11,0,3312769
13,0,3151117
16,0,3363449
10,0,3079132
18,0,3181762
25,0,2979618
19,0,3227506
14,0,3013274
7,0,3139430
12,0,3099577
25,0,3227835
13,0,3197785
15,0,3079513
23,0,3331364
11,0,3094305
20,0,3229274
17,0,3209725
20,0,2952887
17,0,3131796
25,0,3085763
12,0,3290904
12,0,3206552
16,0,3085869
14,0,3028699
19,0,3152995
9,0,3230779
23,0,3489930
9,0,3337882
17,0,2982928
13,0,3141231
17,0,2850118
15,0,3172174
11,0,3010915
15,0,3233489
15,0,3323903
19,0,3342784
19,0,3193552
10,0,3352162
16,0,3148510
15,0,3401776
13,0,3096982
16,0,3170453
14,0,3197879
19,0,3156310
12,0,2809340
11,0,3120823
11,0,3107965
15,0,3121106
14,0,3351921
22,0,3161205
14,0,3292720
15,0,3192442
11,0,3218348
14,0,3226374
12,0,3366879
16,0,3137018
12,0,3180098
17,0,3250293
13,0,3341615
13,0,2949555
14,0,3032960
12,0,3152555
12,0,3229463
23,0,3124855
15,0,3279836
18,0,3283031
17,0,3264816
17,0,3097146
23,0,3074420
19,0,3203815
7,0,3035629
12,0,3129730
16,0,3113790
17,0,2947621
12,0,3212279
16,0,3393098
20,0,3046749
17,0,3140409
18,0,2960483
10,0,3119258
9,0,3133989
14,0,3204649
11,0,2881083
16,0,3547485
20,0,3244924
16,0,3364321
13,0,3306631
16,0,3278451
15,0,3370484
13,0,3317987
10,0,3276381
18,0,3197220
9,0,3044507
16,0,3054813
15,0,3150428
14,0,3061148
9,0,3089186
9,0,3282586
18,0,3139180
16,0,3107378
22,0,3148360
14,0,3221789
17,0,3086177
23,0,3086838
15,0,2938123
20,0,3091369
14,0,3316043
19,0,3311259
16,0,3220491
17,0,3258216
12,1,3182438
11,0,3238936
18,0,3299319
22,0,3038291
15,0,3156693
14,0,2956089
23,0,3254087
13,0,3146457
22,0,3036745
18,0,3186446
15,0,2982780
15,0,2959387
19,0,3289648
16,0,3045050
19,0,3082568
15,0,3193596
15,0,2972065
10,0,3117715
16,0,3242507
12,0,3296940
15,0,3058950
17,0,2897027
12,0,3146218
25,0,3134970
16,0,3306295
12,0,3089787
18,0,3269857
14,0,3015501
23,0,3090455
17,0,3167686
19,0,3182789
13,0,3225954
15,0,2957676
18,0,3240472
22,0,3218267
24,0,3088000
15,0,3061879
18,0,3038080
18,0,3212395
20,0,3351165
20,0,3176020
19,0,3115856
11,0,3094410
19,0,3360745
15,0,3184497
12,0,3045335
17,0,3219790
17,0,3150241
17,0,3343244
20,0,3415931
21,0,3189957
21,0,2913023
13,0,3291760
11,0,3105455
19,0,3153897
15,0,3019599
16,0,3041403
18,0,3157743
18,0,3065780
15,0,3095391
14,0,3230275
19,0,3359181
16,0,2941353
20,0,3068303
17,0,3076249
17,0,3202607
19,0,3075471
9,0,3080621
19,0,3120001
13,0,3169714
15,0,3255601
15,0,3174862
15,0,3168057
13,0,3289174
21,0,3429714
14,0,3104154
19,0,3196554
24,0,2967912
17,0,3171250
13,0,3009941
16,0,3205117
10,0,3132146
19,0,3143880
17,0,3093418
14,0,3185770
15,0,3280171
16,0,3164382
15,0,3222182
16,0,3101036
17,0,3124510
20,0,3140552
19,0,3313577
23,0,3196446
15,0,3071156
15,0,2957950
14,0,3120966
15,0,3174048
14,0,3393081
11,0,3389735
25,0,3272405
23,0,3129248
13,0,3340482
9,0,3165884
16,0,3239480
20,0,3171567
12,0,3193183
20,0,2985527
16,0,3070925
20,0,3322738
13,0,3172377
27,0,3323729
13,0,3172118
20,0,3084944
17,0,2985802
16,0,3275913
13,0,3185150
26,0,3170236
18,0,3278367
13,0,3110943
17,0,3065085
18,0,3070800
18,0,3200974
17,0,2957233
22,0,3189624
15,0,3189336
16,0,3255889
19,0,3286281
13,0,3277869
11,0,3151899
22,0,3108072
12,0,3181129
15,0,3064904
16,0,3239635
17,0,3382129
18,0,3349650
13,0,2934779
21,0,2972906
20,0,3054465
14,0,3332796
23,0,3298845
14,0,3077265
17,0,3078346
15,0,3103265
13,0,3133953
14,0,3109902
22,0,3160198
13,0,3551352
22,0,3314842
14,0,3283379
13,0,3116674
12,0,3079008
10,0,3275770
22,0,3097605
23,0,3137335
16,0,3057394
17,0,3186922
18,0,3317632
14,0,3286381
14,0,3201896
19,0,3156104
14,0,3289411
20,0,3195777
21,0,2982854
19,0,3110573
9,0,3097172
11,0,3075748
13,0,3100854
9,0,3070498
26,0,3099974
13,0,3060172
18,0,3008423
5,0,3148748
14,0,2992372
11,0,3165018
14,0,3033348
19,0,3070995
14,0,3071273
19,0,3211537
19,0,3055877
16,0,3054200
9,0,3319390
20,0,3091623
18,0,3238172
13,0,2941063
18,0,3161085
19,0,3153361
16,0,2952535
16,0,3004690
15,0,3163791
14,0,3208474
16,0,3303437
15,0,3431026
18,0,2900889
17,0,3273332
16,0,3091227
24,0,2881333
15,0,3252450
30,0,3086521
13,0,3010151
22,0,2936317
11,0,3304117
13,0,3226093
16,0,3109994
7,0,2847358
21,0,3108828
18,0,3288507
12,0,3168448
13,0,3003874
9,0,3051549
12,0,3195209
13,0,2964283
14,0,3376019
23,0,3294791
25,0,2970070
11,0,3311898
17,0,3097749
10,0,3184771
21,0,3366477
19,0,3132533
19,0,3322905
16,0,3089944
16,0,3049882
13,0,3090572
9,0,3208000
20,0,3356933
19,0,3142596
12,0,3426216
22,0,3163863
16,0,3075459
10,0,3029406
10,0,2956750
22,0,3121112
18,0,3080508
11,0,3047870
12,0,3040891
10,0,3312489
18,0,3139508
19,0,3239750
14,0,2969582
12,0,3049331
14,0,3435470
11,0,3160454
13,0,3391117
19,0,3210081
15,0,2881031
8,0,3200775
13,0,3195196
14,0,3180571
16,0,2961287
24,0,3233624
14,0,3351907
15,0,3197280
15,0,2946215
15,0,3283286
15,0,3195599
18,0,3116510
17,0,3125933
27,0,3349398
12,0,3250848
12,0,3055294
16,0,3061627
14,0,3083317
12,0,3145141
13,0,3087844
12,0,3231067
13,0,2985371
11,0,3132402
22,0,2807384
15,0,3327051
12,0,2897921
15,0,3287136
13,0,3348194
18,0,3123586
12,0,3130494
10,0,3115518
18,0,3274318
16,0,3191948
13,0,3049074
17,0,3330515
15,0,3167983
16,0,3200058
12,0,3176545
18,0,3064536
25,0,3139135
18,0,3138314
16,0,3226917
8,0,2969888
18,0,2968232
18,0,3300241
22,0,3142987
19,0,3209442
17,0,3128937
12,0,3049370
12,0,3079835
15,0,3050647
16,0,3153346
20,0,3331096
16,0,3410856
14,0,3098138
12,0,3103878
11,0,3147791
15,0,3117742
19,0,3147493
12,0,3112407
19,0,3092503
17,0,3014161
20,0,3164826
12,0,3186466
25,0,3214029
15,0,3171866
12,0,2985681
23,0,3089093
18,0,3233204
13,0,3377782
19,0,3288226
21,0,3205297
23,0,3065453
15,0,3059882
20,0,3283138
29,0,3455720
15,0,3117235
14,0,3083025
17,0,3296484
16,0,3370900
24,0,3253939
12,0,3035911
7,0,3309682
18,0,3116394
13,0,3165303
14,0,3186622
13,0,3003999
14,0,3195548
11,0,3466498
21,0,3113267
12,0,2990154
13,0,3154876
17,0,3174141
14,0,3242293
17,0,3326729
18,0,3292674
22,0,3092315
15,0,3079278
19,0,3029291
26,0,3095516
9,0,3314969
26,0,3261307
13,0,3239426
14,0,3000445
20,0,3065546
18,0,3212915
10,0,3054603
14,0,3225067
13,0,3179773
15,0,3040968
12,0,3394259
19,0,3085047
15,0,3208393
15,0,3120582
15,0,3223195
17,0,3167056
16,0,3064201
12,0,3234272
15,0,3224127
9,0,3133387
17,0,3272774
22,0,3011023
18,0,3154766
13,0,3091604
19,0,3066239
17,0,3082962
9,0,3136480
20,0,3177257
14,0,3222595
16,0,3244969
23,0,3208278
15,0,3248355
14,0,3197366
19,0,3276412
17,0,3391801
19,0,3185489
18,0,3116682
15,0,3142571
23,0,3104543
18,0,3112170
9,0,3109253
18,0,3107394
20,0,3190792
20,0,2930312
20,0,3247449
21,0,3339281
15,0,3165938
18,0,3275557
18,0,3126262
11,0,3093484
13,0,3080445
24,0,3280150
16,0,3263187
23,0,3266482
20,0,3220971
12,0,3416825
9,0,3040186
12,0,3294181
21,0,3446149
13,0,3109846
14,0,3316538
22,0,3265579
17,0,3174891
9,0,2982132
12,0,3012490
13,0,3138738
16,0,3203313
18,0,3212985
11,0,3038927
11,0,3383385
16,0,3192845
18,0,2919569
14,0,3008655
22,0,3281017
15,0,3077316
18,0,2961528
19,0,3209875
12,0,3208752
10,0,3008466
13,0,3185642
15,0,3355923
13,0,3033690
12,0,3332031
15,0,3406744
23,0,3146512
20,0,3281278
23,0,3363497
10,0,3078510
18,0,3207256
11,0,3219392
22,0,3015050
27,0,3070104
15,0,2767383
18,0,3364441
9,0,3038768
15,0,3283776
15,0,3285368
7,0,3316595
22,0,3040233
12,0,3168148
11,0,3240904
9,0,3089138
11,0,3085538
16,0,3281913
18,0,3284150
15,0,3198849
10,0,3016883
15,0,3157379
16,0,3203559
16,0,3090247
16,0,3161974
17,0,3054997
17,0,3456652
11,0,3263531
20,0,3298582
14,0,3000738
19,0,3165445
14,0,3282309
12,0,3158823
17,0,3260241
18,0,3025401
19,0,3351943
22,0,3125861
11,0,2958426
13,0,3126148
16,0,3205791
19,0,3263784
20,0,3006599
16,0,3419479
9,0,3161836
19,0,3150777
20,0,2986072
23,0,3052215
16,0,3330218
9,0,3181211
17,0,3248539
18,0,3023066
18,0,3017679
18,0,3338728
11,0,3119548
17,0,3139731
18,0,3003624
18,0,3188187
19,0,3051497
14,0,3306212
7,0,3455407
20,0,3228236
12,0,3273887
16,0,3135391
13,0,3194416
22,0,3011855
16,0,3151570
16,0,3220168
17,0,3034384
19,0,3045962
17,1,3262974
19,0,3189025
12,0,2900027
24,0,3212258
21,0,3172825
21,0,3106091
19,0,3082940
15,0,3228910
10,0,3093697
18,0,3160819
12,0,3206198
18,0,3028199
16,0,3019096
14,0,3077222
26,0,2984492
17,0,3171643
11,0,3232711
18,0,3108596
22,0,3123264
16,0,3310164
14,0,3279143
11,0,3224576
12,0,3187778
11,0,3331286
17,0,3057249
12,0,3030071
16,0,3034801
18,0,3309819
20,0,3383274
15,0,3314488
23,0,3288629
11,0,3126117
13,0,3070746
11,0,3339055
18,0,3202961
20,0,2977211
15,0,3190342
14,0,3418365
17,0,3028006
13,0,3153249
11,0,3207199
15,0,3135012
16,0,3211070
10,0,3060552
14,0,3054500
18,0,3163528
16,0,2991780
18,0,3139561
20,0,3248528
7,0,3148839
9,0,3140035
11,0,3292924
14,0,3216452
15,0,3203806
14,0,3025626
12,0,3219341
12,0,3280308
12,0,3313216
14,0,3370734
13,0,3112766
19,0,3214742
2,0,2830250
12,0,3486252
13,0,3197831
20,0,3146671
17,0,3260356
14,0,3221621
20,0,2883645
21,0,3260491
19,0,3349916
22,0,2915006
20,0,3202408
5,0,3127349
16,0,3448314
16,0,3233922
19,0,3246275
14,0,3163538
17,0,3080789
15,0,3146618
13,0,3212502
15,0,3040256
23,0,3275637
17,0,3048664
21,0,3098098
15,0,3160215
18,0,3034592
14,0,3243939
18,0,3249021
18,0,3158937
17,0,3088317
15,0,3254298
11,0,3084971
18,0,3090082
12,0,3203829
20,0,3307111
14,0,3232415
14,0,3066190
14,0,3111399
12,0,3143316
16,0,3093286
18,0,3361175
13,0,3009131
11,0,3000813
22,0,3034594
24,0,2980576
13,0,3125835
23,0,3024183
14,0,3192290
12,0,3268668
21,0,3284513
11,0,2974027
15,0,3207219
15,0,3100969
19,0,3388782
15,0,3170367
14,0,3374062
17,0,3162233
15,0,3251271
18,0,3130816
18,0,3140768
6,0,3187846
9,0,3028941
21,0,3332834
19,0,3038666
17,0,3438011
17,0,3127670
20,0,3152285
26,0,3094897
14,0,3168283
25,0,3265445
9,0,3151034
15,0,3300669
7,0,3004895
8,0,3257143
14,0,3105041
16,0,3004790
9,0,3292315
17,0,3155475
12,0,3284067
20,0,3123570
12,0,2984961
15,0,3053387
13,0,3337560
18,0,3218486
16,0,3275590
18,0,3144432
18,0,3063034
19,0,3161483
15,0,3095332
16,0,3193513
17,0,2981135
13,0,3042680
10,0,3378608
12,0,3093280
17,0,3132496
20,0,2800906
20,0,3084870
22,0,3052624
15,0,3253841
16,0,3171009
14,0,3411827
12,0,3271601
17,0,3453773
16,0,3100250
15,0,3310114
15,0,3184234
13,0,3270588
16,0,3125651
11,0,3053889
26,0,2877145
19,0,3140758
14,0,3088102
12,0,3219826
12,0,3112965
20,0,3265297
18,0,3023257
15,0,3396026
16,0,3182502
15,0,3357750
25,0,3018829
14,0,3207366
17,0,3064461
18,0,3364046
20,0,2867008
16,0,3075779
11,0,3143918
15,0,3243589
19,0,3143657
21,0,2888402
18,0,3345383
11,0,3062007
12,0,3123070
8,0,3234719
18,0,3170971
22,1,3238906
13,0,3279832
17,0,2894592
13,0,3119147
11,0,3128892
15,0,3296343
16,0,3283401
15,0,3184566
9,0,3157529
12,0,3175564
15,0,3280151
14,0,3249896
24,0,2852099
23,0,3284081
18,0,3141523
26,0,2922264
19,0,2927816
11,0,3181433
15,0,2986287
19,0,3172443
14,0,3056118
18,0,3255614
16,0,3125680
16,0,3073619
14,0,3123084
24,0,3061625
23,0,3195090
16,0,2981262
16,0,3303262
17,0,3234088
16,0,3130528
10,0,3295453
20,0,3389801
17,0,3190161
13,0,3184290
14,0,3189627
16,0,3054063
12,0,3455865
15,0,3207671
11,0,3064977
15,0,3206071
17,0,3027426
16,0,3255238
19,0,3208148
12,0,3051099
10,0,3148402
17,0,3126269
14,0,3319731
18,0,3080424
8,0,3092193
25,0,3179088
23,0,2987621
13,0,2980794
27,0,3030534
18,0,3113927
21,0,3087597
19,0,3139313
17,0,3107794
11,0,2906982
10,0,3003107
15,0,3158021
15,0,3284644
13,0,3181344
13,0,2952637
19,0,3142103
21,0,3126005
