17,16,219303
10,10,192619
9,9,182931
13,13,180953
17,16,197481
10,8,193824
17,16,221530
15,14,189449
18,17,227149
11,11,185745
15,15,192857
7,7,208766
9,9,192535
8,7,197794
12,12,201789
11,9,194662
15,12,167746
17,15,210667
16,13,224028
14,13,180298
14,12,168109
14,12,186406
16,15,210590
16,15,190129
18,16,187701
16,12,184414
16,16,211777
11,8,212660
15,13,206756
13,12,214387
11,10,206424
14,13,216396
10,10,208598
11,9,198544
12,11,179794
13,13,174543
12,10,193885
10,10,214420
9,9,191943
14,13,182665
10,9,202543
12,11,178874
8,7,169487
12,12,208411
12,12,202523
8,7,184575
16,16,189064
12,10,186301
14,11,201334
13,12,183130
11,11,208240
12,12,195517
15,13,192836
16,16,171040
9,8,186367
13,13,218198
9,7,177522
22,20,200333
15,12,235380
9,8,173206
8,7,174481
18,16,190986
22,22,189001
9,9,204501
11,9,169973
11,10,213362
20,17,213316
12,12,194440
20,16,210561
18,17,186827
9,8,184849
14,11,181395
9,9,168069
13,10,184238
11,10,202045
11,10,179651
16,15,162072
7,7,204816
9,8,180118
11,11,178268
16,16,193475
11,11,200413
20,19,196989
10,9,192575
14,14,242477
14,13,208132
15,14,182562
14,13,213973
19,18,188532
10,10,212061
11,9,213607
15,13,199382
13,12,217877
11,10,166325
15,14,237497
14,13,199138
14,12,165815
9,9,215133
12,11,191310
18,15,198395
10,9,190077
11,9,177801
9,9,182590
15,13,194734
14,13,177857
7,5,181901
11,9,219297
11,10,195042
15,12,201248
19,17,184686
12,12,192050
13,11,207804
14,13,199601
12,10,211583
15,15,202682
15,15,205655
11,10,171514
11,10,185373
14,14,193910
10,10,191802
16,15,221261
11,10,181718
14,11,172546
16,15,199738
12,12,170187
17,17,199498
10,10,187528
18,16,181204
8,6,197375
11,11,181796
20,19,212575
16,15,208748
18,17,217118
14,13,192088
19,18,193872
11,10,194247
17,15,238088
17,15,170489
16,15,215820
16,14,208805
13,11,202161
12,12,216941
19,17,220668
16,15,180079
12,11,190875
15,13,222076
15,13,206398
12,10,221530
18,16,198647
8,7,175252
10,9,182681
12,10,196094
16,14,217216
14,13,185345
12,12,225853
15,15,199636
17,17,222402
11,9,192280
14,14,216141
10,10,209575
8,7,214112
11,9,198461
14,13,192667
10,9,172770
16,14,189901
16,16,200389
9,9,222278
10,10,191969
14,14,219105
14,14,220308
12,10,190911
21,19,180684
19,19,204249
17,16,196765
19,14,205955
7,6,201016
24,22,199294
10,10,175175
11,10,213494
12,12,169266
16,14,197469
8,7,183697
11,10,201707
10,10,211028
19,16,216625
17,17,196781
16,14,209685
13,10,215400
11,10,190194
10,8,175199
16,15,195612
12,12,194250
17,14,194945
9,7,200941
6,6,175430
16,16,208075
15,13,201196
12,11,193747
9,9,210884
10,10,206907
21,19,185906
12,12,191398
19,18,198254
9,9,197480
11,10,209689
14,12,180584
12,12,173503
15,14,183496
11,10,189392
12,12,213022
16,15,223552
7,6,171105
18,18,205128
16,16,227874
17,14,166127
15,14,183580
17,15,209705
17,16,210420
10,9,208152
13,13,202232
12,12,199475
14,14,210234
13,13,199946
11,10,193937
16,14,205557
14,13,194899
15,14,185662
11,11,168815
12,12,236637
11,11,210830
13,11,216991
8,8,200217
14,12,200152
12,10,178777
16,16,168872
9,9,206689
20,19,195918
17,16,161280
19,18,222815
13,11,179421
11,11,169237
17,16,224574
8,6,163348
13,12,213092
10,10,181824
16,13,201758
12,10,217294
18,18,201444
15,15,190155
17,16,170892
10,8,206856
10,9,187248
11,9,193614
19,19,216079
7,7,192123
16,15,218474
7,5,198068
21,20,179401
5,5,190777
12,12,175354
8,6,199411
10,10,198231
9,9,167737
9,6,194942
15,15,192741
12,12,191767
13,12,173030
13,12,197011
13,13,166740
9,9,220313
13,12,212520
10,10,193085
12,12,187468
11,9,204369
12,12,223158
16,14,214693
11,10,213873
12,12,218111
11,11,166384
21,19,206612
15,15,214187
18,17,184493
16,13,194943
16,16,214673
14,13,191821
12,12,214124
10,9,206429
12,10,209032
11,11,192571
11,11,183372
12,9,186943
16,16,184865
22,21,225116
15,13,196150
10,10,179039
10,7,191097
16,15,198508
21,20,202345
10,10,185505
11,11,197167
15,13,172856
19,17,205301
17,13,192413
19,17,213912
14,13,205466
14,10,195773
15,14,190530
16,15,213685
18,16,205374
17,15,172685
12,9,189990
6,6,194796
8,8,176854
9,8,175423
12,11,200216
14,12,174723
9,9,172932
12,11,208166
14,13,198783
20,20,189915
17,17,194664
13,13,204013
12,11,208779
16,16,199348
10,9,185087
13,12,195496
16,15,192817
14,13,212614
17,16,175452
15,15,200054
12,11,201519
18,17,191861
18,18,164779
9,9,212215
17,16,208366
19,18,179719
20,17,193916
8,6,188917
18,15,183887
13,9,178428
16,14,206939
17,16,204091
13,13,186565
11,11,179066
18,18,198732
16,16,217063
16,15,193218
15,14,203676
7,6,201017
16,14,179981
9,9,209446
14,12,191136
20,20,211615
10,8,179217
11,11,181472
18,18,187092
17,16,190549
16,16,228651
12,11,198824
17,17,207042
10,10,186902
11,11,185193
16,16,206113
21,19,189632
16,16,201196
13,12,170041
16,15,202110
17,17,203267
18,17,177091
13,13,201292
15,14,181458
12,12,196825
17,15,201976
20,18,183190
11,10,207264
20,18,201286
14,12,196294
17,16,197374
23,19,196836
14,14,197421
9,9,194070
14,14,200685
11,10,215840
19,17,194593
12,11,186296
17,15,191701
16,14,183623
18,16,211769
12,9,182753
13,13,192873
11,11,207618
15,14,180895
12,11,201142
15,15,192452
19,16,191885
10,10,194266
9,9,180954
14,13,199435
24,22,206512
14,13,195104
15,13,181144
18,17,223836
18,18,195404
8,8,189097
11,10,175735
19,15,234008
7,6,193502
11,10,194035
24,23,210749
7,7,193426
16,15,210665
10,10,176569
8,7,175871
8,7,171201
13,12,195616
4,4,198411
17,17,199784
13,12,205911
16,15,261874
14,13,188842
15,13,182224
14,11,207113
12,11,180502
12,12,184956
14,12,221883
15,13,203015
16,15,199824
17,17,182910
18,17,231555
14,13,194958
20,15,208823
8,7,191378
13,13,196989
11,10,203745
10,10,205973
5,4,183587
10,9,165236
7,7,201155
14,13,191609
15,15,165279
15,14,198368
11,10,176735
14,13,204409
23,21,162761
17,15,195550
22,19,181188
11,9,199645
15,15,213973
14,12,187430
10,10,203927
12,12,197550
9,8,202756
17,15,200815
12,12,195509
12,12,189136
14,12,184646
9,8,214522
13,13,177764
14,13,209076
8,8,164823
17,15,204496
15,12,188244
12,11,194009
13,13,223666
2,2,168794
20,20,238821
10,7,196114
10,9,202589
14,11,190166
8,8,184555
13,11,192095
9,9,207341
10,10,214233
16,15,217343
13,12,201674
15,14,164605
15,15,188074
14,13,206498
15,15,211082
8,8,192400
13,10,189267
11,10,187229
16,16,199022
9,9,184351
12,10,160881
15,15,205838
14,14,194990
8,8,211567
17,16,208178
12,11,189969
18,15,189579
17,15,204626
17,15,198764
11,11,202334
11,10,207451
17,17,182409
20,20,211475
14,13,186227
15,13,193322
12,11,185867
12,11,176168
16,14,202479
15,14,218559
13,11,209106
15,13,197044
12,11,205076
14,11,192209
17,15,181155
9,8,184462
11,11,187244
16,15,192217
18,17,224620
15,14,164207
9,8,201585
13,10,187205
7,6,164312
19,18,169405
19,19,206958
20,18,224798
12,12,196330
12,12,171737
10,9,184846
19,17,196018
12,11,197188
11,10,214500
13,9,186250
5,4,176847
13,12,193089
15,12,178764
14,13,175744
9,9,187054
11,11,221132
11,11,191859
14,13,188520
14,11,183966
6,5,180208
14,12,204316
11,8,175871
5,5,208861
14,11,200415
8,7,202680
10,6,191680
12,10,173996
8,8,185396
14,13,203588
14,14,171726
13,12,181705
12,11,179206
8,7,163268
16,16,207761
7,7,176375
14,11,207080
14,13,185621
14,13,210690
19,18,224021
15,14,209126
11,11,205358
9,7,185475
13,12,168754
7,7,203982
10,8,194973
13,9,177618
10,9,189437
17,17,202239
13,13,225693
10,10,195229
12,11,206067
12,11,183585
9,8,195431
13,12,192538
13,10,178482
8,7,190404
14,12,209473
7,5,203275
8,7,189378
13,11,171813
12,11,162271
10,10,181051
7,7,178315
8,8,168414
11,9,196138
15,15,207865
17,17,230576
12,10,227129
9,8,196247
12,11,200732
17,16,219361
21,19,191951
15,13,182130
19,18,184006
13,12,217328
13,13,239504
19,18,196686
11,10,202292
13,13,215562
8,7,206611
3,3,165188
12,10,202496
23,22,194582
11,11,195039
15,12,181469
8,8,213630
10,8,197617
13,10,194934
21,18,199501
10,9,192356
16,16,193042
18,17,207204
14,14,204003
15,14,192370
17,14,192994
14,14,213288
14,13,193718
10,10,196719
19,15,198108
13,12,194124
11,9,201498
13,13,178429
17,16,217815
10,9,215685
20,17,191454
14,14,202361
11,11,195646
12,11,185556
9,9,194444
17,17,193612
9,8,196920
14,13,220118
13,13,219606
11,10,216157
10,9,181988
11,11,196989
11,11,183945
12,12,174633
12,10,198280
9,8,206152
8,6,176688
20,20,224678
12,10,180963
11,10,200147
12,12,231446
18,16,194503
9,8,186371
14,14,196968
19,19,195794
7,6,205846
12,12,203704
8,8,193109
8,7,221341
8,8,182373
19,19,205807
10,9,190889
12,10,182124
15,15,185634
10,8,195188
7,7,179125
10,10,187367
12,12,223898
15,14,212198
10,10,205432
15,13,192468
13,12,195809
12,11,193312
10,9,194949
24,21,196771
17,17,229109
15,13,174745
11,11,167374
14,10,203771
12,12,203704
16,14,185918
16,14,182075
13,10,178507
7,7,176176
8,7,164921
17,14,200820
14,14,189723
18,17,208443
11,10,185309
18,17,189318
17,16,217126
15,15,208459
13,11,219922
9,8,203557
14,12,204465
11,10,185719
8,8,188757
8,8,197710
12,11,203688
6,6,176921
13,10,190421
17,15,188280
12,11,190136
18,18,203490
15,15,190248
10,10,197612
12,12,170331
14,12,198359
12,12,165758
9,8,174314
11,10,199172
13,12,227322
13,12,206016
16,16,191841
11,10,223317
14,14,192364
13,13,209153
14,14,202765
9,9,226302
12,12,225644
13,12,203041
17,16,192693
19,18,201396
13,11,194718
3,3,186697
15,15,188350
15,11,208148
17,15,204425
10,10,213614
13,11,185371
10,9,200567
13,13,198156
12,9,191433
10,10,191359
8,6,184280
9,9,207045
13,11,204233
20,17,223317
9,8,183889
13,13,189252
18,18,188821
11,9,191545
13,11,231041
11,11,192558
14,13,183903
11,10,203073
19,18,200377
13,13,186653
22,19,204316
23,23,186436
17,16,193712
11,10,170123
7,6,175142
14,13,190749
17,16,207442
20,18,236033
13,13,172894
6,6,189222
13,12,204205
10,9,190636
18,17,198624
14,14,199163
7,7,190025
13,12,159297
10,9,176820
10,9,163594
13,13,219580
11,11,196188
7,7,199365
10,9,184768
16,16,173940
12,11,188843
11,11,198604
9,9,170787
12,10,171206
16,16,176296
10,10,161675
7,6,195715
15,14,232861
10,10,215176
15,15,191735
14,12,183756
7,5,187135
11,11,184862
15,15,217020
11,10,229865
13,11,164060
9,9,191224
15,13,179221
13,13,213384
16,16,205719
8,6,185052
14,12,186796
8,7,191984
11,11,206139
18,16,212879
5,5,186546
13,13,194558
13,11,176384
16,14,240495
20,19,187303
11,10,181607
10,8,184056
13,11,200524
9,9,160715
18,18,216256
4,4,168076
12,12,193523
5,5,204890
14,12,189836
13,12,207593
12,11,189775
11,9,183049
8,8,178912
13,12,196393
21,20,226837
14,13,212847
8,7,179839
6,6,200882
8,6,168365
13,12,187281
13,13,180696
14,13,225163
11,10,177007
16,13,221770
15,14,182381
11,11,230839
16,15,197521
14,12,205011
14,14,221865
8,7,247463
16,16,170519
14,14,207413
11,10,177538
17,15,206997
5,4,194122
14,12,206101
8,7,184731
14,12,187368
9,9,179215
6,6,188862
18,15,219336
10,10,200260
10,9,194876
12,12,234096
15,14,171971
8,7,169682
17,16,188626
12,11,179953
9,9,215786
17,15,188513
14,11,191027
18,16,206662
15,14,201782
14,14,181578
13,13,183374
17,16,184359
14,12,189566
10,8,174442
18,16,202629
15,14,189196
17,15,188713
13,12,183208
17,15,166013
15,13,223953
19,17,226574
9,8,183062
13,13,211353
10,9,192258
13,13,229289
22,21,205023
16,15,203705
12,12,183008
17,17,192508
16,15,195191
14,14,184134
9,8,202125
10,9,196426
11,11,200134
10,10,176692
15,15,180275
14,14,207593
12,10,170873
12,12,181666
9,6,177182
9,9,174905
15,14,177145
14,12,180818
16,14,196677
13,10,180381
15,14,190248
15,13,199508
13,13,181003
17,15,210017
18,17,200363
16,14,181580
16,16,208615
11,9,189866
16,14,187472
16,16,209378
14,12,215836
16,16,169371
15,15,209713
25,22,221498
14,13,181855
13,11,214656
14,13,172201
11,10,217990
13,13,189319
11,8,208108
13,13,189551
20,16,209322
18,17,189153
10,9,184818
19,17,191602
11,9,191233
18,18,218153
12,12,230390
19,19,200967
13,10,181680
16,15,190469
12,12,171796
13,12,208954
14,14,204968
9,9,192451
14,14,172191
16,14,191823
12,10,186189
13,12,203512
11,11,179205
11,10,167467
7,6,193371
8,8,185738
13,10,187132
12,12,213522
11,8,193382
20,17,215886
13,13,219172
14,12,179120
16,16,221814
16,14,200838
13,13,160544
5,5,181139
13,11,212874
16,15,189163
17,15,189685
8,8,174400
13,12,184952
8,7,178783
8,7,197012
19,18,219486
11,10,195163
17,15,194302
20,18,185902
9,9,165774
11,11,220211
15,15,197166
14,13,179893
15,15,215303
14,12,183859
16,16,203588
9,8,190873
10,10,193551
12,11,193400
25,24,195068
11,10,191681
17,13,186802
15,13,180005
16,14,202536
16,12,245416
12,11,216295
9,8,182779
18,18,199959
18,15,224726
13,12,194491
20,19,196611
7,5,168420
6,5,176258
7,6,160269
19,19,189519
22,20,230208
10,10,189089
21,21,212357
10,10,184063
21,19,224846
10,10,177374
17,16,200929
15,15,211475
8,8,214109
21,19,169539
12,10,200595
9,9,208356
15,14,168701
16,16,194146
14,14,195339
9,8,191962
12,11,198145
24,21,213293
16,15,175522
18,17,207226
18,16,247119
15,12,180771
6,6,179060
15,15,194084
9,9,184014
9,8,184955
11,11,205033
8,6,181425
17,16,172825
15,15,203608
11,11,172244
13,11,195637
10,9,198208
9,9,187186
12,12,180139
12,9,191754
5,3,192824
13,11,172402
13,10,201486
15,15,182290
9,7,192225
10,10,195959
16,14,206324
11,11,192316
14,13,220435
12,12,173781
19,18,249839
24,21,192569
11,10,217162
12,11,190204
21,19,187988
11,11,188179
10,7,193252
8,6,206018
12,11,234459
13,11,201320
10,10,194433
7,7,190724
10,10,211988
5,5,198552
16,11,179638
9,9,213211
10,9,186792
17,16,217664
18,17,174504
10,8,200451
12,10,178816
22,21,194243
16,14,200921
14,13,212078
11,10,188790
11,11,184331
9,7,196373
13,11,180671
12,11,206897
11,10,210208
10,10,193437
21,21,173065
18,16,217492
15,14,206129
16,16,190414
16,14,180377
19,15,229218
18,16,171557
8,8,179274
12,9,170394
4,3,171748
13,9,192588
10,9,146333
13,13,178077
18,18,162061
4,3,167246
18,16,213793
10,10,202510
13,10,168112
13,10,183377
13,12,194462
14,14,226853
10,10,174528
9,9,196796
11,10,185414
7,6,169680
6,6,197854
9,9,191990
11,10,183979
9,9,185223
17,14,218561
11,10,185858
16,15,239581
13,12,176979
14,13,196266
23,23,201459
8,8,156215
20,19,205151
8,7,199550
13,11,222080
8,7,208598
13,10,184522
8,8,194525
18,17,211147
15,15,187164
15,13,177537
13,11,197801
18,18,203870
16,13,199003
14,13,195113
13,12,193468
11,8,183630
12,12,224821
10,10,221821
15,15,191206
10,10,172031
12,11,201449
6,5,186425
17,16,216598
9,6,165980
17,16,203199
9,9,184133
15,12,211152
17,14,222296
14,13,185958
16,14,241585
16,16,215524
13,12,196778
11,9,224812
11,9,184692
21,21,197794
11,11,180481
6,6,200588
9,9,202946
10,9,196198
17,16,225779
14,14,212294
8,6,177827
15,13,182262
10,10,167496
16,14,226810
13,11,194870
14,13,179637
8,8,239419
17,14,206116
9,9,208936
16,15,204210
16,15,208270
12,12,204895
8,8,198979
14,13,209964
12,12,191829
11,10,194563
15,14,206082
12,10,174170
15,15,171009
7,6,172022
16,16,206323
8,8,218349
12,10,224709
17,16,188865
16,15,226321
11,10,160070
13,12,190608
11,11,192959
9,9,153337
10,9,190023
12,12,205958
13,12,199803
15,14,189597
16,15,207880
14,13,195463
12,12,208528
10,8,196818
10,10,198896
12,11,250482
9,9,209449
19,17,216082
13,12,218456
11,10,189347
6,5,214023
12,11,185363
10,9,207791
17,16,220802
14,13,192302
15,14,206137
12,10,176743
14,14,209879
19,19,198592
11,10,187572
12,12,177350
12,11,207895
15,15,211230
9,8,236601
13,12,199792
11,11,197009
11,10,204499
11,10,184744
14,13,230604
8,8,196246
23,22,205860
10,10,234427
16,12,200887
11,11,190881
15,12,182221
17,16,207877
14,14,204919
16,15,214352
14,12,209533
15,14,194722
16,14,177514
18,16,207510
10,10,164797
16,16,194543
10,10,205279
14,13,180714
9,7,156384
17,16,241549
9,7,170563
12,11,200982
15,14,220533
12,12,178761
25,22,203802
13,13,192399
11,11,197288
10,8,185610
10,7,194808
10,9,181558
15,15,219346
13,10,199730
10,10,181999
9,9,189461
8,8,165846
16,14,208064
17,17,184592
15,14,182720
9,7,211842
15,15,191949
6,4,161057
16,12,233801
17,17,184449
9,8,198875
14,14,212290
15,14,202316
15,14,176689
10,10,195502
7,6,205961
11,10,172437
19,18,197469
10,10,183561
14,13,206375
16,12,195883
15,15,185204
18,17,190915
9,9,187538
13,13,241617
10,10,169729
13,12,207587
11,8,207058
12,12,197118
15,14,173567
12,12,182498
17,15,198828
11,11,182202
17,16,211668
9,8,213098
12,11,177311
18,14,187111
15,14,208833
11,10,164958
15,13,194984
11,11,172149
20,19,200143
9,9,199022
9,9,211230
17,16,184869
12,12,192994
10,10,205956
16,15,211540
15,14,185016
7,7,164896
16,15,181992
14,13,214030
16,15,209009
11,10,185243
11,11,197383
5,4,210263
10,10,209404
21,20,228882
12,10,211668
12,11,183609
12,12,181769
13,12,197692
14,13,209600
8,7,191639
12,12,175067
15,12,193797
8,6,185074
12,12,177063
11,11,205143
9,9,176594
8,8,167684
8,7,196401
20,20,194179
12,11,198842
10,9,216013
11,10,193016
11,10,201448
14,13,182038
16,14,207780
6,5,210520
12,12,212831
13,13,190985
16,16,186088
7,7,175648
12,12,182293
7,7,191085
13,12,175877
11,11,193554
11,9,192074
12,10,211752
6,6,175071
13,13,181793
18,16,226127
16,15,203567
8,8,190371
17,17,184452
4,3,178492
26,23,161306
7,6,192013
9,9,221040
17,17,198912
13,12,186704
13,13,202052
7,7,204531
11,10,197381
11,8,180082
22,20,199462
8,7,179418
15,13,202988
15,13,207631
6,6,179766
14,14,233975
16,15,208856
17,17,209977
8,6,179561
13,12,190225
16,16,211880
11,9,182376
15,12,190615
11,8,176614
15,15,201894
15,12,191440
16,15,214833
13,13,201781
11,11,176991
11,10,215356
18,17,200049
10,8,189772
16,14,210265
5,5,162356
14,14,201621
21,21,202480
10,8,178905
11,11,232304
21,21,196202
7,7,193377
9,9,194913
20,18,215070
4,3,186064
9,9,183046
21,19,208587
5,5,190142
15,15,216489
16,14,183328
8,5,215296
10,10,195079
7,6,180518
15,14,202727
9,9,181923
15,15,210785
10,9,177436
15,14,185485
6,6,175727
11,9,198916
7,7,196409
17,17,198376
2,2,193787
19,19,205834
12,12,189687
12,12,184147
9,8,197582
20,18,219622
10,10,181477
16,14,209699
15,14,194835
10,10,203229
14,12,173692
11,9,192473
6,5,209881
18,16,202207
12,9,181757
13,11,158167
17,17,237517
16,15,227420
13,11,192927
6,6,170943
16,15,186871
14,14,199946
20,18,206421
13,12,224869
14,13,206038
13,13,165540
16,16,200301
15,14,195954
12,11,180793
13,12,219886
14,14,181201
18,16,205456
9,7,197889
20,20,219045
13,12,187856
11,11,199914
14,14,178239
10,10,199059
12,11,200305
15,12,219416
9,7,179077
11,11,193742
17,14,219153
11,9,213785
15,14,193611
10,10,189499
9,8,203708
11,10,208586
11,11,198760
10,10,219091
18,18,202219
13,12,189821
10,10,202904
16,14,194802
15,14,198948
17,13,205710
11,10,186291
12,12,183207
16,15,195182
6,6,197898
9,9,168719
10,10,165757
9,8,182470
14,14,217106
14,13,174249
10,9,220533
18,18,218718
15,15,221937
15,15,181219
11,9,203278
5,5,172883
9,9,174597
9,7,190835
12,11,180704
14,14,214150
10,10,168425
10,9,191772
15,12,195521
10,10,166420
9,9,177668
15,14,248673
15,11,168596
8,6,182947
15,15,200187
16,15,198476
17,16,193146
11,10,187067
15,13,224630
10,8,219358
12,12,211316
7,7,186648
10,9,171838
11,9,200547
19,17,208486
19,16,186935
19,18,223082
12,10,211519
13,10,190498
7,6,198645
16,12,172998
8,8,195678
9,8,190578
20,19,176879
16,13,224034
10,10,180339
12,11,201317
17,16,192358
11,11,185673
7,5,186096
12,11,175480
12,12,179082
9,9,182399
12,12,175936
12,11,177026
12,11,221787
8,8,188486
23,21,187471
12,10,191370
15,14,174891
11,10,182574
10,10,194668
13,12,192893
13,12,178300
17,15,206653
16,14,191372
14,13,203375
10,10,208637
10,10,214071
16,15,180989
8,8,200115
17,14,197361
14,13,207004
17,13,171641
12,8,193170
17,15,188253
19,16,221970
20,18,205201
14,13,198346
17,16,197944
7,7,202755
16,16,194690
12,10,200222
15,14,202044
17,15,218155
14,11,189563
18,16,197785
14,12,217622
5,4,239287
9,9,217651
12,10,187895
13,13,213925
24,22,220157
7,6,182006
13,13,208405
15,15,222771
8,5,174009
14,11,212115
16,14,184631
16,14,197828
12,12,187440
11,10,188056
13,12,183019
16,16,214710
13,11,198158
15,14,183423
9,7,178780
8,8,198249
12,11,188533
10,9,167579
14,13,214603
18,15,227177
11,9,222028
17,15,215948
13,12,190055
10,8,169714
15,15,200910
15,11,215243
19,18,184223
12,11,208541
10,9,221525
17,14,171208
16,14,165063
6,6,224181
18,17,202261
18,15,191279
19,18,182926
17,12,176004
15,14,196324
14,11,201593
13,12,199599
11,10,185592
17,16,190615
14,14,199993
12,10,195304
10,9,160330
15,14,212046
15,12,206945
11,10,160162
15,15,177684
10,9,185837
8,8,206952
7,7,238951
14,10,173036
9,9,208049
12,12,172539
13,13,178769
11,11,187356
12,10,183155
9,8,194874
15,15,184967
10,10,166464
14,13,229498
15,15,188600
12,12,194889
11,10,182899
12,11,196289
8,8,207121
5,4,187156
13,11,194904
12,10,208954
19,17,210486
14,14,217943
14,14,190048
14,13,168872
10,10,166360
18,16,206264
18,18,203469
13,11,174383
15,12,190115
19,18,204099
20,15,176155
15,12,233912
11,11,181071
21,21,175755
10,10,186095
13,13,193825
9,8,186455
13,13,197350
13,9,169407
18,17,190703
19,16,203520
22,20,209702
17,15,183390
9,7,196748
14,14,179249
17,14,204778
14,13,202414
8,6,191816
11,11,181868
15,14,208366
8,6,208335
14,12,198000
9,9,179437
13,13,196126
15,13,192411
16,16,217471
12,10,193235
8,8,176607
13,13,197150
19,17,225518
14,11,194142
14,12,197819
15,14,194583
6,5,192740
10,9,192194
7,7,186704
11,10,169422
12,12,163148
13,13,199978
13,12,202745
9,8,184421
18,17,202315
16,15,225232
12,11,207090
16,16,206841
13,12,180563
12,12,206954
9,9,186452
9,9,205576
12,11,203287
13,11,203800
10,10,209065
11,11,211138
13,13,187087
9,8,202188
11,9,206466
11,10,178409
10,10,187499
17,16,205273
8,8,184027
11,11,193374
15,14,211376
11,11,180981
9,8,212189
12,11,213445
14,14,195929
7,6,186963
15,14,183857
19,17,192896
12,11,195360
17,16,169746
13,13,209930
12,12,192156
15,14,199549
7,6,202559
24,22,221454
12,12,214633
11,9,196285
12,10,162763
11,10,187579
11,10,197934
12,10,199521
7,6,196246
16,16,179089
21,21,216416
11,11,188526
17,14,226223
8,8,190161
18,17,203071
14,13,185705
20,15,190642
14,12,221773
15,13,194222
8,8,170113
18,15,196093
21,20,226720
12,11,199310
19,17,204385
14,13,203740
6,6,181324
13,13,211979
12,8,163083
11,10,188146
9,9,178780
16,14,168023
15,14,183261
14,14,165055
12,10,220242
15,12,204121
18,17,173732
13,11,214577
13,12,190229
10,10,183174
12,10,195657
11,10,200455
7,7,177291
12,11,196626
16,16,169748
8,8,172053
19,18,221247
9,9,198690
10,9,188917
21,19,209200
11,10,202059
14,13,196089
5,5,194926
14,12,199105
13,11,197678
8,7,200197
7,6,190223
11,11,188517
16,15,181130
13,11,204541
9,7,187081
19,18,189500
17,15,238527
9,9,167083
7,7,202723
13,13,199112
15,13,176645
17,15,211594
16,15,197280
13,13,212592
13,12,194695
14,12,180765
10,9,216527
14,10,180251
16,16,207976
14,13,200704
11,11,200816
8,8,206186
6,5,178558
13,11,182435
14,12,219527
20,17,206945
10,9,203401
15,15,184815
10,8,179474
21,21,210748
20,19,200419
13,11,191390
15,13,172695
9,9,216710
16,14,197784
11,10,182299
11,11,203614
6,6,196625
9,8,189995
12,11,181470
14,11,207938
19,19,218202
13,12,210383
12,12,186202
12,11,186825
26,24,238299
11,11,151757
11,10,201790
9,5,201387
15,15,220599
9,7,193108
15,14,189939
15,13,183368
17,17,194410
9,9,184163
11,10,188104
11,10,191821
12,10,189967
9,9,167054
17,16,179140
12,11,204702
9,6,198567
10,10,191332
18,16,230018
9,9,208837
11,11,193330
10,10,186530
9,9,181296
16,15,197175
11,9,202880
12,11,188024
10,10,216891
8,8,207946
20,20,195094
15,15,220883
10,9,181978
14,11,174467
20,20,203904
12,11,189923
17,17,229832
10,9,204769
4,4,152174
18,17,211852
12,11,195048
10,9,197883
10,10,178007
14,13,190665
13,13,175151
12,11,195095
14,13,176913
19,16,210880
15,12,176271
9,8,206697
18,16,205353
12,12,195334
8,7,193395
13,13,198806
12,12,206390
10,10,155900
17,16,186217
19,15,193341
17,16,171216
12,10,213804
17,14,210651
19,18,199401
14,11,206663
12,10,200739
7,5,205324
19,19,191480
8,8,171120
15,14,182364
17,16,211336
11,9,172505
10,10,187580
10,9,192261
7,7,183082
9,6,183209
13,12,182607
11,8,174878
17,15,178736
8,7,213090
14,10,219733
10,9,201309
13,11,206144
9,8,184658
12,11,203907
16,16,170197
16,14,220996
12,11,159678
12,11,232099
10,9,162501
7,7,221447
10,10,198426
12,12,215121
9,7,192805
18,17,182134
16,16,185473
10,9,191278
15,14,217853
17,15,197474
10,10,192552
12,10,199883
9,9,177848
10,10,198361
12,11,187719
15,13,210011
14,14,197227
17,14,177258
19,18,185027
16,15,197274
14,13,202902
15,14,206157
17,17,176180
16,15,204788
12,11,174870
11,10,177023
20,19,198712
10,9,180672
11,11,203343
20,18,198687
11,10,193853
14,13,196804
6,6,209826
14,13,193237
10,10,210424
14,13,208414
18,17,208478
15,14,200214
9,9,188171
11,10,195532
17,16,206021
18,15,172814
11,10,179017
18,14,220031
11,11,200915
14,13,200473
20,18,207761
9,9,185161
11,11,180385
17,14,198062
12,11,188901
21,19,204232
15,14,207369
15,13,187583
5,5,177311
7,5,187789
5,4,195337
14,14,203654
13,12,200562
11,11,184942
11,10,206808
7,7,206814
9,7,175288
15,14,203373
15,10,180030
12,11,200783
9,9,215925
18,18,174399
7,7,201436
10,9,193856
13,12,231762
7,7,176743
15,14,195806
13,13,196189
11,8,171845
15,14,191185
22,22,209163
18,18,195449
5,5,170697
8,8,204894
17,15,185283
16,14,220443
11,11,175689
20,16,203141
17,14,217283
18,17,202151
10,10,205766
10,10,195481
4,3,191217
12,12,190890
11,7,185433
14,13,226589
17,15,191260
13,12,214520
9,9,173629
17,17,212811
12,12,163161
11,10,204117
17,15,200637
11,10,191657
8,7,201868
12,9,194899
12,10,187519
10,10,155413
14,11,211308
17,14,207349
13,11,203888
12,12,180158
7,6,136018
16,14,177552
18,17,180526
11,11,179452
15,14,184848
11,9,199769
16,15,214116
15,14,180433
11,11,171292
15,13,195620
11,10,176283
12,12,227195
12,12,185731
12,11,189355
17,16,216149
16,14,179991
13,12,182765
10,9,208645
5,3,208014
16,14,161208
18,17,210977
12,10,200474
12,10,211800
20,17,200573
14,13,187539
10,10,187708
12,11,201742
5,5,172115
16,13,195439
16,16,216166
22,20,202517
12,11,198126
13,13,187096
10,10,200921
10,8,191771
17,15,199468
9,9,191832
15,13,186071
18,14,209394
15,14,211971
13,11,227461
15,15,214121
13,12,180614
11,9,172653
12,12,177434
10,9,174471
12,11,224437
14,14,190088
12,12,195092
13,12,195741
15,11,182924
14,12,204529
7,7,214127
11,9,204404
14,9,212813
13,11,189258
10,9,214368
16,14,180014
17,14,180807
14,14,186363
13,13,228314
12,11,163824
18,15,222843
12,12,208292
15,14,214174
17,15,191673
8,8,209611
7,7,179431
19,17,191560
12,12,198469
8,7,203092
14,11,216877
12,11,203631
15,14,212964
7,7,213827
10,9,179619
7,6,197071
15,15,180370
10,9,209970
16,13,216472
14,10,193043
13,13,205235
13,13,211604
14,14,226092
15,14,198468
4,4,199568
20,19,200181
16,16,203462
19,15,204100
10,9,193742
11,10,187192
11,11,197577
10,10,166661
14,13,197417
15,13,215760
11,10,211881
8,8,198914
7,7,188509
11,11,199693
12,11,203505
14,13,206151
14,13,190754
18,16,216363
10,10,188491
10,8,188626
14,12,214450
11,11,174657
9,9,195019
15,15,184685
11,11,177538
18,16,202885
14,14,203088
22,22,199907
15,15,196899
9,9,196026
10,9,192870
20,20,213490
9,9,169640
12,11,206255
13,13,217485
16,14,202634
15,14,226690
13,13,198179
12,12,195206
13,13,218986
15,14,190078
20,20,194292
18,16,199365
19,18,214917
20,18,191378
21,20,228008
15,13,198722
12,8,191692
15,15,177740
12,10,202852
14,13,194001
7,6,188015
20,19,204378
16,13,206054
11,10,205193
19,17,190158
13,13,187482
12,10,204653
5,5,195442
17,15,213714
19,17,194865
11,10,229093
13,12,175505
11,10,179771
7,7,167586
13,11,177998
13,13,208218
12,12,223286
22,19,188238
11,11,207974
7,6,182822
12,11,218944
9,9,218231
15,13,209076
9,7,201714
17,15,175288
5,5,173861
9,8,175849
6,6,188919
20,18,170757
12,10,203659
18,18,215331
10,9,201939
14,14,197795
14,13,194360
13,12,199988
5,5,201325
17,15,180461
17,15,217883
18,15,194206
7,7,178557
17,16,204831
11,10,169488
15,15,211959
15,14,211309
16,15,177194
12,12,195738
8,7,159458
18,14,215532
14,13,185783
9,7,191187
10,9,196876
13,13,206179
6,6,182097
12,12,202975
13,11,198390
17,15,217262
14,13,202385
10,10,212646
10,10,216804
14,14,202115
10,10,178797
16,15,182860
17,17,225405
10,9,193725
18,16,199315
5,4,170571
14,11,181611
19,16,222798
15,14,201742
7,7,187067
10,9,162999
11,11,174061
17,17,207488
18,18,212621
20,18,213376
18,17,207677
10,10,219792
18,18,225118
12,11,227701
10,10,168488
11,11,181522
10,8,154424
15,13,180051
14,14,174485
11,11,201398
13,11,191197
15,13,191780
13,13,162199
9,8,174141
19,14,201090
11,10,161521
14,12,207131
20,20,219190
14,13,203908
15,12,205441
18,16,210716
13,12,185200
4,4,177274
9,9,229722
14,13,194294
9,9,176625
17,15,196655
8,7,185648
16,16,214928
9,8,189312
11,10,185149
9,8,230944
4,4,171169
22,20,195297
7,5,226582
15,15,182715
7,6,215312
12,11,191151
10,8,199707
19,18,203676
16,15,203379
14,13,201637
12,12,198828
6,5,190102
9,8,194477
10,9,184718
12,10,195331
7,7,188958
16,11,194402
12,12,206768
13,12,185132
14,11,218447
10,10,196014
10,9,175678
8,6,224552
14,12,203822
21,19,198454
6,6,207062
12,10,157295
9,9,186524
8,8,204892
17,17,221967
11,11,198360
13,11,228829
18,17,180640
12,10,196407
12,11,224209
18,17,226561
11,10,189478
12,11,199466
15,14,226519
13,11,184050
14,14,211774
11,11,166305
8,8,185427
8,7,191206
12,11,213511
11,9,210070
10,10,212410
11,9,171156
14,13,208563
12,11,208146
16,14,152465
13,12,199704
13,10,189911
8,8,180814
15,13,199936
8,7,184117
12,12,184676
17,17,166562
11,10,183126
21,20,211322
13,12,198302
12,12,182354
13,11,160578
17,16,214720
14,13,175225
9,8,198100
18,14,195059
10,9,184838
23,22,224626
13,12,183021
10,9,208610
18,15,188783
8,5,170462
19,16,209778
11,10,196151
12,11,169952
13,12,196789
13,12,217490
23,23,191424
17,14,204400
14,13,206350
17,16,205206
11,9,174994
9,7,209540
6,6,187630
14,12,182486
11,10,186346
11,10,188907
15,14,193921
7,6,179782
12,12,197359
13,11,209158
7,5,199372
12,11,173113
6,6,205568
10,8,167065
17,15,178498
13,13,196339
17,17,208190
14,13,215669
15,15,182919
16,16,189626
10,9,181257
20,18,195621
8,6,178456
17,15,213611
6,6,190435
14,13,192074
13,12,196474
12,12,190588
13,10,215918
7,7,206573
24,24,204574
11,11,187910
6,5,212524
9,9,187438
12,12,186450
13,11,168935
12,10,193241
12,12,170103
16,15,173093
7,6,159742
7,7,167034
17,15,215661
12,10,213421
7,6,189750
11,11,200311
10,9,197105
14,13,194865
11,10,236601
15,15,185708
17,14,209386
11,9,217082
14,13,234329
11,10,191188
15,14,213441
20,19,188519
17,17,194204
16,15,200824
10,9,186676
16,14,173511
8,6,171620
15,15,201763
17,14,203287
18,18,224127
13,13,212430
12,12,185550
12,12,197021
15,13,197509
13,13,196675
11,8,195796
15,13,178990
12,11,205736
13,12,219599
15,15,194083
17,16,190901
12,12,204913
16,13,204651
12,9,188696
17,14,220900
10,10,208771
12,12,182423
9,8,175769
16,14,186372
12,11,184761
16,16,182678
11,10,170654
15,14,215569
11,9,182095
10,9,196018
16,14,221256
13,12,202838
14,13,218717
15,14,188176
15,14,216521
10,9,186748
10,9,202276
15,12,177229
15,15,198060
11,11,188211
13,11,249350
12,11,204036
9,9,176488
6,6,174400
16,15,208802
20,16,182785
8,8,191029
3,2,198196
10,10,197124
13,13,222288
17,16,217637
9,8,202302
18,14,187644
12,11,203150
11,9,187883
13,11,199005
13,13,192447
12,12,194806
14,14,181182
10,9,227110
22,19,176867
14,13,192296
5,5,188751
13,13,189354
10,10,201612
11,10,213070
18,15,165086
14,12,190911
10,9,216916
18,17,214455
12,11,162581
14,13,182754
9,8,203502
11,11,194206
22,21,227249
9,9,208666
15,13,167806
13,13,182404
14,13,189890
13,12,202854
20,18,194370
8,7,212977
13,13,189610
10,8,212373
7,6,182418
14,14,191262
9,9,203451
11,11,179748
18,17,199152
8,8,186058
9,8,203628
10,9,196229
12,11,176924
22,21,211276
11,11,196743
11,9,187011
9,8,208055
15,14,195362
16,14,227389
9,9,190050
12,12,203176
10,10,196360
17,17,210519
18,16,220081
12,11,183543
14,13,216367
17,17,192966
14,13,180796
15,13,202453
13,13,195585
20,19,208435
13,10,178402
12,11,159606
10,9,163137
14,14,216350
11,10,202150
9,7,177722
15,14,188285
13,13,215982
13,13,175619
20,17,217689
12,11,195261
15,13,210726
14,14,198606
18,17,183927
17,15,171369
14,14,167728
13,10,177180
10,10,179705
19,17,187675
16,13,169094
14,12,225880
14,13,161413
8,8,174000
17,16,186961
13,12,171138
10,10,203581
15,14,212192
6,5,181303
12,12,207383
12,11,195465
16,15,224049
13,12,198770
10,8,188459
13,10,204710
19,19,223622
15,15,195869
15,12,152183
16,15,215217
17,17,200503
16,14,198892
12,11,189267
11,11,185793
12,7,200357
6,5,176337
11,8,195312
14,14,206065
10,10,194112
17,16,188744
11,9,190802
14,14,204146
12,11,197901
13,12,195085
17,14,228061
15,15,180451
12,12,201257
7,6,190785
17,17,207546
7,7,171888
13,12,221606
8,7,218748
13,12,211004
12,10,198334
17,14,197051
15,12,201791
9,9,163521
16,14,201292
7,7,163665
7,6,226703
13,12,185457
14,12,189826
13,11,184194
10,9,197140
20,20,254131
13,13,180326
12,11,212452
13,13,170587
10,10,197423
7,7,191667
16,16,207590
8,7,186946
19,18,218226
12,11,205079
17,16,189269
13,12,200319
10,10,172790
10,9,207820
15,14,226988
11,11,189035
11,10,214396
18,17,203322
9,8,167658
8,8,152895
12,12,186321
10,9,188111
12,12,203028
9,9,225710
13,13,195080
13,13,191190
21,20,197868
9,8,191551
5,5,221655
13,11,198289
9,9,171267
10,10,180957
13,13,231720
20,19,195008
13,12,165454
12,12,182146
14,13,182081
11,9,214924
12,10,229744
11,9,198694
21,20,199623
13,10,199330
11,11,202889
18,16,193351
18,15,173348
15,13,185161
14,13,229532
10,10,226122
13,12,201406
14,12,207107
10,10,198709
14,12,187973
13,13,194728
11,10,198676
11,8,222159
15,14,164968
12,10,196382
17,17,196501
6,6,184017
15,14,179448
15,13,216181
11,10,204761
11,11,198327
15,12,206849
11,9,170731
9,8,164242
9,7,189902
12,8,185497
15,12,212450
11,10,213432
14,14,206221
9,9,192101
12,12,186318
13,12,221444
21,21,234082
18,18,184119
13,13,207471
10,9,170492
12,11,194346
12,12,204602
14,13,213368
15,14,180563
9,5,196211
13,12,210257
13,12,209867
13,11,169729
10,9,207678
11,11,186277
6,6,190189
22,21,179672
20,17,240261
17,16,217622
17,16,196552
13,13,194481
9,8,160110
20,18,213785
8,6,181432
17,14,213976
16,16,205911
14,13,231408
9,8,181634
7,6,195873
17,14,200094
11,11,190547
11,10,187028
15,13,215720
12,11,189999
15,14,197321
11,10,203851
12,12,186927
10,10,163914
14,14,216777
8,7,163367
8,8,181769
11,11,192333
15,14,190861
15,12,200284
10,10,172866
12,11,196613
11,11,220350
15,14,207407
5,4,187814
10,9,174262
11,11,181103
9,9,170411
16,16,198274
11,11,170542
17,16,182825
16,14,180741
12,11,205099
11,11,186914
15,11,195926
21,18,212668
13,12,180744
15,15,207703
18,18,173923
12,11,216932
11,8,206686
10,10,214010
10,9,199914
16,14,213342
13,13,172011
9,9,195690
12,10,170599
19,18,190550
13,11,197236
11,9,180838
16,15,198089
11,10,186663
15,12,171336
11,9,189357
10,9,154757
16,15,172684
11,8,187795
15,12,184589
16,15,214736
12,11,218352
15,13,214267
7,7,205958
18,15,205229
15,14,214068
4,4,182172
14,13,197125
8,6,190517
11,10,176578
17,15,224624
13,8,186046
12,12,202536
13,13,185732
11,11,185998
9,8,172856
13,13,231059
15,13,189032
14,14,174204
12,11,187090
11,10,192560
15,15,224301
15,14,177712
11,10,174574
16,14,183620
12,12,194780
15,14,226911
10,9,201820
13,12,173529
11,11,213897
11,11,202065
21,20,205621
9,9,190895
14,12,195345
15,14,191679
12,12,173718
12,10,179973
8,8,211801
9,6,205687
16,15,192176
18,16,192174
13,12,203867
11,11,230057
18,18,207669
16,14,205279
21,21,203864
14,12,212444
10,8,207066
10,10,217538
6,6,172211
11,10,176420
8,7,182635
19,17,196151
12,12,179686
10,9,186054
15,14,176145
12,11,207861
15,14,201524
17,15,182839
11,11,194118
10,9,175810
16,15,194566
10,9,185562
14,13,194626
14,13,174301
12,11,188526
15,15,201371
12,11,184328
15,13,202481
12,12,180625
10,10,189661
11,11,195418
15,14,207832
9,9,232790
17,14,178220
9,9,197340
13,12,185227
9,9,203655
12,12,172674
13,11,197557
13,12,209001
13,13,175948
14,14,211488
7,7,193976
15,15,199562
17,16,202485
16,15,199549
15,14,185134
10,10,168381
9,8,213704
13,13,210856
13,11,200274
15,13,244366
18,15,205976
12,11,206210
14,14,218873
14,14,178051
17,16,227988
13,12,208581
14,13,218725
11,11,219338
11,11,213065
15,13,190721
14,13,174601
14,13,186342
14,13,199817
19,16,203874
7,7,211592
11,10,221515
16,14,197582
18,15,214060
13,10,177987
11,11,195108
12,12,183388
16,15,226518
12,11,168349
14,13,216535
11,9,185282
11,11,199124
14,14,209860
9,7,191521
7,7,186414
9,6,176462
11,9,207234
9,9,216891
12,11,195222
14,13,179899
19,18,199249
8,7,220487
8,8,207760
19,19,184099
6,5,159138
12,11,202466
11,9,191794
5,5,208304
7,7,181479
10,10,176483
11,9,216407
11,9,178222
10,10,187140
17,16,216489
13,12,202550
15,12,188506
12,11,211866
9,7,191450
14,13,220770
11,11,195718
12,10,195313
8,6,202026
17,15,203793
13,11,158560
12,12,216702
16,16,182436
10,8,163495
20,17,224063
18,17,197657
14,11,203895
13,13,185449
12,12,184825
19,17,212106
14,11,216655
6,5,190750
13,13,185552
16,15,205856
11,10,228586
8,8,209010
12,12,227401
15,13,217154
13,11,179514
16,15,179035
11,10,193840
16,14,219357
18,18,198222
14,14,219496
12,12,211280
10,10,171093
7,7,189097
12,11,229634
13,13,211766
15,15,216846
9,8,180282
13,12,222012
10,9,189643
12,9,224510
17,16,203086
9,8,206205
8,8,199784
16,15,203058
27,24,203404
11,11,193724
17,16,192713
16,13,219498
9,9,202874
14,14,227679
18,18,208890
7,7,186459
18,17,206160
12,12,167759
15,13,171415
15,14,190585
13,13,204726
10,8,197525
11,10,198766
9,7,166481
16,16,197302
19,19,195725
12,12,193914
13,12,189971
8,8,168602
17,17,215222
14,14,186036
14,12,162948
18,16,201429
12,9,191408
16,15,184802
9,7,191904
9,8,192061
19,19,215623
19,18,206854
17,17,185707
17,16,195806
15,11,193312
15,13,205652
21,17,220385
15,14,203826
8,8,195951
17,15,247285
16,12,217503
15,13,181229
14,13,175189
13,12,180537
13,11,209390
7,6,202863
10,9,188581
12,11,211340
13,13,205156
15,14,223910
12,12,185742
11,10,212529
5,5,178446
15,15,193887
10,10,177605
11,10,189141
18,17,185242
15,15,194458
14,13,186575
12,12,190346
11,11,207982
9,9,208304
12,11,180342
15,13,208957
10,10,210629
8,7,201411
12,11,201779
9,7,186320
10,7,196631
14,13,207845
16,16,208153
7,7,175745
12,12,179305
12,10,219386
9,9,197418
13,12,191611
10,7,190829
17,17,197787
8,7,211104
15,13,180724
10,10,162078
16,16,185811
9,9,185960
10,9,198001
17,17,205156
19,18,195052
7,6,189758
16,14,192917
18,18,184785
8,7,194489
12,12,183104
16,16,187279
12,12,204827
13,11,209075
14,14,195272
15,14,208644
11,10,188845
8,6,193271
8,8,179779
9,8,175810
12,12,201197
13,12,203183
13,12,189019
9,8,184005
10,7,198918
15,15,194970
9,7,179861
13,13,173290
11,10,211308
13,11,196936
12,12,209603
13,11,199840
13,13,197248
18,17,212801
16,15,198664
12,12,178481
16,16,231969
11,7,192884
16,14,231997
10,9,174600
9,7,186051
10,10,175236
10,8,203797
8,5,199486
13,12,165250
16,15,180036
11,10,171857
10,10,194407
13,11,191338
17,17,186505
10,10,218249
12,11,185941
16,14,219058
12,11,194998
17,16,202321
12,11,214041
12,11,197162
10,9,171284
9,7,212257
15,14,211979
9,6,169135
10,10,181292
16,16,222982
15,12,210180
7,6,198631
15,13,220921
12,10,203093
14,14,199615
6,5,184255
11,8,195843
16,12,202542
11,10,198934
19,18,217170
11,10,189295
13,12,179300
12,12,219868
16,15,208493
11,9,191448
13,13,170831
7,5,205115
16,16,202917
9,9,178166
13,13,173472
12,11,206613
15,14,190625
18,16,166272
10,7,213924
9,7,202243
17,12,199124
13,13,191867
18,17,201255
18,17,187578
15,14,217247
10,10,205400
16,14,173509
15,11,184144
8,7,191015
9,8,187168
13,13,175143
15,13,170508
13,10,191018
17,16,175338
11,9,197658
19,17,194773
10,9,188968
9,8,198722
9,9,196419
12,11,191035
13,12,198890
14,14,182397
14,11,171928
10,7,188831
13,10,210388
11,11,187251
12,12,208948
9,9,169944
18,15,185329
12,12,208096
10,8,207794
15,14,188250
8,8,168809
17,14,201906
11,11,195694
8,6,222372
16,14,209982
9,9,205811
11,11,208635
13,13,187623
12,12,197938
12,10,200685
8,8,192189
15,12,222365
14,12,175126
15,12,199641
12,11,218981
18,14,209135
11,11,181323
16,16,201872
16,16,202584
16,15,210182
9,8,206314
11,10,220656
12,10,189606
13,13,174819
8,7,194752
15,13,183278
14,14,194226
9,8,189171
16,15,224797
13,11,184148
17,15,208182
14,13,208818
13,13,190676
12,11,197029
16,15,196353
20,16,207102
14,14,194756
12,9,185738
10,10,155119
19,18,159163
9,8,215780
19,19,186834
12,10,209043
12,10,179705
12,12,173765
9,9,185021
12,10,193469
17,15,206100
16,16,210414
19,18,205069
9,8,189677
11,11,172562
23,20,203908
6,6,194794
15,15,234013
23,22,216338
15,14,187517
22,19,206997
15,14,217191
10,10,193661
10,10,189388
15,15,197466
15,15,183989
21,20,212605
12,11,191872
14,12,183853
21,18,192884
16,14,182039
17,17,203137
14,13,194632
19,19,194900
13,13,180890
11,8,210350
13,12,213855
14,12,177811
17,15,204220
4,3,193373
15,13,255277
14,11,200154
14,11,200846
10,8,185376
9,7,164454
18,15,185256
12,8,176210
13,12,183076
16,14,176787
8,7,213482
13,12,179156
13,12,202326
10,10,163076
19,19,194705
14,13,197290
10,9,200905
15,13,214704
10,10,173753
11,11,212629
14,12,178919
7,7,214955
11,10,200480
19,19,207667
12,12,209069
11,7,183822
14,13,173506
17,17,173125
12,12,207675
21,19,202056
10,9,197444
9,8,175004
11,9,202502
13,12,191309
12,12,186014
13,13,158840
12,10,186122
12,9,186086
12,11,181725
9,8,173801
14,13,225375
11,11,200072
18,16,205204
15,14,185727
18,15,190135
15,11,183633
15,14,197184
18,18,204277
13,13,193758
12,12,193352
13,10,185592
10,8,186141
13,13,181007
18,18,184100
17,17,206186
13,12,215143
15,14,188194
14,14,202566
18,17,179445
14,14,212773
11,11,172383
6,6,212013
13,12,203968
12,10,181743
18,16,186517
15,11,193484
13,11,174704
16,15,194780
13,12,194540
13,13,210398
18,16,183349
15,14,184142
17,17,195756
20,17,188157
8,7,213061
13,10,171281
11,10,195983
17,16,198764
14,14,207162
16,15,200659
13,11,209530
11,10,197909
14,11,148157
10,7,173174
12,12,233665
15,13,189268
15,13,195173
15,15,194488
15,15,209629
12,11,214803
6,5,170360
20,18,189060
13,12,171183
12,10,201471
9,7,202676
16,15,217000
7,4,222733
14,13,223777
12,12,183049
13,11,178001
16,14,174751
17,15,195644
6,5,194052
21,19,222799
13,13,234589
7,7,185416
20,17,224955
13,13,217074
11,11,209773
13,10,210341
9,8,183122
10,10,209428
12,9,169909
13,12,211230
12,11,186924
10,8,210764
10,9,169384
12,11,212710
18,18,187817
17,17,225967
9,7,187145
13,12,207848
10,9,170218
13,12,177563
17,17,217580
15,14,204067
6,5,176746
14,14,193517
12,12,201293
20,19,194117
18,16,202584
12,10,203220
19,18,210936
12,10,229498
10,7,182013
15,14,196090
8,7,197084
15,12,192056
12,12,210940
10,10,185704
15,15,200470
13,11,204080
15,14,186707
12,12,200284
21,20,220088
11,11,199775
10,9,189246
22,19,195520
12,12,186802
19,18,214110
6,6,194620
16,14,175093
9,8,198795
11,10,172257
13,12,211576
7,7,225582
11,10,212447
17,17,200550
11,11,193033
12,12,212508
15,14,212420
10,8,187532
17,16,198354
9,8,160377
14,14,211104
17,15,211657
7,6,200175
16,14,201882
10,9,200159
10,9,174528
11,11,181358
18,14,203250
15,15,220892
18,18,224959
10,10,173559
20,20,218713
18,15,198619
8,6,187724
17,16,216062
16,16,197032
11,10,195085
10,9,206756
16,16,205524
14,14,187356
12,12,171636
16,16,175016
8,7,195870
13,13,181235
16,15,194090
13,11,229987
20,18,183535
11,11,197679
11,11,171740
20,18,221744
17,16,210775
6,6,182301
18,17,186527
12,12,198506
12,12,225207
11,10,213139
14,11,212378
17,17,192912
11,11,177298
14,13,215793
14,12,199961
12,9,173912
19,18,190830
8,7,184721
9,9,180215
10,9,203855
17,17,216057
22,20,188934
9,8,183028
11,11,180718
15,15,184495
13,12,199093
19,15,195847
9,7,207588
11,10,195378
8,8,165142
10,9,193955
8,8,222310
4,4,184418
16,14,195469
14,14,166640
10,7,203908
10,10,154957
12,12,177181
12,12,213789
16,15,214799
11,11,201175
11,10,223773
12,11,177167
16,15,188250
17,15,190730
16,14,207928
15,14,195942
9,9,179981
13,11,212293
12,12,209139
15,14,179886
14,14,196829
10,10,185339
10,10,189399
16,15,219011
12,11,196064
9,9,180582
13,13,173761
11,10,192054
16,15,216880
19,17,182844
13,13,201685
9,8,214996
16,15,192750
12,11,195965
12,11,200058
21,21,187619
11,9,190445
9,7,173268
17,16,183585
10,8,191767
13,12,178046
10,9,210050
15,15,193521
13,13,220912
10,9,217461
11,10,180681
9,8,193838
12,12,177996
15,14,201383
9,9,191654
11,10,172441
9,9,212724
7,6,167479
10,9,184757
15,14,217246
7,7,195580
16,15,201276
12,12,232493
7,5,201725
9,9,183986
11,11,218645
11,10,185361
7,7,191814
12,11,209955
13,13,218336
12,10,192175
12,11,171949
14,12,197294
20,19,201993
16,14,213298
16,15,197211
13,13,192610
12,12,188958
12,11,161615
14,13,188156
21,18,223484
19,17,202329
17,16,203568
8,6,193521
11,11,203687
11,10,203478
11,10,195288
14,12,184263
8,8,184078
11,10,192359
17,15,173690
19,19,195745
11,11,177487
14,13,167435
12,10,205337
14,13,191771
18,18,173610
11,8,180360
17,17,220170
15,13,183694
9,9,189248
12,11,161500
14,14,214173
16,15,173092
15,14,198594
14,13,215906
8,8,174016
11,11,183329
13,13,185309
19,17,201700
12,11,158626
11,9,156305
13,12,203705
11,10,204664
6,6,211670
10,10,203398
11,11,176683
19,17,240807
13,10,219033
22,21,180904
11,10,173847
16,15,217958
18,16,184745
17,15,176283
12,12,218724
15,13,180950
14,11,223736
11,11,174257
19,16,188350
16,15,197880
10,9,193734
14,12,187560
8,7,181563
10,10,198672
11,9,183861
15,14,180005
14,14,187406
12,10,208833
16,14,209663
13,13,219531
19,17,203548
16,15,202218
13,10,202661
12,7,184599
6,6,212610
16,13,194393
18,15,166566
14,14,187519
9,9,160022
9,9,166394
11,11,166677
19,18,189648
10,8,184464
10,10,178257
15,14,187725
14,11,205040
12,12,186090
10,8,215605
15,13,194278
13,11,198546
6,6,206805
15,14,187472
11,9,195114
14,13,182778
17,16,215886
12,8,175467
18,18,174508
12,10,190490
14,14,216935
6,6,198746
6,6,218248
20,20,201427
16,14,197405
12,11,215249
17,15,212556
14,12,201299
15,14,212351
16,15,193482
10,9,150573
12,12,192119
13,13,203586
14,13,186465
16,14,208590
11,11,194858
14,14,204962
13,13,188263
13,12,206614
13,13,224557
7,6,197141
7,7,173634
9,8,180379
22,22,226876
13,12,219332
14,12,220672
11,11,206781
12,10,201464
16,14,187198
14,12,208487
12,12,190638
14,13,185921
10,8,195625
12,11,218518
11,10,188050
22,20,181288
17,17,185587
16,13,198166
6,6,218159
14,13,186540
11,10,197202
15,14,222909
16,14,191352
10,10,192168
7,6,198228
10,9,185460
10,9,211328
9,8,176565
15,13,182598
9,8,175665
12,11,164846
12,11,202597
19,16,187522
6,6,177785
14,13,175846
9,9,182424
14,12,229467
14,12,208747
14,14,178879
16,14,230785
2,2,181917
19,17,184609
14,13,200153
16,16,189375
16,14,199812
10,9,196684
13,12,192829
8,7,179909
12,12,185157
13,13,215452
14,14,224812
15,13,194350
11,11,164289
15,13,200191
12,11,191801
12,10,205868
9,7,168474
11,7,181506
10,9,185031
17,14,207245
14,12,192538
14,13,199222
8,8,200487
9,8,170212
18,16,216652
13,10,213481
8,8,203624
9,8,196992
11,11,169462
10,10,189285
16,16,226010
17,16,220395
11,10,203010
13,11,183881
14,14,209285
13,12,214325
16,15,214742
19,17,165658
8,8,203000
12,11,196045
13,9,179454
17,15,237027
14,13,193632
11,11,187634
15,13,217934
12,12,188366
9,8,192520
17,15,180711
17,17,206668
13,13,208318
15,14,178324
12,10,185432
10,10,188122
16,13,204154
8,6,181123
18,15,224895
7,6,162997
7,6,191933
12,10,210537
11,10,161815
12,11,189759
20,19,222095
14,12,201413
6,6,202959
9,9,177107
14,14,209335
11,10,189873
6,6,155026
20,18,189811
10,8,206450
12,10,197989
9,9,210609
16,16,196577
21,18,185738
13,11,183189
9,8,197795
15,15,195665
20,20,188147
17,14,219650
13,13,178819
13,11,185283
10,8,198817
12,9,191740
19,17,203375
11,10,211856
11,10,169887
14,13,204711
12,11,172545
13,12,186571
14,12,176685
12,11,216641
10,10,192122
14,14,239197
13,13,186546
9,9,194110
13,10,209768
11,11,194029
8,8,179821
17,15,209090
10,10,177226
13,13,193142
6,6,180281
18,17,219672
12,12,196570
14,13,196520
13,12,184530
15,14,189958
19,17,232093
18,17,203915
14,13,204916
13,12,175648
12,10,187955
12,12,201848
14,12,184878
3,3,196028
10,9,198439
13,13,202430
14,12,183437
18,17,198788
16,16,190126
10,10,203683
9,8,190034
12,11,197084
12,12,208352
19,17,192085
15,13,189524
11,11,178829
16,14,217291
10,9,190472
9,9,196971
14,12,202663
18,18,214119
14,13,179306
16,16,195801
14,14,177884
7,7,166023
8,8,183692
10,9,170531
9,7,157230
17,15,175576
9,8,182487
15,14,198936
12,12,199617
15,12,225587
11,11,195701
19,18,189686
4,4,164354
14,13,191003
11,9,224091
12,12,184362
10,10,183757
13,13,226715
9,8,207214
13,12,196284
14,11,221985
9,9,209287
13,12,212405
8,8,201456
13,11,204096
15,15,198033
8,8,202984
13,12,199089
12,12,200614
19,17,201124
20,20,247345
16,16,218028
11,11,183102
12,10,179269
11,8,199505
15,14,224217
13,13,181720
13,13,203133
15,12,219613
9,9,191657
20,18,207595
13,12,204801
13,12,209941
21,20,215438
7,7,215292
12,12,212210
14,14,198783
11,10,203425
13,12,207082
19,19,257423
13,13,204192
13,12,156620
15,14,206589
16,16,193478
10,8,198838
15,15,185192
16,15,206165
14,14,179677
11,10,181947
11,10,162055
14,13,206429
7,6,197266
16,14,192082
20,17,195184
16,14,203294
19,17,230849
10,10,181337
12,11,219929
13,11,210173
12,11,197202
13,11,170199
8,6,189885
12,11,192993
18,17,243401
9,6,201743
8,6,178075
16,16,196551
10,10,179222
15,12,209297
8,8,203681
16,15,206030
15,15,188462
11,10,204680
16,15,176641
9,8,195102
17,17,215704
19,17,220505
18,17,222430
10,8,199092
13,12,199619
14,13,178166
16,14,180208
10,8,173179
15,15,210921
7,7,195239
14,13,217661
17,16,181414
11,11,191892
10,9,185052
9,8,212405
11,10,221334
14,12,187597
17,15,207012
14,12,185356
18,15,184642
14,13,186213
12,12,206317
11,10,190708
7,7,168513
12,11,196874
16,15,194447
9,8,185775
5,5,209158
12,9,189692
14,13,193046
12,10,217797
12,11,195005
11,10,154687
12,9,197395
11,11,186385
9,9,184027
19,16,203522
13,11,199516
8,6,170947
21,20,214941
8,8,204746
22,20,224271
10,9,189501
10,9,177334
12,11,210172
15,15,196873
12,11,189124
15,12,195173
17,16,206324
18,17,173475
12,11,217565
15,13,207656
21,20,202790
24,21,191228
10,10,188061
10,9,185946
7,5,162778
11,11,204690
7,7,162849
8,8,165596
15,14,176823
20,17,180292
13,12,221847
15,14,207381
11,10,199182
11,11,209610
10,10,179933
15,15,210355
13,13,227894
17,15,170607
12,12,211811
15,13,215970
7,7,203155
12,11,193849
10,10,191501
20,19,176807
10,9,190733
19,18,180863
13,13,213355
12,11,194028
15,14,201177
10,9,185569
18,17,191514
11,11,198822
22,21,201952
11,11,178972
21,21,194591
19,19,200100
17,15,191997
16,15,207683
13,11,202382
15,14,193048
16,16,209129
12,9,209187
12,12,182330
6,6,187106
4,4,172448
6,5,214189
16,13,239092
11,11,197512
7,7,216139
13,10,162754
5,5,190833
26,25,196853
14,13,208970
12,11,192426
16,13,207079
9,9,211704
16,14,201395
11,11,191063
11,10,163175
13,13,192366
13,10,198344
14,13,207559
11,10,196707
16,15,185985
10,9,174994
17,15,172353
8,6,191492
10,10,163329
11,10,164311
12,10,212453
20,18,191998
10,8,218358
13,13,195283
10,9,184295
11,10,180435
16,14,188642
15,14,200085
10,10,186328
16,13,180743
8,8,214283
13,12,208238
13,12,194197
14,14,215658
14,12,190160
19,17,206845
13,11,197532
6,6,211663
19,19,208979
14,13,199534
17,16,196511
16,15,195338
6,6,189078
16,15,186701
10,10,199199
6,5,219870
9,8,202386
12,12,203330
14,13,193935
19,17,201572
5,5,170745
10,8,175749
13,12,197851
9,8,202404
12,10,194477
15,13,150403
14,13,185401
8,8,156281
16,15,195412
8,8,182804
9,9,196504
13,12,201078
24,23,221876
13,13,211725
19,17,199160
13,12,210839
12,11,205753
18,12,205633
15,15,173320
11,11,194147
11,9,196209
13,12,198516
11,8,181661
11,10,174439
18,18,201836
20,17,185800
13,11,183559
14,12,186692
16,16,214833
7,7,190257
17,16,217235
15,14,216809
13,13,194126
9,9,208920
8,7,190578
12,12,196564
17,15,205030
15,11,197487
21,20,181583
9,9,180286
16,13,213390
11,11,160976
7,6,215209
17,16,184378
7,7,195770
9,7,207255
7,7,214664
10,8,211692
15,14,183759
7,7,210579
13,13,176064
17,15,186672
14,13,186300
16,16,208465
10,8,195416
10,10,200234
10,8,207936
10,9,175577
10,10,171401
16,15,190105
14,13,191579
13,13,180409
19,16,177806
9,9,183320
14,12,202054
13,12,207860
15,14,202964
14,10,218334
14,11,207051
7,6,191157
8,7,191189
15,15,162983
18,18,229054
21,20,221921
15,13,207202
11,11,190057
12,11,203440
19,19,191602
12,11,201532
8,8,192032
10,10,200192
11,11,195995
16,14,204607
17,14,215427
6,6,177134
10,10,216459
8,8,197228
8,7,225810
12,10,184401
15,15,186394
11,9,199703
18,15,237944
10,9,179743
12,11,164838
20,20,213262
17,17,210722
12,11,203843
21,17,187993
10,9,219458
12,11,186050
12,12,198828
12,11,210074
19,19,210820
9,9,204221
8,8,168449
17,15,204347
21,19,188842
12,12,201563
4,4,188388
8,8,183107
13,13,190610
10,10,190066
12,12,181739
7,7,172567
14,12,187776
14,12,188679
10,8,179833
11,8,193794
14,13,199162
10,10,186668
9,9,202653
11,7,176972
16,14,192505
6,6,206487
16,16,199947
14,13,187922
17,17,173220
17,17,199718
12,11,204012
14,13,181264
7,7,188441
16,14,208659
11,11,195818
18,14,179799
3,2,174603
12,11,194269
15,14,190575
11,9,239054
11,10,194810
19,19,188993
12,11,178753
11,10,187464
17,17,205543
13,13,193400
9,8,182544
13,13,189568
24,23,207190
8,7,185274
12,10,215351
11,9,200264
10,10,205795
7,4,185692
17,13,202264
15,14,198260
16,15,205559
19,18,181863
12,9,218047
5,5,207016
10,10,165537
9,9,195811
14,13,207785
12,12,193406
11,10,172066
18,15,208124
12,11,218283
10,10,192673
13,12,213771
12,12,238160
12,11,188399
11,11,217493
11,8,190099
14,12,173613
20,19,211976
13,11,182456
8,7,204363
12,12,213075
7,7,189500
8,7,198850
20,18,211025
16,15,211841
11,9,227466
8,7,194669
12,11,184020
14,14,215807
11,10,222684
7,7,202157
13,11,181936
18,16,194405
13,13,233578
12,12,220365
16,13,168559
16,15,221524
10,9,184437
8,6,167000
10,10,181544
11,11,183231
14,13,225071
15,14,188380
12,12,199564
13,13,187368
13,13,195572
15,14,183681
8,8,192206
12,11,184516
13,13,180768
8,8,198219
12,9,209674
9,9,157552
14,13,206722
15,13,213153
14,12,170510
12,12,205157
9,9,177020
10,8,199363
15,10,172617
18,17,222940
20,19,211353
7,7,201552
15,15,201466
19,18,232179
14,13,190199
13,12,234769
13,13,181458
9,9,198208
15,14,183074
6,6,190453
8,6,171430
13,12,182457
11,11,183273
13,12,174268
11,10,227446
7,6,174016
19,18,235009
8,6,195648
13,12,200189
17,15,228661
17,15,180503
10,9,205091
15,14,213844
18,16,189326
12,12,233367
9,9,188352
7,7,194421
13,13,239238
14,12,181595
18,17,205035
10,7,177527
10,10,203990
9,7,197585
17,16,194726
21,19,190278
13,12,202423
19,17,190200
15,14,206866
14,13,188734
13,11,182480
19,18,223893
8,8,168393
18,18,216467
13,12,190254
9,9,182156
27,26,208346
14,12,158547
9,8,173292
10,8,189554
22,22,229300
20,18,210819
13,11,206640
18,18,206486
15,12,199630
12,10,228580
15,14,199695
16,14,215030
16,14,200289
15,12,186604
15,13,197287
6,6,159416
10,9,169544
16,14,211814
18,18,186377
11,9,162827
12,12,203029
10,10,190795
12,10,189206
13,12,218880
7,7,188912
16,15,220346
13,9,196397
6,6,176830
11,11,224552
13,11,185836
15,15,199227
18,18,208581
15,15,163394
9,9,184077
17,16,197525
11,11,190926
15,11,185429
6,5,167516
13,13,199203
15,13,189181
9,8,190557
20,20,182737
13,10,178991
7,7,174546
8,6,210152
9,6,183486
15,13,207076
10,9,171741
14,14,199137
9,9,176324
15,12,170626
17,15,202524
6,6,188206
11,9,196342
15,13,234270
14,12,177615
14,13,187000
16,15,192452
17,16,226566
15,15,188837
13,13,193103
8,8,178053
18,15,170857
20,18,199525
13,13,213219
14,11,190272
16,13,207175
8,6,163081
15,15,177478
8,6,179314
21,21,238707
12,10,203334
14,13,194258
16,15,198165
13,12,170279
15,13,198763
10,7,177811
16,14,199563
15,14,202986
14,12,193103
10,9,199448
9,9,175219
6,4,182708
12,11,192903
12,10,211859
10,8,171130
13,11,189969
16,14,201596
11,10,202734
12,10,196125
12,12,204444
15,14,195827
8,8,181858
14,13,181594
13,10,223705
11,9,204998
17,16,213702
13,13,202124
14,14,191233
16,15,192377
15,12,199230
12,12,198727
15,15,215083
14,14,193411
11,8,218633
13,13,204527
10,10,191841
15,14,192178
18,18,210799
6,6,187368
17,16,212708
12,11,206170
15,15,199920
10,10,226696
10,8,188930
9,7,201806
12,10,216435
16,15,184076
15,15,203672
11,10,222098
11,10,179856
13,11,211021
9,8,182866
13,13,202814
15,14,211026
16,16,171101
10,10,186868
14,14,216402
16,15,230048
9,8,205251
7,6,192405
9,8,195995
10,10,174368
13,12,169523
9,8,183840
17,14,177251
15,14,169335
11,11,221972
11,10,192564
13,12,217843
15,13,190394
11,10,180868
14,13,195698
7,5,179765
10,9,170722
9,8,194243
10,10,171270
18,17,183256
8,7,173214
12,11,195800
18,15,199621
13,12,203233
16,16,196802
7,6,211096
17,17,196415
17,13,191870
13,13,200179
9,8,204658
6,6,180028
17,15,187943
19,18,202372
10,9,205493
13,10,174442
11,10,209856
17,17,205468
15,11,220805
14,12,223291
13,13,206960
19,19,202028
16,16,183653
8,8,193632
11,11,194770
12,12,193683
12,11,195471
18,16,185053
12,10,173316
18,15,195026
12,9,187073
9,9,175108
12,12,196975
12,12,211283
14,14,211745
13,12,180395
14,12,189219
8,8,198444
10,8,212299
9,8,216641
16,14,202112
16,15,172523
17,16,214171
10,10,191434
15,13,182791
6,6,173384
10,10,173524
18,14,175586
14,12,203580
13,13,185801
17,15,227279
15,13,193807
14,12,189869
14,14,192572
15,14,217920
13,12,175132
11,10,210872
17,14,174443
9,9,207337
12,11,182414
15,12,175311
20,19,202562
6,6,196940
13,13,177620
19,14,182849
11,9,203419
16,15,198466
9,7,184570
18,17,204472
20,18,206763
8,8,188657
13,12,192537
11,11,185176
20,19,221799
14,14,216063
8,8,194393
8,8,198329
12,10,181656
13,13,169399
10,8,188860
20,18,226676
14,13,173647
11,11,184109
12,9,188849
20,19,217961
11,11,217645
15,13,202342
10,10,173214
16,16,184304
14,13,190934
15,14,214557
10,8,170616
10,8,189427
11,10,201161
14,14,216917
18,15,164937
13,13,181290
14,13,209067
14,10,170349
25,25,163693
14,14,212677
11,10,182211
14,14,220290
11,10,192753
14,12,191121
17,17,210956
11,11,181739
11,11,207238
10,10,195880
17,17,206680
8,8,203327
14,13,196114
10,10,216558
16,14,208912
15,15,181059
8,6,171925
11,10,196548
13,12,220044
14,13,200310
14,14,220021
6,5,190310
10,10,177343
14,13,228149
11,10,211652
7,6,181997
18,14,206169
16,14,187349
11,10,157445
7,6,205153
18,16,218436
9,8,189869
14,13,176400
9,9,204529
7,6,194443
14,12,201155
11,10,179968
10,10,213254
11,11,193897
13,10,195640
12,12,225435
12,11,194347
8,8,206142
15,15,207080
14,13,248825
18,18,230637
14,9,185437
13,13,207638
5,5,196408
13,12,206095
13,12,196001
9,8,192915
15,14,167842
8,8,167839
9,8,186748
13,12,211569
17,17,217524
9,8,200226
16,15,177348
15,14,218046
13,13,180499
10,8,172183
5,5,194232
10,10,186360
16,13,174068
7,7,219789
8,7,221098
20,18,199808
13,13,180961
9,7,163448
13,13,203683
19,17,218829
16,16,212717
10,8,217926
16,16,210979
7,7,191885
8,7,177006
16,15,172085
12,10,219939
17,16,223552
20,19,208719
14,14,174518
11,9,157740
19,17,193394
14,12,178488
12,12,193678
19,18,176460
10,10,222462
14,13,186480
19,18,204288
15,13,190458
15,14,180496
18,17,187231
17,17,197044
13,12,202001
14,14,181779
14,14,189705
18,16,191906
18,16,206367
9,7,174081
12,10,183796
12,11,216224
20,18,215560
11,10,184404
13,13,183241
14,13,210404
11,9,192028
12,12,199115
11,11,198394
7,6,189751
14,14,197135
19,16,196972
15,15,213592
16,13,199089
22,22,250493
14,13,196304
8,6,178060
11,9,180214
11,9,197513
12,12,171484
14,13,172013
8,6,190129
16,13,202693
7,6,184979
13,12,179910
13,13,200134
16,14,187103
13,12,204198
21,18,212358
14,12,190093
11,11,208419
9,8,200046
18,18,175130
11,10,194107
11,11,227877
9,9,174456
10,10,201970
17,16,207221
14,14,211237
18,15,177621
12,10,183091
10,10,197135
10,9,199473
16,13,210216
13,11,185334
15,15,217805
10,7,192786
17,16,189984
10,9,181010
16,14,225198
12,9,203356
12,11,195151
10,9,187199
10,10,216665
15,15,202991
13,13,224796
16,15,227663
6,5,189434
13,13,218178
13,12,190268
15,14,175473
21,19,213582
6,6,226910
15,14,214956
12,9,205895
12,10,192213
21,19,192946
15,12,197871
11,11,185121
9,9,202741
19,19,205360
11,9,200223
15,12,173525
16,14,201003
13,13,196306
7,6,208035
15,13,206555
14,12,186409
13,12,204947
9,9,161759
11,11,155223
15,14,212452
15,15,187707
13,13,207592
14,12,209193
12,12,196729
18,16,209940
16,15,188920
14,14,197993
8,8,163456
9,8,190527
12,12,207023
20,20,206585
9,8,208546
9,7,194624
10,9,169065
13,11,195700
8,8,203925
18,17,202740
9,8,218436
10,10,204501
14,14,223229
16,15,187782
16,16,193172
19,17,196441
16,14,185170
10,10,167790
9,9,190335
15,14,188175
15,14,203378
10,10,182726
8,8,178915
9,7,197609
22,20,202691
9,9,200233
5,5,189496
13,12,212799
13,13,200278
19,14,223061
10,7,194226
11,11,178834
18,15,200913
12,11,174568
18,16,218857
19,19,185242
16,12,203237
18,16,199378
16,16,222618
18,14,217236
9,9,204638
15,14,184192
11,8,192872
7,7,193696
18,16,200787
18,17,208583
15,13,183890
15,15,192346
16,14,164376
13,12,208171
9,9,212478
14,13,198218
16,14,222765
7,7,217867
12,11,186880
12,10,181764
11,10,195061
9,9,181035
15,14,219257
17,16,190391
14,12,187967
13,11,210909
13,11,181339
10,9,216655
11,7,192079
12,11,208747
14,12,198013
11,11,207968
7,5,169304
10,8,164243
13,12,201971
18,16,210867
11,9,187873
14,14,207172
9,7,188613
14,14,190728
12,10,187040
11,11,185098
14,12,201572
16,13,173883
13,12,181114
16,16,212215
18,18,217284
12,11,195810
9,9,226004
12,9,192705
14,13,179378
17,16,214735
11,11,202647
11,11,193702
12,11,187078
14,13,193507
15,14,194742
11,11,205944
20,18,207787
10,8,177889
10,9,216623
12,11,194553
18,15,190227
12,11,218611
13,12,197640
16,14,192915
14,13,211424
13,13,199942
16,16,221991
19,16,185707
20,17,191427
8,7,196544
17,15,206894
12,11,213069
10,10,179787
13,12,206331
13,11,198622
15,14,202638
11,10,194362
7,6,228113
13,10,195732
14,12,184077
13,12,199811
7,6,189849
11,11,203500
13,13,169466
9,7,180967
11,9,173075
10,8,192464
20,17,205540
13,11,193631
14,11,204027
13,13,219213
12,11,184387
14,12,188993
9,8,167387
16,16,212475
14,14,195713
13,12,193799
14,13,214225
14,13,203124
13,13,188777
12,11,202184
11,10,185209
10,10,233054
16,14,217959
16,16,171014
7,6,192230
10,10,200949
12,11,192436
14,14,204128
17,14,187539
12,8,177515
12,12,213675
12,12,184537
14,13,188010
18,17,209877
12,12,215090
6,6,212218
5,4,205172
5,5,192631
15,15,175990
18,17,201100
20,19,223123
14,13,190148
12,11,213825
17,17,182336
15,15,182072
17,17,194093
10,10,158537
9,9,201740
12,11,168474
8,8,202467
13,12,190721
9,9,178947
6,5,158882
17,15,203113
12,10,205329
16,14,187821
20,20,207002
13,12,208331
14,13,190326
15,15,195040
16,15,183845
13,11,192435
14,13,178895
13,12,181886
16,15,208906
12,12,212744
13,11,197913
18,17,216918
13,12,200342
11,11,182666
14,14,218049
9,9,226336
17,15,210336
14,14,223449
15,15,196263
8,7,194179
17,17,195013
13,13,207966
7,6,158594
16,16,186545
15,15,203126
15,12,206699
17,13,215214
11,10,194062
10,9,186372
14,12,207530
16,15,192699
14,13,216739
18,18,196421
9,7,177395
15,14,198910
10,9,185350
20,20,201441
11,10,181502
8,8,193867
15,13,205357
16,12,225477
13,12,190578
9,9,188487
15,13,199345
10,10,173676
8,7,178434
9,9,182104
6,3,171750
18,18,218443
10,9,193077
15,12,189235
14,13,196323
10,10,183881
18,16,195697
14,14,191866
12,11,198692
14,12,208022
18,16,207275
9,9,191793
11,10,178012
12,11,193206
12,12,223214
12,11,201649
15,14,210261
15,15,205209
13,9,180539
12,11,172896
11,11,184003
11,10,189408
14,14,193205
14,13,195301
12,12,225388
14,14,190876
15,13,196579
13,11,196561
15,14,222747
10,9,181248
12,11,195979
18,15,212489
5,4,179211
14,11,182805
13,13,172758
7,7,227905
9,9,188465
8,7,202315
11,11,208608
11,10,197151
10,10,206256
11,10,215932
10,10,190480
18,14,183584
10,10,182801
13,12,217672
15,15,217305
11,10,198458
16,16,212084
12,12,184866
16,13,172962
24,21,216908
7,6,180126
19,18,215975
11,9,190065
16,16,190816
14,13,168305
13,13,209472
20,18,198405
10,8,182637
8,7,195167
13,11,182717
13,13,194331
19,19,194514
12,10,197381
9,8,164308
11,11,178607
19,19,200801
9,9,206863
9,8,171975
10,7,164429
13,12,196076
14,11,218312
18,16,217788
10,10,186875
11,10,187681
15,12,218245
20,18,179690
19,18,220202
7,6,183620
16,16,211853
23,21,219066
8,7,168247
11,11,200280
17,16,201402
13,9,192491
14,13,209325
9,8,209391
13,13,210408
6,6,171613
13,12,189575
15,14,195232
14,12,229068
17,16,186097
14,12,185124
12,10,192612
19,17,202858
13,12,184526
17,17,203921
15,15,219476
11,10,208485
15,14,186428
11,10,196092
10,10,173202
12,12,212121
12,12,178217
14,13,171630
17,16,180756
12,12,198843
12,12,190017
13,12,189633
13,11,176945
22,21,197041
16,14,200689
19,18,182726
15,14,222661
17,15,195440
20,19,206446
17,16,206635
8,7,165951
17,15,219097
17,16,196602
17,17,196632
10,8,181153
7,6,172359
12,11,198019
13,10,194671
14,10,162932
15,15,169779
13,13,199350
11,11,197944
7,7,178413
13,10,199713
16,14,225954
12,11,200971
19,19,204056
19,18,183033
20,19,200904
14,13,193592
7,7,206124
13,10,197862
11,11,178228
20,20,217740
11,8,194472
14,13,219856
10,8,183613
21,21,184448
8,8,185509
9,9,219562
10,9,189851
20,20,200531
14,14,210022
11,10,209236
13,12,192684
14,13,220607
11,9,225317
24,23,200891
12,12,208599
12,11,186687
12,11,200639
15,14,215744
8,7,209290
8,7,194663
17,17,195346
10,8,202719
12,11,174736
10,10,214162
9,7,201814
15,15,207225
14,14,202414
11,8,185092
12,10,224796
16,16,209495
9,8,201948
13,13,207392
16,16,186671
14,14,213538
18,16,173167
18,17,210199
12,9,191936
17,15,185739
21,20,184350
15,14,218318
12,10,184463
10,10,228716
13,12,205846
12,12,212387
10,9,181730
16,16,214901
11,11,201849
14,14,191171
9,9,186933
17,16,218415
20,17,206697
9,7,187861
8,6,193842
17,15,183761
25,23,195317
9,8,190422
9,7,189082
8,8,182410
20,20,196498
12,11,161346
18,16,208404
21,19,209678
13,12,193849
9,8,170878
7,5,188794
12,12,171668
21,20,226991
18,17,190253
14,13,192945
13,12,183946
15,13,197789
23,21,198004
12,11,193769
9,7,184480
14,12,207750
15,15,224445
17,16,234328
14,12,198962
9,8,193951
16,13,203735
15,14,209625
14,13,190365
8,8,171211
11,9,167895
8,7,174761
13,13,211417
15,13,219292
9,9,174376
18,18,177700
9,8,169908
14,12,241265
20,17,208387
16,14,199185
14,12,190235
17,16,213077
15,13,193779
23,22,191365
16,14,217596
11,9,188417
14,13,218762
15,14,194455
8,7,203085
12,11,199850
16,14,181993
19,19,200300
11,10,190594
15,14,236981
24,20,193040
16,14,201970
17,15,209572
11,11,194137
17,16,189026
17,16,203338
14,13,199652
12,8,193295
8,7,202835
23,21,198680
15,13,188420
10,8,196576
5,5,212787
13,10,197535
15,14,208189
13,10,207849
18,17,211049
11,11,193528
15,12,208355
13,12,203036
13,12,173969
10,10,223733
12,10,187075
13,12,210230
16,15,171320
11,11,174742
8,6,183249
17,15,182799
14,11,186271
7,7,159923
14,13,168185
12,12,196668
10,10,189754
12,12,217474
11,11,186401
12,12,210779
8,8,192013
14,13,203056
13,12,193816
11,10,155747
13,11,190960
13,13,189535
9,9,203481
15,13,204440
12,10,210085
15,13,212569
13,12,204482
11,11,199488
11,8,213390
13,10,211715
12,11,193200
8,7,198516
21,21,201663
11,11,185230
18,15,217109
12,9,185110
18,18,237044
14,11,203989
13,11,191329
10,10,233094
14,10,194381
13,12,202533
10,10,206097
13,11,186219
11,11,192245
11,10,196878
13,13,204741
11,9,199457
10,10,177144
15,15,172134
10,10,199147
16,13,205672
10,9,201169
12,10,195218
10,9,183950
12,12,206114
14,13,207520
9,7,177833
20,15,212091
11,11,209910
10,10,196852
11,9,178902
10,8,179007
8,8,205539
10,8,192712
18,16,200729
12,10,205574
16,13,189816
17,16,181080
19,17,226541
9,8,198292
15,15,192130
10,9,193212
16,15,206579
9,8,194226
14,14,206284
7,5,207876
13,12,196850
13,13,200923
12,11,207533
14,13,187543
10,10,210091
12,12,217535
9,8,213669
14,14,199130
14,12,198144
9,8,193345
12,12,185501
17,15,214505
15,13,181865
12,8,192182
10,10,221382
15,14,212628
15,13,209065
10,10,214270
14,13,190012
14,13,214358
12,11,207725
12,11,194167
14,13,208224
9,9,184265
13,11,189377
12,12,184426
16,15,169701
14,13,193029
15,14,200153
11,10,200709
16,15,197605
11,9,186861
16,16,212667
14,13,221447
25,21,223055
9,9,172023
18,15,223192
13,12,196390
14,12,224822
15,15,209696
16,16,183862
10,9,179389
15,13,200600
10,9,186299
11,10,182697
10,10,180311
10,9,173622
18,18,230300
10,9,193459
6,6,192459
22,20,190160
10,9,194211
11,9,182953
14,14,209776
16,14,189788
10,9,181495
21,19,211994
10,10,193483
14,13,187966
14,12,178757
12,10,194302
21,19,194473
8,7,181850
15,15,211475
18,13,199789
13,13,195532
11,11,220359
15,13,194028
12,12,192404
15,14,215828
16,15,174677
14,13,197836
16,15,190245
9,8,195254
7,7,199111
11,9,170138
16,15,191052
18,17,201743
5,4,189515
13,12,193946
11,10,189813
10,7,208055
11,9,204464
10,10,193538
8,7,174731
8,6,195523
13,10,189538
13,13,206053
17,15,197284
10,10,221740
11,11,175233
16,16,187335
7,6,199178
15,13,205483
21,20,232534
20,18,246476
10,10,190813
9,6,176452
11,10,194705
15,13,201237
16,15,221944
16,14,214171
14,14,207539
17,16,186404
16,15,197950
9,8,216784
11,10,175525
13,13,202061
16,15,216948
12,11,200189
15,14,210271
14,12,211638
10,8,213918
17,15,225857
10,9,189185
14,14,188912
9,9,196288
12,11,202368
20,19,208977
9,9,196531
19,17,169310
19,17,208639
8,8,184647
19,18,195857
5,5,201020
8,8,206085
9,8,182121
11,10,188753
24,24,240579
11,9,196528
15,15,202145
16,16,213509
16,13,182379
13,13,204199
14,13,217926
13,13,180516
8,8,180397
15,13,195640
16,15,201488
14,14,187579
15,15,191764
15,14,218069
13,12,208730
9,9,174501
9,9,183194
16,16,209454
15,15,193804
14,10,193185
13,11,207224
19,17,215100
14,14,212001
19,17,204256
16,15,203411
17,15,191824
15,15,215778
16,13,191277
16,15,218002
14,12,212200
25,22,215362
10,9,190632
22,20,216629
11,7,195936
17,16,200433
10,9,204340
23,22,204285
9,7,190407
7,6,188783
16,15,219866
13,12,192212
12,12,203985
11,10,226874
13,13,207427
11,10,207972
14,14,190608
10,7,164830
12,10,207490
14,12,198663
16,16,205458
10,10,221841
10,9,190685
8,8,196551
14,12,211393
13,13,183141
6,6,187730
13,11,192814
12,11,203272
13,12,202874
15,13,208079
8,7,196225
8,6,210577
13,11,204592
12,10,178759
19,18,197810
12,11,191991
8,7,160009
13,10,207120
23,23,216062
10,10,199251
8,8,188259
13,13,154789
10,9,195520
8,6,168192
8,8,171416
8,8,180302
13,13,218033
6,5,189002
15,14,224231
14,14,217015
17,15,177290
21,21,227570
11,9,211404
10,10,174082
9,8,186596
13,13,211975
13,10,211899
20,16,210744
13,11,181104
8,7,187005
12,12,211020
7,6,216588
9,7,205537
15,14,201774
8,7,192694
9,9,185829
7,7,199216
18,17,189758
10,8,219304
17,16,211456
15,12,212910
12,12,200404
9,8,201926
19,15,232335
18,18,180668
11,10,200529
12,11,190812
14,13,197708
11,9,195183
13,12,217463
20,18,203683
6,5,179721
13,12,198274
11,11,211496
13,13,174341
12,10,194952
6,5,187760
8,8,179798
4,4,168871
8,7,191065
9,9,206759
18,16,226212
12,11,173859
10,9,175376
17,15,192646
10,10,185393
17,16,182733
21,19,204315
13,12,180210
8,8,187644
12,11,199767
17,16,199038
19,17,213373
14,14,199881
16,16,222581
10,9,201841
13,12,219139
10,10,205013
13,10,193232
13,13,213018
10,10,186430
7,7,172164
7,7,206627
12,11,204343
13,13,197132
13,12,186722
11,9,154308
16,15,215260
24,21,240375
17,15,190028
11,10,183617
9,9,191478
9,8,197189
20,19,243589
11,10,181023
17,17,208423
12,11,196200
12,10,205192
15,14,232363
9,9,194160
7,7,200617
9,7,184693
16,13,198520
6,6,183433
15,13,206815
17,17,205172
10,10,205880
17,16,198580
8,6,186995
17,17,192151
16,16,172456
6,6,223632
15,15,196208
11,11,177099
19,17,214799
5,3,185255
14,14,183184
22,15,197501
17,15,217406
13,13,186886
10,8,177296
12,11,203801
14,13,201328
14,14,213049
15,12,183608
20,18,213947
14,12,188030
12,11,168276
12,11,183032
17,15,205450
18,16,198766
11,10,180451
13,13,193425
3,2,200767
8,7,160921
12,11,209912
4,4,189761
11,11,188934
17,14,212867
7,7,167214
7,5,176697
11,11,195313
16,16,202495
14,13,199747
12,12,179411
9,8,199460
17,14,183110
21,19,214273
13,13,181565
12,11,192400
14,12,224856
6,6,222036
17,12,217933
15,13,184173
11,10,190983
15,13,187481
13,11,217358
17,16,204038
10,9,192698
17,15,191547
13,13,167919
11,9,175270
9,8,205711
13,9,200215
8,8,177682
9,9,168689
19,18,197100
14,14,176848
18,18,195399
12,12,199156
18,17,190516
14,14,197917
6,6,178822
6,4,176619
19,19,176236
16,10,188422
13,13,177174
17,17,202063
13,12,178674
15,13,180141
20,19,210313
11,11,198601
23,23,217720
13,13,168339
13,13,204670
8,7,214949
7,7,192530
15,15,202703
17,17,206015
10,10,212605
10,9,174956
15,13,215280
11,9,180939
8,7,193991
15,14,194111
13,12,212361
16,16,194342
18,17,197127
16,15,200811
13,12,169919
5,5,189428
11,11,189865
14,13,226080
16,14,211074
18,17,211352
13,11,189152
17,15,176401
14,14,187520
14,12,158620
8,7,183249
20,19,212849
18,17,180963
10,9,190611
12,12,207513
14,13,174889
9,8,184965
15,14,200184
18,17,208671
15,13,169556
10,10,173229
12,10,194654
14,13,170417
18,17,193339
16,15,209417
8,8,208334
7,6,190584
8,5,197361
12,12,201533
17,16,228790
12,11,195992
15,11,189198
13,12,190204
9,7,191341
10,9,205732
12,10,177606
13,12,185408
13,11,197568
12,10,174604
14,13,197162
11,9,199396
15,15,208751
14,12,199337
14,13,239123
9,8,183324
10,10,207448
6,6,202379
11,10,181623
18,14,211322
16,14,194949
12,10,210239
10,8,174588
9,8,199432
16,16,199434
9,9,201484
17,17,206879
12,10,176379
13,13,161442
15,14,178410
9,9,204172
15,14,202261
19,17,241355
12,12,209540
12,10,202052
16,13,205279
9,8,194486
5,5,200927
18,16,221637
13,13,227347
16,14,222417
16,16,189882
18,16,187209
12,11,226271
11,10,185989
15,15,211034
12,12,216487
13,13,223496
14,13,201934
14,13,190695
6,6,207957
8,6,195329
19,17,204761
5,3,177962
15,14,194885
17,15,205526
17,16,215903
18,14,200225
14,12,190977
14,13,197953
14,13,224937
17,16,204970
12,12,182605
14,14,211181
21,19,228047
6,6,179397
15,15,210314
16,14,184549
20,17,200561
13,13,217618
13,13,189978
12,12,220592
7,7,172686
10,10,204085
18,15,206737
12,12,187498
10,10,163376
9,8,182354
7,7,209947
15,13,203421
7,6,167245
9,9,192798
15,15,190819
20,20,229115
7,6,234609
15,15,217370
10,9,190513
10,7,186080
10,10,239237
14,11,204745
7,6,187952
10,9,166116
16,14,199385
26,26,213323
4,4,200174
14,12,200918
16,16,213150
10,8,185156
15,14,189546
10,9,166232
17,16,196533
17,17,215183
16,15,237802
9,9,187544
10,10,212178
15,15,190171
13,12,188547
9,8,188483
10,8,181158
18,16,191355
9,9,208782
16,16,213056
12,11,171938
7,7,189329
12,10,169155
10,8,178321
16,15,214593
13,13,201456
16,14,187307
11,11,210439
15,14,227453
11,10,201250
6,4,180123
9,8,170853
14,13,206530
12,12,187333
12,11,174767
18,18,196276
17,15,167008
14,14,168857
17,15,205268
5,5,181359
8,7,202580
13,13,199011
16,15,207800
16,15,157242
15,13,186475
19,19,218797
19,18,223909
11,10,191230
19,17,196127
10,10,205345
8,8,212589
12,10,163798
14,14,192945
12,12,199197
25,23,209992
11,8,172348
12,11,178913
5,5,203249
16,15,197603
15,14,212632
16,16,191262
13,12,193790
17,15,205564
13,13,198106
10,9,197102
12,12,192704
14,14,196947
21,20,206008
12,10,192233
14,13,182955
12,12,201250
13,9,190829
18,16,179277
7,7,197035
9,9,167063
17,15,167432
15,15,263893
8,7,173302
17,17,232787
21,19,191299
15,14,174424
10,10,195022
15,12,215059
16,15,220606
11,8,191771
13,12,193713
6,6,175588
19,18,225835
22,22,178458
20,19,207266
13,12,177206
14,13,179215
5,5,161228
18,18,183389
17,17,189050
19,18,193770
13,13,202697
13,11,167644
9,7,173152
18,16,199971
12,12,213214
8,8,219230
16,15,176734
16,15,221317
21,21,210350
8,8,225408
8,7,207925
6,6,201784
8,7,204874
18,17,203487
14,13,203322
6,6,167229
11,11,175378
10,8,197397
14,14,234909
16,12,172657
15,15,193786
18,18,219297
16,14,213644
20,19,205296
4,4,149936
18,16,186536
12,10,181915
19,18,180700
14,13,206658
10,8,170937
10,10,211081
9,9,171034
11,9,170895
8,8,208108
11,9,213685
9,8,198799
8,7,190708
16,14,188800
15,13,173641
11,11,201989
12,12,196757
12,12,196405
17,17,190410
10,10,177616
11,10,196215
16,13,204856
13,11,178825
13,13,201967
15,15,166338
12,10,181008
16,15,210590
14,13,197790
14,12,164540
10,10,162872
20,17,219588
12,11,182442
21,19,199166
20,18,197262
14,13,196415
8,8,179433
13,11,228257
13,13,198838
12,11,199186
12,11,207485
8,7,194465
15,15,201864
17,15,191392
15,13,199759
16,15,209248
10,10,231235
15,15,181810
16,15,187704
17,15,191643
12,12,200016
15,12,180297
10,10,183023
11,11,203514
16,16,171905
17,15,201006
20,16,201510
22,20,179776
14,14,198387
13,12,217483
15,15,184418
20,17,204217
18,17,215912
10,9,210149
15,12,212123
6,6,172147
14,13,203346
13,13,181091
17,16,196752
16,16,184686
11,11,172156
10,9,177041
9,8,203696
12,12,201883
17,17,186291
10,9,199373
18,18,202555
24,23,236383
10,9,197873
7,7,177361
18,17,195423
13,10,194910
7,5,202453
15,15,200124
12,11,173025
18,18,199521
11,11,177018
7,5,180449
17,16,223509
12,12,217444
11,10,197475
6,6,184136
9,9,195222
14,13,215209
17,16,213329
14,12,245096
16,16,210787
10,9,223024
17,17,179608
23,23,195250
18,17,205003
14,12,193040
12,11,187480
12,11,231276
12,11,178630
10,9,210857
11,10,184794
14,12,214561
9,9,201614
15,13,196570
11,10,193998
11,11,204493
14,13,208233
9,8,205086
21,20,219124
8,8,170153
9,8,187594
19,17,199006
6,6,171797
21,20,213145
18,16,192392
16,15,197068
8,6,167516
10,9,213330
9,9,178435
12,12,188148
14,12,169785
19,19,206743
18,16,211421
15,14,195147
17,15,213196
4,3,171942
16,16,182691
10,9,202833
14,13,230847
10,9,185953
10,10,211024
13,13,206430
23,22,190204
11,10,211194
14,13,180827
15,15,189413
16,16,192931
12,11,211282
16,15,199040
12,12,206948
9,7,189423
13,13,212590
4,4,195401
9,9,171511
14,12,181707
8,7,190305
8,7,203728
9,8,203922
16,15,214225
15,15,206782
10,9,220254
9,9,188435
19,17,178030
12,9,181604
9,9,168546
17,16,202326
15,14,203215
15,13,235187
9,8,170873
12,11,194217
13,12,196933
11,9,172795
15,11,173989
19,18,210167
9,8,171243
16,14,203139
16,16,199142
11,9,208672
14,11,205575
8,5,165702
14,14,182206
8,7,233196
14,14,202976
16,16,192439
10,9,194638
14,13,206657
8,7,187104
11,10,190736
11,11,218473
15,13,198028
10,10,199734
19,19,194868
17,15,206776
12,10,225353
15,14,193072
12,9,178208
14,11,187965
11,8,214907
11,11,202334
4,4,167874
11,11,180930
14,13,193669
20,20,206977
13,12,216421
14,14,208934
19,17,228938
14,14,206038
19,17,162107
18,17,211590
20,20,203441
15,13,198277
16,16,206253
15,14,197899
14,12,220562
12,10,196881
12,12,202452
13,13,223706
16,14,176062
18,16,207021
15,15,184664
13,13,207765
14,13,180545
12,12,192501
14,13,199843
10,7,204865
18,18,190536
14,12,237388
11,11,189013
10,10,188273
14,13,211499
11,10,213977
15,14,190249
16,15,216122
18,16,197074
8,8,170968
20,20,219722
10,10,201702
16,15,223472
15,15,182916
20,18,202953
19,18,178964
16,15,183323
11,11,198416
16,15,192092
10,8,191385
16,14,195600
12,11,205854
11,10,195511
19,19,203802
11,11,154493
16,14,182505
15,11,195605
14,12,177543
11,10,189437
9,8,187790
11,11,203637
8,8,172813
2,1,191044
13,12,168920
9,8,183993
6,6,162468
11,9,195314
11,10,193181
13,10,184057
16,15,208062
14,14,230645
9,7,188152
13,10,209546
10,9,174980
5,5,199295
14,11,207819
4,4,199573
15,14,199928
11,10,219560
9,9,181515
11,9,203240
19,17,210622
14,13,186446
18,16,197170
17,17,200599
8,8,198975
13,12,197728
10,8,179064
15,14,157306
8,8,158218
14,12,217923
13,12,203241
16,12,187978
11,10,208495
14,12,207593
13,11,215796
20,18,209272
19,17,231391
9,9,199291
7,6,197172
10,10,197437
17,17,193708
19,18,172985
9,9,196589
13,13,209340
8,8,181582
13,13,194599
11,10,170867
12,12,183343
15,15,188719
11,9,198933
20,20,228844
14,14,205588
13,12,202337
13,13,186475
10,10,196709
16,14,172681
12,12,190274
11,11,199760
14,12,193640
17,15,196436
19,19,191839
11,10,172815
9,7,182215
13,13,221780
17,17,202933
20,19,196855
15,14,209511
14,14,165941
19,19,204431
8,6,177781
14,13,206580
12,12,170462
20,19,213192
18,17,206245
16,16,193120
14,13,224277
23,22,214865
17,16,205379
19,18,215217
11,10,195350
15,13,174592
18,17,215135
19,18,188974
15,15,190605
11,7,188442
12,11,207723
15,14,196168
10,9,166347
8,7,189042
12,12,187080
13,12,236221
15,13,207725
15,13,194275
15,14,196765
17,17,196370
10,10,193834
15,12,179273
13,13,183496
12,10,191156
12,12,220694
15,14,190311
10,8,187121
11,9,207099
11,9,183753
4,4,190129
9,7,180479
7,7,193925
16,15,215839
15,13,202298
15,14,202085
17,14,200729
17,17,198571
10,9,199381
15,15,183549
22,21,181602
11,9,207745
13,11,194445
11,10,200693
20,19,206407
15,13,216182
17,17,214061
18,16,186553
15,15,166015
17,17,214500
6,6,192401
16,16,187779
11,11,199994
13,13,207363
16,15,235926
10,10,157793
12,12,190179
13,12,212998
16,15,206174
11,11,213734
6,6,203927
17,15,207280
16,16,197508
14,14,169275
15,15,211283
12,12,197683
24,20,191892
12,11,192481
14,13,179162
6,6,167535
14,14,188531
15,14,192374
14,12,166641
10,10,214382
15,13,182632
22,18,203656
9,9,200941
16,15,194660
9,9,197999
17,17,182517
10,10,161363
12,11,204780
10,9,189224
10,10,212214
11,10,210521
9,9,156573
16,14,191772
17,17,194741
17,16,199013
6,6,209692
19,17,251778
16,16,204637
16,13,175081
15,14,212816
15,14,216232
11,10,217462
16,16,199962
19,18,208981
13,12,169758
23,20,195235
10,9,181700
9,8,206298
15,13,205880
11,11,208289
10,10,205283
16,14,227876
12,12,223391
22,22,223944
12,12,186879
18,16,189539
17,15,202959
16,13,202453
8,7,205420
10,8,202195
16,15,185507
14,13,194504
15,14,205059
14,14,186431
11,11,190960
10,10,185563
18,18,187047
16,16,214963
17,15,176470
11,9,216144
14,14,177763
8,6,196678
10,10,163378
8,8,164625
17,16,209814
9,9,211472
12,11,182401
12,10,201390
7,7,200844
8,7,189444
14,13,225275
11,10,211947
13,11,207936
16,15,209198
11,11,198507
14,14,198801
17,16,182642
17,17,203138
10,10,247780
9,9,188697
15,13,184410
10,9,184524
18,17,203349
19,18,199024
13,13,195269
16,15,208126
23,21,204165
11,10,210537
21,20,193545
13,13,205180
13,12,197994
11,11,204573
12,9,196833
12,11,207131
16,14,196834
10,9,186900
13,11,206273
14,14,189421
9,8,190934
19,17,199310
10,10,173637
10,9,178512
9,7,202618
17,17,224326
17,16,208448
16,14,193822
10,9,209640
11,11,201934
10,9,190904
12,10,216820
6,6,183841
10,9,229951
18,14,165719
15,12,192845
20,18,223070
11,11,178613
18,17,199314
19,18,213278
11,10,199997
21,21,207880
9,9,211452
18,18,200047
7,6,197766
15,15,206707
14,14,199963
12,11,197310
11,9,202140
16,13,184736
11,10,217870
11,9,211702
16,14,218154
17,16,231161
19,18,202537
14,14,221556
13,12,193702
16,16,200300
13,12,171569
17,14,183301
11,9,207717
13,12,189014
10,10,195097
19,16,200336
11,9,200551
11,10,191781
13,13,216962
12,10,201717
21,20,180444
11,11,178561
12,11,206304
9,9,188305
14,13,184277
11,10,187192
9,8,184156
14,12,190317
17,13,212404
10,10,193679
10,7,217079
16,13,186725
14,14,196013
20,20,240340
16,16,183424
9,9,188421
12,12,179565
15,15,200264
13,12,193727
6,5,174648
9,9,171965
12,12,192018
16,15,198192
17,15,199127
11,9,212194
17,16,186178
12,9,179419
27,25,221424
6,6,181105
16,16,214905
11,10,203508
10,10,217872
11,10,176288
19,18,174373
14,14,218756
13,12,199028
11,11,174838
18,18,259959
11,9,205609
17,16,183102
10,10,189955
13,13,196418
14,12,191320
17,16,225033
9,8,172028
19,18,237278
12,12,198630
4,2,197423
9,6,185080
11,9,213005
11,10,192045
13,11,182884
11,10,179580
15,14,192598
13,12,178240
21,21,212476
9,9,202125
15,14,195945
17,17,165669
8,8,189728
17,15,203496
9,9,218265
16,16,210796
17,16,192681
8,7,200789
10,10,194210
12,12,173517
12,11,227300
17,15,206014
19,15,193902
12,11,181877
6,6,198277
12,12,164617
13,12,209348
17,15,219759
10,10,188847
12,12,210658
18,16,183717
12,8,189226
5,5,205919
7,6,199748
11,10,207556
7,6,230702
10,9,214932
23,22,196780
21,19,204119
17,16,216438
13,11,214089
16,15,206194
18,16,215659
13,13,201840
13,12,193856
14,14,212974
16,16,228458
12,11,193641
11,11,216675
11,10,188335
12,10,198542
13,13,208389
6,6,194366
9,9,186654
11,8,181771
10,10,194024
19,17,194979
8,7,185693
9,9,168036
14,12,183175
13,12,201459
12,9,170627
14,11,197229
12,12,197047
14,11,223194
16,14,181944
11,11,175220
15,13,209161
17,15,204803
15,14,196436
8,8,186980
16,16,209230
13,13,179529
17,17,216443
9,9,208269
11,8,197730
12,10,204272
13,12,206942
8,8,159223
8,7,181696
7,7,175936
15,13,171874
14,14,208389
12,11,191784
17,16,238483
11,10,209601
15,13,204974
13,12,206688
7,7,190542
10,10,195727
7,5,182401
8,8,186964
11,10,177515
20,19,194989
18,18,193262
17,16,221407
10,10,176541
13,13,221887
12,12,196470
13,13,198921
14,14,180861
11,11,200966
15,14,227723
16,14,178355
10,8,200417
11,11,194167
18,16,197376
13,13,190808
10,10,198833
11,10,198871
13,11,201236
12,10,188738
22,21,189779
15,14,192403
14,13,190305
12,11,177637
21,19,214833
12,12,154972
9,8,238163
22,20,205311
12,11,213589
13,12,194214
15,15,240412
10,8,179158
17,16,182608
9,8,159828
13,13,211665
10,10,205603
17,15,222850
15,14,196123
11,10,186128
14,12,195580
11,10,209965
14,12,177571
10,10,198607
8,7,185029
13,12,194095
16,15,194863
15,14,198332
20,18,190513
15,15,207248
13,11,199436
13,10,183299
16,14,222948
12,12,194483
12,11,206864
9,9,191680
12,11,179127
14,14,209233
8,7,197631
17,17,216533
20,19,224788
15,15,193669
17,16,185788
12,12,215376
11,11,190989
17,16,205751
13,11,218410
13,11,181349
15,15,191718
17,15,200866
8,8,204071
8,7,204453
12,12,175406
13,11,201926
11,11,216958
17,17,199274
15,14,213251
13,13,217290
15,14,199459
15,12,195575
6,6,198850
8,8,204857
12,7,195482
16,15,205611
11,11,191256
6,5,173499
13,12,221981
13,12,213746
23,18,197075
7,6,186660
14,14,177299
10,9,174957
17,13,192042
9,8,207430
11,11,178476
17,15,185571
11,11,186132
11,9,192835
14,14,174004
16,14,175422
15,15,217093
20,19,199670
9,7,190905
15,15,215310
9,9,187484
16,15,177434
12,11,180702
10,10,202145
13,13,187486
14,13,219020
7,4,184524
14,12,227641
18,14,200419
9,9,195199
13,13,228091
10,10,208137
8,8,183161
16,14,187119
24,20,189535
9,8,175088
14,13,225858
14,13,173703
9,7,176487
8,8,203640
12,11,209390
19,19,197810
16,11,195877
17,14,240152
9,8,181273
9,8,177204
12,12,143725
11,9,187609
11,10,177440
19,19,202575
17,16,219551
16,14,194377
10,9,201942
17,16,240021
8,8,192286
16,15,205281
18,17,224600
18,15,210229
16,14,196504
17,16,202323
15,13,164956
19,16,187004
15,15,192263
7,6,167725
8,7,165639
15,13,180691
13,10,189389
11,11,206437
15,12,179906
10,10,192221
8,7,196483
19,16,181484
16,15,166913
21,21,210969
18,18,201572
21,19,217420
14,13,176583
11,11,198842
17,16,208416
18,17,183553
10,7,196879
14,14,218239
8,8,213911
7,7,186834
17,14,210521
16,14,178372
13,13,206585
18,15,217868
11,10,190858
14,13,211049
23,20,203020
17,17,204675
11,9,161717
17,16,181256
13,11,231545
10,9,178273
10,10,180761
7,7,205982
9,9,184154
13,12,179199
13,10,214380
16,14,172621
11,10,260718
10,10,206379
3,3,191101
12,12,199401
10,9,189325
10,8,196956
12,12,200682
9,8,188408
13,13,203223
10,10,215964
4,4,154423
9,9,178426
14,12,201519
13,13,218074
8,8,180424
16,16,203385
16,13,208213
19,17,210501
17,15,201199
8,7,187098
10,8,183993
16,16,197513
11,10,187322
16,13,202115
9,9,186217
7,5,202737
13,12,201356
13,12,233602
19,17,222312
12,12,205680
14,11,186248
10,9,197516
9,8,208532
16,15,219839
16,16,184832
23,21,223791
11,9,196620
13,12,173158
17,16,191293
11,10,196962
16,15,193741
15,14,198307
8,8,187392
17,17,212156
23,21,204622
17,17,212710
19,17,199063
10,9,169426
9,9,215754
18,17,223748
15,15,207689
5,5,169929
14,12,161518
9,9,174544
10,9,156080
7,6,181126
15,13,200882
13,12,207608
11,11,192043
15,14,189972
19,18,231181
13,13,203496
16,16,214469
11,11,215818
13,10,172375
10,10,211419
16,15,190771
10,10,188229
13,11,187641
19,18,180797
7,7,186959
11,8,186516
12,9,171984
14,13,190080
9,7,185644
12,12,239501
19,19,199751
8,8,209674
11,11,167092
12,11,186644
12,12,204050
8,8,215444
13,12,187082
14,13,181311
20,18,199763
10,10,172425
16,15,189645
15,14,224490
8,8,189086
18,17,171736
11,10,213613
12,12,187318
5,5,181787
16,14,210295
13,13,225246
14,12,186555
13,13,191643
12,12,192134
11,11,210614
16,15,175266
12,10,225045
10,9,189421
14,12,199975
19,16,176116
14,13,207641
13,11,172458
14,13,218038
19,19,212123
8,8,227202
12,12,189215
11,9,195202
15,13,210733
12,12,202149
12,11,189152
8,8,201100
16,14,196133
14,14,162749
12,12,171540
13,12,185869
13,11,200723
15,13,192876
10,8,149447
15,15,189674
10,10,206146
12,10,185982
14,12,191656
15,14,215559
12,11,164434
11,11,190093
9,8,205935
5,5,184466
10,9,183167
11,10,166098
8,7,200579
16,16,181181
16,15,204102
13,13,202247
9,9,184426
5,5,202321
15,13,223354
13,13,173050
14,12,196839
11,11,186820
9,9,186236
13,13,187499
17,15,191356
15,15,196841
9,9,175161
10,10,225969
11,10,206598
9,9,179018
12,12,206415
17,15,184815
7,6,211370
12,10,200726
10,9,199389
12,11,207423
11,10,186936
11,10,208043
15,15,232157
10,9,211922
10,10,218935
8,8,188316
12,11,189644
13,12,177586
15,15,193607
14,13,183794
14,14,181450
11,11,200586
13,11,185631
11,11,205087
16,15,227715
7,7,208302
13,13,198858
14,14,178217
13,10,179077
19,17,221749
13,12,179290
12,11,212423
16,14,176465
18,16,179539
14,12,221276
11,11,207834
19,17,186918
12,9,215773
12,11,202106
16,15,208158
10,10,186269
18,18,200080
11,10,198625
19,18,185486
13,12,182771
10,10,186379
12,12,203043
7,7,180312
18,15,224506
12,10,197640
24,20,232982
9,8,184631
12,12,193203
13,13,197526
18,18,201329
15,15,191878
14,14,184532
12,10,180833
10,10,192924
11,10,193272
9,9,198470
13,11,194184
21,19,191894
15,15,207641
13,12,206336
13,13,191987
13,11,200930
15,13,185918
7,7,194599
10,9,164558
18,18,184875
11,11,193992
8,7,200092
9,9,205891
21,19,218862
13,11,194917
23,21,193582
17,15,202882
15,14,197290
11,11,228932
19,19,202478
21,18,196105
6,5,208009
14,14,232036
15,13,199612
7,7,217767
7,6,181761
9,8,218402
18,16,198759
8,8,203867
6,5,178955
12,12,198494
18,15,184527
11,10,222640
10,8,201152
13,12,198046
14,11,211881
10,9,184703
10,9,206266
14,13,174727
11,11,176341
7,7,167632
10,10,176005
17,17,195688
16,14,184125
13,13,244406
15,14,178140
10,10,172820
9,9,192061
18,17,188591
10,9,234752
20,18,196831
11,10,193615
12,9,186473
13,13,213371
14,11,186182
15,14,203993
11,11,190459
14,11,178091
18,16,194949
13,12,190364
13,13,189627
11,9,206817
10,10,178210
9,8,197022
7,7,206310
17,15,203492
11,11,199884
21,20,227222
13,13,203610
7,7,214732
10,9,217618
20,18,193361
18,18,200041
8,8,171416
12,8,217093
10,10,206740
15,12,199604
13,11,202416
17,17,184861
12,11,169054
12,10,170669
11,11,203296
16,15,190935
12,11,189467
10,9,167722
14,14,213563
11,9,182789
4,4,197779
10,9,180422
16,15,190650
5,5,190973
10,9,192494
11,10,201240
5,4,213704
7,7,208143
14,14,187109
16,14,167660
12,12,197905
16,14,196027
17,16,220703
18,17,220630
17,14,216127
14,13,224296
17,17,222534
7,6,162233
11,9,210570
15,13,188423
16,16,203199
9,8,185814
11,9,198336
16,14,207919
12,11,178974
11,11,171528
17,14,203603
15,13,215347
17,17,202010
17,16,209598
8,8,201165
16,16,204783
4,4,201507
13,11,199235
17,16,189456
15,15,195140
7,7,166758
12,11,191014
16,15,205634
15,14,231269
13,12,176811
7,7,190043
15,14,186240
11,11,175933
6,6,196001
11,10,179475
8,7,200406
10,10,205613
8,8,193932
14,12,217051
10,9,198785
8,6,192111
6,5,167108
18,18,213896
16,14,210357
12,12,206380
9,9,185291
15,15,155362
18,18,202305
9,9,235762
17,16,171721
18,17,181124
19,19,175904
8,7,171910
9,8,186268
10,9,188954
12,11,223494
13,12,191211
10,10,195266
13,11,183551
22,18,183237
11,10,179236
16,15,192480
13,12,181182
10,10,190189
12,12,184372
12,12,192282
8,8,182914
17,17,182182
10,10,213776
12,11,206801
9,6,174167
15,12,234269
17,15,185630
13,13,197644
14,11,195867
15,10,173951
12,12,179034
15,14,189713
21,20,216751
9,8,200054
10,10,200017
10,10,166376
16,16,229674
13,13,209694
17,14,203315
15,14,226212
11,11,192861
10,9,179723
12,12,192888
16,16,173986
12,11,173660
17,16,184907
19,15,223299
16,14,207891
14,13,191912
13,11,192225
12,12,237210
13,13,210670
11,8,223795
7,7,189930
12,12,189705
15,14,195371
24,22,218851
19,18,187423
21,19,215611
19,19,215366
8,8,197896
16,15,191175
17,16,210299
12,11,174853
17,16,178686
12,12,206252
10,10,205725
10,10,211334
13,12,187932
14,12,169692
7,6,199034
14,13,227432
6,5,216221
14,14,174141
9,8,199268
10,10,211357
14,14,194671
13,9,204953
10,10,187514
11,10,172648
11,9,159540
9,9,177259
21,19,199517
12,12,197347
14,13,202271
6,5,203694
10,10,208041
12,11,180242
14,14,173694
16,15,209019
7,7,203655
17,15,187030
16,12,196838
14,14,210658
8,8,192550
12,12,181725
12,11,200823
20,18,187451
10,9,214560
15,14,176920
18,18,171558
10,9,193364
14,12,203839
9,9,202123
7,7,175224
10,10,203709
13,11,190649
15,13,183441
12,11,203054
13,10,187676
8,7,217213
16,16,200360
13,13,200240
13,11,176286
13,12,188559
9,9,190963
19,16,195024
15,13,198963
11,11,206083
10,10,210066
15,14,224240
18,16,192781
15,15,199709
13,12,193196
10,9,202559
15,12,214193
13,12,201024
15,12,206940
15,15,161704
7,7,176349
14,13,227040
15,14,190044
3,3,228306
15,11,176366
15,14,195745
17,15,171766
17,17,219895
17,16,191750
13,13,187167
17,15,186741
15,15,203047
12,12,200493
6,5,190061
11,10,166126
13,13,179579
18,15,230622
9,7,196161
9,8,181780
13,13,182033
6,6,176723
9,7,200465
14,13,221288
10,10,217077
17,15,173040
13,13,196489
13,13,183601
9,8,204993
14,11,212838
23,20,187352
18,18,206507
11,10,191132
14,13,185442
18,18,199060
15,14,184124
19,18,163933
12,10,193419
10,9,175375
18,16,193972
13,9,205896
15,13,209325
7,6,195513
20,18,214805
12,11,178074
11,9,194896
11,10,208562
13,9,205575
14,13,192546
15,15,215765
15,14,209182
26,24,238414
12,12,201918
13,12,170627
16,13,194545
12,10,203615
14,14,205559
14,12,227371
18,17,213746
19,18,215974
8,7,199216
14,14,212679
6,5,157125
11,11,182582
10,10,200622
9,9,173300
8,8,175990
14,12,190042
19,17,187749
17,16,199734
13,12,168228
9,9,200467
5,5,210499
13,10,185343
16,14,201796
18,18,212964
13,13,190593
5,5,196575
19,18,200491
17,14,204922
10,7,196304
18,16,189439
11,10,178322
22,19,223469
18,18,195353
16,12,194519
5,4,192338
22,22,198776
10,8,189410
13,13,217121
9,8,178696
11,9,183167
10,9,196199
15,15,201922
7,5,182229
6,6,183633
11,11,183524
20,17,214995
14,14,190847
16,16,217355
13,12,210255
11,9,206811
15,14,201478
17,17,217155
12,12,174655
9,8,186145
13,13,181162
9,9,193253
11,9,173536
15,13,221990
13,12,176220
10,9,189019
14,11,184990
10,10,200061
12,10,158829
10,10,192486
14,13,193373
12,11,205166
17,15,227484
17,15,218155
12,10,204009
11,11,150597
19,17,208086
15,14,201254
10,10,166037
11,11,217742
13,11,170789
12,10,148422
21,21,202111
9,8,198492
10,10,173191
12,11,206416
10,8,186445
15,14,225617
10,10,226969
9,9,190061
16,16,197668
12,11,182227
21,19,216195
14,13,201712
18,17,220697
7,7,178809
13,12,166877
11,9,199109
14,14,207780
14,12,210542
14,14,188325
12,10,198705
20,20,184299
10,10,210776
15,14,192912
16,14,220914
18,16,207091
15,15,205249
11,11,184003
7,5,188395
11,9,196106
13,13,217510
14,14,199570
15,14,197120
9,9,175045
18,17,200584
14,13,211103
8,8,170552
9,9,182718
12,10,204294
8,7,188955
10,9,187381
16,14,190482
16,15,211267
12,11,207520
12,11,221722
12,11,188883
18,17,194953
15,12,197325
11,8,204480
20,17,216412
11,11,211799
11,10,217981
16,15,195972
10,8,201708
6,6,195578
15,15,215075
12,11,193962
10,10,178657
21,21,230394
12,10,201607
16,16,199791
10,9,228486
16,15,178029
8,7,167115
16,15,188483
8,8,230359
12,12,202373
14,11,188965
9,9,188568
19,17,210824
6,6,210717
11,10,225870
9,9,210916
16,16,186303
20,17,184288
10,9,186093
14,9,203455
8,8,172177
16,16,164062
15,12,198893
17,14,187368
19,17,213226
8,7,203225
9,8,206850
8,8,220938
17,15,196137
15,14,186004
16,15,172341
9,6,168644
10,10,183978
16,14,194971
12,11,208277
12,11,186441
16,13,204093
7,7,174870
13,11,212329
12,12,176956
15,15,210737
12,12,208487
13,11,182132
7,5,174015
18,16,178327
16,15,211127
19,18,202743
9,9,191148
12,12,206707
16,14,174220
12,11,205818
14,14,206415
8,8,175527
6,6,193338
8,7,211190
15,11,213745
18,16,241697
4,2,182428
10,10,219220
14,12,193461
9,9,205929
16,16,208219
10,10,194897
10,9,196117
16,15,177536
12,11,198540
8,7,208346
12,10,189306
8,6,201115
15,15,189065
11,10,208297
6,5,185583
7,7,194122
12,12,168279
5,5,162148
8,8,187873
10,9,221975
12,10,228196
13,11,192562
17,15,211895
14,14,205932
15,14,174614
17,17,200072
14,12,190129
9,9,184474
17,15,199838
11,11,201590
11,11,219366
22,22,202612
11,11,199966
18,16,195429
16,15,224474
9,9,197659
12,12,173450
12,11,171822
13,13,206290
13,10,164198
11,9,195005
15,13,196573
17,17,210134
17,13,218936
10,9,219917
13,12,179799
17,16,207426
14,13,207890
17,16,223859
12,11,206825
13,13,180356
16,15,195391
10,10,231874
10,9,174363
7,7,184383
18,17,196287
8,8,199724
14,14,198441
11,11,208611
10,8,194269
8,6,181062
17,15,198522
12,11,198380
12,11,200840
12,12,209436
11,7,200149
13,12,176273
13,12,180667
17,15,181161
18,17,218403
22,19,231819
8,7,221676
14,12,175812
3,2,177778
8,7,165225
10,10,169825
14,12,220361
18,18,189467
9,8,167852
17,15,196043
22,21,232062
17,17,203257
6,6,205625
7,7,183461
12,12,206049
16,13,193461
13,11,189595
14,13,203533
13,12,192311
18,16,184268
14,13,203084
12,12,173663
11,11,217379
20,18,188981
16,15,212562
9,8,217755
9,9,148568
12,10,196043
14,14,174489
14,13,185523
14,11,215429
13,12,194590
10,9,183203
13,12,182788
7,6,192629
15,13,227818
9,8,199505
13,11,190690
15,15,206625
13,12,192114
13,11,185144
16,14,191995
22,20,208414
12,12,192689
10,8,192068
14,14,182564
14,12,193053
8,7,178234
11,10,203976
17,16,222595
8,8,175426
9,8,208223
16,15,212715
11,11,210756
13,11,193454
19,18,217920
11,11,185779
15,12,210336
9,9,212622
9,8,196689
11,10,182780
23,21,199216
13,11,205295
15,14,176906
14,13,189188
13,13,196810
12,12,210422
13,11,204062
14,13,198216
11,11,191867
15,15,217415
12,10,230029
13,12,174778
12,12,204540
10,9,200548
9,9,180848
12,12,204284
13,12,215084
11,10,184742
11,10,202820
20,19,202203
12,12,181239
8,8,206024
7,5,192385
8,7,193295
11,10,200422
13,13,211549
18,17,190574
11,11,200360
16,16,178451
11,11,201897
12,12,211252
11,11,178271
14,13,182484
8,8,173048
16,16,200289
13,11,217425
15,14,200386
8,8,187257
13,12,183207
17,15,192869
18,15,202773
15,15,197003
17,15,213134
12,11,212966
13,13,189264
10,10,198188
13,12,214189
16,15,190168
27,22,194291
14,13,207083
8,8,186093
20,20,226415
11,9,225323
8,7,189279
14,11,189359
15,14,189052
13,11,210385
14,13,186811
13,10,197955
15,13,181829
10,10,184008
14,12,199530
13,12,215670
22,20,208313
13,12,197063
12,11,206737
12,12,186556
12,12,216987
13,13,217530
5,5,201436
14,14,217573
20,20,197277
12,11,206185
21,21,214750
14,13,235575
18,17,210265
17,15,203996
14,14,192234
10,9,181934
12,11,192829
6,6,187984
8,8,169353
8,8,220258
11,9,200777
14,13,203573
10,10,206708
5,5,176610
9,8,188329
7,7,184178
10,10,179944
12,12,181932
11,9,178413
19,18,203645
12,10,201313
8,7,219366
12,11,200317
14,14,196750
9,6,183211
16,16,201568
9,9,191095
17,13,181003
8,7,217436
13,12,191074
19,19,197732
10,9,202391
11,9,217734
10,9,179284
14,14,204506
9,8,188532
13,12,202173
9,9,221276
18,17,194141
13,13,219481
19,17,210996
16,15,173363
9,8,200816
10,8,201087
11,9,205711
13,11,188314
10,9,174270
10,10,203208
13,12,212087
9,9,177852
9,8,205827
12,11,185763
7,7,190889
14,13,205087
19,19,197736
15,14,209438
17,15,200353
14,14,213455
18,18,191539
13,12,202662
6,5,163175
12,12,194451
9,9,188909
11,11,216147
16,15,179578
12,12,197869
12,12,207089
20,17,179956
14,12,172724
18,17,176862
9,8,189413
11,11,194810
15,13,169038
9,9,245398
23,21,238501
4,3,181163
13,12,191677
24,22,219832
14,13,182239
14,12,181538
7,7,189486
18,18,205907
20,19,238294
6,6,183097
12,12,211287
9,9,195793
15,15,181526
7,7,164591
14,12,186911
16,16,202083
17,16,187279
18,16,186521
11,11,186490
10,10,200546
11,11,194147
15,14,162174
14,13,192332
3,2,198134
17,15,196907
15,15,204009
16,15,184607
15,15,203566
12,11,234459
11,10,169721
16,16,178845
17,15,215962
19,17,184834
10,9,178827
15,14,186804
9,7,178599
11,7,200582
16,11,212341
18,15,213207
9,8,174387
13,11,206358
17,17,172665
21,19,214276
14,13,195218
19,15,226985
16,15,192009
10,10,181685
17,17,218818
17,16,234530
12,10,206940
12,11,180327
9,8,182980
12,10,170927
11,9,204614
12,12,219115
11,11,186555
9,9,168885
13,12,226867
16,14,216299
12,12,205093
15,14,179298
20,17,209177
9,6,176955
14,13,189309
11,9,178361
19,18,202538
14,12,198846
19,17,211508
10,10,222687
12,8,202911
9,9,187501
11,11,195099
17,17,200835
21,18,222493
8,8,203740
16,15,214843
14,14,208858
18,17,208374
16,15,200486
9,9,190940
10,9,208930
24,24,220841
12,11,194609
5,5,213291
10,10,202328
13,11,198884
11,8,181256
22,22,213481
11,10,183389
22,22,221535
17,16,197030
12,12,191696
16,16,193855
11,10,185426
12,10,204201
8,8,201787
13,11,202625
20,18,194303
7,7,225294
12,9,208838
16,16,194433
16,16,207448
13,13,171320
10,10,185067
10,9,182268
10,10,204061
25,24,226413
15,15,182596
17,15,197197
8,6,211369
7,6,180955
12,11,222595
14,14,184272
15,14,209624
14,11,225530
12,10,200066
16,16,220317
11,10,202154
7,7,174955
14,12,215842
15,11,163081
21,19,198505
13,12,187182
10,9,209031
6,6,195747
19,17,221806
24,23,185721
13,13,202657
13,13,214377
15,13,194290
16,15,189152
6,6,171953
7,6,187706
16,14,184845
9,6,172218
16,16,226608
14,13,189936
12,10,198275
11,10,185938
5,5,188374
12,10,181786
19,19,200101
15,14,193200
10,10,195350
10,10,181413
12,11,201792
16,13,192444
10,9,174318
16,15,183809
16,13,193052
13,12,201832
14,13,187500
9,9,188250
13,12,215842
10,10,193503
13,11,195499
15,14,195940
17,16,215179
23,21,192392
14,14,205797
16,15,211938
16,16,203483
8,7,172513
12,11,196235
6,5,209019
11,10,200323
10,7,176694
15,14,188626
12,10,188273
13,12,191143
14,13,195384
14,13,221984
14,12,215141
11,9,185466
8,7,189351
12,11,174713
9,7,200390
10,9,227725
15,13,161126
5,4,185237
18,17,224677
12,10,189452
13,10,183639
8,7,182706
7,6,204604
11,11,216384
11,11,224181
16,15,208144
9,8,186256
23,21,220336
13,11,204689
12,11,221508
7,7,205094
10,9,201719
7,7,208444
8,8,209115
10,9,189182
16,15,169770
13,13,214005
19,19,204885
11,10,200554
18,17,206292
10,8,165265
15,15,186192
14,14,213291
7,7,176442
9,8,182742
17,15,189042
12,9,163751
14,12,202662
11,11,190151
13,10,211832
10,9,194775
15,14,216169
16,15,206099
8,5,174574
14,14,206912
11,11,203474
10,10,195349
15,14,200598
19,19,195596
17,16,203225
8,7,174603
7,6,179512
16,16,203116
7,7,184363
10,10,225615
8,7,189023
10,10,179482
10,8,211641
12,12,216963
6,5,194057
11,11,212949
17,17,208819
18,16,212460
11,7,177878
15,11,176197
10,10,206661
22,22,199656
16,15,211599
8,7,174459
19,16,174289
18,18,176903
22,21,202708
13,11,173880
9,9,195019
11,10,184642
18,16,197725
13,12,220877
16,15,189775
16,15,193317
14,14,184476
18,17,184475
15,14,195249
22,21,200159
13,12,193006
15,14,190530
13,11,207810
13,10,168272
11,10,185133
9,8,205435
10,10,168152
11,8,174953
17,15,216048
11,8,171141
15,13,173968
16,16,209662
11,10,192219
15,13,203673
12,9,172332
14,14,208143
13,11,181846
15,13,187048
15,13,203896
12,9,176872
8,8,220596
12,12,207770
16,14,186050
13,11,222247
17,14,211885
15,12,192274
17,15,190250
13,12,205939
11,10,200428
18,18,205921
9,7,205346
10,9,166847
20,16,198593
11,8,208443
13,13,179500
7,6,214172
14,13,207763
16,16,206041
6,5,179292
11,10,219262
15,13,202204
22,19,203247
11,11,195254
15,15,207127
19,17,187184
15,13,198735
15,14,191391
6,6,182475
11,11,190785
14,13,193976
17,17,178250
15,15,218321
14,14,223314
17,14,200135
10,9,201973
12,10,199051
12,12,167979
8,8,175950
13,12,198280
15,14,184575
13,13,184680
11,11,193225
13,12,200982
10,10,201250
14,14,216161
12,12,225164
8,7,184243
11,10,199083
16,14,202884
16,13,207721
18,16,207779
9,9,169488
13,12,214695
8,8,189363
18,18,194426
16,13,203837
16,15,200745
14,13,234119
16,15,204536
16,16,206063
13,13,204071
19,18,212094
18,17,196065
11,10,188994
11,11,182445
13,11,198453
15,13,214107
5,5,169314
14,13,167378
12,10,175380
17,16,199220
12,11,210554
8,7,178096
4,4,188711
15,14,186081
17,16,193024
19,17,218794
8,8,197609
12,12,205905
13,11,195094
10,9,215096
11,8,207279
12,12,196150
12,8,180347
15,14,195737
18,18,193047
11,11,213429
11,11,198385
6,6,173968
10,9,196407
6,5,183085
17,17,194292
16,15,199257
14,13,195965
11,9,197314
15,13,178706
11,10,193942
11,10,203714
15,13,193627
13,12,173871
16,15,205219
8,7,207628
13,11,172980
21,20,203344
9,8,219672
19,18,188112
15,13,221216
16,16,192530
15,12,187721
16,15,203896
13,12,210800
18,15,160417
19,18,225014
15,11,191771
7,6,169428
13,10,204093
11,11,162126
9,9,200472
14,12,175261
21,21,211325
14,12,198475
7,6,175599
10,10,210060
12,11,199305
13,13,222766
13,12,214070
16,13,221544
14,14,189677
11,10,187070
9,8,174601
8,7,192116
16,15,189850
10,10,195465
11,11,187598
11,8,161237
12,12,204521
12,12,217405
11,11,186156
9,8,226673
14,14,199986
17,15,196571
20,17,205446
20,17,210629
7,7,195976
13,13,198171
12,10,206065
11,11,182562
18,18,206910
11,10,211415
10,10,185547
17,16,201134
11,9,198691
10,9,192570
6,5,183288
18,16,202102
18,15,198218
14,14,213232
16,15,212313
10,9,192698
18,15,193862
14,14,194367
6,6,218823
16,15,199552
14,13,208814
18,18,214826
13,13,200195
11,11,212788
18,15,215385
9,9,187311
9,8,176507
16,15,225120
8,8,186919
13,11,186327
12,11,183657
17,13,185483
18,17,204952
13,12,223983
14,14,228805
18,16,200992
14,13,210971
10,8,190042
14,14,196980
10,10,207145
18,17,219931
14,14,195079
13,11,192310
10,10,205368
13,13,188101
8,7,203949
7,7,195939
11,10,169544
17,16,181315
10,10,217325
9,9,212647
15,14,199170
15,15,198494
19,18,220065
12,10,183347
13,12,188580
17,14,226681
5,5,198150
9,9,210686
15,15,188882
8,6,201314
15,15,226250
10,9,211887
10,9,204357
16,15,208866
20,19,243986
9,9,190590
16,15,213995
14,13,212853
12,11,172178
6,6,184651
9,7,178530
15,15,202539
17,14,185319
11,10,231658
13,12,182258
9,9,199287
14,13,185620
16,14,208766
10,10,203444
16,14,182336
13,11,193397
15,13,211237
6,5,199227
14,14,183268
12,11,183418
13,12,223987
13,13,201772
15,14,195730
13,13,193429
7,6,196514
16,16,213434
13,12,200029
10,8,164758
22,22,211316
14,13,216671
18,18,203300
15,14,217734
12,11,193120
23,22,259140
15,14,187233
8,6,171405
17,16,163205
10,8,187017
10,10,203983
7,6,196529
19,16,228050
8,8,195082
11,11,169762
16,16,177584
15,14,211658
12,11,157591
13,12,206816
8,8,192574
15,12,204009
13,10,213887
13,13,191385
11,10,224645
13,13,188280
15,13,167708
15,14,185656
13,12,189898
11,11,211164
21,20,211852
12,10,202889
17,14,198118
17,16,209656
14,13,216206
9,9,188930
9,7,189870
20,19,222669
17,15,200110
14,14,177340
10,9,218564
14,14,198032
13,11,186648
14,14,204033
15,14,159972
12,12,198535
17,14,183758
13,13,185755
12,12,182173
18,16,213949
16,16,192998
13,11,200229
14,14,223128
17,15,198306
11,11,181564
18,17,190177
11,9,189014
17,16,180635
15,14,207266
17,15,212674
9,9,188639
12,12,221211
13,10,185732
8,7,190469
10,9,220021
8,8,198151
14,11,188201
17,15,200140
7,7,206121
22,21,212618
12,11,185482
22,19,222656
12,12,175224
11,9,194466
14,12,191858
12,11,156066
11,11,182534
8,8,164777
8,6,199358
7,6,195315
21,20,204634
11,11,187724
7,5,203613
7,7,181892
11,11,204528
14,11,203637
13,12,203126
10,9,197561
15,13,238078
15,15,220898
15,13,220190
10,9,196915
15,15,219070
8,7,196569
9,7,190630
10,8,192874
17,17,215863
11,9,184630
11,11,190623
16,15,197524
10,8,181043
8,8,174778
15,15,186674
14,14,203229
18,18,215126
15,13,198995
11,10,181106
15,15,174671
12,11,196364
21,17,201210
14,14,185777
12,12,200234
16,16,197447
6,6,169589
9,8,193101
13,12,193765
8,7,178475
11,11,172047
20,18,181896
14,13,230876
15,14,177763
14,12,199627
16,14,206181
24,24,224984
16,14,189181
5,5,176252
13,12,190215
11,10,230304
15,14,186354
15,15,188509
9,8,183584
8,8,172177
8,8,179035
21,20,230509
11,10,205361
14,14,222396
16,15,195730
13,13,202399
14,14,174551
14,13,231683
10,10,189518
15,12,191757
16,15,197541
16,16,199507
12,11,196249
9,9,205244
10,10,197038
10,9,181259
15,14,221881
13,12,200606
11,10,204632
11,11,196593
10,10,173391
15,14,193795
16,16,178161
19,17,188765
14,12,174696
19,18,202702
11,9,166415
12,11,174292
22,19,194406
14,13,212313
12,12,205711
10,9,198671
8,8,181496
12,11,184980
12,12,175884
9,6,179616
12,12,208229
12,11,200365
14,12,199897
13,12,174124
10,9,202315
11,9,186700
16,15,189573
17,16,216360
7,6,180464
17,16,215790
8,8,206373
8,7,196106
18,15,184391
16,13,200976
12,10,167846
17,15,204266
11,10,204119
7,7,166968
17,15,217249
15,13,198427
15,11,215120
15,15,202595
15,13,205985
14,14,208436
11,9,176784
6,6,199996
9,9,184760
9,8,176892
10,10,195579
6,6,178419
8,8,192099
11,11,211022
16,15,182811
16,15,207110
7,7,193626
12,11,228801
17,16,184550
12,12,186883
17,17,189674
15,14,190386
9,8,191344
11,11,215506
10,10,179513
13,13,202893
15,15,223241
14,12,211020
15,13,209008
15,15,177860
11,10,206934
14,12,191728
18,18,202917
13,13,180760
10,9,141955
10,10,186309
9,9,204547
9,8,186284
12,12,250197
16,15,190388
16,16,191897
16,13,189309
14,13,211846
12,12,196475
14,13,214278
11,11,183566
12,10,171896
16,16,203293
21,20,189777
16,14,216126
11,11,180040
16,16,199464
16,16,199386
16,15,229931
13,13,221225
9,7,164500
28,27,221212
16,16,209535
15,14,208945
20,20,195768
8,7,189600
19,18,191845
11,9,196099
11,9,210045
13,12,199473
19,18,175307
12,11,188962
11,11,152915
5,5,175690
9,9,196815
19,19,210986
14,14,180073
6,6,217214
16,14,194109
11,8,196243
18,17,202397
19,18,214535
15,14,190866
12,11,199006
13,13,212609
9,8,167090
13,13,194504
19,18,182956
10,10,224119
12,11,184072
8,7,200815
11,11,201539
7,7,207755
9,9,211913
11,10,189422
16,15,221524
18,17,200832
12,12,182895
16,11,193721
12,12,197662
12,9,187356
16,14,188570
11,10,196434
14,12,198727
14,14,180028
14,14,187912
7,6,211301
6,6,156527
9,9,213266
11,11,240463
14,13,241028
15,14,196409
13,12,182901
19,18,191870
13,12,198602
12,12,207301
12,10,171004
10,10,189661
12,10,181388
23,23,243261
11,11,205501
14,12,217052
11,11,216301
11,10,171583
15,13,213760
18,16,190724
17,15,219636
10,10,181429
10,9,199840
16,16,193400
18,18,194467
10,7,169410
14,11,175516
10,9,186658
11,10,177543
15,13,162210
9,5,214165
13,13,200058
11,11,212975
10,10,188199
11,10,202996
11,10,185660
21,21,189872
10,9,180355
11,9,234779
13,13,220971
14,12,221231
14,14,190850
15,14,193551
16,15,192376
8,7,196971
12,11,193652
13,13,216878
14,14,200446
14,13,203579
12,9,192777
10,10,182755
13,12,204627
11,11,186456
11,11,174702
12,10,184277
8,6,179466
10,10,220332
13,12,180945
12,12,196252
15,13,220560
11,9,199485
15,14,198757
10,10,182554
17,17,198672
18,16,230089
16,14,190758
16,16,208936
9,8,203476
19,17,207779
12,11,225687
12,12,207548
14,12,212752
11,9,192912
13,13,217503
6,6,176469
7,6,186336
8,8,183187
8,8,201082
11,11,186489
12,11,207294
10,9,194137
6,6,204478
16,15,203876
15,15,210034
12,10,180042
11,10,194304
12,11,195402
12,12,210713
9,7,196580
12,10,212429
12,12,201480
14,14,214973
21,19,178536
14,13,173977
10,10,198467
12,10,186958
12,11,195713
18,18,190147
5,4,186873
11,11,211323
18,16,221895
15,14,195032
11,9,177085
14,14,194692
15,14,179373
19,18,224163
9,8,176989
11,9,164683
11,8,188910
13,12,207786
16,14,206874
20,19,201479
14,13,178962
13,13,232509
6,6,197748
18,17,210802
11,10,195578
15,15,190787
14,13,193124
14,14,226512
12,11,182852
14,14,191196
7,6,190276
12,10,202202
13,10,186414
8,7,177659
10,10,206358
11,11,188877
14,12,199926
10,10,181335
18,18,221642
13,13,191012
17,15,203355
15,15,199102
15,12,177152
12,11,184296
13,12,204032
17,17,209697
8,8,192438
18,18,212375
6,6,192478
11,10,196469
16,14,209504
11,10,179171
10,7,212930
12,12,214818
12,12,199512
4,4,170102
20,19,184084
13,12,203418
11,9,182990
11,11,192813
12,9,188770
13,11,221966
10,9,178709
11,10,191356
17,17,198169
7,6,182535
14,13,210236
11,10,165371
17,17,178592
10,10,213138
13,12,216226
9,9,205743
8,6,192145
21,21,220699
12,10,203630
11,11,193912
15,14,182647
15,14,201081
11,9,211827
22,19,190700
11,10,182281
11,10,222538
14,14,173058
8,6,190673
12,12,190869
9,8,193317
7,6,197601
15,15,211990
14,14,207832
21,17,208739
17,17,195901
12,10,195482
15,15,195235
9,8,200489
15,14,203705
13,10,197155
19,17,213269
18,18,198444
10,9,169365
11,10,193209
14,13,189449
13,10,193938
19,15,208046
15,15,192800
22,20,184021
11,11,223839
16,16,215712
17,14,226575
13,12,205863
10,8,167578
8,6,174617
12,10,190503
16,16,200859
8,8,157732
14,13,182060
9,8,199284
18,16,200975
11,11,191019
9,8,198569
7,6,201988
18,16,175501
15,14,211173
13,11,240509
17,16,180196
12,12,187358
16,14,191101
11,11,199577
16,13,225147
18,16,229565
11,9,189205
11,11,205392
10,9,212654
14,11,186259
14,13,219575
13,11,200517
15,14,170540
12,11,189183
16,14,189069
14,13,200380
9,9,162600
13,13,213303
16,12,193601
10,10,184142
9,9,186610
9,9,183044
11,10,158403
11,11,200975
11,10,182389
12,12,188010
16,15,191989
17,16,196807
13,12,207709
15,14,189858
13,13,194055
9,8,175827
8,5,199161
17,16,209406
8,8,218510
16,16,200991
12,11,201672
16,14,186036
9,6,198460
21,18,234203
12,12,167498
13,13,201956
9,7,189162
16,16,205950
10,9,185735
12,11,191131
21,21,209643
15,13,207214
16,15,207508
15,12,180704
9,9,219191
16,15,193012
15,15,184723
11,9,168283
20,18,218514
11,10,199623
5,5,196301
12,10,185772
9,8,190999
8,8,171189
12,11,205950
14,14,198682
16,14,208487
11,10,199456
7,7,202538
15,15,199444
15,13,199394
17,16,225682
16,15,211079
8,7,208195
16,14,223855
14,12,176928
20,19,220779
17,15,174882
22,21,173320
15,12,211070
12,12,184590
15,14,193513
15,13,175165
17,17,181967
12,11,166844
10,9,180426
10,9,191357
9,6,181045
11,10,166459
13,12,198890
13,13,194941
13,12,216784
19,16,214359
11,10,188241
10,10,204685
11,8,156430
20,19,231320
10,9,175213
5,5,167973
14,14,196051
22,21,199960
17,15,209412
17,17,201047
12,10,165022
18,16,175242
18,15,178870
20,20,204102
15,13,193951
16,14,192928
18,14,182805
16,14,204367
10,9,188041
15,14,200584
20,20,178898
14,13,214306
18,15,195547
14,14,224422
12,11,206258
13,12,207220
16,14,204863
12,12,193629
16,14,215916
17,17,196819
6,5,175610
9,8,204214
13,13,171156
10,10,181935
23,21,166536
16,16,192472
15,14,196648
10,10,168501
15,15,214732
17,16,191870
11,10,182266
14,12,196484
17,16,201829
10,7,185744
13,13,216006
19,18,198384
11,11,177712
15,12,199512
16,14,211697
14,13,214295
17,17,216251
15,14,201581
18,17,228940
16,13,183873
13,12,172250
6,6,182003
16,13,185559
10,9,196062
15,15,213772
16,16,209795
13,13,193470
10,9,215176
16,15,179703
10,10,201513
15,15,206612
17,16,194796
16,16,167657
8,7,204523
16,15,216671
9,8,187924
14,14,195024
10,10,186498
6,4,190318
9,8,218212
9,8,188225
10,10,177068
16,15,196020
18,17,211389
18,18,202551
22,21,219785
8,7,167441
16,13,225491
7,4,163900
15,14,201682
17,17,195971
12,12,195463
14,12,188734
15,15,186470
13,11,190688
12,12,197971
18,15,193822
11,11,211794
7,7,164183
13,13,180907
15,15,177078
18,16,190725
14,13,174390
23,22,212325
13,13,180620
11,11,169627
16,16,217286
16,15,209114
5,3,204825
17,15,169517
24,24,213467
15,13,180175
4,3,181120
14,13,211870
15,14,215726
9,8,189302
12,11,214769
12,10,195740
14,13,182288
11,9,201461
15,14,192210
9,8,182163
10,10,177563
19,18,181914
18,18,188268
17,16,224072
10,7,201463
18,17,198211
14,11,205933
11,10,205404
10,9,154320
11,11,187750
5,5,194179
12,11,215770
9,8,188739
15,14,231875
17,17,202022
18,15,195593
19,18,180836
11,10,204300
8,7,193480
10,10,182620
16,14,195528
13,13,231718
18,17,206456
15,13,181894
11,11,185893
13,12,189806
11,10,181759
8,8,190237
16,14,177883
11,11,172724
13,11,192487
15,15,209431
13,12,234851
15,13,183068
15,13,215429
16,16,190097
17,17,200216
20,17,188057
11,10,191553
12,11,195780
8,8,206890
5,5,195201
19,14,189441
16,14,239050
9,9,182664
7,6,207520
12,12,202554
14,13,189837
12,10,212323
14,13,210085
18,15,188330
11,11,199741
14,13,244923
16,14,198381
11,10,175643
13,12,192358
12,12,201842
14,13,212237
14,12,187988
18,16,223316
14,10,178044
13,13,195338
12,12,218659
21,19,202967
18,17,236976
10,10,202041
9,9,190649
13,13,210753
11,9,175849
12,12,181645
8,7,187569
11,10,225169
19,17,215795
7,7,170602
10,9,192252
14,12,200715
11,10,191575
15,15,194310
14,13,186571
20,17,197079
17,15,196627
11,11,188614
15,15,201101
8,7,182221
17,15,187758
14,14,209230
10,9,190862
16,15,173912
7,6,165228
15,14,185020
12,10,191042
16,11,209466
14,14,204320
15,14,190077
13,11,206717
11,10,202114
15,15,203290
16,15,212282
16,15,227447
10,9,200637
13,10,200749
12,8,174319
20,16,190807
16,12,195524
9,7,183305
12,10,185976
16,15,215420
6,6,188920
12,12,235073
12,11,167205
9,8,184590
10,8,198477
13,13,194229
12,12,199903
19,16,187142
20,19,195505
13,13,218819
10,6,203452
14,14,178485
17,14,198007
12,11,188227
18,18,219066
17,16,216981
17,17,170558
13,12,187365
14,13,193083
15,13,203085
20,19,197349
10,10,189416
21,20,204142
16,13,189620
11,10,192501
15,13,213445
9,8,193444
15,15,180633
15,14,234917
6,6,189353
13,13,200190
12,12,217107
10,9,182189
12,12,212591
16,16,193570
5,5,184174
11,11,183028
10,9,175188
15,15,207327
14,14,199469
16,14,165147
10,8,216202
20,19,198194
15,15,197447
9,6,199520
16,16,228913
11,11,188880
12,12,180646
11,9,182202
13,10,227306
14,12,189372
11,10,202523
14,13,202227
15,14,177586
17,15,204837
19,17,194854
13,11,188218
11,10,200522
10,9,188783
19,18,211383
15,15,178524
13,12,211445
8,8,184757
11,11,171588
18,16,201429
18,18,194582
13,12,208877
10,8,166694
13,12,212132
14,13,176792
12,9,218798
11,11,178037
13,13,189909
9,7,181969
18,18,189811
11,10,181728
11,11,184767
18,17,166773
12,12,191879
11,10,187155
14,14,214909
11,11,177712
12,11,210355
15,14,186500
7,7,207465
9,9,191086
11,10,208512
9,9,227830
12,11,185552
9,9,197575
13,13,182688
20,20,207227
13,13,168118
16,15,214987
17,15,208727
10,9,178371
7,7,190473
13,12,195848
13,11,184502
15,15,206776
11,10,196430
7,6,184065
14,13,218449
14,10,218663
9,7,178505
15,14,209793
14,12,217460
15,15,204474
18,16,178093
22,19,239581
12,11,190305
12,12,214504
18,17,214011
17,17,221835
11,9,181828
9,9,191626
18,18,205154
12,12,183781
12,11,183908
11,11,191257
10,10,188686
23,23,187947
16,15,215048
10,9,192820
16,16,207301
18,17,234144
16,15,194184
15,14,227791
11,10,224844
20,19,196309
17,14,201140
11,10,188953
11,10,170774
9,8,201294
11,9,162835
10,8,198963
17,16,194191
8,7,181504
16,15,182436
15,14,212710
13,11,204058
15,14,173406
16,15,192492
13,9,204086
18,18,179974
7,7,196585
6,6,205881
12,10,218132
14,13,221683
16,16,170858
18,17,195303
12,8,200575
10,8,185969
15,13,211966
14,14,188602
9,9,186233
14,14,197813
12,10,193348
12,11,203881
18,17,215657
7,7,220987
13,13,190756
22,21,197617
8,8,177078
13,11,196932
12,11,205033
7,7,196399
17,16,201560
12,11,192771
15,15,207446
14,14,205198
14,13,183436
14,11,184892
13,11,200761
13,13,232270
14,10,176635
12,12,226762
13,11,201327
24,21,225682
8,7,219740
10,9,198260
11,11,191909
10,10,186913
12,11,205756
12,12,212868
10,8,186314
13,11,219749
18,17,191498
10,9,212649
22,19,190566
10,10,206033
10,8,195626
19,18,195793
11,10,201709
16,16,201543
17,15,201971
13,12,177727
14,14,197311
8,8,203824
20,18,217936
15,15,205332
11,9,187824
10,10,198473
13,12,192848
11,11,186930
9,6,192292
12,11,168200
16,15,198484
14,14,182585
13,12,180179
5,4,210912
18,17,203908
13,13,161048
19,18,217156
12,12,202310
17,14,190984
14,13,219744
11,9,193540
13,12,220530
13,12,211560
13,12,232286
8,8,190829
11,10,186733
10,10,185844
12,11,190269
15,13,213533
17,17,200412
15,15,211440
11,11,200618
17,16,226578
20,18,232322
16,13,182218
12,10,200091
14,14,199847
12,11,216134
19,18,202311
13,12,206347
12,12,236692
13,12,202523
10,8,208160
16,15,207533
13,10,217254
12,11,194444
10,9,189224
9,7,175798
17,15,181394
17,16,173170
9,8,172053
16,16,180870
6,5,235595
11,11,183466
12,12,193109
12,12,194579
12,11,158349
18,17,220636
11,11,213982
13,13,216960
10,9,198986
17,17,227395
10,10,199635
21,19,211411
21,20,217136
13,11,196776
16,15,213372
10,8,199618
12,12,189274
12,11,198366
20,20,202053
15,12,173987
14,13,176594
22,21,206331
11,9,179802
8,6,213596
14,12,189026
18,16,208584
6,6,193980
9,8,187061
13,12,220744
18,15,211301
8,8,175072
17,17,193055
6,6,191993
15,14,246628
16,14,201005
21,21,239752
17,16,196155
13,12,196878
13,10,193366
21,17,185856
11,11,173035
15,13,210430
19,16,198968
20,19,205664
16,15,198729
8,7,164032
18,18,205381
12,11,215353
12,12,206633
17,17,222190
9,8,197601
10,6,182973
14,12,186948
13,13,160881
12,12,185993
16,13,172560
18,18,195943
11,9,158938
23,19,204240
13,12,215517
3,3,182050
17,16,186780
15,14,202393
14,12,217954
10,10,197821
14,14,208380
16,14,196507
11,11,183445
13,12,223360
13,13,213801
15,14,178694
18,18,203974
13,11,213027
18,14,209205
19,19,180329
15,14,219747
20,19,202156
15,14,218421
7,6,186365
11,10,194696
11,9,190814
8,8,176021
10,10,202588
6,6,184736
20,18,233351
11,11,188042
12,12,197313
8,8,204823
7,6,184574
11,10,192417
6,6,206794
22,22,247012
8,8,190081
15,13,195142
17,15,188475
17,16,225986
13,11,197075
10,8,189276
9,9,190060
13,13,202559
15,14,211737
16,13,188991
15,15,198321
15,13,204918
8,7,187498
13,11,199622
15,15,228594
19,15,199837
21,19,209806
14,14,196567
11,11,197082
17,16,205352
12,12,201986
14,13,185572
11,8,176092
11,11,203716
12,12,211701
14,13,176477
20,19,213448
8,8,206277
10,10,195050
13,13,212721
12,12,172203
11,11,186130
12,10,162191
14,13,204603
13,13,193870
17,16,194952
12,10,198144
9,8,179568
7,7,186818
20,19,228891
21,19,214912
14,12,219517
8,7,181908
15,15,196701
12,11,207912
11,8,195646
14,13,167930
16,14,203684
14,11,208916
17,15,188805
5,5,171321
8,6,176891
16,15,229027
20,18,193798
17,14,176157
17,13,187412
13,12,229566
10,10,217261
12,12,189994
17,17,219708
17,15,196732
16,15,186371
19,18,229616
18,16,221766
13,13,199548
12,12,167147
15,15,201851
15,15,223623
8,5,186588
16,13,191082
9,9,196401
13,11,194434
12,11,198002
14,13,192500
7,6,173992
14,11,198964
15,15,216506
10,9,169978
13,12,206781
9,8,203918
8,8,201942
15,14,206568
14,12,183296
13,11,218181
15,14,207155
19,19,222143
8,8,213645
14,12,199269
15,15,205192
13,12,206802
13,12,194827
11,8,181485
11,11,174061
13,13,206568
15,15,203532
12,11,191129
17,16,209706
18,18,195979
11,10,172280
13,13,221181
9,8,180862
13,12,217465
11,9,222526
12,12,197684
12,10,181906
13,13,186201
16,15,194475
11,11,209789
12,11,210374
10,9,220494
9,7,198517
18,17,185664
7,7,205813
8,8,180070
18,14,205975
17,13,193641
15,14,178417
14,13,242711
13,12,200850
21,21,220478
15,11,201784
13,13,191318
13,13,196030
12,11,206358
13,12,201383
11,10,219102
9,9,206669
12,10,174671
17,13,197422
13,10,194187
16,16,198820
12,10,203475
18,18,219076
16,15,214248
9,9,181074
19,18,220578
11,11,195011
3,3,206879
11,10,198038
11,11,211322
16,16,209657
12,11,212378
14,14,194216
15,13,187255
19,18,208382
13,13,190374
9,9,188918
16,15,241502
14,13,198763
21,18,195976
8,7,164281
12,11,171159
21,19,216116
14,13,209935
14,14,177872
17,16,195506
11,11,195523
12,11,215203
10,10,219360
6,6,187226
17,15,188469
14,13,176558
10,10,200693
16,16,218414
16,15,201571
9,7,189289
9,9,195898
11,11,180276
11,11,188312
10,9,199498
11,11,214294
13,12,197165
15,14,195670
20,19,214299
11,7,232504
13,13,184795
15,14,214552
12,11,218408
22,22,180116
8,8,192726
12,12,209035
13,12,188077
7,7,180006
21,19,200688
14,13,220638
10,9,196284
9,8,203658
15,14,212051
11,11,202306
14,13,223210
5,4,173253
13,13,183343
9,9,208364
20,19,217949
13,13,185485
19,19,218178
11,10,253595
8,7,165248
12,12,202676
11,10,183610
16,13,190192
15,11,181500
14,14,212062
13,12,201091
11,10,203610
22,18,206598
14,14,202907
10,8,185095
13,11,201138
13,11,179851
15,14,195159
9,7,186122
12,11,161312
8,8,217170
15,14,216078
12,7,183803
16,16,195935
19,17,187987
11,10,170849
14,13,199214
16,13,180054
22,19,194228
16,15,170320
12,11,202602
15,15,211841
12,12,205064
12,11,202750
15,14,191971
16,15,226005
14,13,188857
7,7,190739
13,12,197471
14,13,183268
10,10,195608
12,7,174406
11,8,188595
8,7,179201
10,9,171180
13,12,205638
10,9,183940
18,18,213273
10,10,188161
15,14,203424
12,12,189616
20,18,193510
13,13,213325
19,18,198196
15,11,178006
12,10,229307
15,15,190925
11,11,170547
10,10,202224
12,12,202890
10,8,209700
17,16,213094
16,15,181282
16,14,197774
16,14,197565
14,13,203059
18,18,228881
14,13,173197
16,14,181208
10,10,194182
20,18,175636
16,14,206900
21,20,202766
13,12,236854
9,8,201979
10,9,210863
16,16,177424
8,8,178845
20,20,212383
8,5,174403
14,13,216284
9,8,168265
17,16,228446
12,10,172721
7,5,164365
10,10,190494
9,7,195719
9,9,172570
11,9,202988
10,10,178573
15,13,181353
11,9,198797
15,15,208165
12,12,232162
11,11,186601
20,20,228202
17,14,200866
11,10,195919
16,15,207924
18,13,212144
10,9,198572
12,12,197196
5,4,188248
16,15,181932
22,21,199996
13,13,182153
10,8,175282
15,13,205331
8,8,196287
11,9,195888
18,18,175840
14,12,205573
4,4,181617
9,8,184174
12,11,192596
18,18,196898
21,16,221099
9,8,182050
14,13,213752
16,14,205847
10,9,200466
11,10,178953
14,13,209730
12,10,197078
8,8,190577
5,3,180702
16,16,180362
8,8,184136
17,17,192280
18,17,192969
24,22,197706
10,9,209208
13,11,233029
17,15,199943
12,10,196857
10,8,197641
10,9,210765
9,8,224173
17,13,192806
11,10,168092
12,11,178456
8,7,202490
7,6,204423
17,15,206432
11,10,179825
11,10,210027
16,16,209293
17,16,174340
12,10,224355
13,12,191601
15,13,214933
14,14,182010
10,10,210562
10,10,174962
20,20,197874
13,12,186720
9,8,173910
16,15,201117
15,15,197007
11,9,198360
14,11,195535
8,8,181197
7,7,198040
13,13,203605
10,8,185577
15,12,211352
17,16,177456
19,19,211694
13,10,202644
8,8,200418
12,11,195737
12,10,204482
13,13,204886
11,11,209048
11,10,188891
11,10,186451
5,5,179465
15,15,224130
12,12,203249
8,7,198285
13,11,190863
16,16,219129
15,14,212128
12,12,207478
9,8,210349
14,14,191661
15,14,180599
11,11,200411
17,17,216244
11,11,191365
11,11,182990
12,10,186112
15,15,219683
17,16,196848
17,15,212423
16,13,194025
12,10,186712
14,13,187221
9,8,204242
16,15,182213
15,13,162285
9,9,204221
13,11,168551
19,19,204329
20,19,194492
6,6,191276
15,15,192757
11,11,193407
17,15,180776
18,15,206170
15,14,191112
10,10,172033
10,10,178517
9,7,201016
15,15,207200
14,13,198210
14,10,243382
23,21,198551
20,19,185945
12,11,187103
7,6,178069
9,9,203203
8,6,206295
12,11,209282
15,12,197457
16,14,195576
9,9,171479
8,8,203891
13,11,192435
15,15,205178
8,6,177508
13,12,196773
9,9,213728
13,13,181028
16,15,173388
15,15,196668
11,11,188667
10,10,193353
9,9,171822
12,12,185915
16,16,214833
11,7,188485
7,7,177866
12,10,183533
8,6,179406
19,19,198263
12,11,190094
12,12,189653
18,18,196138
12,12,208270
12,10,177843
5,5,201531
19,19,215183
20,19,206531
18,16,202786
16,15,194977
13,12,211702
15,15,212349
19,18,212050
3,3,178079
21,21,216830
9,9,168862
11,11,188388
13,13,194968
13,12,191543
12,10,178840
12,12,193500
16,15,181527
15,14,189516
6,6,174031
8,7,195672
8,7,194971
15,13,213827
10,10,208195
16,16,202223
15,15,198014
16,14,189938
14,12,164402
11,11,211177
20,20,198374
10,10,176552
11,11,200880
13,9,189762
14,12,199740
12,9,211239
14,13,197615
16,16,209122
14,13,187669
8,7,197446
16,14,213159
13,12,182706
13,13,210763
12,10,198200
13,12,205103
11,11,205151
14,13,221560
14,14,227249
13,13,189249
9,8,164060
23,20,196443
11,11,199451
15,15,180116
12,12,210877
13,11,207133
15,15,198744
17,17,198375
17,14,186476
12,11,207467
18,16,198790
12,11,193655
13,13,203834
12,11,183789
15,14,202611
13,13,210933
11,10,215968
11,10,203087
16,15,186355
11,10,189471
11,10,201351
13,12,182648
8,7,201663
15,14,189318
22,20,203045
10,10,226938
12,12,226273
20,16,201503
7,7,191822
18,17,207395
15,13,209891
12,11,188950
11,9,210437
16,15,209454
10,9,193349
14,13,196846
14,14,207819
8,6,166409
22,22,195843
15,14,199312
15,14,222619
16,12,174731
12,11,217708
14,12,188189
15,14,203114
16,13,199168
18,18,216009
16,14,191412
15,15,166303
11,9,194846
16,16,193249
11,9,194538
10,9,218508
12,10,175819
9,8,144846
11,11,176953
11,9,184887
21,19,189511
19,18,203238
11,10,182203
5,4,206273
13,13,184450
16,16,203795
14,14,198166
19,19,230689
10,9,203351
6,6,181754
8,8,178304
23,22,220830
19,17,199103
12,11,185823
10,9,194887
10,9,195479
8,8,202617
15,13,184453
11,11,202536
14,14,165046
14,12,201681
9,9,162111
11,10,187367
12,11,167333
14,14,186363
8,8,196237
9,6,199613
13,12,181248
7,7,183644
9,7,193414
18,14,222715
11,10,173770
17,16,180741
20,18,204347
16,14,190654
9,8,200836
18,18,166668
13,12,199644
11,11,166241
12,12,202073
12,11,188476
12,12,190373
16,15,219669
7,7,177725
10,10,184301
8,7,199081
16,15,193943
12,11,185754
17,17,187827
18,16,204792
11,11,190797
16,15,210197
15,15,191452
14,14,186592
9,7,177329
16,16,195372
11,9,188593
10,10,202325
14,13,161039
9,8,169746
13,12,179667
13,11,164354
11,10,176779
13,11,228935
14,14,174163
12,11,208490
14,12,187231
17,17,204649
10,9,186400
16,15,215735
11,11,179259
15,14,191603
13,12,175540
14,12,228278
6,6,170552
11,11,212865
13,13,188716
11,10,195088
16,14,187846
16,12,186493
12,10,170450
9,8,199929
15,15,201696
19,18,204491
16,15,230320
9,9,173238
13,13,210147
12,11,196898
11,11,196124
10,9,206559
11,10,189642
13,12,196360
15,15,173548
18,17,173029
15,14,191587
14,12,180348
11,11,190083
15,13,184611
11,10,196556
17,15,217177
7,7,193211
15,12,168242
11,11,193483
15,14,209860
18,15,165231
11,11,208532
15,13,221173
17,14,189213
17,16,226560
13,11,190872
10,10,216551
13,11,178513
8,8,174890
17,17,193611
14,12,177953
10,10,208665
15,12,207908
16,13,203759
13,12,178809
17,17,203799
14,12,178022
8,8,176867
8,7,190467
12,11,198043
21,19,188319
10,9,202001
15,15,205316
11,9,195068
12,11,176641
17,15,182995
17,14,195597
12,11,210320
16,14,216712
14,13,193839
16,15,200721
11,10,203225
14,10,209460
10,10,213747
14,13,189678
9,9,190907
14,12,165334
17,16,209981
10,10,192323
13,13,188553
14,13,195061
8,7,181425
14,13,192037
9,8,196341
10,8,202017
13,10,199838
12,12,196099
10,10,175540
12,11,194183
9,8,190264
9,9,183161
15,14,199724
13,13,177043
18,18,193361
9,8,192589
10,10,202873
8,8,179110
11,9,192660
9,8,181270
20,15,214330
8,8,181566
17,17,196532
13,12,205657
17,17,203251
17,15,192008
9,9,178276
12,11,188732
16,14,218038
20,19,241194
13,12,175570
13,13,185518
13,13,189805
12,12,185866
14,13,182000
5,5,177741
12,11,180411
14,13,188807
8,8,190713
15,15,199971
12,12,202165
14,13,219997
12,9,171971
18,18,188979
14,14,219625
17,16,203956
10,8,172393
14,13,195203
8,7,200421
10,10,211144
14,14,251340
18,15,183322
12,11,206608
22,20,225179
9,8,217533
13,12,191904
12,10,189148
14,13,166327
13,13,177278
14,14,199468
19,18,208259
13,12,182965
9,7,181938
14,14,200388
18,16,204847
6,6,176254
17,16,216366
11,11,182887
19,17,208071
9,8,205433
14,12,213150
14,13,207223
14,14,191460
19,18,187995
10,10,187215
13,13,193169
13,13,188019
10,10,194942
14,14,190719
14,11,191142
9,8,167878
12,10,172555
14,13,237473
10,9,193466
16,14,191258
18,18,203803
14,10,241635
15,14,178266
17,16,191961
15,15,193885
6,6,185253
17,15,207893
10,6,183998
10,10,183313
10,6,170957
20,20,203980
10,7,202652
11,10,231026
11,10,200134
20,19,217160
18,17,210489
9,7,173146
12,11,203868
10,9,192577
11,7,215607
10,10,177120
14,13,217313
15,14,206707
16,14,221063
14,12,213504
14,12,226475
13,12,199616
11,10,203437
11,9,182141
15,15,195483
18,18,201504
7,6,172212
14,12,203692
15,15,179487
18,17,213837
12,9,182092
22,22,205960
12,12,219943
7,6,164835
18,16,209342
9,6,200839
12,11,196004
11,11,178009
10,9,206375
12,10,174689
15,15,201676
8,7,175530
14,14,200097
12,12,198829
14,14,222560
18,18,210636
17,15,221910
14,13,182509
15,15,201085
13,13,194228
8,7,206143
23,21,214187
14,13,205622
13,11,190982
12,11,218069
12,11,181196
12,12,189549
12,12,187253
14,12,201165
18,18,195253
8,8,215797
13,12,177409
12,12,191003
14,14,200356
11,10,176469
11,11,192012
15,14,206337
9,7,201346
12,11,179455
11,10,166420
11,9,183720
12,12,185601
16,15,206899
11,9,192472
20,20,222744
13,13,202062
16,15,187279
14,14,197366
14,14,207560
9,9,178500
15,14,202410
18,18,188587
14,12,204933
14,13,214859
6,5,165419
14,14,188534
6,6,162072
9,9,163740
12,12,176267
13,12,201863
13,12,209173
10,10,163923
16,16,200003
10,9,204247
16,15,223193
11,8,184655
14,11,199668
9,8,206148
16,15,179085
14,13,203841
12,12,198096
12,11,162284
14,12,205284
16,14,212878
14,14,211834
14,12,198738
7,4,191454
14,14,204046
12,9,201828
8,8,229475
12,10,193497
6,6,174654
18,18,210308
6,5,185653
14,13,193069
5,5,184854
17,17,202895
11,11,214894
13,13,192866
10,7,205875
16,16,217629
8,8,201609
10,9,191798
18,18,201059
17,17,220628
16,15,204239
13,10,207260
8,7,180704
9,9,192520
14,12,237737
12,11,181405
22,20,193714
14,12,232673
16,14,163757
13,10,212098
16,15,186225
10,10,193035
15,14,211487
13,11,167272
17,14,203950
11,9,234285
19,18,232974
9,9,199534
13,12,198656
9,8,189399
13,11,188466
7,6,201883
12,11,177717
13,11,181083
8,8,176943
10,10,183020
14,12,182780
12,11,217446
12,12,191946
12,11,169293
14,12,172682
13,13,198110
10,10,202698
9,9,185894
8,8,191199
15,12,185385
15,12,173134
10,10,194109
15,14,184857
16,15,210909
8,8,187986
15,14,172936
13,13,199127
8,7,184713
10,8,199802
13,12,186072
13,11,195223
16,16,198714
10,8,187362
13,13,180576
18,15,195818
12,12,187796
10,9,185254
16,14,202636
9,9,188773
8,8,199318
20,19,195906
21,19,195401
12,10,204315
12,11,180609
16,15,203768
15,15,224040
14,13,178270
18,15,204211
16,16,193008
12,12,184785
12,12,173367
19,17,191343
12,11,171728
14,13,186827
7,7,187886
14,13,205504
17,14,214792
12,12,189560
12,12,214956
6,6,168079
16,14,200322
29,26,194631
15,14,180601
13,12,210919
15,14,192694
10,9,239074
13,12,191284
11,10,199618
14,11,184623
16,14,191933
11,11,203548
14,14,198632
15,14,198265
17,17,201157
16,15,202275
13,12,194330
20,19,202744
13,12,185295
13,11,179366
9,9,202102
14,13,187710
22,20,205313
16,14,209427
10,8,159608
12,11,203859
10,10,220653
22,21,196687
19,16,206837
11,11,189201
12,10,183524
10,7,209141
14,12,193158
13,12,208056
13,13,184760
22,19,212796
23,22,238502
18,14,225505
18,17,224949
22,20,224156
11,10,224979
9,7,186199
15,14,216804
12,12,171401
12,12,181234
17,16,190692
11,10,186129
11,10,205604
14,12,199083
8,8,165662
11,10,194693
18,16,200906
14,14,185591
18,17,176116
14,14,178017
12,11,204499
14,13,192534
9,8,210182
13,13,186121
16,15,199461
15,13,195701
11,11,175227
11,10,187551
14,14,183744
13,11,176746
11,9,206441
3,3,195808
7,7,176884
14,14,192980
10,9,214297
14,13,199481
13,13,182679
8,8,189343
13,13,185892
9,9,199424
13,13,222164
10,9,213692
10,8,198212
12,11,188214
6,6,202081
16,15,173722
15,15,216927
13,12,210022
15,11,199524
14,13,219916
8,6,193408
15,14,194480
10,10,190869
19,19,218292
12,12,193772
15,13,190333
20,17,205063
7,7,194083
21,18,210811
14,14,174800
12,11,183186
16,15,212008
16,16,209416
13,10,177310
13,13,178594
13,13,182582
12,12,211296
17,17,212723
15,13,201238
15,15,225715
10,8,187734
9,9,168583
16,16,207052
13,12,196515
14,14,191274
9,9,168705
28,26,210616
12,12,176372
13,13,195662
11,10,179891
15,15,217501
18,17,223384
10,10,201795
13,11,209573
5,5,197235
16,16,251718
16,16,218968
9,9,197561
13,13,181280
7,6,203494
13,12,165153
16,16,245433
11,9,172176
9,9,201805
8,6,201231
16,15,199081
16,16,204676
6,6,160077
12,10,174342
9,9,196953
14,11,208099
14,14,199286
13,12,189990
9,7,223673
16,15,215582
17,17,187386
17,15,173377
13,12,213195
14,13,196053
13,11,206867
8,7,205811
10,10,220593
13,11,203451
13,11,172556
15,12,182457
6,5,203544
10,7,174135
11,11,198875
7,6,176513
10,9,204979
8,6,188320
15,15,206831
16,16,182349
11,11,200355
15,10,194139
15,14,231704
9,6,191508
8,8,200644
9,8,205603
15,15,197634
12,12,205079
5,5,171500
10,8,196747
12,11,165363
12,11,194023
16,15,197074
13,12,184859
14,14,183220
8,7,199100
8,7,193514
15,14,199612
9,7,163548
11,10,198020
9,7,186495
11,11,209002
12,11,181251
9,9,180421
13,12,200932
12,12,183443
15,14,225117
13,12,193025
11,9,202600
20,18,172188
15,14,230384
18,15,213261
21,19,227139
16,16,196024
12,12,216587
12,10,198152
14,14,205541
11,11,229357
13,12,185134
8,8,192065
20,17,199528
20,19,210475
11,11,200351
7,6,182933
13,12,194465
18,17,207550
7,6,177863
13,12,215768
16,13,227591
14,14,178072
11,10,202122
9,9,184430
16,15,192730
15,14,211983
12,11,174908
9,7,195317
10,10,184613
6,5,181075
13,13,166613
9,7,175848
16,16,185220
13,12,209469
8,7,197202
9,9,177781
15,14,184143
18,16,199040
14,14,186216
14,14,205135
10,10,184837
10,8,239306
23,20,184302
10,10,188306
7,4,197057
16,15,196744
16,13,224958
9,9,173603
12,12,184382
16,14,230406
17,17,181359
10,9,165786
10,9,199826
8,7,197521
15,15,172957
8,7,191802
8,8,173251
17,17,196179
15,13,221943
10,9,200992
19,18,184768
14,13,213221
10,9,194840
14,14,191047
9,9,187279
8,7,215832
14,13,172421
14,14,197183
14,14,213866
16,15,184208
14,13,208288
15,13,162789
12,12,203089
13,9,183081
17,16,206897
22,18,192016
15,14,191054
15,15,200558
12,9,202229
6,6,180426
23,22,208569
3,3,189622
9,6,186894
19,19,205478
7,7,174684
21,18,206987
9,8,179371
11,11,167963
15,13,189713
12,10,170549
7,7,177339
12,12,224420
7,7,192520
15,15,198600
15,14,182861
11,11,221346
14,14,215132
13,11,210955
21,21,211959
19,15,221975
14,13,201313
13,13,169996
13,11,209153
13,13,204680
9,8,186722
6,6,196780
12,11,190215
9,9,173196
16,14,187618
15,15,207726
15,12,178902
11,11,189152
14,12,212067
7,6,201092
17,17,207186
7,7,186163
13,10,190297
12,11,191177
18,17,197887
11,10,198043
15,14,204047
8,6,164510
13,11,176865
9,9,210346
15,13,178177
7,7,200093
14,13,198420
10,9,218037
16,14,181077
9,9,197745
7,7,225480
8,8,199580
14,11,181618
11,11,206142
13,12,210250
19,18,209024
16,15,228457
12,10,163743
10,9,192996
8,7,190717
15,14,188392
15,14,211238
12,11,204908
14,13,185755
9,8,175770
13,12,200088
10,10,217784
10,8,196581
13,11,194121
13,13,184656
10,8,178468
15,13,179337
18,16,202097
15,14,214566
14,14,172937
14,14,223845
15,14,204340
11,9,215828
12,10,187461
8,8,186062
15,13,195217
15,15,196256
14,13,228030
9,9,222623
12,11,196255
17,16,215496
14,11,175878
11,11,191863
16,15,179123
12,10,202678
12,11,180155
7,6,188379
12,11,213229
13,12,205932
17,13,197952
10,7,171585
17,15,195989
10,8,182899
9,9,186108
11,8,203336
13,13,193654
9,9,185919
14,12,232418
13,12,203946
14,11,191814
9,6,194482
10,9,179889
9,9,205657
16,15,203485
7,5,183522
6,6,211269
10,10,219262
12,8,176528
17,14,246779
18,18,206431
18,16,227849
16,15,202982
11,11,185050
8,6,207155
10,10,211249
17,16,214549
17,17,190860
18,17,213757
13,12,195385
10,9,179465
10,10,209422
17,16,180270
9,8,185654
14,12,223067
13,13,224833
16,13,190901
20,18,235879
19,19,209060
15,14,199646
11,11,198932
20,19,220459
16,15,190691
18,16,195001
12,11,200589
14,12,174079
20,19,187031
9,9,180233
13,13,203234
17,15,211871
11,10,197221
13,13,177519
13,13,177811
14,13,185787
9,8,208615
9,9,180378
11,8,215359
18,15,182750
18,17,187783
19,18,214951
13,11,232443
13,12,213596
19,17,217437
13,12,186788
11,11,194738
12,11,170324
19,18,232367
16,15,210048
17,15,220358
14,14,223557
14,13,176820
15,14,186952
11,9,190634
9,8,212487
11,11,219866
16,16,213520
14,12,177926
11,11,214263
19,18,228016
7,7,240609
15,14,187249
16,15,187499
17,15,195347
15,13,197608
17,17,183944
10,9,207565
20,18,191635
14,10,194382
10,10,174022
14,8,203829
8,8,201279
15,15,195664
7,6,178122
13,12,168196
15,13,229632
13,13,199338
19,18,205851
11,11,187627
12,12,188489
8,8,222379
11,10,195071
9,9,190484
10,10,182970
14,13,197145
21,19,236865
16,15,185285
10,10,220268
15,15,213028
12,10,182804
18,15,207236
18,17,207552
17,16,192584
15,15,194021
22,21,177938
17,15,199713
13,12,205947
14,12,185026
11,10,184975
14,13,180317
8,6,195516
14,13,212066
13,11,171572
14,13,180188
20,20,202715
11,10,177372
16,16,203018
12,12,165303
12,12,199964
15,14,207214
9,9,181623
10,9,193090
10,10,186142
11,10,204688
12,8,210276
10,10,196052
13,12,178060
8,6,197113
12,10,189625
10,9,185206
18,17,193450
14,14,193104
11,9,208872
12,11,179734
15,14,209704
14,13,205436
7,7,198300
19,18,195171
19,16,210152
12,12,210478
10,8,183168
11,9,205185
12,12,204591
14,14,189554
9,9,211427
12,11,184843
7,7,203584
16,16,201607
13,13,201773
8,7,185132
13,10,202211
12,11,206130
7,5,196441
15,13,176032
6,6,194397
8,8,203181
14,14,227691
24,22,211155
12,9,183498
12,11,190775
19,18,198611
16,16,212138
24,21,213811
21,20,204018
14,11,213466
15,13,202530
14,13,191813
12,11,220341
9,8,213677
15,13,217292
10,9,186833
11,11,181715
17,14,190135
13,13,211806
9,9,218782
8,8,184455
17,16,204066
15,14,230910
7,6,167944
13,10,183934
20,15,203293
16,13,204812
12,11,205409
10,10,204233
13,11,189366
16,15,160761
20,19,204082
13,13,185782
25,23,237920
9,7,199897
18,17,205533
12,11,200355
12,10,162284
12,12,189657
12,11,201974
7,7,188772
14,14,204174
17,14,203879
14,14,212691
14,13,199914
8,6,205950
8,6,208834
13,13,216171
15,12,206691
14,14,191730
14,11,177913
16,14,213530
18,17,220838
11,10,170497
9,9,205963
14,13,209629
15,15,211100
14,13,183326
19,18,230493
17,16,201847
11,11,215538
19,18,194296
15,14,185456
10,8,202589
10,9,205326
12,10,178476
10,10,179340
21,18,217588
10,10,186387
14,12,233119
9,9,162082
12,12,203847
21,20,193902
6,5,189105
14,13,171106
6,5,192818
11,10,181794
15,13,211079
18,14,178610
11,11,178746
9,9,182228
12,9,213027
9,9,187518
12,10,169743
9,7,161900
8,8,185317
9,9,205454
13,13,200862
11,11,178143
16,13,174187
19,19,239649
12,12,244600
11,11,191267
14,14,189024
12,8,204677
12,10,205352
21,20,200476
16,15,198601
6,4,211129
10,9,204589
20,18,246510
14,12,210583
20,16,203231
16,16,213707
13,13,183549
12,11,198924
13,11,217758
9,8,177440
11,11,184888
19,18,224417
21,20,198677
15,15,225562
19,19,214540
16,15,178884
9,8,169386
16,15,189172
12,12,191912
8,7,142341
15,13,213777
12,10,205840
20,18,161009
15,13,186337
16,15,197397
13,13,209263
13,12,188126
24,24,213244
12,12,189751
12,11,179579
16,16,197980
15,15,240075
10,9,163883
13,13,201021
6,5,194179
14,14,208313
9,8,212968
14,11,197670
8,8,154394
11,9,191045
12,12,185439
6,6,196098
8,6,170134
17,16,189185
20,17,180605
15,14,206792
14,14,201329
18,16,165532
17,17,192630
15,13,216080
5,4,181926
13,11,177634
15,14,211956
7,6,174560
19,17,200007
13,11,206430
14,12,206370
14,14,206182
16,16,213825
17,16,208628
15,15,198292
8,7,174030
12,11,194671
12,11,204893
14,14,218199
17,15,157824
13,11,186480
15,15,203537
9,7,161291
10,7,188087
9,9,176660
14,14,189243
20,18,200637
16,16,204617
22,20,174619
13,12,192568
13,13,181864
23,19,202901
15,14,198411
11,11,201238
16,16,255124
8,7,200690
14,14,189267
13,12,194916
10,10,184316
11,10,189566
19,18,240611
10,10,212463
20,18,209270
7,7,200664
9,8,211674
12,10,226629
10,9,178522
13,12,202032
19,19,200985
6,6,173113
14,13,200141
11,9,206888
17,16,223009
19,16,179425
9,9,198616
12,10,174922
16,12,201281
11,9,184810
14,14,188993
16,15,201441
15,15,192449
9,9,184651
16,15,198566
14,13,206266
22,22,176102
8,7,173194
12,9,203846
24,23,198589
16,16,201600
8,5,184486
17,14,182224
14,12,169385
14,14,216912
15,12,208834
13,12,191193
13,11,199385
12,12,185694
14,13,192762
19,19,186276
9,9,185887
11,10,230099
15,13,197383
10,10,192338
21,19,221403
17,14,203151
15,15,177717
10,8,167860
14,12,188885
14,13,214843
9,9,174862
9,9,193907
18,16,207365
12,11,195706
14,13,171246
11,10,167399
19,18,196123
20,19,185529
13,12,194776
12,11,173125
12,11,216717
14,12,179706
22,21,183397
11,10,221449
17,16,229748
20,15,184664
14,14,193933
14,12,168576
11,10,167468
22,18,218390
13,13,201408
10,9,181891
15,13,195482
10,7,177584
6,6,202345
18,14,211285
11,10,202670
17,14,186660
12,10,166782
13,13,189768
14,11,211242
19,17,218490
17,15,208894
15,14,176039
18,17,179548
20,18,219724
12,11,195879
15,15,240286
9,7,200466
21,19,207452
15,15,223494
8,8,167219
10,10,181013
17,16,195214
12,12,175115
12,12,223123
16,15,193535
15,14,173425
14,14,229501
21,20,208902
10,10,168874
14,14,224691
18,17,185721
20,18,200815
16,14,216473
13,12,213436
16,16,190103
10,9,194113
14,13,177913
11,10,204982
14,13,201121
15,10,160869
13,10,167712
7,7,185090
16,15,179195
11,10,194501
14,14,206176
8,7,169671
8,7,170916
13,11,212203
10,10,203204
10,10,221349
17,15,201879
17,17,230499
13,13,177899
6,5,187952
10,8,206413
20,19,225795
10,7,206852
18,15,176103
14,13,200979
16,14,193355
8,8,188938
10,9,175773
21,19,194556
16,16,190350
15,13,225758
18,17,208853
9,9,199221
8,8,226499
8,7,171485
14,11,201833
14,14,204368
11,10,201984
10,9,173150
15,14,193090
15,14,188131
17,16,190783
12,10,196694
16,13,181898
11,10,180226
11,11,198444
10,10,189404
18,17,212838
15,14,154808
11,8,201031
8,8,199454
11,11,189597
15,15,216923
14,12,170300
15,14,171396
18,16,177962
12,11,199781
13,12,155494
15,15,189724
13,12,195225
15,14,188288
12,11,232152
15,15,219165
11,10,177458
11,9,195669
13,11,184999
9,9,203137
10,9,188841
22,21,249515
15,13,189609
11,11,198501
13,13,176711
11,9,184269
8,7,196610
9,8,170622
13,11,219680
7,7,150660
11,9,191808
17,15,177740
19,17,178848
14,14,213542
15,13,188508
14,13,195674
14,12,222234
17,15,226056
12,12,199648
13,12,217370
17,15,211809
11,10,189827
13,12,192966
11,9,189798
13,11,175413
7,6,186417
8,8,215583
11,10,181740
11,10,200717
19,19,212544
15,11,170359
10,9,177631
12,11,193211
13,12,200244
12,10,221684
9,9,219724
15,12,208695
11,10,189428
16,14,216534
12,10,161488
10,6,178860
10,8,194015
19,16,228902
17,17,224408
12,11,165840
12,11,180499
10,9,192652
12,11,216756
14,14,209060
14,12,204473
15,14,202845
12,10,174854
12,11,214300
16,14,233016
22,20,216301
14,14,206375
17,16,191223
11,11,160605
14,12,196246
12,10,203354
7,5,189671
13,13,188524
20,16,220228
8,7,199823
20,17,202569
12,10,194052
12,12,170075
9,8,200167
12,12,186852
12,12,183080
10,8,179715
16,14,231379
6,4,199560
9,9,217204
8,7,191025
15,12,207651
17,14,220802
7,7,158946
9,7,165669
12,11,215082
14,13,185045
9,8,184219
9,9,178929
10,9,212500
10,9,189261
10,9,173402
13,13,223974
18,17,209541
9,9,172586
17,16,204763
5,5,162585
11,9,188380
8,8,174735
17,15,182723
11,10,169836
16,15,170690
11,10,175868
11,9,194145
11,11,198624
22,20,202372
11,9,181667
13,13,195333
16,13,191593
15,12,178915
16,16,191376
11,11,196067
11,11,224856
14,13,200941
11,10,162624
26,25,236176
16,14,217556
7,7,208139
11,11,175280
13,12,189113
14,12,183419
8,8,193391
14,12,204557
15,13,184153
13,12,177245
8,8,157410
13,13,189514
11,10,201571
13,11,195236
13,13,191556
19,17,194848
12,11,193187
17,14,212575
12,12,174680
9,8,213000
14,13,226233
15,14,216475
17,14,177922
16,16,202089
11,10,219992
17,17,206352
14,12,175963
10,9,192921
15,15,189775
15,13,232462
9,9,199176
13,11,217697
11,10,175880
8,8,178079
11,9,185616
11,8,166034
20,19,219200
12,12,197833
17,17,209757
15,14,205576
9,9,211778
16,16,219287
6,6,202462
13,11,195114
15,15,199114
14,13,186075
8,8,173789
22,22,223141
14,13,207808
15,14,165345
14,13,213954
13,11,186527
11,10,200485
12,10,187627
10,10,196968
10,10,185299
14,14,190122
15,15,199089
14,12,208490
13,13,213862
13,13,200603
2,2,207746
13,12,214750
17,17,196821
13,12,167936
13,12,186551
10,10,190017
12,10,201453
13,10,224228
13,12,185597
24,19,221913
12,12,201938
7,7,200416
14,11,218451
12,10,224576
8,8,190453
15,15,206530
11,10,178543
6,6,215441
7,7,182733
11,10,218360
14,12,220693
19,17,204070
10,10,181273
14,13,204954
12,10,180792
14,13,215227
16,15,222279
14,13,214754
11,9,184839
9,8,199617
21,21,210444
14,14,195774
6,5,172211
10,8,176095
13,12,188519
10,8,178656
18,17,207486
17,14,161232
15,15,218048
14,13,210915
11,10,187256
13,12,183265
12,12,217270
15,15,208992
12,10,204497
13,12,192915
10,10,217909
12,9,197359
11,10,218680
21,20,220984
18,17,228787
14,12,215351
16,15,216177
13,12,178174
10,10,238608
9,8,214658
10,9,171674
9,9,174878
11,11,173164
18,16,180143
11,11,198411
8,8,199942
12,12,213218
11,10,198951
18,14,244919
17,13,198346
17,17,222285
9,8,186787
16,14,208305
17,17,204666
18,17,197486
12,11,178024
8,8,191315
13,12,189724
13,11,208214
18,16,204456
10,10,173488
21,18,221767
8,8,183958
8,7,195542
15,14,190844
7,6,186576
16,14,165001
15,14,216478
7,6,163445
11,9,166578
13,10,198732
10,9,181621
11,9,200435
15,15,223362
9,9,188474
10,9,183533
10,9,192734
7,7,203985
13,10,164939
10,9,219214
8,7,202881
15,14,184146
11,8,166730
19,18,191874
12,12,231100
9,9,175148
12,9,211469
15,13,192877
19,19,210173
17,16,175405
9,8,197629
13,9,184823
15,14,189858
11,9,193727
13,13,220830
10,10,194850
10,8,202422
14,14,216845
13,11,192040
9,9,192472
11,11,221729
8,8,193929
4,3,165027
20,18,184329
12,10,198204
13,13,192625
18,17,178283
17,16,193324
10,8,182870
13,12,218379
14,12,212426
9,9,199850
9,8,166811
12,12,181129
10,10,201132
20,18,215188
16,15,196301
16,16,196096
11,11,243157
12,11,233564
12,12,202938
18,18,220076
16,15,188720
12,12,199047
14,13,187568
15,13,185687
14,12,240525
11,8,166961
10,7,196936
19,18,185244
12,12,185800
11,8,190425
12,10,198282
12,10,193124
13,13,235132
21,21,208320
9,9,188431
13,13,199721
16,16,228173
17,16,215592
11,11,201288
12,12,220282
11,11,181480
18,14,191266
7,7,171066
9,9,173234
11,11,194887
18,18,241714
14,14,214510
13,12,194137
19,18,206280
11,10,206797
13,12,184440
10,8,177981
12,12,207509
20,19,177327
5,4,194613
11,7,162916
5,4,199706
12,12,191465
11,9,188288
13,12,212662
12,10,204510
8,8,203154
6,6,208015
8,8,168497
13,11,174866
15,15,216704
18,18,186006
11,9,181546
16,15,208005
10,10,197505
15,15,190901
9,7,205065
18,17,218151
14,14,197625
13,12,198435
17,14,214432
13,13,186823
13,12,189399
11,11,223359
7,7,184628
21,17,214601
12,11,209889
13,12,220193
8,8,201005
11,11,222799
13,13,207402
7,7,190248
16,16,222554
12,10,189868
14,13,204620
7,5,191695
16,15,199497
14,12,193484
13,12,187710
7,7,195130
10,10,188384
7,6,187597
9,8,183183
12,10,202879
11,9,209482
21,21,235873
11,10,197864
18,16,184566
14,13,207499
18,17,176132
13,12,201099
14,14,200333
14,13,188679
16,14,214726
15,14,187875
10,9,180635
16,13,211058
9,9,204038
15,15,186409
11,11,211114
8,8,167447
9,8,190608
10,10,173695
12,11,194058
17,17,195187
17,16,207031
16,15,218148
12,10,160478
10,7,193831
13,13,213214
12,11,199361
13,13,227286
14,13,204122
12,12,187595
12,10,177952
19,17,220197
9,8,199962
11,10,189935
11,10,204823
13,13,200898
11,9,204934
12,11,209698
12,12,178813
16,15,175075
14,13,189828
15,14,194370
10,10,193533
11,10,231695
13,12,192381
14,13,196939
11,10,187154
11,10,233636
9,9,195854
12,11,179589
13,11,173257
13,12,179473
12,11,182551
14,13,189019
22,22,210997
18,18,202883
13,13,183701
10,9,202407
9,7,186898
13,11,194315
16,13,180242
12,11,190698
12,11,185882
10,10,166930
17,15,197404
15,11,231108
14,13,236801
18,15,200026
19,17,190653
14,10,212545
9,8,186407
11,9,197019
17,16,206880
11,11,205890
15,14,184753
13,11,227099
11,11,176375
16,15,193946
15,13,187985
9,6,213746
18,17,177659
10,9,191692
7,7,202303
15,14,193585
19,18,198053
17,16,201275
10,9,193498
20,19,217532
11,10,195198
16,16,197483
14,14,211450
14,12,192117
15,14,194945
6,6,189408
7,5,196898
9,8,189133
13,13,195135
13,11,199987
13,13,214365
14,13,179207
10,9,198807
17,17,202160
16,15,175978
8,8,195956
10,10,201709
17,17,210438
10,10,215594
13,11,189006
18,17,199794
11,10,190188
13,12,183891
13,12,221145
10,9,208968
17,17,206680
13,13,194442
16,15,198226
11,11,200859
10,10,197330
17,16,201917
12,10,201424
16,14,181239
14,14,196366
11,9,203879
13,13,209712
9,9,187137
10,9,205330
21,19,189714
12,12,203409
15,13,179272
11,10,198336
14,13,209408
16,16,192364
13,12,211862
11,11,194494
11,11,190884
11,10,180122
8,7,222602
15,14,178684
13,13,176486
21,18,187514
10,9,201153
13,12,224257
13,12,187900
12,12,205896
8,8,180504
14,12,194193
12,12,193908
19,18,212302
13,12,204621
9,9,217376
5,4,170049
13,12,182497
18,16,171291
11,10,210169
20,19,202118
11,10,202377
9,9,202852
12,11,197116
16,15,180780
13,9,210365
16,13,182752
13,12,218801
17,15,195687
9,8,199853
11,11,185122
11,11,207074
11,11,210154
10,10,159536
12,12,209114
16,13,177307
9,9,177905
9,9,188568
16,16,231844
19,15,188340
15,14,207210
17,16,219403
11,11,177714
16,15,205137
17,14,187422
18,17,208832
15,15,201905
9,9,202801
17,16,209122
13,12,196925
10,9,190327
18,16,204672
15,14,197507
18,16,229500
10,8,194393
16,16,188242
15,14,228418
8,8,193422
11,11,197302
10,10,197952
13,12,190809
9,6,227053
7,6,190036
7,7,202305
9,9,188326
11,11,178201
15,14,178561
14,13,201537
10,7,178515
13,12,190147
7,7,192603
8,8,187606
9,9,189903
11,11,189824
20,19,183686
13,12,204675
10,10,215626
17,17,181628
12,11,208213
14,12,194550
20,17,211292
14,12,175446
10,9,195216
8,8,197629
13,12,181915
12,11,208370
14,10,179943
14,14,175627
9,8,157489
17,16,203580
13,12,179030
18,16,181169
14,13,197987
13,13,211887
11,11,163314
15,13,193915
7,7,179905
16,15,201188
14,14,200459
14,12,160900
10,10,208799
6,6,191103
13,12,197359
13,12,208991
10,9,167227
13,12,192617
13,11,200477
20,18,188515
9,8,182988
9,8,194528
11,9,190267
14,13,189297
6,5,165178
9,9,165945
12,12,179964
6,6,193729
16,15,201764
6,5,182191
15,13,164687
7,6,187409
13,13,186180
17,16,217975
10,9,163944
11,11,175485
11,11,195450
14,11,185352
11,10,224934
16,16,192432
13,10,209403
13,13,186175
11,8,194879
14,14,193639
18,18,224514
8,8,190599
20,17,199120
15,15,175831
7,7,194695
7,7,196883
13,12,208797
8,8,177460
13,12,216593
8,7,172748
14,12,204556
9,9,200926
13,13,212144
6,5,185133
8,7,180795
14,14,210835
15,14,210339
8,7,197416
15,13,204830
12,12,195263
10,9,187923
16,15,184894
10,10,232906
10,6,198351
10,9,172585
11,11,185914
13,12,173802
13,12,182801
13,10,191148
12,11,175997
16,12,194508
6,6,193846
9,9,200253
7,7,190532
12,11,180540
16,16,173838
22,21,194302
9,7,170275
18,17,191491
9,8,177836
9,8,196908
21,20,199421
12,12,177650
11,10,205253
18,17,161789
6,6,180164
9,8,193017
10,6,185911
12,11,159638
13,13,191744
11,11,187370
19,15,229629
18,17,201903
17,16,186267
11,11,163547
15,15,194946
10,10,206635
13,11,204251
9,8,166662
19,15,214232
7,6,204741
17,16,223414
13,12,210333
14,13,232005
16,14,197298
17,15,218072
10,8,186716
13,12,188789
20,20,207383
14,13,214581
11,10,192149
13,12,177870
10,10,195644
13,13,200247
18,16,200323
19,16,196704
12,9,181030
7,7,191963
6,6,186626
15,15,185528
10,10,179210
10,10,187431
13,13,179846
15,14,210787
19,17,229796
16,15,218512
14,13,237951
16,15,191963
10,9,191673
14,13,213196
7,5,212117
21,21,216058
10,10,182857
20,20,209666
11,10,199386
7,7,157137
14,12,214417
6,6,200989
15,15,186032
7,5,196059
17,16,183426
16,16,203139
12,12,194473
10,9,199805
12,12,200256
17,16,212390
15,15,200320
13,13,199517
10,9,206112
13,13,190932
12,9,184363
16,15,229293
14,13,200951
15,15,203550
11,9,179989
3,2,166571
10,10,161082
11,10,206986
12,11,208566
8,7,197256
11,11,155610
16,14,192665
16,16,172973
13,13,204411
12,11,206650
7,6,213128
14,12,198674
11,11,223665
17,16,209454
12,11,210134
19,18,212719
11,11,221402
16,14,216685
9,9,153142
18,15,212572
15,13,199276
7,6,170058
16,15,209877
20,19,184063
16,13,189284
15,14,191110
11,9,179455
9,9,177974
15,13,187202
12,11,177581
10,9,196339
7,7,207251
14,14,182942
14,11,172824
16,14,214945
5,5,178084
12,11,210198
11,9,192456
9,8,184914
10,10,206120
9,9,171011
12,9,222808
17,16,197837
14,14,183381
14,11,177183
14,12,217479
14,12,192337
12,12,177167
21,20,224410
16,16,188105
12,12,194547
6,6,172122
13,13,187863
22,20,213156
12,9,216834
14,14,229204
12,10,181799
7,7,187294
18,16,214606
14,14,201809
14,12,202499
17,15,198580
14,13,234519
14,12,187112
16,16,220099
11,10,192947
19,17,193922
12,11,206804
13,10,217800
12,12,181498
13,13,214370
12,11,192894
10,8,193363
12,9,197383
9,9,204934
11,11,215490
8,7,175638
17,15,188886
13,13,184881
11,11,213469
8,8,160220
10,10,190097
11,9,224363
12,11,206753
11,9,184150
12,11,198291
10,9,192853
15,12,203268
12,12,187419
13,13,206879
17,16,227775
9,9,199514
11,11,211393
10,10,196841
14,13,180773
13,10,205464
12,11,187420
12,11,224897
14,13,192450
15,14,218003
15,15,190036
13,12,201810
22,21,204233
14,13,191625
17,15,188503
14,14,200993
10,10,219092
13,13,193344
18,18,184883
5,5,177179
8,6,181164
22,19,201892
18,17,202229
9,9,189678
17,16,204176
22,21,172618
7,7,196591
12,10,180431
10,10,208074
12,11,193087
17,17,175816
10,10,198866
19,17,210907
11,10,188703
12,11,187476
16,16,189738
11,10,208986
14,12,205415
15,12,178139
13,12,205513
11,10,201094
10,10,190976
14,13,212955
9,9,215630
10,10,207972
11,11,172091
10,9,210220
13,11,215910
21,19,215767
12,11,161823
15,14,197632
18,18,200916
12,10,181307
10,8,183955
9,8,212637
12,9,188424
13,10,183512
14,13,227247
11,11,188394
11,10,185806
14,14,207215
14,12,199223
9,9,185689
11,11,194832
8,6,213733
13,13,219727
8,8,188894
9,8,193910
13,13,204979
11,10,210097
14,13,221698
16,13,188270
10,10,169366
16,16,209622
18,15,192670
10,8,200798
18,17,202193
14,11,188459
14,14,205487
18,16,231946
11,10,224451
17,17,210171
25,24,200220
18,17,217440
15,14,198588
12,12,184910
6,5,200688
11,10,199379
11,11,184178
12,12,188226
8,8,183287
18,17,210115
17,15,192804
18,16,190464
8,6,199484
9,8,175771
12,12,174324
13,10,193283
9,9,187425
11,10,180242
10,10,164692
14,13,237211
14,11,205881
16,14,202192
21,19,177940
5,5,202011
13,13,168192
16,15,231309
14,13,187751
18,18,210551
21,19,205742
16,14,170907
12,10,192969
15,13,195963
14,13,179463
15,15,229289
9,9,210804
7,6,203250
23,23,203533
17,17,185429
7,6,172511
14,14,180968
14,13,214130
10,10,191432
17,15,188354
13,11,189965
7,7,172044
13,13,180263
20,19,199464
18,15,176142
16,16,206901
11,10,212173
15,14,195033
10,10,203098
13,13,184091
14,13,208078
5,5,175530
15,14,219288
15,14,167952
15,13,216447
14,13,176457
6,6,189784
6,5,211447
6,6,199807
14,13,194077
16,15,203695
14,14,205038
10,10,191453
10,7,196826
12,11,197740
17,17,218234
10,9,197779
22,20,215124
11,10,198927
14,12,207823
13,12,201493
17,15,207241
12,10,211834
20,19,184290
13,11,185237
14,13,177724
15,15,185690
10,10,183234
20,18,215520
17,16,188863
18,17,197659
15,15,209681
25,24,192977
11,9,194128
8,8,200245
9,9,185201
13,13,186432
18,14,176585
10,10,186269
8,8,191283
12,11,196450
9,9,206626
8,8,185699
10,9,198367
11,11,193464
17,15,214087
13,12,169430
9,8,215703
15,13,152951
15,12,203545
18,16,218507
9,9,200796
11,9,215184
11,10,194371
6,5,180622
11,9,198194
14,14,208777
14,13,182806
18,14,179418
10,9,192297
13,10,198076
7,7,188029
15,14,195209
17,15,205028
13,12,190483
15,13,192529
11,11,171496
16,16,179457
12,11,212882
20,19,213814
18,16,191753
8,7,213588
8,8,169054
14,12,210378
7,7,175561
12,12,194468
11,10,192264
12,11,211336
12,12,200981
16,13,220912
7,6,184508
16,14,190018
9,9,175942
9,7,231243
5,3,168458
10,9,180062
13,13,211737
11,11,209130
16,14,165074
9,8,221349
10,10,196983
11,10,183909
7,7,186387
16,15,155727
9,9,194272
13,9,191879
11,10,192318
18,16,210108
11,11,214682
11,10,213709
15,15,222695
15,14,171567
15,13,189328
18,16,211429
14,13,207427
22,20,200815
8,8,188797
21,18,223396
16,15,213447
14,13,176789
14,13,185819
13,13,200917
13,11,175002
10,9,217405
19,18,220325
9,7,184528
15,14,190533
16,15,206273
14,13,195052
14,13,165373
15,15,182786
11,9,211087
15,14,190710
10,9,170006
17,16,189263
11,11,231413
12,11,156766
18,17,201102
9,9,180631
8,6,195524
12,12,241256
12,11,185284
11,9,182240
15,13,205306
11,11,220306
10,10,198105
11,10,204906
10,8,206122
18,17,204713
14,14,190212
9,8,205140
9,9,190709
9,8,180575
10,9,197295
16,13,207182
8,8,183482
18,16,202702
13,12,198897
16,12,222621
13,8,167393
11,10,209929
17,17,189546
16,15,210685
19,17,184914
18,18,193833
17,16,193331
12,11,179635
11,10,179644
4,4,184452
13,11,206387
22,19,182582
13,11,181988
13,13,224320
11,9,197598
14,13,211245
17,15,226223
17,16,182600
16,14,234484
12,12,178541
12,12,184623
12,11,210359
14,14,213801
10,10,194355
19,17,200520
12,11,182165
13,13,165396
13,12,195893
13,10,192443
19,19,229928
12,12,179930
6,6,193973
15,15,207658
12,11,202586
10,9,213891
16,15,204138
15,15,200940
9,8,188104
10,10,187188
9,8,196113
14,11,166162
12,12,195602
9,8,197991
8,8,179281
13,13,201371
9,9,197617
10,9,214709
10,9,189507
13,11,192271
16,14,192054
8,8,190268
12,10,210017
15,12,228288
13,13,167394
5,5,200837
10,10,177753
24,21,209435
18,17,184583
12,12,207420
14,13,184730
11,9,168180
12,11,198445
9,8,194127
12,10,204953
7,7,175253
13,13,169136
17,17,215282
14,14,191156
19,18,194596
9,8,192332
20,19,186659
7,6,185454
10,10,179498
9,8,188829
15,14,193604
10,8,175116
19,17,202199
17,17,191339
18,17,198604
16,15,207403
13,12,194263
15,15,210759
13,13,199916
17,17,198431
16,16,203839
12,12,179646
15,13,207828
21,21,232249
8,8,211106
12,11,208524
9,9,224819
10,7,178433
16,15,232885
15,12,202298
22,19,196056
15,14,203495
13,12,211698
10,9,186207
18,17,218433
10,9,215692
16,16,230475
7,6,217192
10,8,175410
16,14,192354
13,11,206043
15,15,192992
21,20,201975
12,11,208883
5,5,180344
9,8,197259
20,18,226123
11,10,178143
12,12,218227
13,12,185004
10,10,218995
10,10,177085
11,10,204786
14,11,213640
17,16,195811
9,8,185347
13,11,202824
14,12,241736
6,6,211389
14,13,216004
12,12,207989
8,8,192911
11,10,208379
11,9,218312
9,9,213145
16,13,202345
11,10,195631
11,11,171979
11,11,197599
13,12,216751
10,10,189407
9,7,185185
13,12,214957
11,11,217022
16,15,183615
17,15,207279
16,15,198409
15,15,164782
13,11,216079
14,14,204836
12,9,193924
12,8,212858
15,14,198915
19,17,206833
13,12,205174
10,7,216020
13,13,202115
10,10,183748
8,8,172598
11,10,207780
18,17,208745
9,8,202011
13,13,188461
9,9,188189
12,11,200455
6,6,164275
17,17,209417
14,12,184282
11,11,180961
15,14,171240
13,12,193803
7,7,200524
15,12,193551
13,13,207061
13,11,226113
18,15,238049
13,12,187470
12,11,178836
16,15,197890
15,13,199845
11,11,227000
8,7,198304
13,11,186144
21,19,240988
7,6,193829
10,8,201619
13,10,221815
13,12,204956
15,14,195355
10,10,200096
15,14,207676
12,11,181415
12,12,214237
14,14,187385
13,10,168759
16,15,184278
17,15,170663
14,9,180161
17,15,204181
13,12,211192
14,11,179761
10,10,196135
14,13,205977
18,16,181394
12,11,195501
15,14,193498
16,15,208171
11,10,195786
11,10,232333
15,13,184404
10,10,183180
17,15,223870
3,3,174186
19,16,188834
15,13,196294
15,14,203575
12,12,177101
21,19,178918
14,14,210044
14,13,207573
6,6,184718
12,11,212945
16,14,161735
18,16,211500
15,14,170982
11,10,178063
16,16,190669
10,9,173899
13,13,190404
5,5,146834
19,19,195597
10,9,196141
13,12,181960
13,12,168367
18,18,207452
13,12,187857
11,11,196002
14,13,197681
17,16,213053
11,9,213821
10,10,226958
10,8,167730
14,14,202141
24,22,199556
15,14,216552
13,11,182055
21,20,219755
9,7,183260
11,11,187836
11,11,181389
11,10,194175
11,10,175460
9,8,225316
14,14,193938
12,8,184745
17,17,211536
14,12,195604
14,13,216055
14,13,184657
12,10,233049
15,15,237104
15,14,192623
8,6,209977
12,12,186672
6,5,178055
12,11,198514
8,8,177591
11,10,226513
20,20,195136
18,16,213321
18,14,205135
17,17,172754
14,13,189389
16,16,216768
10,8,189679
13,12,192213
10,9,191538
17,16,214096
12,12,206026
16,14,219890
8,7,155186
17,15,200285
10,9,207050
12,10,168409
6,6,192331
8,8,210828
14,12,189456
17,16,175752
18,17,179679
11,10,190290
14,14,198840
19,16,231649
9,8,193456
8,8,184707
11,11,205631
8,7,201725
13,13,182095
14,13,211729
15,15,222435
12,11,188290
16,15,192813
13,12,194900
12,10,180955
12,12,180159
12,12,211325
11,9,194973
13,13,223261
23,21,238150
16,14,176226
11,11,196242
9,7,195782
10,10,217243
14,12,200025
14,13,170834
12,11,206362
9,8,193895
15,15,204484
12,12,191348
15,15,201796
15,14,189521
11,11,190897
15,15,197763
12,12,178458
19,19,186886
16,14,219250
13,11,209621
16,16,223447
9,9,181486
11,11,190525
19,18,216119
14,14,218550
15,15,193385
12,12,210842
18,17,191916
12,9,182939
16,16,222051
16,14,187772
18,17,189716
10,10,190830
16,14,218250
7,7,158604
14,13,188726
7,7,199637
15,13,197796
17,17,187881
11,10,199423
12,12,167958
15,14,187828
15,15,206807
13,12,191997
16,15,184904
17,14,217071
11,11,231278
11,10,183690
10,7,165286
16,15,206027
14,11,181822
9,8,177904
14,13,201787
8,8,210867
12,11,198696
15,15,206911
15,14,188329
12,10,180924
18,16,192077
5,5,180354
13,12,203987
7,6,193305
10,9,173965
16,14,185776
13,13,205044
10,10,188047
7,7,179263
13,9,183514
16,16,203482
15,13,192939
13,10,184271
20,20,179623
16,14,198183
15,14,208588
17,14,200543
9,8,182465
8,7,222810
21,20,197926
15,14,224110
19,19,193199
10,8,179869
10,10,216382
6,6,158270
12,10,209754
17,16,200578
13,12,198188
21,18,174380
12,12,189210
7,7,195770
15,14,183483
9,9,169585
12,12,227451
13,12,214418
14,13,205575
16,15,195620
14,14,193964
8,8,172076
11,10,220002
13,12,195139
16,16,194592
21,16,188433
18,17,198059
16,15,192332
17,16,217448
11,10,201763
12,11,213027
12,11,209465
14,14,236459
7,6,173814
11,11,200972
22,22,211681
17,14,209009
19,17,208887
18,17,210596
13,11,208240
21,19,226749
9,8,203898
14,14,189841
18,16,215549
15,13,206390
14,12,225940
12,11,196000
11,10,215200
11,11,165205
14,14,194961
12,12,212075
8,7,210722
19,17,196712
8,7,159668
11,8,187564
7,5,198152
15,13,218156
11,9,207682
10,9,215872
16,13,185880
10,10,199611
8,8,183534
18,17,197750
12,12,192894
14,11,178968
18,17,209965
15,15,179413
10,10,182214
12,11,204899
17,16,200786
14,13,208742
8,6,182295
15,14,193304
12,11,219277
14,12,204281
14,13,193464
18,16,179985
13,11,195586
12,11,192012
16,13,203960
12,11,174479
12,12,205525
15,14,204375
10,9,196093
16,15,210993
12,12,189890
11,10,189535
16,11,215976
13,12,180141
19,18,194413
15,14,176768
14,13,182991
15,15,172436
9,9,182082
12,10,190666
11,10,189053
11,10,175104
12,10,218046
9,9,172880
17,15,248358
17,15,208618
14,13,188472
17,17,183696
8,8,201374
12,11,179134
9,8,176973
9,7,191845
11,11,195351
16,14,203843
12,12,213249
12,12,182192
16,15,213747
18,15,186612
17,14,197738
7,7,199855
14,13,217548
15,13,198242
14,14,176624
12,10,196905
14,14,201528
12,11,203375
17,17,195984
19,18,201172
10,9,191171
13,13,200334
18,17,187519
10,9,200295
15,13,220231
17,16,198069
11,10,206140
12,12,201945
24,22,198473
18,18,192315
7,7,214727
12,12,216737
9,9,207131
19,19,206894
15,14,206716
15,12,198683
17,15,198042
15,11,166244
11,10,180647
14,13,195047
10,9,186972
11,11,175470
14,12,211447
14,12,196899
14,14,232063
11,11,199550
10,10,200995
13,13,199718
12,11,194543
16,15,176405
17,16,181678
13,9,190124
16,15,191032
18,16,167379
19,18,214505
14,13,213180
17,17,197606
7,7,186260
17,15,214338
9,9,196464
15,13,187294
18,15,190651
18,17,220344
20,20,185449
12,11,220331
15,14,195370
10,9,184670
12,12,195570
14,14,197045
15,15,218159
15,13,207696
24,21,205408
11,10,202994
11,11,181691
10,10,190089
8,7,177067
13,12,212553
15,14,205086
12,12,182197
10,9,173952
12,11,176097
10,8,185860
8,7,198108
11,11,181736
14,13,210068
15,11,208476
11,7,218881
14,12,187955
11,11,185201
15,14,222975
12,11,198569
8,7,187431
19,17,197324
10,10,190284
18,17,214549
18,18,188511
16,16,196114
11,11,194336
20,19,222200
12,11,192343
18,17,173112
15,14,197436
10,9,187416
10,8,185049
19,17,196522
11,9,213607
8,8,230574
10,8,190286
12,11,179321
12,10,199841
10,9,163171
13,9,205131
19,19,202555
13,11,174589
10,10,197972
14,13,217323
10,10,175719
16,16,205545
12,12,197316
14,12,176810
7,6,171024
21,17,201414
11,9,194661
19,19,219692
11,8,195062
14,14,227719
9,7,170225
12,12,191185
14,14,187544
12,11,189829
6,6,211370
8,7,187174
10,10,173271
14,14,182472
19,18,202561
11,10,202603
8,6,159269
14,14,195660
12,10,251924
17,15,213118
15,14,201119
16,14,194804
18,15,222119
15,15,192352
17,17,215362
14,12,227152
14,13,196952
18,16,204822
16,16,204953
17,13,204549
15,11,205962
18,16,205969
11,10,168265
12,12,191797
13,13,200941
9,9,181869
9,9,185053
17,17,214423
13,13,172423
10,10,196445
16,14,205573
11,11,220651
17,14,177380
18,16,221393
11,11,240799
10,9,193580
17,15,216498
25,23,189939
14,14,203621
21,20,194329
10,9,162347
17,17,203321
17,15,224365
15,15,223272
12,11,182669
9,8,177183
12,11,200145
9,8,199052
15,13,178423
11,11,224543
12,12,185274
18,17,225507
12,12,176204
10,10,211084
15,15,225364
6,5,180906
14,12,205684
9,9,168468
19,18,216715
11,10,174795
5,4,169999
16,13,194838
11,11,187009
18,17,202806
12,12,185266
14,13,188232
11,11,207160
10,8,224056
14,12,185621
10,8,229367
14,13,195903
13,13,182015
11,8,193139
12,12,205722
16,13,190095
17,12,170796
12,12,204572
9,8,190501
15,14,175921
13,12,196462
20,19,229762
16,14,210219
13,11,206023
16,15,224433
9,8,187029
16,14,230465
20,19,209492
12,12,163976
11,10,212744
8,6,183753
10,10,187460
11,11,218931
11,9,195672
13,12,203705
11,9,192658
15,13,199729
10,9,181117
11,11,187657
7,7,164823
10,7,192733
17,16,217501
13,12,192329
14,13,186141
13,12,204337
9,8,196011
20,19,179543
14,13,190692
12,11,214818
14,12,225004
16,14,202144
8,8,206715
8,8,157966
5,5,215758
13,12,195509
9,9,176276
11,11,190129
15,15,189430
12,12,200062
10,10,173254
9,9,197023
15,11,169390
14,12,194993
12,11,190494
24,21,206626
15,14,192218
10,10,227550
16,15,169159
16,14,194489
13,10,180863
17,16,188733
10,10,211245
12,12,197359
8,8,191343
12,9,197250
25,25,220532
15,15,216563
13,8,187061
16,16,210936
13,13,186475
13,12,189697
15,14,201527
9,8,197335
12,10,196140
11,7,189755
15,13,199754
21,19,189816
18,17,201540
12,11,187838
14,13,196486
16,15,179202
13,13,192948
10,10,161894
14,13,217314
18,16,213937
7,6,194676
13,12,205649
9,7,178345
7,6,201467
14,12,193718
16,15,194771
10,10,178518
13,12,171208
8,7,157987
13,13,189378
15,15,183330
12,11,170852
9,9,206150
9,7,193000
15,14,201210
9,9,189019
8,7,195279
9,8,175613
11,8,203972
18,18,182098
16,16,191210
14,14,198829
15,14,218972
8,8,213557
12,11,177445
21,21,200740
14,13,225915
13,13,195381
11,10,181628
17,16,212101
15,15,216682
13,12,178799
13,10,192384
15,13,187137
14,14,206906
11,10,182200
12,12,203152
20,19,197770
10,10,184975
13,11,189160
17,15,197714
12,12,218368
10,9,172859
10,9,191471
8,7,181239
17,16,203340
13,12,195674
10,8,160471
17,15,195411
16,13,233848
21,18,205429
12,12,186367
18,16,176623
13,11,205079
9,8,207796
19,18,221016
13,12,189494
12,12,175127
18,18,182356
8,7,193139
17,16,200378
17,16,200778
15,12,204086
15,14,220982
10,9,210575
9,7,194831
11,10,169427
9,9,174865
12,10,190377
9,7,193978
15,15,201444
13,10,188435
20,17,222570
15,14,174916
11,9,163256
10,10,224480
16,16,202621
14,14,202483
17,17,200145
15,13,183798
17,17,188203
12,11,180823
8,7,197182
17,15,211251
10,10,208987
16,14,200161
14,10,175464
14,14,178958
15,13,177786
12,10,189140
11,10,189738
13,12,200641
13,12,210356
17,14,191623
15,11,175140
13,12,212254
12,12,211532
12,12,232680
7,7,193135
17,16,226190
14,12,198053
13,12,197262
18,18,239300
19,19,210040
12,11,215031
18,13,185659
11,11,232938
16,15,177393
14,12,190805
10,9,212799
15,14,192574
13,13,190168
12,12,196322
15,13,175553
12,10,197337
11,10,182070
8,7,199613
6,5,188670
13,13,236672
9,8,189893
9,8,202818
15,12,202589
11,10,194081
16,16,204471
9,8,188776
17,15,176437
26,24,198592
11,10,200565
9,8,173946
13,13,201406
13,12,186981
6,5,202276
7,6,189997
14,12,189509
11,11,183873
8,7,201364
7,6,185324
15,15,216480
12,12,197260
9,8,180742
15,12,190502
11,11,210182
14,14,199832
17,15,183622
21,20,196237
8,8,189480
16,14,202170
12,12,225672
15,11,209777
15,14,219782
12,11,214908
16,14,206859
15,15,199709
10,8,212095
8,8,196206
12,12,182653
16,15,190366
14,14,200069
16,15,175096
19,17,204011
14,12,210496
10,9,182952
9,8,193286
16,14,199681
16,13,183562
17,16,222668
16,14,209075
18,15,223490
16,16,205873
25,23,220556
22,20,189151
13,11,201822
13,10,214587
14,14,171353
9,8,190857
12,11,196130
13,12,203262
13,13,196617
16,16,214898
12,11,181337
10,9,216957
9,9,194463
15,14,219498
20,17,190131
10,10,184299
12,12,205731
11,10,196274
14,14,205681
17,13,221790
11,10,185312
10,9,208240
12,12,174366
11,11,188404
14,13,188458
12,11,164391
12,11,212929
8,8,217251
19,18,206084
6,5,150006
10,8,187107
13,13,202580
9,7,202782
8,7,184446
17,15,200195
11,11,190043
9,7,183860
21,20,190692
23,21,205417
11,10,195818
10,10,217669
19,18,225522
17,17,186644
13,12,205683
8,8,189358
17,17,193965
19,17,199788
12,12,176062
11,10,166580
10,10,188913
14,13,207102
14,14,196913
8,8,193389
13,13,199476
12,11,178119
9,8,192884
11,10,213424
15,15,227208
13,12,179651
5,5,147976
13,13,176067
16,16,205502
8,7,184928
19,19,197160
15,12,209331
18,14,179823
19,17,194598
17,17,220451
16,15,208665
12,10,188798
8,8,188585
11,11,178125
11,10,207251
8,8,214551
17,16,202697
17,16,203690
9,9,179162
16,16,196605
9,7,164972
16,16,208503
12,10,155035
12,12,202618
12,12,196098
11,10,211725
9,9,197412
15,14,191994
22,20,206492
9,8,187933
12,11,198487
11,11,173224
13,11,243398
13,13,196205
10,10,176230
8,8,180789
14,12,190672
11,10,189733
8,8,197674
10,9,178319
11,10,183558
16,16,215231
7,6,212990
9,9,200914
16,16,193489
11,8,195395
11,11,178801
13,11,221478
13,13,203356
12,11,187718
4,3,213634
11,8,160428
10,10,208877
9,7,207661
14,14,210334
11,9,187868
9,7,189175
9,7,147478
6,6,200571
10,10,198649
12,10,216991
17,15,194151
11,10,207290
9,8,176919
12,12,223094
6,6,183931
16,15,212111
13,10,187359
16,16,192059
12,12,198712
14,13,192300
15,14,207447
14,11,193293
15,13,199008
11,11,175961
13,12,207454
14,14,239162
12,11,226384
18,16,187709
12,12,169982
8,8,184781
9,8,195999
14,14,195181
14,11,205046
12,12,185761
16,15,194584
15,13,196723
13,12,192262
11,10,188486
12,11,198176
14,10,203010
11,10,203757
10,10,181263
14,13,233739
17,15,204782
11,11,176151
13,13,188621
17,16,217320
12,11,183922
8,7,189661
10,9,188707
11,11,216176
16,14,169932
19,16,171222
11,11,190099
13,13,188910
13,12,192685
7,6,193625
8,8,213624
12,12,166814
25,23,221821
14,13,216885
16,14,188645
18,16,166071
24,21,212234
18,18,215809
14,13,227452
9,8,193318
18,15,187687
14,12,203269
12,11,187224
13,12,156055
17,16,204935
18,17,209743
15,15,182444
17,15,189991
8,8,176737
10,8,182231
10,10,195005
17,15,183965
14,13,159938
11,10,180522
11,11,199988
9,9,219061
9,9,206567
11,10,223698
19,17,235023
9,8,170222
18,17,170843
11,11,223204
10,10,229297
10,9,188966
15,14,187393
8,8,226598
21,21,244904
8,6,172457
16,14,193952
15,12,184481
21,19,198919
14,13,203630
11,9,213331
14,13,239930
16,16,169243
16,15,220420
15,12,186705
17,16,207359
10,8,226920
16,15,196491
9,5,184741
11,9,226658
15,14,180984
9,8,171036
24,23,214547
10,10,177922
13,12,179759
15,14,200606
7,7,178847
16,13,229313
11,10,178326
10,9,237356
16,15,184000
10,9,214502
9,6,160438
14,14,200596
11,11,236078
18,17,198134
21,20,209432
13,13,211191
20,18,214398
14,12,182649
14,14,190545
9,9,179318
15,15,194671
11,10,197929
11,11,186286
17,16,218789
10,9,196210
19,18,193864
18,18,210462
12,12,204088
18,17,193402
11,11,187353
13,12,213147
11,9,178196
9,9,208486
18,16,199681
13,13,209825
18,17,186175
15,14,197009
13,13,169327
6,4,187947
14,13,195633
9,7,190454
9,9,194983
16,16,217144
5,5,187697
11,9,170357
15,14,219334
12,11,195769
12,9,211525
14,13,195239
19,18,197854
13,12,187353
14,14,181478
16,15,221598
9,6,218274
10,8,192764
6,5,185227
15,14,202518
8,8,196336
11,10,179967
10,10,212287
11,10,183302
7,7,194198
16,16,197038
17,17,213886
17,16,194661
7,5,204439
15,14,207264
12,11,212527
6,6,167995
14,12,193570
19,18,196192
12,12,191022
14,14,192611
17,15,200877
11,11,201511
16,16,221925
12,9,200018
9,9,167470
17,16,218906
12,11,228415
13,10,228067
8,8,216953
14,14,196485
9,8,174390
14,13,197250
23,22,198572
10,9,190968
9,9,178386
17,14,210082
20,17,186390
8,6,178989
18,17,200342
17,14,187213
12,10,188906
14,14,212049
14,13,208711
13,13,177451
8,7,162204
19,17,198826
9,9,177319
8,7,185746
9,9,197519
20,19,213081
18,15,222040
12,11,201914
21,15,197450
15,14,203896
10,7,203500
15,15,201587
5,5,204757
10,10,206537
12,11,206874
12,10,237561
14,11,162495
15,14,184471
13,13,206406
12,12,185171
9,9,220122
16,15,214175
13,13,191969
14,14,188363
13,12,207543
17,16,194403
14,13,206984
14,14,223037
19,16,194294
10,10,196490
10,10,189973
14,12,196527
15,15,197746
15,14,218313
10,10,161458
16,16,203631
15,13,182328
11,10,159999
12,11,173351
10,8,174519
13,12,186405
10,10,170832
8,6,177289
12,12,210255
14,14,198686
17,15,181941
10,10,210675
15,14,189950
7,7,207801
13,13,186796
11,7,188075
16,11,195237
9,8,182751
12,12,177875
13,12,197770
11,11,173069
10,10,219153
11,11,217721
13,12,196183
13,12,175136
13,13,212570
19,19,235979
9,9,187157
10,10,195248
11,10,178205
11,8,215090
17,17,203955
15,12,173169
13,11,201803
7,7,179169
18,15,168582
10,10,192318
6,6,191481
13,11,175040
10,9,213914
11,11,185691
11,9,170131
12,12,193423
8,6,207640
11,11,188047
11,10,171321
13,13,178882
14,13,186215
13,12,198144
11,10,166025
13,12,211039
11,10,189591
14,13,184407
9,8,179510
11,11,197685
15,14,201019
9,9,181391
12,12,200979
11,10,202194
12,11,193623
9,8,185948
13,12,219830
17,16,187300
9,8,199993
21,20,249548
14,13,187943
22,20,184765
15,14,199328
12,12,194333
9,6,160898
15,15,207114
11,10,198604
13,13,183863
11,9,199784
16,13,198387
11,10,189911
12,11,194257
14,13,222176
12,12,187139
17,17,211657
13,12,186297
14,14,194498
15,15,193283
15,15,201209
10,10,200932
13,13,189710
11,9,185940
11,11,201663
12,12,209115
11,11,188215
21,20,190038
19,19,216382
15,13,213298
11,9,177291
13,13,189834
14,11,207061
8,8,215635
10,9,168520
12,11,194662
12,11,195511
15,14,195131
9,9,191983
17,16,229874
9,9,175973
20,18,188192
16,15,203759
14,13,184324
9,7,188512
10,10,206977
14,14,223241
11,11,200750
14,11,188033
12,12,177445
15,14,169922
16,14,198727
13,12,224340
13,12,209393
11,8,176535
11,10,213268
16,14,173932
10,9,225098
9,9,185187
13,12,180410
15,15,197671
10,9,187413
12,9,173595
20,19,203725
18,18,208088
13,12,198565
12,12,188803
9,8,180577
8,8,190882
17,17,219482
9,7,173252
8,8,211032
15,14,198437
10,8,184409
13,13,183234
10,9,197993
18,17,209744
7,6,175290
9,8,218910
12,11,196701
9,8,166475
13,13,174631
14,13,191223
21,20,205415
14,14,203011
14,13,182639
20,19,239492
10,10,176474
13,11,188788
11,10,182372
11,11,185022
16,13,201678
15,14,198742
14,14,185751
13,13,223651
16,13,184534
18,15,217224
16,14,214900
12,12,170073
8,7,208123
12,10,190924
15,15,228095
15,15,219159
14,14,173416
5,5,195882
16,16,245313
13,13,202782
17,16,223946
18,16,211462
17,16,198320
17,16,172361
10,10,178846
7,6,176057
17,15,211220
11,9,195260
14,14,207784
13,10,229715
12,10,200318
16,15,192972
15,15,185426
10,9,183457
11,11,202934
12,12,216764
13,13,190170
11,10,196380
17,17,210281
7,6,178390
10,9,224389
15,11,195040
15,15,199244
17,17,213477
16,14,260384
16,15,197629
7,6,190158
11,9,157502
10,8,233587
14,12,182402
11,11,204422
17,17,212958
8,8,175227
16,15,232915
15,15,187248
11,11,198013
18,16,201986
13,11,216684
22,21,178184
20,20,225369
12,10,177902
18,16,205689
9,8,215862
20,19,197883
16,16,189979
19,18,210064
18,18,211858
14,12,203798
11,10,187222
12,10,178618
13,11,210704
10,9,208353
17,16,210546
18,16,215403
17,17,185303
10,10,202900
15,15,189857
18,18,193425
7,7,201744
10,9,189582
8,8,174325
7,7,227407
10,10,188405
7,7,199423
11,11,192300
16,15,198515
15,12,194633
12,8,212171
14,14,194469
16,14,211507
14,13,207421
12,10,180497
21,21,188946
18,17,205214
20,18,198310
10,7,181551
11,11,188047
18,17,202050
11,10,160471
14,13,219251
16,15,188791
13,10,158605
11,10,203958
18,18,185606
13,13,192984
9,9,208471
19,17,233139
15,11,214049
16,15,183912
10,10,188484
18,16,199629
20,19,189170
15,14,204230
10,9,203211
11,9,207485
13,13,213176
5,5,216632
12,10,209429
14,14,209235
11,9,209782
11,9,170373
16,15,214362
16,16,200092
17,16,202699
12,11,209350
17,17,228069
8,5,182118
15,14,190393
8,6,198630
6,6,179659
12,11,187343
13,13,195411
12,12,175293
7,6,185168
13,13,194986
14,13,218131
8,7,201461
12,9,194600
10,10,191290
12,11,198879
6,5,181129
10,9,174959
7,7,193516
10,7,220727
10,8,192439
21,20,197269
14,13,183795
15,13,186306
20,18,187055
12,11,193837
12,11,184804
14,14,210564
8,6,176602
14,12,205135
16,15,210374
11,10,186471
15,15,225860
12,12,224316
6,6,188112
15,13,194127
15,13,208406
12,11,231306
12,11,213523
15,13,166109
13,12,208860
19,18,199833
16,13,223763
13,12,202599
13,13,201035
13,11,209366
11,10,192695
16,16,205664
8,7,208431
16,16,194080
17,16,216997
9,9,186841
15,14,190811
14,11,204592
14,12,196711
10,10,178125
14,14,214238
19,18,194398
17,15,216770
19,16,192386
12,11,193798
17,16,228964
10,7,177696
14,12,188439
22,22,227596
16,13,194834
7,6,156106
8,8,166591
13,13,196348
11,11,198400
11,11,201969
11,11,196177
8,8,200293
14,14,200255
12,9,230044
15,14,185081
15,13,200742
13,13,189682
10,9,238384
17,15,196189
14,14,179016
10,10,174727
13,11,193197
16,14,183078
9,9,184142
10,7,178136
14,14,196558
10,10,172951
11,10,179742
13,13,190700
9,8,228037
19,19,197881
13,13,210041
14,12,191541
16,12,213830
8,6,164311
14,12,213212
12,12,210184
12,9,198003
12,9,195289
20,18,208331
8,8,199757
9,9,196040
17,15,178118
14,14,183298
11,11,174660
9,8,190934
14,13,200425
14,12,202824
10,10,184763
9,9,186531
12,11,185587
19,17,222130
15,13,178493
16,15,192617
14,14,195843
9,7,159304
14,13,211506
13,11,203004
13,12,201174
17,17,202352
14,9,167797
14,14,181002
13,11,210572
14,10,181512
7,7,226785
11,9,186004
13,11,170403
12,10,190178
5,5,169870
12,11,189235
14,12,195879
13,13,196417
14,13,217318
12,11,214245
10,9,161302
18,16,177360
7,7,203032
12,12,195213
15,13,212433
14,14,174728
9,6,191702
12,9,223421
11,10,182915
7,6,174254
13,11,181087
13,11,172090
11,11,227105
11,11,199116
13,12,193604
17,15,206111
14,13,197286
14,13,172900
16,14,186764
10,9,184215
11,10,179718
8,7,225495
16,14,225053
15,14,224635
12,11,196953
13,12,181274
14,11,202859
13,13,189811
15,15,207067
16,14,196388
13,11,192864
20,20,199955
20,20,205765
17,16,207017
11,11,193673
15,15,185831
14,13,185960
6,6,196507
14,13,180250
13,12,217257
6,6,172399
20,18,219694
10,6,169987
14,14,209740
17,14,204758
12,11,186147
8,6,198004
14,14,218486
15,15,164553
14,12,207606
6,6,201003
13,11,179910
14,14,198673
17,17,190549
6,5,202828
21,19,202469
8,7,191897
6,5,194416
19,17,190995
11,9,190376
13,11,203411
14,13,184441
10,8,170607
8,8,176171
11,10,225289
17,16,184299
22,20,217970
20,18,227708
15,15,213291
12,11,208439
9,9,178906
7,6,165103
6,5,214553
18,18,199768
13,11,191122
21,19,187121
8,8,208509
12,11,207796
19,19,197380
12,11,187325
13,13,179289
11,11,243124
12,11,175154
15,13,226474
12,11,222504
14,13,217515
24,22,207515
11,9,188259
16,14,207286
21,20,188013
19,17,215986
9,9,199987
10,10,199028
9,8,219793
11,9,185496
12,12,214788
14,14,193031
15,13,196710
14,13,206469
14,14,226595
11,11,162214
11,10,208353
15,11,179797
15,14,218328
15,14,180821
10,9,162071
10,10,215488
13,12,170822
8,6,223115
7,7,188642
9,8,198143
8,7,217622
15,12,184994
17,16,208235
14,14,201084
13,12,189437
13,11,188825
9,9,186833
12,10,212675
14,12,216513
11,9,213783
9,8,181994
13,12,175728
5,5,168091
21,16,208454
12,12,184042
11,11,217837
22,21,208824
12,11,226635
19,18,197573
17,17,211910
12,12,211299
20,18,227278
14,13,177017
16,14,220469
12,12,170636
14,12,217229
14,13,184624
12,12,213704
17,16,197530
11,11,224994
9,8,194315
15,14,179228
15,14,171588
8,7,190817
16,15,222092
12,11,194074
12,7,166694
16,14,199124
13,13,193672
18,17,192992
8,7,198853
18,17,204614
21,21,195297
14,14,183797
12,10,202504
9,9,178854
10,9,186902
17,16,187023
14,14,179031
15,15,184890
16,15,203224
13,11,211461
15,11,176437
10,10,215932
17,13,185951
14,11,205692
16,15,220459
12,10,173311
16,15,185880
15,12,189334
6,6,178512
9,8,181453
18,17,207556
12,10,161680
12,11,208194
17,16,199040
15,15,189776
15,14,214134
11,9,187129
11,10,182506
16,15,189729
10,8,192972
9,8,200418
14,11,179755
9,9,180463
15,15,186192
12,10,193901
13,13,188637
15,13,223024
14,13,185479
15,15,216469
15,14,169891
14,11,209928
19,16,200515
20,17,201074
8,7,195486
14,13,188592
17,15,191470
9,6,206631
14,12,169118
15,15,212096
12,12,200092
8,8,218734
11,10,200090
14,14,197739
14,12,208116
18,17,174747
15,15,194800
16,15,187473
14,12,208388
15,13,195684
10,10,195656
7,6,194418
11,11,181348
11,10,206953
15,11,196359
12,10,184748
15,13,181139
19,18,191562
15,14,171122
13,13,209934
9,8,181465
13,11,214835
9,7,211580
12,9,225540
12,11,230528
13,10,198780
16,16,191788
13,11,187593
9,9,197879
12,11,224485
15,14,209532
14,14,220323
14,14,201271
21,21,166563
12,12,179265
8,8,174119
13,12,176844
13,13,193753
16,15,236214
12,11,198239
19,17,207535
7,7,213028
8,6,192809
13,12,178496
13,12,203776
17,15,197167
15,14,188865
20,18,189406
13,12,189208
13,12,212040
16,14,164122
12,11,197633
11,11,178720
10,10,234063
15,15,210301
13,11,211947
18,18,223900
15,13,212257
11,8,207632
8,7,170900
15,14,225243
12,11,175464
12,11,198604
14,13,198350
25,23,211536
18,17,211107
7,6,208529
10,10,194104
13,12,164203
15,14,178308
14,14,222857
14,13,179828
13,13,183328
17,15,192089
22,20,193710
16,14,179778
9,8,200532
20,20,184163
14,14,196925
26,23,206875
12,11,200790
17,15,219726
13,10,203397
11,11,170734
11,10,197932
19,18,198661
10,9,190062
8,7,198982
14,13,205583
13,13,205452
7,6,172606
13,10,196918
21,17,178694
10,10,190465
13,11,185386
13,11,184564
12,12,182333
9,8,195276
24,22,221751
19,18,197237
9,7,194443
8,5,168231
13,12,207322
13,13,197478
18,18,210452
14,14,160002
14,13,211889
14,12,187765
10,9,155649
10,9,175113
16,15,183905
7,7,186222
16,15,191292
14,14,232778
13,11,189450
12,12,196151
7,7,196061
16,13,187055
11,11,201911
19,15,175071
15,14,189850
18,17,223974
13,12,229485
19,16,206665
7,6,163385
6,6,188683
12,12,200970
10,8,210679
15,14,200421
12,12,227299
11,11,176909
10,9,182307
10,10,187766
13,13,207616
14,14,180843
16,15,199095
14,13,199390
17,15,202156
8,7,171325
13,13,218860
13,12,245689
13,11,179962
17,13,193477
10,10,189355
14,12,180709
12,11,215489
12,12,210625
17,14,207830
12,12,192201
19,18,181772
14,13,189323
16,15,205252
14,12,182447
9,6,192685
10,8,199609
12,12,200691
17,16,217529
18,18,200799
12,12,192154
18,14,191911
4,4,204410
16,13,219437
12,12,171939
13,13,188172
9,9,208612
9,7,209721
10,9,189096
16,15,194314
11,11,180177
11,10,203926
15,14,214391
7,6,188379
13,13,207061
14,14,196626
16,15,201460
10,10,195438
15,14,188361
18,16,192761
11,11,217599
11,10,193226
16,15,183501
11,11,194419
12,12,203998
10,8,193994
14,12,208345
8,8,183017
17,16,190599
8,6,198199
12,11,165571
20,20,186835
16,15,194369
13,12,195333
17,16,195160
20,19,224551
10,9,175644
10,10,191057
12,10,199537
10,10,196426
10,8,204563
11,10,195663
13,13,213376
16,16,199362
12,12,172591
10,8,182856
23,20,218540
21,19,185292
13,12,180259
14,12,177205
13,11,208288
10,9,212088
13,12,187150
10,7,180254
18,18,214055
21,19,207406
10,9,212654
9,7,196786
16,15,185159
8,7,185085
10,10,221270
25,22,218458
10,9,189714
14,13,198905
19,17,204783
18,17,195040
14,13,193192
11,10,203760
16,14,188141
10,9,206116
13,12,175322
8,7,192869
12,12,182415
13,10,202019
15,14,196003
18,18,230901
10,10,201014
15,14,200417
9,9,170401
20,19,183884
14,12,212661
13,11,184054
11,11,199571
16,16,188420
23,20,205174
16,14,193815
13,13,196117
15,13,153476
9,9,185013
12,10,178341
11,11,200660
17,15,207251
18,18,200467
13,12,189546
11,10,214359
9,9,204810
16,16,213977
13,9,189671
8,8,200363
12,11,194627
13,12,177893
20,16,193173
12,11,186971
11,10,190078
10,10,187456
13,12,182129
20,16,247745
10,8,181608
12,12,192667
12,12,191456
16,15,202495
8,8,174727
19,16,190882
12,11,190113
12,11,199529
15,14,203496
13,12,230186
12,12,208366
7,6,201027
17,17,223020
16,15,198524
17,17,212929
11,10,203002
17,16,224666
15,13,195617
14,11,178863
8,8,183855
12,8,181104
14,14,202281
10,10,163397
13,13,214081
15,15,204148
21,21,217870
14,12,188849
13,13,176919
18,17,206393
5,5,218552
23,21,190652
8,8,182430
10,10,184093
13,12,206474
17,15,195214
12,11,207505
6,4,212176
15,11,195760
12,12,212750
11,7,162633
9,8,216247
16,14,192820
15,14,192570
12,12,202643
11,10,189284
13,11,184564
4,4,198392
16,15,198690
19,19,206274
18,17,173666
22,20,212589
13,13,193088
12,12,200953
16,16,204238
5,5,196218
10,10,198779
13,13,224200
16,16,199802
17,14,192035
12,10,180847
10,10,182047
15,15,172378
16,15,204551
10,10,187747
12,10,186599
13,10,180348
18,17,213703
11,10,184328
13,13,218630
17,16,183248
15,13,210484
10,10,208101
17,16,208482
12,11,217801
18,16,202671
15,13,174213
13,12,203112
6,6,185372
19,17,195877
21,19,206989
8,7,203688
20,20,207151
12,10,216712
15,14,212158
17,15,178600
10,9,214204
17,17,191703
11,8,195159
8,7,216076
11,9,214786
11,11,185855
9,8,196698
9,8,201991
15,13,189495
13,12,230175
10,9,187094
19,18,193794
12,10,187888
14,14,207299
5,5,175295
12,11,190624
20,16,184783
13,11,188847
12,12,195283
23,20,217377
9,8,182591
19,16,221792
13,13,181917
6,6,190144
9,9,191117
14,12,183441
11,10,209586
11,10,204388
11,9,194895
7,7,182484
14,13,210942
14,13,197256
10,10,192781
14,11,221729
15,14,200950
14,14,205979
11,9,199561
12,11,181065
5,5,192460
15,13,188115
15,13,194594
21,15,176050
9,9,173187
18,16,204840
11,11,198243
16,14,182964
11,10,180479
12,11,181866
9,9,172566
6,6,162127
18,18,205996
20,19,180122
8,7,185039
19,18,204356
9,9,197453
12,10,201346
10,9,186840
15,14,203194
10,7,194741
12,12,223960
15,14,183878
25,22,215900
15,14,208233
18,17,210547
17,17,213863
16,13,195860
11,9,197851
11,11,205414
10,9,203497
9,8,196391
15,14,181434
10,10,206760
15,15,195761
11,10,186001
9,7,196537
8,8,202994
14,13,214678
13,12,194445
12,11,208246
13,13,204614
12,12,161111
10,9,168278
17,16,212735
14,14,196694
13,13,208399
14,13,224033
10,9,181127
13,12,203990
16,15,212909
10,6,198726
11,11,187815
16,15,202282
13,13,175568
13,13,209293
16,15,219452
15,15,200133
13,12,229208
15,15,199783
8,8,204083
9,8,194922
22,21,202026
6,6,161495
14,13,168800
15,13,198370
12,12,195119
12,12,195356
9,8,178220
9,9,206748
19,18,208845
14,13,227499
14,13,204072
9,7,212176
10,8,200307
10,10,207067
10,8,179024
14,12,173699
13,12,226875
24,22,191512
13,12,159718
12,12,189952
13,12,210217
13,12,175759
10,9,209874
9,8,183629
13,12,177596
19,17,178458
9,8,212729
11,10,221887
16,15,195764
13,10,205139
9,8,181123
5,5,193734
11,7,189027
14,13,197160
10,9,194649
9,7,175418
12,12,187573
14,11,213201
6,5,196291
18,17,245171
18,17,212533
12,12,192084
13,9,185549
14,12,187895
12,12,196178
12,11,198320
11,7,195478
7,7,175712
14,14,176800
21,19,183727
13,13,185136
12,11,189025
15,14,196888
13,12,199908
13,12,155711
13,13,193173
10,10,183979
12,10,228971
16,15,221525
12,12,190740
11,11,157365
7,7,193529
14,14,196447
19,18,198237
17,17,195184
12,11,190778
15,13,186919
9,7,184934
8,8,227091
14,14,177226
15,11,201501
12,11,184802
10,7,155571
16,15,173724
12,12,209098
14,12,210632
19,17,218514
16,16,230520
7,6,191902
6,5,171437
13,13,194500
11,9,185463
14,13,212454
15,15,206403
11,10,186846
17,15,186289
18,17,211239
9,7,173309
11,11,195702
8,6,178878
16,16,186477
10,8,156325
10,10,162480
13,11,168346
17,16,201903
14,12,216221
14,12,199559
19,19,202162
7,7,193840
11,10,184606
16,10,195262
9,8,201634
19,18,168810
11,7,227699
10,9,204418
14,14,190378
8,8,206788
15,13,150476
9,6,202785
11,11,190930
8,7,166178
11,11,200493
15,14,216992
12,11,219724
11,10,174661
12,12,193087
11,9,178570
17,17,190544
23,23,168261
22,20,208416
14,12,190893
18,15,233184
11,10,198104
13,12,183115
18,17,202800
17,15,209999
12,11,191522
11,9,193044
21,21,223222
15,13,179179
11,10,172358
7,7,187791
13,12,194969
17,15,177292
11,10,218683
8,6,202869
18,18,199717
20,17,218682
20,18,201042
18,17,217245
16,14,202729
15,13,201823
11,9,178839
17,16,213475
11,10,195004
7,7,173019
18,16,182519
14,12,208636
10,8,224959
11,11,226698
16,13,184505
11,9,176499
18,15,185010
19,18,197501
19,15,190284
9,8,210279
19,16,220651
11,10,181292
12,11,210448
10,8,191767
11,9,179006
11,11,218025
11,11,200149
10,10,184005
17,16,220976
11,10,160667
13,12,209832
8,7,214260
17,16,199523
10,9,212272
14,14,208748
11,10,180104
17,16,245073
16,16,179513
21,18,203627
17,17,201134
15,14,184887
10,8,206449
13,11,214075
13,13,176654
18,16,200228
13,12,168204
9,9,202937
23,21,216829
12,10,196700
12,12,198831
12,11,223776
15,13,192685
8,8,200272
10,10,210166
11,8,196842
17,17,195297
18,16,222855
16,15,208076
16,13,213174
11,9,197326
18,18,185756
5,5,178273
11,11,186641
9,7,184737
18,17,216875
8,8,211461
10,10,168913
9,7,171433
9,7,190528
15,13,186340
16,15,214987
14,12,207758
11,11,190714
18,16,203978
9,9,193171
12,11,182104
12,12,230502
9,9,188618
9,7,186133
10,9,201467
9,7,188678
12,11,189265
18,16,206044
18,18,206850
13,12,194796
17,16,197844
15,15,193921
19,19,222013
10,10,185136
9,8,194704
12,12,202335
17,14,185395
14,13,204933
13,12,234875
15,15,201744
7,6,191383
9,9,205290
9,9,189655
20,20,213506
10,8,188112
13,13,189321
18,17,205596
17,16,177990
15,14,199374
16,14,199746
18,18,201679
13,13,182313
19,17,203753
19,19,192826
11,8,185499
6,5,163042
9,9,179965
10,9,186057
10,9,171259
11,10,186000
10,10,201254
17,15,198265
13,12,204350
14,13,197058
9,8,223835
7,6,196892
16,15,186007
12,12,207781
5,5,212915
19,19,220263
14,14,178090
15,13,204633
15,15,195910
12,12,175253
17,14,196851
20,16,203514
3,3,213674
14,13,201289
16,14,189244
12,11,169981
13,12,182368
17,16,187337
17,16,247862
16,16,203877
14,12,176478
16,15,210335
16,14,203136
15,14,208496
15,15,188574
19,16,182648
10,10,182305
21,18,171538
15,13,210594
13,11,194160
17,17,202078
2,2,156351
11,11,189940
7,5,180501
10,9,173717
9,7,237390
12,9,223889
13,13,185067
21,20,208852
9,9,178852
13,12,185972
7,7,184739
18,18,241701
8,7,188193
13,12,206209
17,15,182116
9,8,149023
23,22,216980
16,16,228326
14,13,181716
13,13,189834
10,8,194464
17,16,210708
11,10,194427
18,16,211177
13,13,190185
12,10,206700
9,8,191470
11,11,213484
17,16,199298
13,13,188798
18,16,207030
16,16,241804
22,20,205722
6,6,202879
8,7,195291
18,16,160206
15,12,187006
21,20,208796
15,11,201770
10,10,190155
11,9,166091
13,11,170849
6,5,204558
13,11,220789
5,5,195876
10,7,183632
10,8,174418
15,15,209361
17,16,222161
13,12,206276
12,11,192238
14,13,202987
20,18,212682
17,14,177312
16,15,193399
12,11,192010
9,8,197942
12,11,203971
12,10,219640
21,21,200596
12,11,218945
17,15,191753
9,8,182802
12,11,176607
6,6,198851
13,13,193361
14,13,217828
13,10,189308
7,6,192352
16,15,227431
14,12,199752
16,13,202846
16,16,232535
13,12,166095
10,9,201544
12,10,207572
15,14,229672
11,11,181054
9,9,174900
20,18,212322
17,17,189588
19,19,228404
12,11,183817
19,17,195403
13,11,207899
19,17,229717
10,7,184713
12,11,176576
19,18,210235
12,12,181793
10,8,201351
15,15,198104
9,8,172055
15,15,206338
17,16,231020
14,13,207322
11,11,198646
14,13,177443
16,13,186772
18,15,199313
16,15,198668
16,16,190913
11,10,197030
15,12,180946
17,16,212727
10,10,178833
10,9,212912
13,11,189026
11,10,195841
16,16,215890
19,17,195723
13,12,195890
11,11,187217
16,15,202084
9,8,183889
18,17,213661
15,15,225700
15,13,183794
18,15,184005
15,15,200981
9,9,187243
15,14,195413
10,10,173616
9,8,229364
18,14,193889
16,14,200927
18,18,203326
6,5,180691
11,7,184215
10,9,191435
13,10,238866
9,8,200884
13,10,179768
11,10,195892
13,11,211228
11,11,195578
2,1,198172
7,7,178778
10,10,212426
9,8,211919
14,14,195878
17,17,194946
15,14,209588
13,13,220733
11,9,175448
9,9,169472
22,21,213770
15,14,196449
14,14,180820
10,10,182740
17,16,184523
8,8,238418
17,17,194509
10,10,184332
12,9,173107
10,9,184472
18,17,198736
19,18,200577
9,8,178542
12,11,190359
17,15,224833
11,11,202243
13,12,213299
10,9,191875
10,9,188470
14,13,173984
10,10,187989
22,21,206107
12,9,214085
9,8,191507
17,17,203261
11,11,180759
13,9,155546
17,17,219615
7,7,190967
9,9,198480
7,7,200243
16,15,197057
12,12,176213
10,8,174792
13,13,169915
17,16,215225
9,9,172870
11,11,209644
16,16,182413
12,12,188343
9,8,206612
8,7,217430
8,8,212781
14,13,200026
8,8,168639
16,15,160601
14,13,180042
21,20,203374
16,15,203295
12,12,195172
7,6,168096
16,15,214476
15,14,208034
21,15,201624
7,6,184287
14,14,215465
20,19,176611
13,13,225748
10,9,163802
14,13,218493
13,12,218097
20,19,221959
14,12,220699
11,8,176346
10,9,158708
15,15,205966
13,11,203561
13,13,173991
9,7,207189
13,12,197623
8,7,199035
10,8,181205
16,15,200036
16,15,181730
11,11,217769
12,11,196159
8,8,174048
12,12,198013
21,18,211174
14,14,218181
21,20,202454
15,14,211205
12,10,208119
20,17,220992
18,16,194680
12,12,215482
14,13,199303
12,11,189034
8,6,187749
14,11,220866
15,14,216098
13,11,213105
13,13,159942
10,9,181308
8,7,217170
13,11,198539
15,15,221150
10,10,178207
18,18,186632
20,20,209084
18,14,173580
11,10,191254
10,10,175421
7,6,232526
16,15,194632
16,16,203176
10,9,190957
9,7,181211
17,17,220831
15,15,218892
9,7,183084
12,12,218788
17,16,216231
15,14,249074
12,12,212076
10,9,204173
9,9,203197
18,16,183226
9,9,194418
12,12,199388
10,10,205999
10,10,190803
14,14,206169
11,11,199756
18,18,200431
18,17,201446
15,15,173406
8,7,223635
16,15,204494
14,14,212451
16,16,217918
13,13,178619
6,6,179056
14,12,170178
14,13,209384
9,9,182729
11,9,204902
19,16,204148
18,16,178782
9,9,182314
8,7,195994
10,9,177276
17,15,190625
13,10,172514
8,8,195915
15,13,185565
14,12,189448
13,13,203461
17,15,200860
15,15,239205
15,15,190802
20,19,208133
18,16,221808
8,7,192409
21,18,180867
7,6,178476
21,19,184688
12,12,199459
14,12,177213
19,17,201330
17,17,199990
8,7,194229
18,17,204304
12,12,220214
10,10,183347
15,13,237262
12,12,214314
13,12,182882
13,11,210300
15,14,187563
14,14,221424
12,10,219061
14,13,202635
11,8,190735
11,11,174438
15,15,197381
8,7,194635
11,10,203334
15,14,194502
13,13,204038
9,9,190088
10,10,215553
12,12,210944
18,18,191157
13,11,187855
15,14,181175
12,12,216208
20,20,209793
7,7,206959
15,11,206074
9,6,208121
21,20,195603
9,9,211602
11,10,232212
11,11,182954
8,8,198871
11,11,200056
16,15,194183
14,14,178887
21,20,208918
18,17,204400
11,10,187406
13,12,178919
10,9,196712
10,10,204149
17,16,221246
20,18,207535
9,9,179562
11,10,206197
10,10,171330
10,8,197306
11,11,221760
10,10,203894
9,8,190940
11,10,196140
11,10,196497
16,16,201180
10,9,197107
9,8,170351
17,17,173760
15,10,202293
14,14,188597
12,11,166722
17,16,207260
10,9,215315
15,13,224856
9,9,207932
16,16,178334
18,17,226544
7,6,218613
11,11,196932
14,13,196164
11,11,211767
9,8,215562
15,15,209312
11,11,239887
18,17,188466
12,12,159238
19,18,207136
7,7,203488
13,13,215908
9,7,171928
23,23,212349
18,15,187629
8,8,187749
13,11,208802
18,17,242729
10,10,188622
16,13,219537
13,12,215554
15,13,218888
19,18,219605
18,15,173187
10,8,188834
16,15,226975
13,12,176552
15,15,204118
11,11,192244
9,8,198433
14,12,204876
10,9,225736
20,18,253543
12,11,170800
11,10,188996
7,7,188742
11,9,189786
11,10,184466
18,18,189568
7,7,178142
16,13,182758
12,11,190155
11,10,180318
17,15,197959
9,9,218520
12,12,215296
12,12,225666
9,8,193737
12,11,213622
12,9,214697
14,12,212973
12,10,206733
21,17,212804
9,9,193226
13,11,186563
15,11,203318
15,14,209751
11,10,159836
17,16,213222
19,15,210853
18,17,208871
10,9,198724
8,6,183824
18,16,199553
15,14,205465
14,14,227590
13,12,192704
9,8,177602
14,13,226906
15,15,209838
18,17,208092
12,11,180818
12,11,194451
19,18,215175
11,10,214663
15,15,178020
15,14,191605
5,5,187329
11,11,205726
14,12,194113
15,14,183537
15,12,175339
11,11,174710
10,9,204519
12,11,167188
7,5,215491
18,17,188175
12,10,183010
16,14,203584
14,14,206661
12,12,193396
18,18,202733
12,12,214455
14,11,212605
18,16,211606
12,12,190243
11,10,200601
18,16,221744
9,9,181608
14,14,200981
17,14,201156
18,18,206291
11,11,208016
12,11,184019
6,6,177861
10,9,190424
14,13,180925
24,20,208019
17,17,215421
15,13,191040
17,16,222585
15,15,194740
21,21,205228
9,6,192937
9,9,187064
9,9,235052
19,17,229622
18,14,208409
14,13,230754
13,12,197467
18,17,201714
7,7,183512
8,8,223523
10,8,192815
16,16,209361
7,5,217841
15,13,193440
8,6,180325
13,13,210496
17,17,223945
13,13,186157
3,3,191333
7,7,183940
5,5,149716
11,11,173410
13,11,228243
21,21,193667
11,9,171437
15,13,193806
7,6,180054
17,16,188074
19,18,212093
10,10,180164
13,13,244669
18,17,193059
20,18,218075
8,6,158288
13,12,207342
9,9,213634
14,13,199296
9,8,195484
14,13,198496
12,11,183923
13,10,201959
9,9,214739
16,15,199874
7,5,207092
10,10,185880
8,7,170445
16,15,194209
8,8,227257
12,12,190151
11,11,177369
15,14,187925
16,16,182046
12,11,193424
12,10,188542
16,16,222279
10,9,184660
12,11,183045
8,8,214429
11,11,181556
14,14,226599
13,12,232861
10,8,196627
15,14,211101
13,11,229767
14,13,211491
11,9,172802
13,12,231068
10,10,174428
18,15,209429
11,10,175873
15,13,187231
7,6,172328
10,9,184864
11,10,208874
4,4,175640
20,18,191738
17,12,189478
10,7,180817
9,9,192584
10,9,187629
8,8,188723
9,8,186793
8,8,187723
15,14,201094
14,11,228162
16,16,218107
9,7,184648
8,8,197546
17,15,199861
9,8,183033
16,16,194518
10,8,169499
8,8,177134
17,15,211539
16,14,175545
13,13,187346
20,17,180759
12,11,179416
21,18,188810
13,12,201977
8,8,182391
21,20,203964
8,8,190697
14,12,188112
15,15,202496
10,9,211860
17,17,196835
11,10,197156
13,11,198299
13,13,201764
12,11,204996
6,6,214726
11,9,218267
17,14,214399
16,15,223069
13,13,204128
15,13,189872
12,11,202246
15,13,201755
9,5,186644
5,5,192394
16,16,213290
16,16,197345
11,10,190249
15,13,179792
10,9,203431
10,10,189681
15,14,203145
7,5,190202
8,8,210177
11,9,200900
15,13,185529
6,6,195354
9,9,167356
11,10,196755
13,13,195874
12,12,165112
18,17,211704
15,14,196114
8,8,166839
9,8,188363
9,9,182409
17,15,237627
8,8,190174
12,12,211743
11,10,196957
13,10,176007
15,13,198542
10,10,187607
12,12,184827
15,12,219620
8,8,184693
9,8,183107
10,7,187503
21,19,201506
8,8,174467
16,16,193205
11,10,217177
14,13,221405
6,5,187781
15,14,205301
16,15,232365
14,14,229582
14,12,202356
13,13,205771
12,12,207194
16,15,203292
14,13,197697
10,10,158644
27,25,215592
14,13,193543
15,14,212908
19,18,190553
11,9,206738
17,17,210996
9,6,198076
10,9,209154
12,11,198395
14,14,205573
13,11,196316
15,15,198072
12,11,194008
12,10,165100
13,12,222894
18,17,213842
16,16,185449
15,13,212384
19,18,173026
8,8,197180
10,10,210581
11,10,189874
13,13,206653
14,12,215302
17,16,205986
7,7,175198
8,7,186443
20,17,210217
14,12,213677
12,10,173999
14,13,200300
7,5,185134
13,12,180645
11,8,201373
21,18,217075
12,11,195581
11,11,216329
13,13,190973
17,16,188421
18,16,170137
12,12,211878
14,12,219740
14,14,212548
10,8,201748
10,8,201957
10,9,235157
15,13,174781
14,11,176151
6,4,164500
15,13,195054
20,18,208076
15,13,190217
13,11,207737
13,13,203736
13,10,201933
17,17,192057
13,13,175340
14,12,189219
11,11,179440
10,9,185018
14,13,180847
10,8,176118
9,9,197790
15,15,187508
15,15,210557
15,14,221454
13,13,197848
14,13,200716
13,11,199476
11,11,187198
8,7,191411
16,16,204504
12,12,195591
11,10,198161
15,13,186565
6,6,215282
11,8,192500
12,12,203141
11,11,214854
12,12,214572
13,12,194191
9,7,179043
14,13,190083
9,7,198495
13,12,197976
17,17,217484
20,19,191501
12,11,200783
15,14,199521
13,12,186708
13,13,205452
16,16,215792
13,13,210721
12,12,203715
15,14,235854
11,11,192333
19,17,202605
11,11,190411
14,13,156847
5,5,187234
15,13,201135
13,13,191847
16,15,204124
12,11,194097
8,8,229801
8,7,172494
14,13,207873
8,6,191402
15,14,183532
13,13,195849
14,10,211680
7,6,216676
18,18,192284
21,19,222816
15,14,204883
11,11,209365
11,11,192944
8,7,197047
12,8,200228
11,11,208064
12,11,222066
13,12,225026
13,11,196557
7,6,185056
10,9,202685
13,13,205786
17,16,189213
4,3,189937
20,17,210396
13,12,210023
15,14,198327
18,17,209738
18,17,197869
20,18,230082
15,12,211945
13,13,186122
15,15,208405
9,9,203251
16,14,202003
9,9,182366
8,8,213963
18,16,189465
11,10,172209
18,16,217216
8,7,195804
16,15,188737
15,14,198802
10,9,157078
16,14,190032
12,10,206896
5,5,182707
9,9,214489
14,14,184367
6,6,166752
11,11,206772
15,12,193231
8,8,215874
11,11,198130
13,12,191823
12,12,157382
13,12,198844
11,11,177084
7,6,203174
7,6,173375
15,15,246783
14,13,205121
15,14,203535
15,14,194954
14,13,219525
14,14,222442
12,12,174045
8,6,173709
13,12,207180
8,8,187924
20,20,211426
14,14,203044
23,22,229071
15,13,194493
17,16,211920
17,16,251772
9,7,210325
16,14,178008
8,8,167945
8,7,193301
16,13,197764
12,11,184594
5,5,171251
19,15,215913
11,10,192107
9,8,206860
18,15,181374
12,10,219377
13,12,193778
15,15,197986
13,11,180107
10,10,203001
14,11,233341
10,9,193701
18,17,209936
19,18,209963
14,12,224924
16,16,190136
7,6,190752
12,12,229658
16,15,181824
21,19,204723
18,17,230905
10,9,194413
14,13,208417
10,10,216590
18,17,231614
14,13,176027
13,11,217210
13,12,170749
18,16,220683
14,13,204723
11,11,189626
13,13,193392
14,14,171653
10,8,200771
16,14,172959
15,14,164489
13,13,196375
12,11,214964
9,8,205317
17,14,187113
18,18,193119
10,9,195056
10,8,213113
11,10,184893
8,7,199996
13,13,215188
14,14,207292
10,9,169104
15,14,199769
12,11,182225
11,11,218871
11,10,194798
15,14,222979
5,5,187740
11,11,191932
15,15,244537
8,7,190171
8,7,195182
11,8,180350
16,14,182997
14,12,189302
11,11,199446
19,17,167836
9,8,183293
15,12,222385
18,14,189177
14,13,212260
15,13,218695
16,14,204380
19,19,226023
13,13,208022
9,7,180196
10,8,178886
17,13,233780
17,15,205285
12,10,166820
11,11,208203
11,10,189502
11,10,198740
20,19,216354
17,17,217168
13,12,219033
11,11,205662
11,9,182950
16,14,207700
15,15,173053
18,17,176971
14,13,193122
15,13,189459
13,13,227785
9,7,195483
15,15,199302
14,14,201155
15,14,178854
8,8,193760
6,4,169137
7,7,169473
10,9,190936
21,20,234593
11,10,217277
14,13,234598
9,8,222572
10,10,193562
13,12,187211
21,21,203787
16,15,171296
19,18,180392
13,12,229612
11,10,202770
15,14,197367
12,12,218058
16,14,180741
12,12,184685
21,21,220204
15,15,196851
16,15,181585
15,15,207093
12,11,194756
13,13,178062
16,15,189600
13,12,200664
16,16,205816
7,7,186169
16,14,187600
14,14,193126
12,11,214119
21,20,220902
20,20,226779
12,11,188989
15,14,185206
15,15,236481
12,11,191334
15,14,181308
12,9,193914
14,13,186385
11,10,207241
13,13,215652
14,12,200723
18,18,231787
9,9,183962
12,12,195983
17,16,190377
17,17,196305
15,11,209094
15,15,208577
11,11,193519
16,15,219075
12,8,164544
13,13,174137
12,11,179607
15,15,183952
16,14,201207
13,12,172435
13,13,193390
14,11,208483
10,10,214319
17,16,217451
13,12,203586
8,8,196342
14,13,215476
13,12,209749
17,17,191580
15,14,189978
13,10,208902
10,9,197341
9,8,201117
12,12,182944
9,8,191149
15,15,206980
14,13,205546
19,19,210983
12,10,189483
9,9,208232
15,14,218534
14,12,186574
11,9,184734
17,12,200352
13,12,229115
13,13,192075
14,13,177045
15,14,188655
15,15,196308
14,13,215378
8,8,211287
10,8,203788
15,13,212988
9,8,206558
11,11,200049
12,10,198358
12,10,191031
13,13,204639
14,11,195710
17,15,190914
7,7,194806
16,13,173587
12,12,168814
14,14,187286
7,6,181407
14,12,234248
11,10,187922
15,12,195349
11,9,208666
9,7,186475
15,15,189560
10,7,171441
16,15,184324
9,7,207229
14,14,202564
17,16,220879
13,11,182984
16,15,193547
13,12,226438
7,6,168708
14,13,203009
14,12,196052
19,15,218202
18,18,189912
11,11,176956
21,20,192700
17,16,199479
13,11,218845
10,9,177141
7,6,212059
16,15,219352
11,10,203345
12,12,188273
11,10,221398
13,11,226046
17,17,192877
9,9,188949
13,11,176255
9,9,207135
14,10,224244
14,12,192336
16,14,211497
23,20,198967
15,14,217588
12,10,177985
9,9,177508
13,13,192265
9,9,206477
18,17,201297
10,10,185115
14,13,195320
11,9,190591
16,14,177822
10,9,213449
15,15,189404
12,11,184622
12,11,178611
6,6,205164
18,17,181904
9,7,177179
15,14,175165
11,9,186545
6,5,172335
12,11,207654
10,10,199558
13,13,212674
19,17,172116
16,15,203054
14,12,213597
22,15,203165
11,10,189719
16,15,189381
13,12,165983
19,19,185361
14,13,192660
15,14,171288
13,10,190049
18,18,238375
8,8,193985
10,10,199601
15,15,202311
19,19,217982
13,10,201920
15,14,226098
13,10,166380
20,20,206969
9,7,193802
11,11,177247
11,11,177589
16,15,211622
12,9,195604
11,10,216258
16,15,190468
11,9,204368
13,12,226108
16,15,191500
10,10,196690
14,11,202969
21,20,185526
12,11,216455
16,16,198180
9,9,199573
11,11,186651
11,10,189853
8,8,168468
13,10,217530
9,9,181503
11,8,187172
15,14,170101
16,13,198328
13,13,224607
13,13,184298
12,12,199432
22,20,212019
15,13,219414
7,5,196235
12,9,179676
13,13,217286
13,13,190471
26,23,214231
13,12,204142
15,12,209077
12,11,182061
18,15,190009
18,17,215607
16,15,184043
13,13,203769
13,13,180967
17,15,197556
10,9,211111
11,9,201136
13,11,192577
16,15,202899
6,6,189420
7,6,173293
14,13,208893
12,11,181609
14,13,207404
13,13,199724
14,13,177944
12,7,168962
17,16,194920
15,15,197191
12,10,203775
9,9,217448
24,21,228154
13,12,194966
8,8,164814
17,17,205451
13,12,197231
12,11,199149
19,18,227923
7,6,186547
13,12,196062
20,20,225816
13,11,195309
11,10,190019
16,16,251050
12,10,216967
18,17,225860
13,12,188939
16,15,200780
13,12,204708
9,8,176328
19,19,207457
8,5,176687
9,8,185099
10,10,187939
9,8,180739
16,14,194175
14,14,204671
16,15,198426
11,11,203509
14,12,209078
10,10,206851
8,6,175430
13,13,207474
11,10,200439
15,14,204471
15,13,188564
6,5,223811
17,17,219671
14,13,201096
11,8,190207
8,8,182779
11,10,191604
15,14,244294
9,9,206525
14,12,196498
16,15,222094
8,7,190587
12,12,190337
19,17,187825
12,12,161928
5,5,194845
14,12,193604
13,13,168860
11,11,207472
16,15,203513
10,10,194258
15,14,182609
12,10,175783
11,10,194640
10,10,167720
11,11,177977
10,8,200248
10,9,234604
18,17,206339
9,9,183662
8,8,152666
14,14,186556
12,11,194818
14,12,213142
16,15,173053
15,14,209085
17,17,189590
9,9,198760
16,16,194067
16,15,228674
12,8,207190
10,8,175976
14,13,182722
17,15,187136
14,14,218549
14,14,186147
15,12,189151
16,14,190932
21,20,218605
9,8,195986
28,26,205104
18,16,205459
8,7,194931
13,13,192253
12,11,197868
18,17,223668
17,14,205211
13,12,205265
12,12,233430
12,11,173768
14,13,197288
13,12,204097
11,10,207510
21,20,228840
13,13,187855
10,9,206742
13,13,202017
14,14,179606
16,15,198784
8,8,164784
9,9,168101
13,12,210648
12,12,186616
14,14,199940
12,12,161686
17,12,218194
11,7,192381
12,11,202209
15,12,189243
14,13,193897
7,7,182129
7,7,198253
19,17,204267
10,10,198706
9,6,187216
17,17,186474
13,12,204182
19,19,207422
16,13,246886
9,9,196954
8,7,193683
10,9,186642
14,14,190171
16,15,197917
12,12,197019
11,10,205972
10,8,179460
18,18,192949
11,11,169659
19,17,228219
10,8,169879
14,14,171146
19,17,176822
15,13,196730
15,14,203649
14,12,215285
12,11,177832
14,12,208804
4,4,222093
15,14,195362
8,7,176639
10,9,196066
10,10,179620
13,12,198516
9,9,185698
15,15,211719
14,13,215445
12,12,193781
19,16,191762
11,10,183445
17,17,187006
20,18,185568
10,10,202035
17,15,222156
14,12,203498
18,16,214194
19,17,221205
16,13,187769
10,8,174473
11,11,209685
18,17,199338
19,18,189223
11,11,214550
14,13,211578
11,11,195762
8,7,200967
13,13,176113
19,16,194148
16,16,185042
11,9,204989
13,11,213043
17,16,190374
15,15,202369
10,10,180078
19,16,209235
16,15,205617
22,21,219658
14,11,179819
21,21,161732
17,16,209955
15,15,225915
10,8,219287
12,12,180090
14,13,213795
11,9,195792
13,12,157065
15,14,200227
10,9,168133
10,10,158390
12,11,193811
14,14,200244
18,18,207292
15,14,214749
14,12,198316
14,13,215915
14,13,199953
14,14,204145
21,19,201163
23,23,222990
9,8,201773
7,6,226577
14,14,194614
17,16,192490
14,14,188301
15,15,188209
17,16,189073
14,11,193485
13,12,209502
19,18,194703
11,11,190288
13,12,203600
7,7,183101
11,8,171926
16,15,178576
12,12,193361
17,15,213241
14,13,218247
16,14,195899
18,17,226766
16,15,220158
4,4,169189
15,12,173721
8,8,201611
15,14,175151
5,3,203415
9,9,190126
18,18,189087
16,14,210273
9,8,190671
15,13,198095
13,13,203283
17,16,183138
4,3,179205
18,17,216919
9,9,165732
13,11,186838
13,12,240608
12,11,214417
12,12,188570
14,11,204553
11,11,189539
19,18,203861
17,16,197252
15,15,188788
12,12,184353
17,16,206115
10,9,210602
11,9,210497
20,17,197313
13,13,196504
10,10,216026
15,14,197913
11,10,201229
15,14,198380
19,19,227994
22,20,203103
9,9,179587
10,9,194929
10,10,163111
6,6,197906
15,10,188336
9,8,190210
10,10,208535
8,8,178707
15,14,224460
14,13,162666
18,16,210971
14,14,200757
18,15,187504
7,7,197960
13,13,178520
18,18,189559
5,5,176564
16,15,183175
11,9,210484
10,10,209874
14,14,203623
16,16,213395
15,13,228612
18,18,215148
12,11,190262
21,18,203783
14,11,182639
18,18,163829
9,8,191812
21,20,218778
12,11,213850
12,12,189106
16,14,191038
15,13,199541
13,13,200221
7,7,187136
9,8,185640
10,8,186642
7,7,195929
15,14,185915
15,15,177662
8,8,183790
18,17,220764
10,8,182203
8,6,207869
18,16,199498
12,12,181172
12,11,193197
11,11,180676
12,11,208060
12,11,205875
12,9,189673
12,11,201816
9,9,207643
12,12,196915
15,12,201415
14,13,190803
10,10,175397
13,13,217493
9,9,226614
22,20,211885
18,17,213276
9,7,177560
10,9,197870
11,10,169472
16,15,187665
16,15,173106
12,11,191042
11,10,190861
18,16,235145
13,10,191026
16,14,201291
11,10,174263
16,13,181459
18,17,235784
9,8,179580
8,7,159835
11,11,187047
6,6,209743
8,8,177962
11,9,194560
8,8,193457
10,10,217090
19,17,218664
20,19,206565
15,14,184217
8,7,202424
5,5,197527
14,13,191554
18,18,192354
12,12,202424
15,14,222951
12,12,187845
11,11,212845
13,13,223117
16,15,148124
12,12,197338
21,21,261311
11,10,209105
14,14,186010
10,10,187902
19,19,197929
9,9,195604
12,12,158717
12,10,211875
9,9,182059
16,15,189129
12,7,196085
7,5,210887
12,11,182725
17,17,214982
15,13,184188
15,14,206019
12,11,194210
12,8,175696
10,9,245093
13,12,188153
17,15,208483
9,9,192718
12,11,195385
17,16,185872
20,19,220001
20,19,171329
15,14,200846
14,13,201363
10,9,184993
14,14,195736
18,18,229132
12,12,195806
19,17,219439
13,13,180198
7,7,160832
16,15,206705
15,13,210194
12,12,181154
10,10,194481
12,12,213327
12,12,206629
16,15,195607
7,7,200376
22,22,212998
15,14,212807
13,13,232821
14,13,178108
14,13,183736
13,10,187208
11,10,187810
13,13,223877
18,17,224610
7,7,217456
18,17,197568
22,22,191163
10,9,191630
20,18,198269
11,11,176905
12,12,183241
6,5,193630
9,9,198034
12,11,219514
16,16,207965
11,10,184722
10,10,175716
19,18,183213
14,13,183435
11,11,195568
17,16,214441
9,8,175983
10,10,210379
11,11,196952
12,11,186321
15,11,176206
14,14,233239
10,10,196993
11,8,182448
22,21,219982
11,11,219512
15,14,211693
11,9,197125
14,13,174483
13,12,180542
15,12,211637
12,11,176081
16,14,197906
6,5,189320
18,15,177073
22,19,193739
16,13,202844
9,9,191881
14,14,187469
17,15,213281
19,19,210985
14,13,209936
14,14,194237
13,13,195952
12,11,184473
11,11,185942
14,13,169516
12,12,176257
18,18,232158
20,20,191052
18,16,220111
20,18,201995
15,12,183141
15,14,236197
19,17,236029
11,9,185740
11,11,203103
17,16,208999
11,11,206767
18,16,204670
9,9,181122
19,19,197070
10,9,192925
18,18,202324
13,12,233046
14,11,207546
10,9,176224
9,8,173872
22,21,206801
16,15,195778
11,11,191218
12,12,191920
8,6,170993
14,13,173330
16,16,208143
20,18,180011
11,11,198179
16,15,178217
12,7,219218
10,10,191353
14,13,205059
12,11,200421
14,12,218539
18,15,178413
14,13,191000
14,13,173793
11,11,185024
20,19,222561
16,14,226572
7,6,174858
18,18,196348
20,19,161922
19,18,202507
11,9,194167
12,12,203519
7,6,191671
14,14,193917
13,12,187341
10,8,199050
11,11,198563
13,12,205704
9,8,189844
13,12,195894
13,11,200429
13,12,203484
12,11,207859
12,12,181775
19,17,218463
9,8,209994
18,17,161235
17,16,213813
13,12,185756
13,12,183633
13,12,229893
14,12,179519
10,9,184609
17,17,204024
11,11,198521
15,14,190639
16,12,186367
11,11,221497
14,12,205342
20,19,206828
13,11,200375
13,13,201983
16,13,203877
14,13,200548
19,15,207196
9,8,177423
10,8,174212
12,11,188148
9,8,162497
18,16,181452
18,16,178949
13,13,220451
17,15,217429
16,15,212842
13,12,197749
13,12,181655
11,10,178016
13,11,192498
13,12,184059
11,11,200148
15,15,204065
24,23,223080
17,16,225990
9,9,214299
11,11,194030
14,13,213738
8,8,186938
11,10,179756
10,10,193641
14,14,190343
16,16,193440
12,10,185387
17,17,189461
15,15,199328
14,13,181158
12,10,201191
11,9,184821
17,15,212739
8,7,206019
16,14,195912
15,12,183000
11,10,210241
19,18,215342
15,14,198500
16,15,191468
11,10,195332
13,12,209812
8,6,180534
5,5,194351
14,13,188562
12,11,198495
6,6,192624
14,12,212273
12,11,184952
15,13,172928
18,16,227430
15,14,189840
21,21,200434
13,13,217019
20,19,220014
8,7,159594
15,15,201208
7,7,160094
8,8,181233
11,11,174261
12,11,198528
13,10,202679
9,9,171559
14,12,172153
10,10,199308
13,12,196790
12,11,212451
10,8,192483
11,11,208682
14,14,213161
15,12,227151
19,18,198967
12,12,182513
13,13,194235
17,15,200463
10,8,207220
10,9,196131
22,21,214208
13,10,177433
19,19,197571
15,14,186140
20,19,237271
19,18,206070
16,16,209289
13,13,169977
13,13,190505
16,16,227400
15,12,181290
15,13,206944
9,9,186682
19,16,223421
13,12,224059
12,8,203723
8,7,216442
15,14,221037
6,6,191675
20,18,219560
16,14,208730
15,13,215895
7,6,212419
17,16,211806
11,10,194772
11,8,187881
17,16,178602
10,9,198030
11,8,195042
22,20,205180
11,9,168703
17,15,202885
9,9,203854
16,16,164792
12,11,206810
12,11,203524
14,13,202827
8,7,179174
15,13,204100
11,10,206217
15,13,203483
6,6,188245
6,6,178633
11,11,205526
10,9,175278
14,11,174477
17,16,225555
14,12,202388
10,10,195879
15,12,227572
18,17,209078
12,10,151820
17,14,183184
15,13,189416
4,4,189302
9,8,172259
10,10,193017
13,13,193106
20,18,216707
17,16,210189
7,7,163467
14,13,216852
7,6,167250
12,9,197484
14,11,195601
14,14,203992
10,10,205911
16,16,235634
13,11,191514
17,16,171325
19,18,187113
11,11,185098
12,12,201535
14,13,174898
14,14,190857
11,11,187354
11,11,199245
12,12,188867
15,15,196749
10,8,226567
12,12,175608
16,14,205571
20,20,213331
15,15,220613
11,11,187266
13,11,164014
12,9,191198
10,9,192172
15,15,219269
10,9,194178
8,8,172971
14,12,200210
9,9,208573
16,16,169034
17,17,199606
11,10,197737
12,12,180247
9,8,179088
10,9,196392
15,14,204904
9,9,199756
10,9,196673
17,16,205632
26,25,196825
15,12,175042
12,10,197306
7,6,195183
13,11,194702
16,11,200972
15,14,231344
6,5,166228
10,8,202212
18,15,193888
15,14,195414
14,10,178564
22,18,202812
9,9,224935
8,8,210815
10,9,212178
11,10,165810
13,12,212450
21,20,209095
11,9,194830
7,7,185285
11,11,185732
8,7,151238
13,13,205284
11,11,182398
16,14,204040
12,12,206077
6,6,204841
11,10,207867
17,16,213487
11,11,172477
15,14,188159
13,11,184265
15,15,201703
10,10,189369
12,12,188285
12,11,202139
22,20,217647
10,8,211350
14,13,192146
13,12,202089
13,13,188621
11,11,195875
8,8,169552
18,17,210948
18,18,207142
26,23,212126
8,7,188138
22,21,179574
12,12,161748
13,13,196355
8,7,183201
12,10,197036
15,15,208552
11,8,192095
13,13,195368
13,12,196479
6,5,173292
12,12,182878
15,14,208480
17,14,229517
13,12,181961
12,11,181053
18,16,190483
9,9,188967
21,17,197611
14,12,200191
11,10,177888
8,7,206263
10,10,188952
9,7,175864
11,10,191006
12,12,183672
9,9,189545
9,9,189291
15,15,200971
16,15,218363
9,8,189935
11,11,203733
17,16,161282
15,13,218584
14,13,197733
16,12,210312
9,8,194184
14,13,201942
10,9,180506
13,13,190940
17,17,174680
12,12,183012
17,15,195999
9,9,195318
11,11,190497
8,8,177318
5,5,205578
10,10,196388
12,11,195924
11,10,171964
13,11,225538
9,7,184515
13,13,203108
17,16,216701
17,16,181076
12,12,174233
17,13,193362
14,13,192861
24,24,206743
15,11,207843
7,6,174147
17,16,184198
13,13,192228
12,11,215173
15,15,201059
9,8,187396
11,11,184415
10,10,196994
14,11,209953
8,8,201343
14,13,199925
11,11,191492
19,17,206309
14,13,192015
12,12,193680
10,8,187796
17,17,202232
15,15,202376
12,11,198053
12,10,203143
19,17,204966
12,12,197641
6,6,214959
11,11,169347
8,8,173567
11,11,200490
9,9,187193
17,16,194070
8,7,202382
10,9,199690
11,11,166954
8,5,204323
17,16,185529
13,12,195334
7,4,180714
11,9,213856
19,16,222218
21,20,209988
12,12,191027
24,23,228286
9,9,208562
17,11,191371
14,13,199909
19,18,205104
8,8,186017
12,11,199085
6,6,189107
11,10,178070
21,19,196871
6,6,230255
13,11,190790
16,16,211612
8,6,158641
15,13,195708
11,11,234641
11,8,195314
13,13,200985
16,15,201873
7,6,163803
12,11,214848
19,18,179745
16,14,178032
12,11,203918
8,8,185323
19,17,231254
13,13,187667
15,13,225546
12,11,203438
10,9,183514
11,11,162101
12,8,188475
16,15,201507
11,10,192102
14,14,186835
11,11,202701
14,13,156190
12,12,176646
24,20,245303
13,13,210252
15,14,198183
16,16,188620
15,14,192551
18,18,205889
18,17,187229
13,10,187637
14,14,208098
12,11,205236
9,9,179668
11,9,199149
16,15,177693
11,11,197436
9,8,212020
11,11,202421
19,19,194623
14,12,202537
12,11,222079
11,9,198420
10,9,208783
10,9,195082
9,9,201626
21,19,225671
8,7,198233
11,10,186151
8,8,196281
11,11,196178
13,13,199735
14,12,208611
10,10,205044
20,19,182698
13,13,202080
11,9,188159
11,10,148016
8,8,170003
12,11,198920
13,12,203239
11,10,211499
20,19,187671
15,12,162325
9,7,183732
10,10,213644
11,10,194496
11,11,185230
22,21,207287
12,12,190956
11,10,227716
13,13,206948
21,20,210229
13,13,181347
10,10,215355
6,6,177065
8,8,181211
20,19,213947
8,8,178561
17,16,190710
11,11,195107
10,8,160799
5,5,203894
12,11,211029
8,8,168719
15,15,202707
13,13,187452
11,10,171116
12,10,196078
11,10,162728
10,9,192405
15,15,224239
15,14,187389
19,16,218573
13,11,201735
15,15,177588
13,8,175364
21,21,242885
16,15,215962
11,11,204273
13,12,188258
11,11,213925
8,8,196337
17,16,195717
19,17,172121
9,6,206683
6,6,178289
12,12,197086
13,11,190842
13,12,188468
16,15,198638
15,13,174329
11,9,175024
12,11,207369
17,14,227216
10,9,177357
16,13,193761
12,12,182003
12,9,217710
14,13,197941
16,14,186854
14,10,197541
16,14,183672
18,17,198939
8,8,191664
12,12,187331
10,9,201220
12,12,168333
16,13,194658
19,16,217206
11,10,179879
11,11,178750
21,21,216629
16,15,191697
13,11,196997
17,14,231450
19,18,189084
13,12,206798
13,9,197885
9,8,204849
16,15,202172
14,12,225656
13,11,209873
5,5,172187
23,21,199538
7,6,190710
11,9,182125
8,8,189907
22,21,222765
8,8,201510
20,17,227881
18,18,221169
12,11,165234
13,12,187969
14,13,204787
13,12,199982
15,14,194753
17,17,211035
8,8,188807
13,11,194719
14,11,206840
14,14,194195
16,14,210522
12,11,203736
13,12,199790
12,12,188781
12,12,181298
13,12,193351
14,12,213996
12,12,207526
15,15,194626
9,8,167087
11,8,185790
13,12,206586
9,8,154240
15,14,177747
7,7,154581
11,11,191503
13,11,222323
6,5,194714
10,10,197506
10,10,203388
7,6,201653
14,13,167319
17,14,217541
14,14,181437
11,11,178074
9,8,205311
10,10,179646
12,10,202226
15,13,207144
12,11,208010
17,14,212797
13,13,193671
22,20,229512
10,8,184914
16,15,188816
19,18,225806
13,12,188778
11,11,213395
10,9,219429
10,9,200360
11,11,185968
13,11,188547
9,8,239556
9,9,198479
17,16,199311
12,12,216427
19,18,220552
20,19,210605
14,14,158223
3,3,171082
17,17,233087
9,8,193203
17,14,211419
12,11,211980
6,5,198675
15,14,200487
14,13,195845
13,13,202261
10,9,183727
16,16,206764
21,19,173451
15,12,184587
13,11,188994
11,11,205300
19,17,206218
13,13,193926
16,15,212465
10,9,158272
9,9,201845
6,6,171357
14,14,198811
15,14,212879
17,15,193004
12,11,225407
11,10,197163
17,15,188747
10,8,172076
16,15,212127
18,18,200312
6,6,182628
15,12,203779
9,6,194710
18,17,221108
7,7,180077
14,13,195417
15,15,192459
9,7,183732
17,16,188119
16,12,228365
9,9,191381
9,9,186800
12,10,195886
12,12,193947
13,11,168663
8,6,197790
14,13,197276
12,11,217360
10,9,206005
15,15,199491
11,9,181038
13,12,179959
13,13,175216
11,9,180760
9,7,178259
13,12,185918
10,8,193992
6,6,187360
13,13,196533
18,15,191116
13,11,205217
16,15,191808
19,18,240640
16,16,168395
5,4,193889
11,11,184130
18,17,166278
11,10,192984
18,17,205193
15,13,183384
9,7,218785
19,16,204085
14,12,194287
17,12,190870
13,12,180530
8,5,168611
16,15,179821
7,6,194219
19,18,226747
11,8,199075
18,15,208208
15,14,209077
13,13,205537
11,8,187619
19,19,206204
16,16,230696
9,6,190886
9,8,185158
10,8,191303
10,9,205582
19,17,203743
11,11,180300
15,13,229838
11,11,184576
14,12,184585
12,9,203973
15,13,193021
21,20,211466
10,10,211507
17,16,208077
11,11,216366
15,14,195252
18,17,192645
13,11,183260
9,9,223599
10,10,199575
10,8,167612
18,18,204451
14,13,206700
11,8,187692
19,19,220281
8,8,182029
9,7,187430
14,14,207359
11,11,179246
18,18,196448
6,5,183644
11,10,191711
5,4,187191
16,15,189354
9,9,213483
14,12,209087
13,13,179322
8,7,201919
12,10,190090
12,10,167089
9,8,194146
19,18,203353
14,12,185681
18,16,205397
16,15,176351
9,9,180129
11,9,202418
12,12,206426
7,7,191088
16,16,187975
8,8,186440
13,12,183836
17,17,198646
16,16,188855
12,12,192616
15,13,188964
9,8,205308
12,12,207742
14,14,241311
10,9,186058
11,9,194658
7,7,194279
9,8,193450
12,10,232976
10,10,185244
16,15,235926
13,12,198329
19,16,210692
16,14,200647
13,12,184719
11,10,197201
15,14,185361
14,14,205498
12,11,217124
16,14,203402
11,11,183593
16,16,212897
17,17,196802
16,16,189782
7,7,175248
19,17,209191
12,12,200696
21,20,194758
17,17,173893
15,12,182131
10,8,196462
9,9,188237
11,11,204959
15,13,185218
8,8,192227
18,16,191719
12,11,186949
10,9,207744
8,7,195737
15,13,186783
10,9,205448
12,12,170421
14,13,198203
11,10,215304
11,10,201043
17,16,183414
15,14,213881
9,8,185058
17,16,203231
7,6,188128
10,9,198138
15,15,224582
12,11,173019
16,13,191740
16,13,205041
7,7,178822
15,13,206969
14,13,185972
18,16,197085
15,13,195769
16,16,193235
14,13,210662
15,15,177431
7,5,193634
19,19,181177
13,11,186024
11,8,190325
15,12,195749
14,11,202947
10,8,205002
9,9,194023
11,10,171974
12,10,193711
11,10,220108
12,10,202681
21,18,207380
17,16,197089
15,13,180479
11,10,198664
17,16,206857
10,10,220295
9,9,207743
18,17,206711
11,11,189852
18,18,193046
12,11,227482
8,8,209835
6,6,169164
17,11,202088
12,11,229762
19,19,220695
11,10,191730
12,11,233300
11,11,199387
11,11,173707
7,7,187698
13,13,192019
15,15,209769
12,11,201497
8,8,196339
11,11,207077
9,9,191069
18,17,190250
6,6,209929
13,13,203619
13,12,205429
14,11,193142
11,10,179423
10,9,194067
16,15,217801
11,9,205879
16,16,207769
12,11,191821
16,15,191892
13,12,199313
16,13,182983
11,11,213276
15,15,185737
12,10,197550
14,14,197437
19,17,196643
15,14,217969
13,11,178570
10,10,190665
12,11,175517
6,6,197325
13,13,217103
16,14,211523
15,13,167232
9,8,202681
13,13,179572
11,9,189137
10,10,185585
12,11,199405
14,14,196161
10,9,170845
13,12,182033
17,17,219299
11,10,185247
9,8,186213
12,11,202257
14,14,175429
5,5,197517
5,4,192514
17,17,209464
10,8,200059
11,10,175840
17,12,220271
7,7,185699
14,14,211113
12,12,183994
7,7,200401
12,12,198721
15,14,188703
18,18,222590
18,18,209128
15,15,217071
9,8,164798
17,15,195604
18,17,195106
12,11,211790
20,19,182469
18,16,186227
13,12,185443
18,17,204551
14,13,206983
15,15,189778
12,11,202070
16,14,194254
12,10,180346
9,7,195558
17,16,221741
8,6,179642
16,16,198701
10,10,213208
15,12,196359
14,14,205490
9,8,185887
9,7,170214
11,11,211779
21,20,230912
9,8,202653
14,12,179322
14,14,227919
15,14,183951
8,7,187128
9,8,189955
15,14,181136
17,16,207682
14,13,187952
9,8,190938
15,13,183780
9,7,178208
13,12,188629
15,13,200759
16,15,206312
15,14,181899
9,8,183216
15,15,199554
13,13,180408
13,13,179079
4,3,198514
9,7,197648
10,9,195242
15,12,185759
18,16,215924
8,8,212061
18,17,226896
15,14,176163
9,8,192063
11,11,188593
24,23,216778
18,16,219170
13,11,179018
6,6,214225
12,12,178358
8,7,186890
13,12,198549
15,14,178618
15,15,180407
10,9,185051
12,12,185315
19,17,202214
10,10,198633
11,10,189191
12,11,176078
12,10,208256
12,9,179910
10,10,220165
21,20,207755
17,15,207205
13,11,210640
8,7,186547
11,11,182974
9,9,195862
4,4,197659
14,14,188274
15,11,232637
16,15,226917
24,23,223887
16,15,197765
13,11,195626
12,11,177829
13,13,213401
13,12,180661
21,19,202150
9,9,216180
8,6,227186
8,8,177518
5,5,168409
9,9,199249
15,14,182933
11,10,199612
13,11,189521
12,11,177653
10,9,219330
11,11,177923
11,9,188939
10,10,192291
13,10,176370
14,14,223981
11,11,177154
12,12,185912
15,15,220108
18,13,191365
8,6,200020
17,14,177391
8,8,197025
9,7,190220
13,12,194414
10,8,193457
13,11,234242
14,13,207034
10,9,199911
7,7,187369
12,9,184672
20,17,214446
16,16,250338
14,13,172540
14,11,186684
9,7,178800
12,10,187831
7,7,207860
12,11,201706
12,12,200364
12,12,201253
13,12,193580
19,18,195897
14,13,203110
16,15,211807
17,14,166453
15,12,196292
11,11,206570
3,3,176254
20,18,185371
6,6,223852
7,6,172548
17,16,199187
16,13,183296
15,15,183890
10,8,195150
12,12,217368
13,10,181232
17,17,208677
16,16,197435
13,11,194279
7,7,190847
21,19,214539
10,9,205150
12,11,184035
18,17,196185
10,9,176584
11,10,192382
12,11,179060
9,8,221215
14,14,199353
13,12,201042
15,15,204876
15,15,225019
14,13,192728
15,12,188754
12,12,206747
14,14,217159
7,7,199326
12,9,227249
19,16,179890
17,15,185546
12,12,190981
20,19,233875
10,8,195109
12,10,232007
10,9,219037
14,13,207377
13,11,178502
11,9,183264
11,9,197723
18,16,173838
17,16,201143
15,14,211946
11,11,180914
6,6,156581
15,12,186032
9,9,177285
14,12,190644
18,16,203092
8,6,170789
20,18,196741
6,6,188084
12,12,192554
14,13,178177
7,6,193885
17,15,220437
15,14,223254
16,16,207396
12,11,194943
7,6,158691
8,6,198188
15,15,171914
9,8,187102
12,12,187691
10,6,188007
11,11,190927
15,15,201699
14,10,195875
18,17,215457
19,17,200423
11,10,214741
19,17,241912
11,11,202736
13,13,191144
13,12,204864
14,12,188349
13,11,182050
25,22,198517
14,11,200877
12,10,189904
11,11,194616
12,10,215326
13,13,203243
13,13,223575
19,18,198957
14,14,199912
11,11,192172
14,13,167678
9,8,199874
13,10,186817
12,8,194114
10,8,217546
12,12,201101
11,11,212032
15,14,186964
16,15,207479
12,12,217374
18,18,222166
22,19,200220
10,9,182856
21,19,229609
12,11,209580
15,14,215650
13,13,194001
16,15,203297
13,13,183224
10,10,226330
10,8,172857
22,19,213082
6,5,189109
15,11,206362
19,19,214954
10,9,178209
15,14,201557
12,11,196950
13,11,198878
14,11,207775
12,11,208374
15,14,185114
11,10,174175
19,19,207650
4,4,177537
10,9,190913
16,14,156334
14,11,189908
13,11,209043
13,13,200732
13,13,202131
12,9,220047
15,15,224833
11,11,220839
14,14,179249
13,10,203367
15,13,196924
19,19,210734
15,14,195102
16,16,180861
8,7,196193
12,11,213761
14,14,200701
16,13,220743
12,11,178936
9,6,178572
14,12,172961
7,7,185171
12,12,192220
15,14,186204
6,6,182575
15,14,204428
12,10,201550
11,11,196427
9,9,191240
14,12,216333
15,15,162095
13,12,212794
15,15,189007
16,15,168124
11,10,164521
13,11,177664
11,9,218021
11,11,191813
13,12,195571
22,22,206449
19,18,203265
12,10,208170
9,8,213195
16,16,212591
13,11,201246
15,14,199041
10,9,205920
16,16,190735
14,14,160603
10,10,186351
9,9,176627
7,7,196813
11,11,180620
7,7,191060
16,14,195840
13,13,172424
15,14,177544
11,10,191529
5,4,198355
7,4,201225
13,13,185362
13,13,177023
11,10,212650
12,12,197222
13,12,207997
10,10,172008
15,14,207985
11,11,187039
8,6,192902
13,13,197432
13,12,177298
17,15,191999
12,11,197742
13,13,202582
14,11,191539
15,15,197604
9,9,199616
12,11,197985
16,14,206506
18,15,225215
15,13,202648
15,14,198774
26,24,200821
14,13,206570
12,11,183854
16,16,203616
13,11,201043
20,20,202728
14,13,184654
17,14,232306
11,10,185402
14,13,176540
16,15,207159
10,10,184934
12,10,181262
15,14,193063
9,8,198206
12,11,217285
13,12,190056
9,9,220551
18,18,190936
17,16,193671
19,18,200170
8,7,172194
14,12,204854
13,12,185482
10,10,181927
13,13,206323
17,16,195373
14,12,188361
19,15,227713
9,9,181537
11,11,183929
13,9,174478
8,8,161422
11,9,180750
22,19,239103
16,16,200871
19,18,206657
8,7,200093
11,8,190636
9,9,163802
10,10,225341
15,15,190054
14,14,192071
13,11,207984
16,14,200157
14,14,202375
22,22,203369
16,15,187322
10,9,189785
14,13,214418
21,20,206306
9,8,202579
10,9,210061
12,11,182377
15,14,197145
16,16,176983
18,18,227891
9,7,224747
18,17,195510
16,13,203437
9,9,210591
10,8,186254
6,6,190665
13,13,200329
12,12,171583
14,12,224794
11,10,170914
12,11,175999
17,17,198873
21,18,231102
17,17,183300
13,12,205852
10,8,188461
15,15,196895
8,6,191637
9,9,193660
6,6,175534
7,6,219012
16,14,199643
11,10,234084
11,11,222456
16,16,178966
12,12,182770
13,13,194369
11,10,181666
12,12,162843
14,13,161158
11,10,195316
12,12,219785
13,13,188171
10,9,212228
14,14,199655
11,11,207080
15,15,225326
11,11,170617
10,9,192265
11,10,204667
10,9,174894
11,10,196040
14,13,204863
16,15,216557
17,15,194791
10,8,180935
16,16,190434
21,20,186559
15,14,182241
12,12,173125
11,11,192875
10,10,204247
15,15,180428
16,15,182309
14,13,188073
9,9,168609
10,10,204990
15,15,207634
15,14,176870
13,12,191480
16,15,204151
16,16,211169
10,10,187617
12,12,189856
15,12,191175
8,7,171477
17,17,190897
13,13,203155
16,14,222427
11,11,202151
17,13,221761
13,10,179286
16,15,173176
7,6,174855
14,13,192644
21,20,199361
10,9,192023
10,10,161188
14,13,194718
9,9,228062
9,8,199682
13,11,207914
11,10,187946
10,9,153382
14,12,198146
10,9,192155
14,13,186854
10,8,188495
23,22,197661
20,18,208249
13,12,199425
10,10,212276
11,11,178235
14,14,224482
19,16,203197
15,14,212327
16,15,214031
9,9,218027
16,16,190466
15,15,218462
6,5,188286
16,15,202962
9,9,168393
14,13,188653
10,10,175334
12,11,187452
17,16,196264
12,12,189461
12,10,181648
10,9,185347
22,20,209757
9,7,205782
16,14,178609
19,19,202923
16,12,184628
9,8,185531
11,11,176459
15,14,183987
9,9,197557
14,11,207258
11,11,190311
13,12,220978
11,11,191708
11,10,208857
12,12,189381
11,11,196788
14,14,206916
18,17,205912
13,13,193133
11,11,194331
16,14,222090
15,14,192356
23,20,212619
11,10,170087
14,13,171989
8,7,175657
18,16,204065
9,9,177797
12,12,196844
9,7,198460
6,5,190353
12,11,199108
7,6,177920
10,9,189497
10,9,208312
18,18,185548
17,15,219858
12,12,200064
14,14,192904
14,14,205155
10,10,187355
8,7,173046
17,16,217020
15,15,229469
12,11,201667
13,13,201220
12,12,202484
14,14,183453
11,11,190276
17,16,183042
12,10,163082
7,5,176112
17,17,205504
13,13,230188
11,11,199309
14,12,178733
14,14,173094
10,8,198655
14,13,207704
8,7,195805
11,10,187608
9,8,170563
12,10,201232
16,14,210358
14,13,221290
13,13,194800
6,5,178615
19,16,197619
14,14,210771
15,13,204404
13,12,215714
10,9,205528
12,12,201904
12,9,190999
10,10,198914
12,12,192459
15,15,184892
20,18,213443
7,7,179681
11,8,208572
10,10,172945
16,14,190328
14,12,195776
7,7,191281
8,6,190415
13,12,165422
17,16,208244
15,15,174282
18,15,211409
7,6,202109
10,9,187047
13,12,217328
19,17,220830
11,10,174063
12,11,179788
14,13,211166
18,15,182922
6,4,165800
6,6,196789
19,18,199468
14,13,212099
12,8,203177
17,17,201346
15,12,185235
12,12,199775
16,15,187293
15,13,196984
14,11,186451
16,15,215790
11,9,199738
14,14,176929
6,6,166553
7,7,205458
11,11,218268
12,10,203857
9,9,192459
11,9,208123
19,17,171399
14,13,205828
14,13,213597
15,15,222241
12,12,228989
16,16,200215
18,17,225974
21,17,213819
9,9,215705
17,15,196483
8,8,188051
10,10,205174
13,11,208283
11,10,191786
12,12,229552
13,11,215473
10,8,204289
13,12,171607
12,11,193042
6,3,176898
15,15,180731
9,6,162463
13,10,178085
13,12,206983
10,10,196510
14,12,198126
8,7,174029
14,14,215944
13,12,198300
15,14,172730
14,13,233803
16,14,179642
22,20,213986
8,6,218312
7,5,155398
19,15,188154
12,12,172612
14,10,197566
11,10,186537
17,17,225768
9,9,205553
14,14,204694
15,14,177607
17,14,212428
18,17,188236
20,18,175969
15,15,212757
13,13,193807
14,14,187622
10,9,196417
6,5,206959
15,15,197763
8,6,203421
12,12,212465
11,10,176034
8,8,184498
19,19,221146
22,21,216315
11,10,199422
10,9,205479
15,14,188190
11,11,194337
9,7,172596
10,8,193191
17,17,215287
16,16,189919
11,11,207334
12,11,190759
23,20,229857
15,15,226028
12,11,210743
10,10,181242
10,10,201282
17,17,214046
13,13,232364
10,10,220935
11,9,199594
14,12,179317
13,12,185518
9,9,224277
13,12,211216
14,12,214012
12,12,179645
12,12,205890
17,15,183892
13,11,214182
14,13,198242
20,18,186945
16,16,178722
12,12,158738
13,11,195028
11,11,202093
12,10,210003
12,12,181206
18,17,176581
16,13,205844
16,15,209793
11,11,177160
16,16,230541
18,17,216433
14,14,190719
7,6,164836
8,7,200104
12,10,194795
20,18,179812
14,13,208640
15,14,197863
5,4,178901
4,4,220362
14,13,180840
13,13,181685
15,14,219578
18,16,183765
14,12,188656
18,15,197656
14,12,208007
12,12,219298
6,6,175770
15,14,210105
18,16,206102
19,18,223365
12,11,214147
9,8,202653
13,12,186799
13,12,218336
16,16,190116
15,15,187327
20,19,193105
21,20,200143
13,13,170695
10,10,205468
11,7,191150
10,9,195778
15,13,196166
13,12,221940
10,9,173524
20,16,180706
14,14,192454
6,6,175927
13,13,204940
10,10,212171
12,11,193323
12,11,202395
8,7,197339
17,17,208478
9,8,212917
12,12,207612
23,20,203427
8,7,164613
6,6,191226
7,7,219752
12,11,202472
17,13,187531
14,11,223788
11,11,195607
21,20,196894
10,8,176791
9,8,212592
17,14,209885
12,9,193872
15,14,188003
10,9,195458
13,12,210096
18,17,209402
9,8,197228
20,19,209322
14,13,188683
14,11,182611
8,8,164563
14,13,185601
15,12,209058
15,14,209400
13,11,200283
7,6,183452
13,13,194080
15,15,215463
13,11,195980
13,11,201847
19,19,194703
14,13,182624
12,12,194635
14,13,208633
8,8,197567
13,13,196265
14,14,195036
16,15,219163
9,7,195294
15,14,195265
9,8,210208
17,15,221063
14,14,184021
16,15,205064
14,12,207770
13,11,168040
14,13,195381
16,16,195647
11,9,152887
12,12,209810
11,10,189420
14,13,205748
8,7,185732
10,9,216849
16,15,201735
11,11,191228
9,9,175844
15,13,194520
11,9,191552
12,10,190508
20,17,219542
6,5,188772
13,13,202076
16,14,215331
12,9,197517
11,11,179920
15,15,194287
13,12,176460
14,13,186600
12,10,191310
9,9,173044
10,9,210723
13,11,235603
10,10,187805
20,15,201751
12,11,174878
9,8,202321
17,15,208481
15,14,179572
11,10,184761
14,13,201800
14,12,155509
13,13,171162
11,10,201754
11,10,194175
14,14,179622
10,10,212182
12,11,200865
8,6,201504
13,11,211393
9,8,191636
10,9,207485
13,13,206184
19,19,187760
13,12,198710
22,21,191465
13,13,163108
6,5,178223
9,8,205126
12,11,201624
12,11,188070
16,15,217074
6,6,172156
10,9,197442
9,8,188951
12,9,165517
11,10,210133
13,11,210891
17,17,189093
11,10,239484
22,21,205280
20,18,216265
9,9,210486
8,7,208892
11,9,190457
14,14,214236
17,15,189185
17,17,220156
14,14,189166
12,11,169422
16,13,185010
14,13,161187
13,9,167048
14,12,173588
16,16,210316
9,9,219237
12,11,220134
15,15,196560
13,13,194300
17,16,210219
8,8,195648
18,17,217874
14,13,176866
10,9,174526
18,18,203232
8,7,200719
13,12,213042
8,8,189462
10,8,192503
16,15,207333
15,15,164122
14,11,176670
16,15,200015
16,14,192155
18,18,200466
5,4,179299
16,15,220822
17,15,198656
15,15,200163
18,17,186793
14,11,218773
12,12,192926
16,14,190089
14,11,216884
15,14,204064
13,12,175014
12,12,218832
13,12,177785
14,14,187755
13,11,188193
13,9,206711
13,11,190451
10,10,183640
11,11,181523
11,9,176423
11,10,173448
14,14,173031
9,7,212031
9,8,195201
9,8,164931
11,9,163545
9,9,232945
11,10,193739
16,14,167780
17,13,222288
14,12,205048
10,9,176980
14,11,230573
23,21,213206
18,16,179922
11,10,218884
18,18,218308
12,11,191589
17,15,210360
20,19,191664
15,14,216143
17,17,211809
14,14,183340
17,16,199700
8,8,186872
8,6,173427
8,8,212742
10,9,190507
9,8,191278
19,17,233514
18,15,190428
9,6,190494
12,10,183370
12,10,198362
6,6,186169
16,15,199779
13,12,209037
9,9,180736
18,18,216806
12,11,187538
11,9,163368
17,16,191915
12,12,182430
10,9,188824
18,16,190056
7,5,211495
10,8,210867
12,12,200320
21,19,224371
11,10,196523
13,13,192921
11,10,190640
12,10,194757
13,12,199031
12,10,204080
11,10,166247
11,11,224787
13,12,189222
9,9,224431
6,6,203886
10,10,185044
17,16,187898
18,18,205711
9,8,194584
11,9,182261
10,9,184995
12,12,190643
7,7,191624
9,9,210947
11,10,195183
9,9,184330
9,8,205851
11,10,194317
6,6,208038
13,13,164320
15,15,186259
16,15,220692
12,11,213762
13,12,180550
21,19,210484
16,14,177626
7,6,188858
15,15,192191
18,17,214301
12,12,196468
17,17,234677
10,7,202105
12,11,195594
15,14,198476
20,20,205932
9,9,191665
14,13,209734
9,9,235781
17,15,213698
11,9,199079
15,13,207144
10,9,189725
14,14,206524
12,11,205019
7,7,201172
13,11,207888
18,18,180331
16,14,204549
14,14,200949
10,9,193378
16,16,184837
16,16,222812
8,7,190785
19,19,206429
7,7,183683
4,4,187353
7,7,209635
15,13,173678
11,11,215823
8,8,185217
11,11,198837
12,9,179574
19,18,181555
16,16,182027
13,12,176428
11,10,190109
14,12,174275
7,7,184444
8,7,171383
10,10,202459
10,10,195281
15,12,202645
9,6,169114
19,18,192675
7,7,198585
20,19,228963
19,15,213189
17,17,218977
18,17,217922
20,20,239047
16,16,210509
8,8,200679
10,10,175144
20,18,190215
10,10,212401
10,9,218938
14,14,177896
13,13,191786
17,16,190845
6,6,168876
15,15,203590
13,12,180590
8,8,197635
14,14,190001
17,16,208191
17,15,203492
11,10,215661
19,16,206395
16,15,187542
10,9,203329
19,16,173232
10,10,191843
16,16,207992
13,12,186974
13,9,189806
18,15,181213
10,10,190008
17,17,203141
14,14,195313
14,13,193772
11,11,195328
15,15,218041
6,5,173579
11,9,210198
9,9,190071
16,15,195936
16,16,204143
10,9,193926
12,10,212632
6,4,191038
13,13,206748
7,6,207287
9,7,173433
8,8,180606
14,11,201224
13,11,204285
19,18,168138
18,15,200782
11,10,171101
16,14,198124
20,19,208543
11,11,177460
12,11,207507
10,8,175817
12,10,188471
13,12,209236
15,13,198894
16,16,239576
10,10,195848
16,16,184269
11,11,188680
15,12,185615
14,13,174394
13,12,178823
14,12,194605
24,22,192547
16,15,199245
16,13,180220
17,15,190950
18,18,192494
11,10,177692
15,15,211224
20,17,211117
9,9,192299
9,9,219824
10,10,192089
12,12,197367
12,11,191710
8,8,179851
9,8,182394
17,15,204912
13,12,199509
21,19,197730
10,10,179432
12,9,188661
8,7,177351
14,11,170591
18,16,191379
9,7,185281
16,16,209111
15,15,187462
13,12,224167
15,14,187274
8,8,182114
8,8,187949
11,10,189913
9,9,200658
11,10,174237
9,9,192816
12,12,188088
8,6,192276
17,15,190566
13,13,187383
23,21,201250
13,12,192062
13,12,224229
22,20,205716
14,13,224086
12,12,179507
12,10,194694
13,13,208804
14,13,189274
16,16,200720
12,10,193294
5,3,196367
17,16,203967
10,8,184564
10,9,192619
15,13,198476
15,14,208634
12,11,203894
14,10,165526
12,12,203096
11,10,159415
18,17,197547
15,15,203174
16,11,198582
13,11,163735
17,14,205563
11,11,187500
12,12,192427
8,7,197605
10,10,177288
7,7,185363
5,4,170161
9,9,184575
10,9,194521
13,13,193900
16,14,212649
14,13,207194
9,9,197773
15,14,216355
13,13,203382
16,16,223722
14,14,176924
14,14,196140
14,13,176344
11,10,209961
12,11,184933
9,8,181660
11,11,196108
13,13,222650
18,17,220268
15,14,210150
16,15,199982
12,11,211783
14,14,172250
16,15,167033
22,20,229494
15,14,200944
12,12,200439
9,8,209518
15,15,206516
13,13,207982
11,11,197955
11,8,170582
13,13,192820
13,13,200393
12,10,197398
14,12,209598
11,10,178974
10,8,174415
13,13,228719
18,17,234299
19,18,204477
10,9,192886
9,9,210040
8,8,210729
14,14,180879
12,12,173144
11,10,185022
22,21,218583
17,16,186950
19,17,185416
14,13,205793
16,15,207132
20,18,205785
14,14,197666
5,4,169048
15,15,187074
8,8,190809
13,13,188165
7,7,166142
15,14,183360
11,10,184155
14,12,202534
23,20,236384
12,9,200081
13,13,188453
24,23,201665
12,11,167682
11,8,171552
15,12,216852
17,15,199043
6,4,191432
5,5,195990
11,10,157069
12,11,179183
7,7,224614
12,11,188570
7,7,186747
14,12,204221
11,11,210528
20,19,226496
13,11,182423
16,12,218226
15,15,203225
9,9,189964
12,12,187083
16,15,219688
16,13,192117
20,19,194690
15,13,192479
17,17,179561
8,7,197303
11,11,182711
14,11,178697
7,6,178929
19,17,185295
23,22,218663
14,13,194908
17,17,181935
8,8,203446
7,7,172031
18,18,212706
12,12,199236
11,10,178998
11,11,201092
13,13,224306
11,10,189263
9,8,191193
4,3,179857
14,14,183845
11,10,228390
14,13,214479
14,12,189793
12,9,203917
17,14,198702
12,10,184024
19,19,181011
12,12,198866
11,10,214240
13,12,183518
22,21,217413
12,12,222367
9,9,162060
14,14,168080
14,14,190538
16,15,212416
13,11,188366
15,15,184689
8,8,178196
24,21,201904
7,6,170454
9,8,194948
18,17,212074
12,11,214545
7,5,207575
17,16,192690
12,11,190982
10,7,200580
7,6,198824
8,6,230921
11,11,178703
13,11,206327
13,12,222083
19,18,234846
13,9,177302
10,7,201723
7,6,215063
13,13,231777
15,15,204046
11,10,219125
11,9,174022
10,9,176610
10,9,204629
24,24,225284
12,12,187934
11,11,207471
14,13,166520
12,12,206345
9,9,212969
15,14,216438
8,7,196543
11,11,203100
14,14,189996
10,9,193565
11,11,196162
12,11,199280
17,17,202012
14,11,210274
12,11,209617
15,13,184921
13,11,184356
2,2,236485
15,14,216307
11,10,184098
12,10,206212
14,14,216302
9,8,196357
14,12,215475
17,17,203011
12,12,200282
16,16,192069
10,9,209397
13,11,198247
15,14,176966
11,10,198707
14,14,181948
12,11,209127
16,15,212268
11,11,217231
5,3,173009
10,8,208989
12,11,208897
19,16,186733
15,15,194366
7,6,165089
12,10,181202
16,16,176350
13,10,166723
14,13,210412
13,13,185315
18,17,213374
15,14,203713
13,12,184208
16,16,206071
15,13,167316
8,7,194448
15,14,181518
10,10,166238
14,13,212059
21,19,207293
15,12,184379
11,11,189827
14,12,190334
8,8,173604
19,17,223883
18,16,192781
17,16,195088
8,7,220359
12,11,208468
10,9,208084
14,14,190715
10,10,177529
10,10,202905
16,14,186607
9,8,180687
15,14,190202
12,10,193081
14,14,203971
8,7,194057
7,7,208997
12,10,198920
14,12,198570
15,15,182630
14,14,196942
18,17,202664
8,8,200801
10,10,198372
19,15,216715
10,10,185975
7,5,177635
19,17,191957
9,7,196596
13,12,180607
18,18,214509
13,13,187088
17,14,196238
11,11,192968
14,13,177147
6,6,196168
16,14,185519
22,20,194613
13,10,208970
7,5,166980
25,21,216125
8,7,175863
23,18,193981
15,15,236054
6,5,201188
19,19,235442
12,12,223645
7,6,166672
12,11,185004
7,7,199130
15,13,199507
19,17,204026
10,9,194137
8,7,177028
8,6,185969
9,7,218715
19,16,196369
11,11,172877
8,6,200216
10,9,181474
15,12,207031
14,12,199877
15,14,201445
23,20,211953
14,14,201703
11,11,171707
18,18,242278
18,15,203104
16,11,213418
12,11,199067
12,11,215642
9,8,201387
15,15,194470
18,17,187429
13,12,180275
12,10,187763
11,11,194539
15,13,200782
15,14,188367
12,12,196120
5,5,175888
9,9,183295
14,13,171513
8,8,161637
17,15,187512
15,14,185372
8,7,171751
12,12,196392
18,15,184930
11,9,179774
10,7,216781
8,6,192033
12,10,200878
17,17,200586
10,8,202884
18,16,182876
8,7,201503
15,11,183098
14,12,199523
14,13,200327
13,9,166600
12,11,207405
12,11,207345
8,8,187444
13,12,202884
8,7,191253
6,5,180350
13,12,216648
8,6,190522
10,10,196281
9,8,194763
9,9,193892
15,14,204194
10,9,219638
16,14,194186
19,16,223899
18,17,195349
13,11,172139
14,14,181947
11,10,179722
15,14,200245
16,12,184775
12,9,217298
17,16,230242
8,8,209829
10,8,179846
22,21,225233
10,9,188223
7,7,192417
11,11,160626
13,12,178357
13,13,200138
11,10,176717
14,13,200132
9,8,221342
18,17,224083
10,10,197703
7,5,190647
9,9,194617
18,17,211894
11,9,183890
9,9,194779
6,5,177953
12,12,209861
9,7,183483
13,11,182875
23,19,214184
12,12,200350
14,13,191404
12,11,204344
10,9,190929
11,11,193038
13,12,173844
7,7,201099
19,18,201057
11,11,203767
9,9,187183
14,14,202661
11,10,174300
11,10,201172
14,13,182702
11,9,188633
14,12,173833
15,14,175906
20,16,216016
17,16,191611
11,11,213760
9,7,239310
14,13,219493
10,8,187358
14,13,178800
16,16,198841
11,10,205734
8,6,178631
16,16,182808
13,12,188286
18,15,201689
8,8,205107
21,19,206255
16,15,199870
17,17,189034
12,11,177483
14,13,198764
7,6,184465
9,8,204766
16,14,219753
9,9,199393
16,16,179252
11,10,172763
9,7,183745
14,12,204369
12,12,196198
7,7,203225
19,17,221048
9,6,196278
8,8,217554
11,10,174153
8,7,193442
12,10,206717
10,10,198943
11,11,211904
11,10,195734
10,9,174114
8,7,152750
13,13,194706
12,10,206634
13,12,187687
12,12,214003
13,12,190344
12,12,182785
12,12,189314
11,10,193902
15,14,196357
12,11,175702
13,12,203965
15,14,175398
11,11,219298
14,13,198734
13,12,229481
14,12,213516
17,13,202508
10,8,184491
13,12,174205
16,13,197016
15,13,213113
14,14,199059
12,10,196775
10,10,189573
19,18,193753
11,10,187287
15,14,186485
17,16,219389
11,11,214786
12,11,191455
14,11,174927
10,6,208421
11,11,205812
10,10,176029
16,14,211626
26,23,187590
10,9,205536
20,20,192836
15,13,190514
16,14,194030
13,12,180940
10,9,165525
15,15,196196
8,7,172751
13,13,211582
4,4,181975
18,17,211906
12,11,185229
12,10,182306
9,8,195763
4,4,187280
16,14,161721
13,13,205089
16,16,212337
19,16,200281
24,22,228471
18,18,210035
9,8,165573
10,9,191518
15,10,199871
14,13,211601
5,5,185375
12,10,198134
12,12,189551
7,5,197472
6,6,203388
8,8,183934
17,16,188504
15,15,192527
14,12,198628
17,16,197283
8,6,186713
14,14,191406
17,14,183441
11,10,191009
11,10,172025
10,10,176184
17,17,229954
14,13,197753
13,11,189379
15,14,186972
18,15,207800
9,9,180743
18,16,180387
19,16,217822
8,7,183906
12,11,194304
14,10,183845
8,8,212745
5,4,163342
15,13,170692
15,13,174784
15,14,192359
18,18,188746
11,11,179295
14,13,202314
13,13,188460
20,19,219026
16,16,220610
10,10,181632
12,10,225373
12,10,214622
13,11,203120
12,11,249004
14,13,205898
9,9,169204
15,14,194404
15,13,208407
14,14,201413
14,13,217200
5,5,203616
11,11,208511
23,22,197160
17,16,208705
6,5,218400
13,11,183638
14,12,173302
16,15,212624
10,9,204568
16,14,244505
10,9,216219
17,16,196834
13,12,211774
12,12,223570
15,12,195223
16,15,189132
10,10,195472
13,12,192590
8,7,215813
17,16,216288
11,11,189215
8,7,171856
16,14,200106
15,15,173870
13,12,176761
17,17,199701
12,10,189602
11,11,198446
12,11,191144
13,12,217340
15,13,188961
13,13,199805
12,12,193680
18,18,197183
15,14,190285
11,11,200324
11,9,195689
14,13,208992
10,9,198553
15,14,226619
7,6,202720
19,17,217073
11,11,173399
16,16,193192
10,10,182589
8,7,189540
18,17,207530
12,12,199270
9,9,185067
15,13,189858
15,15,185043
12,11,214624
13,12,207785
14,13,197494
9,7,194620
15,15,181915
17,14,206570
9,8,184961
6,6,163722
11,10,198729
12,12,194949
11,9,187659
6,6,198645
9,8,162638
8,7,200779
14,13,184681
11,10,191526
11,10,189321
8,6,177665
16,16,196436
12,11,183529
19,16,218218
10,10,188371
9,8,150759
18,16,198268
7,7,179382
15,13,168314
16,16,203766
13,13,189937
6,6,185414
9,9,174912
11,11,201192
16,16,213164
10,9,211855
6,6,209051
15,15,206666
11,11,189417
10,10,167642
11,10,234097
11,9,189709
10,10,201337
7,6,202893
10,10,199416
11,9,196113
13,11,177197
16,15,202675
12,9,186052
14,12,196003
6,6,208168
24,19,227326
16,15,187058
6,5,226374
16,15,203272
12,12,198830
16,11,170019
7,7,203952
12,12,180265
18,18,211882
13,12,185109
25,23,209622
14,13,200342
13,11,210982
9,8,203287
13,12,190365
11,10,184891
18,17,203674
18,16,208345
11,10,177680
17,17,185174
9,9,179862
17,16,237436
16,14,210387
9,6,191211
19,18,221983
15,15,194920
10,10,224407
9,9,192478
23,21,211559
16,13,192176
11,11,194547
12,12,197078
13,12,233690
15,14,183381
17,16,180786
10,9,182311
12,9,186447
12,11,184340
10,9,206333
15,13,226320
16,16,193386
14,11,203526
14,14,199052
10,9,205743
14,14,245806
7,7,179267
7,7,187752
4,4,161021
15,14,183362
13,13,203452
12,11,185450
9,8,192132
15,15,193124
11,10,170223
19,18,189416
14,13,201596
16,15,200166
12,12,189105
8,8,201370
17,17,203346
20,19,202509
14,13,200882
14,14,243593
17,17,214291
12,10,185601
13,11,190629
18,17,185098
10,10,178539
9,9,194207
10,8,197494
13,12,194899
10,10,197656
14,13,193434
15,14,177720
15,14,211515
12,12,195040
9,9,204924
27,25,204903
13,11,190064
9,8,174517
10,9,197217
14,14,212270
15,11,188459
14,12,190590
10,10,183787
14,12,174631
11,11,207715
18,17,226541
13,11,185760
13,13,187628
14,13,180543
14,12,211496
12,11,160317
16,16,193396
14,10,201963
16,14,178674
11,10,198886
19,19,204434
10,10,219814
11,11,172084
14,13,216938
21,19,207831
15,15,189317
17,17,185589
18,17,188134
16,15,234367
14,11,200287
9,8,230745
14,12,201914
15,15,199309
7,7,195485
14,12,191614
13,10,202577
18,18,197529
9,7,216285
12,11,212981
9,7,207527
10,8,207529
16,13,182787
7,5,187216
6,5,190873
14,12,187162
14,14,179945
10,8,184444
17,17,211136
16,15,181062
13,12,189106
16,14,197975
12,12,191922
19,18,229248
5,5,189080
21,20,230374
9,9,175206
14,14,173294
13,12,207795
10,9,193514
19,18,200625
9,9,189581
13,13,181372
13,13,242259
14,13,187621
14,14,223900
15,14,179180
10,9,225910
20,17,199665
14,13,189208
13,13,190548
11,9,204547
12,11,193517
13,13,218292
17,14,179121
12,12,200813
19,18,177186
19,18,200320
13,12,227665
6,5,202581
12,10,198335
12,12,210552
18,17,201295
18,18,200483
14,13,188482
7,7,201474
12,12,196917
11,10,188782
10,9,183263
10,10,186590
7,7,191149
7,6,163432
12,12,195405
9,8,200034
10,10,212605
14,12,222830
7,7,196726
12,12,176916
12,12,200103
9,9,192463
8,8,187865
15,14,179846
10,10,172008
11,11,210871
13,12,192790
14,13,187423
11,11,212986
23,23,221487
9,9,194237
15,14,190168
10,10,204414
9,9,212873
7,6,160910
15,12,201844
16,15,208625
8,8,201836
12,10,235925
14,11,177767
3,2,188866
13,11,196924
10,10,208340
20,19,208439
14,13,205012
8,7,213754
12,8,213508
9,8,176441
12,10,197080
16,16,235270
17,14,186441
10,8,215891
7,6,175020
9,8,186061
9,9,203788
13,12,190064
16,14,187433
13,12,191426
12,10,179075
13,12,194201
11,8,157879
10,10,190278
12,11,194059
20,18,198541
11,11,208737
9,9,187513
11,11,207756
12,11,155715
9,7,191265
13,13,207802
8,8,182183
9,8,185986
15,15,209512
15,15,214601
15,13,189642
13,12,188511
16,16,216047
10,9,181809
14,12,192390
14,13,185199
16,15,228783
19,17,174342
17,13,211172
9,8,190165
15,14,238017
9,9,186496
12,11,197777
14,13,206723
11,11,213502
8,8,204020
12,10,213170
12,11,197305
17,15,192990
12,8,194368
15,14,193160
12,12,200869
14,13,177869
17,16,192690
11,10,179176
19,18,214109
19,16,177426
14,12,200413
19,17,191630
15,15,199059
18,17,218921
9,6,203708
9,8,201347
12,12,171172
9,8,189668
13,13,218176
10,10,203106
6,6,200297
6,6,153326
8,8,209655
12,12,193737
9,9,180174
12,11,213496
11,10,179486
13,11,196819
15,14,214885
14,14,176280
14,12,203661
12,12,188049
15,14,212689
15,14,180366
9,6,231721
7,7,194533
9,8,227096
10,9,196951
8,8,191446
19,15,168096
7,6,204872
15,13,197732
18,17,199787
8,6,179222
12,11,214725
20,18,186791
9,8,205621
15,13,198674
12,12,191905
14,14,202749
11,9,217749
10,10,187611
15,15,184932
9,8,199597
10,9,192307
7,7,195639
8,6,157690
12,12,191713
12,12,204190
12,11,195774
14,12,187857
17,16,192827
10,8,206779
14,14,192289
13,11,187528
10,10,174641
15,13,200799
15,12,237200
11,10,209226
17,16,190272
9,9,214000
17,17,208520
9,8,171812
13,12,181484
13,13,156804
14,14,195038
12,12,196021
8,7,191463
16,15,206030
13,12,202980
18,16,208365
12,11,190818
21,17,197912
18,15,190932
19,17,196201
14,13,188611
14,12,185630
10,10,191196
9,9,191642
12,8,188761
12,12,179038
8,8,181250
15,13,192322
15,14,163875
10,9,191433
13,13,187915
16,12,178144
18,17,217274
20,20,207811
11,10,192281
11,10,204106
15,12,212442
12,10,218076
10,9,179544
15,13,198865
15,15,177324
13,12,184539
13,13,199666
9,8,190669
14,12,202649
14,13,207846
11,10,200225
17,16,206597
15,15,192806
23,21,197772
15,15,201065
18,18,179671
11,11,198031
16,16,186442
10,10,207897
12,12,180087
17,17,219267
9,8,204689
9,8,183445
18,17,214307
14,13,184228
8,8,208011
10,9,173327
15,14,206358
8,6,174256
19,15,215960
21,19,200908
9,9,194919
13,11,155081
9,8,203135
16,14,203332
13,11,193154
10,9,198519
14,11,204759
9,8,164490
13,12,192443
11,10,184468
11,11,180935
16,16,223117
9,9,186589
10,8,182726
14,11,200085
14,12,203019
11,9,181795
14,14,194759
18,18,228761
12,11,197142
11,11,185836
10,9,174289
16,14,196326
17,17,199013
9,8,214648
15,14,199938
11,11,210081
9,9,196428
20,20,179900
13,12,202372
10,7,198637
16,15,193972
8,8,189061
15,14,202424
13,11,181092
10,9,210365
10,10,214715
7,6,166879
12,10,165019
10,10,188393
16,14,209777
12,12,189662
8,7,198763
14,12,190272
10,10,180514
11,11,197132
14,12,199581
11,10,212818
12,11,211163
14,13,183441
14,13,206048
9,6,178241
17,16,213210
16,14,200897
20,17,191128
18,17,205128
20,20,211778
18,16,196783
12,11,209195
14,14,201766
18,18,222453
9,8,189585
15,15,219401
17,16,217999
14,13,206721
18,17,197506
8,8,193305
11,11,171588
10,10,206169
14,13,220590
11,11,189453
14,12,217173
18,17,197309
19,16,155479
15,14,212876
14,13,198075
8,8,194434
14,12,185418
11,10,188900
16,13,208270
12,11,190558
18,18,212703
11,10,203057
10,8,191855
10,8,172802
11,11,201887
17,14,204242
15,11,189994
19,14,202765
10,10,185903
10,9,196885
11,11,200070
11,11,206319
10,9,192127
8,7,177755
14,14,214138
13,12,210897
17,16,216826
14,13,217658
13,12,173768
17,15,171962
8,7,201160
14,14,190871
13,11,162079
10,9,173187
7,7,189670
14,13,186689
17,17,188258
13,12,207941
15,13,184253
20,18,230753
15,13,189921
20,19,213095
12,12,206022
11,11,199072
9,9,181245
18,16,233611
13,12,194070
16,16,212746
16,14,232997
19,19,206022
16,16,191978
9,8,206841
11,11,193574
14,13,180881
13,12,180570
10,9,196557
19,18,207292
13,11,209118
14,12,183853
8,8,212417
5,5,193166
12,10,211000
17,17,193643
9,9,217829
8,8,221000
13,11,191865
11,11,198142
18,17,199983
16,14,194239
13,13,196061
6,6,201679
9,8,167898
8,7,178578
12,11,190226
14,14,186454
9,8,214974
12,12,188496
14,14,217838
17,16,202721
13,13,196520
17,16,194048
6,5,175933
16,15,206944
17,16,215726
9,9,170178
12,11,200199
12,11,215915
15,14,231107
12,12,197739
11,11,205095
15,15,181791
11,10,180909
17,17,198199
10,9,190730
14,12,211230
9,9,214986
16,12,229935
9,7,172283
13,12,193936
8,7,176927
18,18,175434
14,12,194725
16,11,204806
11,9,229908
16,15,200860
9,9,226427
12,11,191578
9,9,197812
17,15,227237
18,18,221830
13,12,217819
12,10,195888
11,11,170369
26,24,211473
10,10,185451
15,14,192381
11,9,198635
22,19,235158
13,12,178813
10,10,189527
10,10,210091
12,10,197324
17,14,204956
22,19,240664
15,13,185536
12,12,210305
10,9,220404
9,8,170503
8,6,192552
11,10,190835
14,13,186200
9,9,212638
14,14,186356
15,15,177884
11,10,191352
16,16,205028
8,8,176060
13,12,219191
10,10,194750
11,10,183906
11,8,183617
15,14,195666
13,12,198317
13,11,203365
11,9,191497
17,15,197523
18,18,187882
22,20,182351
10,9,179692
6,6,180523
17,17,210652
11,11,193759
14,14,215360
14,11,207264
20,17,221952
13,13,200596
15,15,193217
20,18,189770
14,12,212774
16,15,214232
15,15,192626
10,10,179693
16,16,202771
10,9,164317
7,7,179389
17,17,199628
16,16,210388
14,14,222624
14,13,191418
15,13,205671
12,10,175944
17,17,191430
10,9,190736
14,14,202572
13,11,195366
13,13,220383
21,18,223101
13,13,212242
15,14,180427
18,16,200884
21,21,184393
14,13,212990
14,13,190026
5,5,161187
13,12,178640
10,10,233034
19,18,203383
17,17,208108
10,9,184017
10,10,182851
13,13,191915
12,10,192123
11,11,206015
21,19,206623
17,16,191092
10,7,187268
18,17,211756
7,6,191565
8,8,205262
4,3,173095
4,4,168788
20,18,215641
13,13,195327
10,9,207481
9,9,191686
9,9,184351
20,17,219169
13,12,202619
11,11,220191
17,17,193595
16,13,185633
11,10,204293
14,13,173691
14,13,190675
12,11,183839
10,9,184179
17,16,205158
15,13,215156
16,14,220830
15,13,195211
13,12,191539
19,19,226108
9,9,185682
7,7,202258
11,10,200375
19,19,205688
14,14,212484
6,6,199749
11,11,175687
13,11,200446
13,10,158025
6,6,168623
15,13,180127
13,13,189029
14,14,216331
10,7,189573
12,12,195570
12,10,228596
18,16,236558
12,11,188675
13,11,208083
7,6,178342
11,11,210142
11,10,191064
17,16,208633
13,12,188846
15,12,177903
17,17,225153
16,15,214535
11,9,180904
18,17,201796
8,7,190311
9,7,188227
15,14,198604
13,12,185608
16,14,219531
15,14,195338
11,10,178813
12,10,182033
6,4,191043
14,14,212038
10,9,192898
15,13,219266
9,9,197184
9,8,217208
12,12,221641
16,16,207998
13,10,208966
12,12,191316
14,13,182543
12,12,185268
13,13,179931
18,17,182187
10,9,191166
18,15,190287
10,9,195199
11,11,227631
9,8,192497
16,14,229074
20,20,223349
17,17,215945
18,18,192207
9,9,194984
9,9,185583
10,10,210139
11,11,190284
11,10,195046
14,13,207796
11,10,211715
12,10,209106
12,12,232170
7,7,164677
12,12,198482
10,10,189507
12,11,188828
8,8,192859
15,13,195174
16,15,193504
12,12,202740
15,15,214881
21,20,245347
9,9,183428
8,8,172507
11,11,179491
17,16,200497
15,13,203771
10,10,203045
12,11,201038
11,10,201571
10,10,211043
13,12,199138
13,13,195891
16,13,196355
16,15,202446
14,14,207672
9,9,175617
14,12,167537
18,16,183899
15,15,198182
10,9,213923
15,12,184721
17,16,214290
11,11,198154
16,14,209503
14,12,187340
13,12,194516
9,9,190883
10,9,193364
12,12,200024
9,7,199192
15,13,212485
13,13,177534
19,18,185339
15,13,201033
14,13,213299
16,16,217765
9,7,190044
11,10,183372
8,6,184034
14,14,197112
16,15,176350
15,14,217034
14,14,223291
17,16,219524
13,11,205070
19,17,212838
17,15,212147
9,7,211435
10,8,200383
13,13,228969
13,12,188202
11,11,202888
10,8,187854
10,9,187748
11,10,212769
8,6,201184
11,10,180083
12,10,211828
16,15,180513
23,18,209163
13,13,216182
11,10,220317
15,13,172218
22,17,217179
9,7,171858
9,8,181404
15,14,179017
16,15,178398
16,15,193296
17,15,204318
13,10,209441
9,8,190516
12,11,185522
13,12,171417
18,17,200577
15,14,197933
13,13,212828
7,7,185863
15,11,195984
22,20,200367
14,12,194940
6,5,206145
17,16,173906
12,11,217460
9,9,201354
14,12,238430
12,10,201642
18,18,179263
15,13,189463
15,14,196139
11,11,225613
17,16,192790
12,12,207628
10,10,200934
10,10,163545
14,13,181722
10,10,193375
16,16,185841
7,6,191148
12,12,199284
12,11,176529
15,13,193169
13,11,198708
16,15,200858
11,10,180092
11,8,225549
17,16,204029
17,16,207819
10,10,177486
14,12,205240
13,12,204020
11,11,195071
17,17,221975
8,7,202538
12,12,194633
18,17,179629
11,11,204715
7,5,180222
10,10,212919
13,12,203616
13,12,182100
17,14,183389
14,13,192576
13,12,194378
13,13,191758
18,18,212755
14,12,207257
11,10,181279
14,12,200741
12,11,181134
7,7,192148
10,10,201261
10,10,183684
9,9,192541
9,9,201187
10,10,180531
15,14,214417
14,12,202291
22,22,210309
12,11,186216
9,8,169601
17,13,212941
16,15,215214
10,9,229989
8,8,194389
11,9,179592
7,7,183115
17,17,193181
17,16,205191
12,12,239266
14,13,192927
10,10,190094
17,14,227630
9,6,184938
12,11,181596
16,13,194216
11,9,209787
12,11,161630
14,14,197649
10,10,194289
23,22,186010
9,9,161402
5,5,190788
12,12,185363
13,12,187499
15,14,230871
18,17,189056
9,7,202232
13,12,174767
8,8,185949
12,11,195869
17,17,210854
16,14,193537
8,8,191820
13,12,198907
14,13,218874
18,16,172997
8,8,185847
13,13,213990
8,8,215589
11,9,186859
13,11,207042
10,9,169824
16,14,180757
16,14,231095
7,7,211683
13,12,186310
9,8,215644
10,9,178130
13,13,190600
16,16,204814
15,15,189961
12,12,182045
11,10,180150
17,15,207255
8,5,178228
16,14,240669
13,11,176569
16,15,203044
15,12,175098
10,9,181581
15,15,192733
12,11,182490
13,13,180767
11,10,179890
16,15,193276
12,9,201499
10,10,227061
12,11,189211
9,9,237157
15,15,213202
4,4,188538
15,15,199556
20,19,177096
20,19,210519
15,14,184341
14,14,211540
22,20,188218
13,13,200451
11,11,217790
19,17,177206
15,14,221102
18,17,224272
14,13,235057
14,14,191386
16,15,223494
16,16,210526
17,15,227754
11,10,166893
24,23,181567
9,9,192547
11,10,166822
11,10,197497
9,7,173531
9,9,215398
12,10,216700
14,12,194980
15,14,211262
13,13,200215
8,7,172406
9,8,217018
16,15,185237
11,10,193363
12,11,209083
9,9,203068
12,12,215628
16,15,212194
9,9,224139
19,19,207680
13,12,234991
14,13,204376
12,11,211900
8,7,169135
16,15,190913
11,11,187427
13,13,189470
13,11,206937
10,8,201081
13,12,159940
18,15,199616
16,15,221792
10,9,171226
17,17,190553
13,13,187928
13,13,205247
12,12,197984
12,12,217899
15,15,196984
7,6,179666
14,13,208049
11,11,220094
5,4,195208
10,10,182741
12,12,197725
7,7,186979
6,5,198568
14,13,181755
13,13,226686
13,10,204883
11,11,210005
9,8,191330
7,6,211853
7,7,192055
20,19,207539
13,13,178699
12,11,199657
8,7,174738
22,19,247583
9,8,174081
9,9,180586
17,14,184211
12,10,217529
8,6,168947
18,16,229718
18,16,193047
15,15,216719
14,14,193822
15,11,197032
18,16,200228
15,14,205686
22,19,221478
20,19,213588
15,13,209709
21,19,216130
7,7,187655
14,13,195629
12,12,197782
19,17,209083
9,9,187515
16,16,182618
14,14,220810
8,7,208698
16,16,218999
11,11,210240
12,11,184464
14,13,224501
21,18,206011
13,12,190634
16,16,190561
8,7,194235
12,10,205119
14,12,170259
15,15,180163
6,5,202117
12,11,217984
19,19,206302
6,6,185128
10,10,213998
15,13,211076
10,10,201839
12,11,193536
12,11,185632
10,9,187622
14,13,177406
15,15,244860
14,14,181514
10,10,184879
17,16,219883
14,13,181310
6,6,182223
17,15,169579
14,14,159109
11,9,174948
14,14,169027
13,12,207424
14,14,182338
14,12,200522
18,18,176884
17,15,182338
10,9,162640
11,10,177697
16,15,196753
12,12,177452
21,20,185143
9,9,188392
19,17,210348
18,18,230279
16,15,199251
10,9,190861
11,10,179318
11,11,210388
14,13,192355
14,14,205464
11,10,176179
14,13,184532
12,12,188360
20,19,206192
13,13,217867
17,17,200614
8,7,170788
8,8,217204
11,9,188286
11,10,197799
12,10,199792
15,14,211555
11,10,174723
14,13,187426
16,15,203409
14,13,187514
23,23,194546
9,6,185920
18,18,216473
14,12,214229
19,19,208978
7,6,200163
13,12,202807
17,16,219897
13,12,200380
19,19,218160
12,11,203748
11,11,214078
12,11,214318
17,16,236832
11,11,211413
13,12,211615
16,14,194047
11,11,195867
14,13,196349
6,4,184089
10,8,176258
16,14,189729
11,11,172820
15,14,231622
5,5,216032
16,13,192488
18,13,196089
17,17,181174
11,9,225062
14,12,176336
9,7,172893
15,15,170255
17,14,209991
10,9,184876
16,16,208912
12,12,222574
13,12,192064
12,12,208449
15,13,199833
13,12,184643
12,11,203071
10,10,181973
16,15,175217
22,20,243326
14,11,201935
12,11,209406
8,8,189938
5,5,190562
12,11,182022
21,20,215093
12,12,181684
11,10,204352
15,15,218088
12,10,172989
10,8,199694
13,12,209138
10,10,176615
11,10,198710
10,10,178289
8,7,190961
15,15,194738
17,17,240290
8,6,174291
18,18,220307
7,7,173474
9,7,223745
14,13,177895
20,20,185700
11,11,183249
7,5,201661
15,14,181011
11,10,222535
19,18,219905
9,9,212711
11,10,169733
5,4,174437
12,10,209604
11,8,187266
15,15,221491
12,12,183754
16,15,220896
5,4,179326
6,5,179946
13,12,182303
17,14,194165
12,11,175155
11,10,181737
12,11,184264
17,14,240902
10,8,190945
16,15,179077
16,15,210317
25,22,223699
15,13,194053
17,16,195906
14,11,212795
14,11,190468
8,8,167924
21,20,181198
15,13,195237
13,13,199020
13,12,174984
10,8,166268
13,11,209756
12,10,201491
11,11,185908
6,5,200993
15,14,180633
20,19,206928
19,19,210408
23,21,204083
6,6,214017
8,7,196782
15,13,180122
10,10,183570
16,16,185304
16,14,169127
14,13,195776
18,15,185944
17,17,178103
16,14,178200
14,11,212883
12,9,190898
11,10,197157
9,8,182903
8,6,212464
14,13,185116
13,13,184625
15,13,210442
14,14,226601
16,14,190239
7,6,212563
19,18,172039
16,14,213258
12,11,208906
13,13,182888
16,14,185304
14,13,179152
12,11,184989
10,10,216691
13,13,205397
24,23,181898
11,10,180413
12,11,189664
20,15,198419
14,14,194526
17,16,214162
11,10,201163
13,11,167466
18,18,198997
14,13,180551
7,7,200152
12,11,225216
14,12,184838
11,10,186827
11,10,171247
16,15,219913
14,13,199933
9,9,197298
13,11,196569
10,10,189613
15,15,190709
11,10,207003
12,10,182061
8,7,184424
10,8,178011
14,13,185891
15,12,181311
15,13,185296
15,15,168700
4,4,195478
15,14,192191
15,14,204728
15,15,190765
16,16,207954
15,14,223123
11,9,207599
8,8,188185
7,7,196502
14,13,205764
17,15,205970
7,7,209196
10,9,179414
15,13,169790
10,9,224200
17,15,209557
10,10,194508
14,13,183301
10,9,185655
12,11,196516
10,8,185681
9,8,199481
8,8,215060
6,6,209118
7,6,167653
11,11,193305
7,6,186595
16,15,200982
14,11,196687
10,9,192454
15,13,169301
11,10,202423
16,15,191582
14,14,202403
6,6,175731
16,16,173473
13,11,206863
10,8,204064
16,15,187075
15,15,180091
16,15,175841
11,11,205240
10,8,182862
17,16,180823
13,12,176608
14,14,199019
10,9,241370
12,12,212508
13,12,231200
12,11,173981
10,8,190021
11,10,213019
14,13,212124
16,16,220840
17,17,204269
12,11,209037
14,10,230311
11,11,210205
16,14,189763
6,6,197651
12,11,199226
13,12,204317
13,10,186268
7,5,161265
11,10,208533
8,7,185223
19,16,185940
12,10,177798
14,12,218302
14,14,179514
15,14,205059
15,15,210193
11,10,186999
18,18,243712
14,14,183690
18,16,206105
10,9,177563
11,11,199555
13,12,205547
11,9,171377
16,16,207679
11,11,205772
12,10,199989
12,11,202973
22,19,218381
22,20,200715
11,11,203227
12,11,163853
12,12,177069
12,10,176571
18,18,202687
12,12,198161
17,17,191218
8,7,227823
9,7,184592
14,14,181734
10,10,198765
12,12,191792
16,15,204455
9,9,199391
18,15,194870
10,9,193413
13,11,208940
11,9,237659
13,13,214010
11,9,181344
13,13,181545
8,7,174693
6,6,159311
13,12,185063
13,8,199232
15,14,203157
13,12,189639
12,10,206424
14,14,201032
16,13,179349
8,8,200467
15,12,188524
20,18,204494
9,8,187182
11,10,225387
11,9,160491
15,14,195061
11,10,169584
12,12,191299
11,11,184305
11,10,192822
12,11,211330
16,15,170737
13,11,173060
18,16,204560
17,15,204449
14,12,229507
19,16,182663
9,8,195958
15,15,230566
14,13,227180
4,4,192517
15,14,204059
12,11,181967
19,16,192476
19,19,181984
9,9,189666
12,11,217678
11,9,183899
10,10,191348
7,7,220192
23,21,207376
12,12,205364
11,10,215186
17,15,187980
13,11,205459
16,15,190920
15,14,220733
16,13,186481
13,13,197071
17,17,202246
16,14,195299
17,17,194420
18,17,204760
18,16,188285
11,10,207251
15,14,177225
15,14,196009
10,8,174591
18,15,213072
23,21,205893
13,13,169717
13,12,176656
11,10,190064
13,13,214021
17,16,209080
7,7,169960
12,11,198324
17,15,178816
12,11,210359
16,15,191214
21,21,182614
18,16,185364
5,5,166862
17,17,191449
10,7,194711
15,15,216669
17,17,200943
14,13,181167
10,9,179161
13,13,185299
12,11,195048
14,14,204850
15,14,217376
11,11,195377
12,12,180730
17,15,196261
15,15,207976
17,17,184482
19,18,212217
12,9,190618
10,10,199859
18,16,188439
18,16,211605
17,17,223475
14,14,204657
11,9,189780
13,12,201005
14,14,200222
18,18,175917
11,11,213010
16,15,199806
13,13,203136
20,18,182954
14,14,175041
11,10,220404
16,15,201369
16,14,161943
10,10,203939
17,16,200322
11,11,172813
8,6,182601
8,8,181990
16,15,203084
17,14,204227
12,12,160580
9,8,211411
16,16,198348
19,18,206888
10,9,203762
21,21,164176
15,15,209798
13,11,190066
11,10,185053
18,16,194991
11,9,201407
10,8,195023
20,18,188614
8,7,152758
20,17,219853
14,14,183276
18,17,183805
10,10,185425
12,10,187130
14,11,224446
8,8,176613
16,13,208079
10,10,168897
6,6,185862
9,9,201450
16,16,199334
13,13,215927
13,12,188500
14,13,200734
9,9,212086
15,13,219584
7,7,169760
11,11,212042
14,14,191738
9,9,194767
7,6,206185
15,15,192789
11,11,210564
9,7,205335
15,14,198830
17,16,194289
12,12,199519
12,11,206998
13,9,160166
12,11,220970
13,12,171953
16,15,196582
12,12,206255
12,10,218704
17,15,177541
14,12,185135
11,10,181240
15,14,216556
17,16,209251
11,10,175384
17,17,207382
17,17,219416
10,10,197245
23,21,223019
13,13,200893
17,16,176602
11,11,189763
12,10,196852
18,16,221465
14,13,203196
11,10,186888
11,9,189731
22,22,210800
11,10,197560
7,6,216787
14,14,170758
19,18,220446
19,19,215144
10,10,193147
13,12,192153
15,15,200240
11,11,219778
16,16,208470
13,13,208463
13,12,202762
11,9,191041
14,13,230987
15,15,190931
18,17,224410
17,16,192733
17,14,221693
12,11,181556
6,4,206557
18,16,175656
13,12,181474
10,10,191365
12,9,184501
12,11,201378
10,10,174791
10,9,179843
15,14,201050
16,14,208046
15,14,210918
12,10,185330
9,9,179164
16,16,228185
13,11,183707
6,6,201018
13,12,173160
11,10,171833
8,7,183200
23,20,210859
18,18,232168
8,7,192437
8,5,174569
11,10,173710
13,12,201577
17,17,203407
10,10,215810
9,8,204219
8,7,193628
18,16,206773
13,11,186329
15,14,212590
18,17,214076
15,15,194142
13,13,178623
19,17,202671
16,15,211759
12,9,198890
14,14,216591
12,11,199947
15,15,177568
11,11,198102
10,10,199346
13,13,192499
16,15,185708
13,13,210381
5,4,187337
18,16,193841
14,14,209005
10,10,195740
7,7,186983
27,24,221216
14,14,175822
15,14,207243
22,21,214520
11,10,207919
10,9,208691
18,17,223971
13,13,221147
6,6,203010
24,23,230783
11,8,168364
19,15,184053
5,4,179512
14,12,200839
20,18,192531
10,10,209316
10,10,180653
7,6,208193
19,18,210632
17,15,214138
14,13,182962
23,23,254072
11,11,200899
23,20,237514
16,15,186302
7,6,170619
11,11,188129
14,14,183115
13,12,196318
14,12,184179
10,9,167488
14,12,212803
12,11,221951
15,14,178417
13,10,191822
10,9,183930
13,12,214591
10,10,198709
6,5,185035
10,9,193348
15,14,212497
10,10,206209
10,10,200194
8,8,193663
15,15,203238
16,15,219552
10,9,194278
11,11,192840
14,12,169711
15,13,181804
13,13,209248
15,12,197613
14,13,200687
16,14,200669
16,16,185244
5,5,206870
20,19,213383
10,9,205633
10,10,173863
13,11,194569
11,9,194682
13,12,218222
15,15,190555
12,10,176634
11,10,195387
13,13,181066
17,15,178218
11,10,208155
13,12,212095
14,12,222276
12,11,205167
14,14,185762
15,14,195104
14,12,210572
16,15,190491
21,20,205064
13,11,197237
10,10,212993
9,8,178978
10,10,180447
14,14,216842
17,16,214345
11,11,177518
13,13,210870
15,14,196373
11,9,166206
11,11,174807
16,14,226472
4,4,188306
17,17,204217
13,11,196614
6,5,186271
13,13,195814
11,10,161596
15,15,176179
13,12,179811
13,12,190609
10,10,174616
8,6,170236
19,17,204092
17,17,197520
17,14,188265
11,9,185480
13,13,205703
8,7,187276
13,12,160422
15,14,213730
12,11,201764
5,5,173919
13,13,169599
16,14,218918
20,17,211135
19,19,189732
10,8,180927
9,8,188658
9,9,193596
16,16,198827
12,11,184533
13,13,196176
12,11,166512
20,20,203384
12,11,191126
12,12,192180
9,9,181739
14,14,189805
7,7,182428
14,14,204747
12,12,208054
11,11,184341
15,13,196824
15,13,213158
18,15,209451
17,14,176359
12,12,230675
11,10,189150
12,11,199559
10,9,175365
8,7,190744
13,13,174533
13,11,206434
16,14,174954
17,17,215054
8,6,175659
13,11,192750
13,13,198594
15,14,194972
10,9,170615
15,15,227567
11,9,178482
10,10,211965
9,7,193572
13,11,183853
8,6,189733
16,16,183931
14,13,197325
14,14,216052
12,11,170383
16,15,205156
17,17,221494
12,10,180316
10,10,185921
13,12,203682
15,14,192736
10,9,193683
11,11,178527
14,13,207928
11,11,176832
16,15,213417
11,10,205473
17,15,226283
12,11,171221
16,16,193729
13,13,193033
12,11,165772
11,11,208981
13,13,194143
18,18,200477
16,15,193236
10,10,243001
15,15,200451
15,14,193186
16,16,203136
12,10,175757
7,6,200774
18,15,218032
9,9,177111
13,12,191086
12,12,187587
10,8,208826
12,12,201805
13,11,171993
12,11,176815
12,12,200609
15,15,174960
12,11,191480
18,17,168130
11,10,191718
10,8,199588
10,9,184784
14,14,198415
16,14,218086
10,9,233741
15,14,192916
14,10,204200
9,7,198990
15,15,226045
16,13,186867
15,14,208309
13,12,179715
12,10,198700
16,15,203919
12,12,209784
18,17,217322
22,22,205634
15,13,181999
10,8,196160
12,12,169025
11,10,201654
19,17,176407
10,10,198484
15,12,197691
11,11,195454
15,13,199881
8,6,177199
15,12,181242
15,12,210283
20,17,205275
13,11,188897
19,18,231898
11,11,221314
13,12,185219
14,12,202108
10,10,195629
6,6,166031
17,15,211004
9,9,170925
17,16,240003
13,13,190361
20,19,188673
13,12,199272
15,14,204051
14,13,184555
16,15,189015
18,17,198795
18,18,216562
13,12,174353
9,8,176008
14,12,205960
16,14,228965
14,11,213229
12,9,189950
14,14,188400
7,7,179512
11,11,184995
6,6,192029
13,10,193779
17,14,203062
12,11,164325
12,10,178382
20,20,227047
17,15,203122
8,6,210077
18,16,189418
10,9,173235
20,19,198631
14,13,193583
20,19,201764
14,12,192390
14,12,191866
14,11,175365
17,16,212907
9,9,197214
14,13,203042
16,14,209748
19,18,215524
13,11,234876
10,9,171620
12,12,175805
11,10,210953
14,14,207072
9,9,213930
16,14,197666
10,10,245050
20,18,210896
11,10,185023
14,12,190555
13,12,195543
11,11,194011
10,10,183542
9,8,201333
18,15,184548
21,20,202950
13,11,162985
8,8,197673
13,12,200732
16,16,226900
19,18,206756
15,15,196853
16,13,188152
9,8,170470
10,10,213716
19,16,194278
7,7,182989
16,16,193260
12,10,205262
10,9,194855
19,18,183489
10,10,221891
10,10,191969
20,15,194787
14,13,197209
19,18,253459
16,14,199513
8,7,187182
10,10,176753
13,12,187947
18,16,197752
12,12,184634
9,8,198698
15,14,208735
9,7,189733
11,10,185726
13,12,205108
11,10,213643
14,14,207874
10,9,201220
12,10,203719
8,7,166433
11,8,177063
15,14,189448
10,9,189603
14,10,203070
12,9,174525
10,10,183555
12,11,179465
10,9,192899
7,7,200877
13,12,198761
13,12,200441
11,11,209525
14,13,180107
19,15,178283
11,11,178654
5,5,177420
5,5,182950
8,8,212658
14,13,195896
12,11,178008
11,10,169351
14,10,160922
24,23,216022
17,16,238804
12,12,195555
13,12,192474
15,14,221011
18,17,201211
7,7,186968
15,14,199489
9,8,234595
15,15,204323
9,8,200846
4,3,190799
14,13,194298
6,5,194252
13,11,197110
14,12,208128
22,22,213477
12,10,167261
19,18,212706
14,13,193352
10,8,187645
11,11,172279
14,13,206808
9,9,217877
20,19,204812
10,9,175762
14,13,176847
9,9,200763
15,14,210339
9,7,205682
24,23,215625
10,10,197106
12,11,197324
11,11,178393
12,11,219936
15,14,207952
14,13,179257
11,8,166594
18,18,191293
6,6,175524
9,8,191956
15,14,211311
14,13,207177
16,16,210755
14,12,198769
13,11,215616
10,10,207525
10,8,222526
20,19,212208
18,17,180937
10,9,173782
18,18,210743
14,14,185884
12,11,189474
9,8,217436
14,12,171458
19,18,201147
17,17,177264
16,13,208232
22,20,194256
9,8,164386
14,14,218078
24,23,229998
10,10,188896
18,17,187763
12,12,196367
11,10,204149
16,15,187545
13,13,196409
8,8,173871
17,16,187596
21,20,187070
7,6,203102
12,11,218282
16,14,198718
12,11,194014
13,13,242201
19,18,190701
16,16,201494
13,12,189476
17,15,211785
10,10,208981
16,15,198095
12,12,216598
11,11,179400
16,15,176669
8,6,205039
11,10,228569
12,12,191263
9,9,203655
11,10,185800
10,9,188365
7,6,160287
17,14,199149
13,13,198880
18,16,189483
18,15,211793
9,7,209888
10,9,185514
13,13,170542
11,11,204064
19,19,209116
9,8,181403
11,11,189104
10,9,195308
9,9,182816
12,12,191519
16,15,228289
10,9,193449
12,11,213964
10,10,203209
14,13,210954
13,13,186711
14,14,201352
13,11,179566
19,16,199534
17,15,214123
10,10,194955
15,14,193109
15,13,161220
16,15,223354
7,7,202858
13,12,192485
15,14,170959
9,8,159487
21,20,214742
16,14,201971
11,11,209552
19,19,182823
17,17,232514
19,16,230932
12,10,177585
13,11,198729
6,6,163505
12,11,169273
14,14,191936
16,16,173348
15,13,180342
8,7,170266
11,11,196182
14,13,185781
21,20,218064
14,13,200765
13,10,175729
7,6,220143
7,7,185609
14,13,205875
7,6,207524
13,12,180367
16,15,168688
15,15,218317
22,21,218683
13,12,200470
5,5,172605
16,14,183173
18,17,218445
9,9,197849
10,9,177823
7,7,195132
10,8,169728
10,9,183618
21,19,199664
5,5,193734
12,11,179920
9,9,223410
10,10,219274
11,10,214311
13,13,193688
15,14,207156
19,16,219031
12,12,192891
6,6,185875
8,8,170585
11,8,195235
5,4,190576
13,11,185709
13,12,228368
12,10,190246
17,17,193527
14,13,169229
21,20,201812
13,13,173473
16,16,222440
13,12,197529
16,16,219307
15,15,215241
4,3,205345
14,13,185179
12,11,199843
10,9,186410
14,12,203152
11,11,199061
15,15,205712
9,8,200533
19,14,202039
18,16,181019
20,18,218841
14,13,191739
11,7,173193
10,9,201353
15,15,204386
13,13,198050
12,11,190181
9,9,177957
11,9,168185
10,10,181287
15,14,164688
15,14,186290
11,11,192365
11,11,184554
7,6,225489
13,12,186484
15,15,204316
11,11,191776
12,11,179944
13,12,190090
8,8,186132
17,16,186644
10,10,161370
15,13,172047
21,19,216901
7,6,185754
11,11,216996
10,10,180723
18,18,190882
10,10,179261
11,10,178454
10,8,213740
15,15,210338
16,14,219988
16,15,194572
11,11,192268
11,10,187425
15,14,200052
10,9,178981
12,11,181793
10,9,172968
11,8,178308
15,12,205820
18,18,207663
14,12,193489
9,8,188172
14,12,185736
11,10,222893
15,15,194945
24,23,226799
23,20,198677
21,21,224679
7,5,198216
13,13,199889
15,11,205437
12,10,221170
13,10,195522
13,10,187777
16,15,220676
22,22,212211
11,11,220454
21,20,201224
11,10,198121
13,12,187115
16,15,194222
12,11,168151
14,14,212182
14,9,163853
13,13,165655
12,12,216556
7,7,199757
15,13,162857
12,11,196086
13,10,215676
11,10,202920
12,10,182870
5,5,190344
15,14,202209
11,11,171558
21,21,183864
11,9,176748
17,15,211650
19,16,227450
16,16,194501
15,15,214670
12,10,155087
10,9,184498
16,14,208897
12,12,195729
15,15,194393
21,19,182751
9,8,201336
13,13,174528
13,12,184317
8,7,190346
19,17,196705
11,11,189109
8,7,185549
18,17,164839
11,11,199065
7,4,168432
10,9,186027
9,8,159233
9,8,214246
14,13,221951
12,12,197819
17,13,173136
17,16,188183
17,16,200688
13,11,204394
8,7,184404
13,12,179045
12,10,213221
18,17,216970
21,20,217759
11,10,204527
13,10,166912
10,9,218109
20,19,206452
12,11,181876
17,17,199019
14,13,188431
8,7,184094
12,12,209657
13,11,191094
18,17,220188
17,17,200586
11,9,191540
13,13,180438
11,10,183514
13,10,174707
10,10,187751
22,17,206858
17,17,218765
10,10,197613
11,11,202104
10,9,215471
15,12,187561
13,13,201019
13,9,187405
10,9,206145
14,13,205005
10,9,176274
7,7,181099
14,13,218351
7,7,171430
12,12,177018
22,22,192645
19,18,192404
16,15,199780
14,13,186313
15,13,216303
11,10,193339
16,14,235223
15,15,180836
12,10,185759
5,5,179246
14,14,216022
9,9,204260
16,15,212950
14,12,175420
10,9,199938
13,12,211961
9,9,182141
19,17,210403
16,15,190663
9,8,190997
13,13,208141
13,13,213222
17,15,214876
11,10,195088
17,16,206907
12,12,206488
11,9,194644
12,11,189536
16,14,220940
22,20,194784
12,10,176308
22,20,184011
16,14,199822
14,13,200878
15,11,205661
21,18,225137
16,15,193464
16,15,222357
14,14,222308
11,10,190753
10,8,205214
17,17,208275
8,7,198394
6,5,180857
11,11,200818
17,16,202525
7,6,186809
22,20,230834
17,16,210930
11,10,195333
10,10,207194
11,11,194393
13,13,188693
12,12,210568
14,13,186423
14,13,222522
8,7,160651
13,13,212403
15,13,191573
11,9,171576
19,17,186417
13,12,175727
14,12,194521
11,11,224120
16,15,182834
15,13,207514
17,16,209357
14,14,225884
12,12,216045
19,18,233933
13,13,179362
8,8,210729
9,8,209901
17,15,194730
7,7,187294
8,8,201754
15,14,203136
14,14,178968
9,9,181148
13,11,173115
12,11,185606
8,8,167552
17,13,205660
14,12,175278
11,11,217284
14,13,204403
10,9,203783
12,9,198008
10,10,201876
16,14,185609
10,10,197831
12,12,184551
12,12,193767
17,16,206197
14,13,179532
16,14,246496
6,5,200351
16,16,203065
9,9,199005
18,17,239547
15,13,204836
14,13,202014
8,8,189688
20,18,206952
18,18,182104
11,9,185461
8,7,193992
15,13,202684
20,18,212826
13,12,165642
17,16,202339
9,7,190904
15,14,182061
10,10,174866
10,9,215660
9,8,184839
16,16,190115
9,8,189469
22,22,196024
7,6,189243
11,10,175939
10,10,186288
11,10,196110
17,17,223266
12,12,187288
14,14,190164
11,9,191333
15,14,195975
19,18,205539
14,14,198410
14,14,203021
21,20,184931
9,7,195199
14,12,169874
8,8,203988
11,10,202672
11,9,201972
9,7,176038
12,8,175320
12,11,227953
21,20,213683
6,6,195294
8,8,192885
8,7,190719
12,11,195623
17,13,181189
13,11,191452
4,4,158915
14,13,181250
12,10,225605
20,20,197466
6,6,180389
23,21,237562
20,19,201698
9,7,196896
8,8,196199
20,19,214328
8,7,207305
10,9,192933
17,16,181916
12,12,199104
14,13,188345
8,8,212117
10,9,211323
10,8,189689
25,24,246285
14,11,187684
14,12,196893
14,12,221996
10,10,198838
16,15,200699
9,8,198746
13,13,179631
10,9,196565
10,9,173666
14,13,194178
16,16,196113
15,15,196750
18,18,214217
9,9,194630
14,14,193764
14,13,170247
13,12,205231
16,15,188679
15,13,188153
9,8,187978
21,20,241806
7,5,226585
20,19,240976
15,12,198426
14,12,176513
17,17,190834
14,14,232395
8,8,204428
18,16,196422
12,10,195045
11,11,185098
14,13,214723
8,7,205352
16,15,197642
16,13,203886
12,11,195878
17,17,204316
13,13,174614
22,21,214955
12,11,195016
20,18,187277
15,15,210938
16,13,200856
18,16,204290
13,13,180590
13,12,197794
13,13,234796
17,16,220125
15,15,234931
11,10,193917
14,13,208893
19,18,212668
18,18,212776
13,13,197120
10,9,193410
21,20,214526
22,20,194103
16,14,188138
17,17,217398
14,12,216326
17,16,226484
13,13,188291
11,11,187051
18,17,188126
13,13,215518
16,15,194569
13,12,192877
13,11,192327
15,14,199915
12,10,213062
10,9,196087
19,17,200701
11,11,210166
18,16,205048
10,8,183945
15,13,201051
7,7,203799
13,9,185121
6,5,186289
14,14,209720
14,13,211794
12,10,190308
17,16,194203
10,8,205028
16,14,192267
17,17,220040
13,13,177276
4,4,185344
15,14,215101
15,13,218257
8,7,187040
16,16,186910
9,9,210006
16,13,184732
17,14,195387
10,8,215636
10,8,202568
14,13,210664
7,7,178145
12,11,202852
12,10,188817
17,17,178540
15,15,192473
16,12,182491
20,20,205814
19,15,228899
8,8,172383
12,12,182119
12,11,174252
21,21,234365
15,13,201275
8,7,209193
14,13,168326
13,9,183779
9,8,209333
12,11,197124
12,12,204369
14,11,184012
13,13,179426
16,15,197680
15,15,201375
13,12,220324
11,11,205567
12,11,191517
16,16,193730
17,15,208453
6,5,200096
13,11,192318
19,17,186964
9,8,205192
14,13,227225
14,14,186589
10,10,163869
14,12,174170
18,18,222206
19,17,213837
16,15,211952
13,11,184362
12,12,227440
14,14,219318
9,9,184114
17,15,193371
17,16,178956
22,18,197556
16,14,199500
19,15,209896
11,10,179588
7,7,177328
22,22,198302
7,5,219258
13,12,197308
17,16,192326
10,9,189895
14,13,228939
11,11,208059
11,10,188097
16,15,197363
13,11,171399
18,16,172988
8,6,213567
14,13,205054
12,12,220818
18,18,210989
15,15,206878
13,12,191682
19,16,204765
10,9,193191
6,6,186891
11,10,212385
11,10,195957
13,12,191730
15,11,209152
9,8,189962
18,18,185150
12,11,161307
6,6,193737
10,10,230124
9,9,202931
14,13,193266
11,11,183291
13,13,213493
18,18,218306
12,8,175431
10,10,199404
12,10,180320
12,11,207566
13,10,185940
11,10,198453
17,15,181831
17,13,196871
8,8,207605
19,19,221839
19,19,179972
15,14,216284
11,9,182973
11,11,181290
14,14,194160
19,19,209470
11,10,177142
14,13,197736
18,18,179356
14,14,193879
17,14,190868
14,14,177431
18,15,196610
11,11,188571
7,6,175532
15,14,192542
8,7,206634
9,9,200607
18,15,212808
17,16,217260
9,9,187048
11,10,183383
20,19,183373
12,12,210313
12,11,210999
12,11,213901
13,13,211451
16,14,192829
8,6,198920
19,15,198445
13,13,214896
13,13,210920
12,11,196965
16,16,190889
13,12,192539
14,11,211779
15,14,214743
17,17,205705
12,11,199160
8,7,194418
10,10,199649
19,19,169383
21,18,228954
18,15,236242
14,12,233875
13,13,195646
7,7,184938
14,11,189604
13,12,195161
10,10,215830
26,23,210511
11,10,234904
17,17,227187
12,11,182144
11,11,211877
15,14,187174
15,15,200650
16,16,191317
15,12,204225
13,12,178058
16,13,180320
13,12,191035
15,14,179793
16,14,197033
22,20,180433
14,14,195525
10,10,197403
13,10,205871
12,12,182419
18,18,217369
14,11,211784
10,10,179744
22,22,183618
15,14,181838
12,12,183496
10,10,155250
10,9,171942
10,9,196911
11,10,208207
6,6,200305
20,20,221008
12,9,174609
13,12,223623
13,13,187938
6,6,189612
10,9,187049
18,17,174113
9,8,179453
11,10,170986
19,18,252006
14,12,170556
10,7,185875
14,14,218815
17,17,205675
8,8,194301
7,5,195728
14,13,202843
18,17,186544
17,16,206518
13,11,181806
17,15,208440
14,11,184565
15,14,197442
9,8,188787
12,12,193160
13,12,192462
9,9,185529
13,13,169244
14,14,201977
12,10,193456
11,10,218558
16,16,213054
18,17,186187
19,16,204586
11,11,207944
18,18,231323
12,10,204876
8,8,184413
18,17,208301
17,16,220058
15,13,198155
14,11,222121
15,15,197623
14,14,212123
19,17,207184
17,14,191469
8,8,185806
17,17,198218
19,18,219178
22,19,203196
8,8,204327
18,17,200249
20,20,207178
11,9,169180
14,13,191279
9,9,213815
16,14,197229
6,5,223638
9,8,168980
14,12,196529
12,10,184471
18,16,219439
19,18,211958
17,17,228200
10,9,183607
11,11,197116
16,14,215656
19,16,190623
12,10,182456
14,13,227874
10,8,187655
15,15,222068
9,7,208304
16,15,175895
17,16,184433
15,12,180868
10,10,187525
15,13,221363
19,18,174832
7,7,173799
11,9,212557
14,12,198279
13,13,188580
19,19,206249
13,13,209785
14,12,207640
13,13,185808
11,10,177387
16,16,224223
16,16,200123
4,3,159953
15,15,192877
8,8,175822
9,9,188060
11,11,186675
23,21,205535
10,10,181732
10,8,182021
14,13,198718
11,10,221435
12,11,211389
11,11,200795
6,6,157559
13,12,185046
12,12,203185
15,14,186352
19,18,196425
16,12,198708
20,18,201253
18,16,221990
16,16,182687
10,10,196185
12,10,194124
14,13,202933
7,6,177245
14,12,172984
11,10,209379
8,8,173592
9,9,199009
15,15,181777
7,7,202827
15,11,204584
14,11,195207
11,11,200026
9,8,184507
13,12,190281
16,16,198336
16,15,204379
9,9,187630
14,11,179826
16,15,244931
17,16,184506
14,12,200587
13,13,195197
16,16,206407
21,18,202639
10,8,219405
16,16,199347
16,15,236674
13,12,184337
15,13,172894
15,13,193281
12,9,165407
22,19,221484
22,22,207520
13,12,168872
13,12,193947
12,11,187402
11,10,202531
15,13,196564
10,9,210935
19,18,185945
15,14,172232
19,18,186407
19,16,169269
13,13,218209
10,10,188517
8,8,206124
16,15,208335
15,13,194234
15,14,188630
12,11,207778
12,12,197864
12,12,202640
7,7,186435
7,7,193016
17,15,195535
5,5,181247
8,7,212917
17,15,214369
10,10,169664
13,12,212695
15,14,200180
8,8,173940
8,8,196088
7,7,194715
10,9,202910
18,18,202375
9,9,196970
10,10,200855
11,10,162807
13,12,177270
13,10,169081
13,12,169864
13,12,191422
12,10,197628
19,19,207062
9,9,165409
21,20,204562
14,12,190547
13,12,192125
12,12,229656
16,16,183711
19,18,218668
16,16,212756
13,13,178298
10,10,190644
16,15,184982
13,11,200743
18,18,198473
15,15,200767
15,14,195874
9,8,218423
11,10,182234
13,13,197012
11,10,203483
10,10,169079
16,15,212796
5,4,177902
14,13,202527
17,15,227578
15,14,200563
12,11,214983
12,12,177768
8,8,189731
15,13,194886
14,10,195621
9,9,191539
13,12,220916
16,15,195588
10,8,207048
14,13,201579
20,19,193937
16,15,203305
7,7,177319
18,14,217648
14,12,192942
11,11,199728
9,9,210190
19,15,202401
18,16,233806
17,14,165628
11,11,196151
12,11,158258
6,5,203445
7,7,166376
11,10,195106
11,10,174216
10,10,187104
18,18,207562
12,11,172361
10,10,180190
13,13,216349
24,23,213319
15,14,206885
9,7,220930
12,12,200738
10,8,184664
12,11,202877
16,14,201652
17,15,205251
16,15,190268
15,12,224259
12,9,192934
13,13,194444
14,13,227020
12,11,213869
19,16,191829
17,16,202856
16,13,194801
13,12,173168
17,15,230723
14,12,229094
13,13,208183
9,7,178109
16,15,203489
18,17,225839
12,11,168969
12,12,202684
6,4,180261
10,9,219956
11,9,193842
21,21,196962
10,10,174455
9,9,190276
13,12,182615
16,14,193269
13,12,185660
20,19,200938
10,10,182432
9,9,199478
13,12,233142
15,13,169363
10,10,188972
3,2,153324
13,11,179283
12,12,225426
8,7,201077
18,17,194168
10,10,183897
13,13,187117
14,13,238074
12,10,197552
12,11,182221
11,9,185580
16,15,190161
22,19,204569
16,16,217063
10,9,208851
17,17,203861
6,6,188415
8,8,173633
14,13,203388
16,16,198563
19,19,210356
7,7,183195
12,9,192914
16,15,176478
13,10,185224
7,7,212715
9,8,182531
18,18,194515
15,15,202853
19,17,220648
10,10,214349
11,9,185792
18,17,239971
11,8,190467
16,15,219589
10,9,193603
16,16,204960
11,11,194146
17,15,216602
13,11,189429
14,12,206981
10,9,180647
13,11,186009
19,18,206154
10,9,180472
10,9,174312
14,14,195853
17,17,178451
14,10,192476
12,10,187856
15,14,214988
8,8,189854
10,8,189637
12,11,172930
11,10,170201
9,9,204674
7,7,180762
13,11,219834
14,14,199796
21,19,216964
19,17,187631
11,9,213335
14,13,205155
15,14,199797
14,12,221664
23,21,193032
8,8,178188
8,8,175802
12,12,182265
11,9,185456
16,14,181283
18,17,199359
12,11,192882
16,14,224197
14,12,158067
12,12,170835
16,16,205164
10,10,215034
11,10,197869
7,7,209434
13,12,210658
19,18,196931
9,5,180690
12,10,202916
12,11,200759
19,18,180032
16,16,190553
10,9,190006
11,11,219042
18,15,210097
11,10,201982
15,15,201561
13,13,187001
19,19,189338
11,10,179891
13,12,205256
20,19,202090
17,16,189065
13,13,187361
16,14,185388
14,13,218563
11,9,224039
10,10,185722
14,13,216969
11,10,195429
8,8,181419
7,7,187494
17,16,180759
20,18,191333
18,16,207162
7,7,190881
12,11,162433
8,7,183401
11,10,197731
19,16,179381
18,15,203366
13,13,210062
12,12,204772
12,10,181037
11,9,182692
7,5,167535
12,11,186795
11,9,156748
12,9,183930
12,12,175653
10,9,178745
13,12,187029
8,7,191405
10,10,179141
17,16,238869
8,8,199709
10,8,169832
9,9,205063
8,8,189731
12,11,187182
14,13,195414
15,14,200429
20,18,210925
14,12,174161
10,7,192366
12,12,239796
17,16,190901
10,10,191249
9,9,190825
15,14,218095
12,11,188557
17,16,203573
22,18,183310
12,12,204947
7,7,208519
17,14,182763
11,9,184755
9,8,184955
11,10,207959
9,7,176542
12,10,199034
11,11,198683
15,15,221578
10,8,186061
13,11,197723
9,8,210679
13,11,205717
8,7,172770
11,11,190718
18,17,201406
11,8,212877
12,12,222970
8,7,178245
10,10,209656
9,8,204320
16,15,216858
14,13,174719
16,15,213558
15,13,158362
13,13,195591
19,18,179866
14,13,171203
9,8,198754
13,12,199571
14,10,192158
9,8,173463
14,14,209827
15,13,186097
12,11,201911
8,8,176211
19,16,201927
12,11,191679
19,17,194305
9,8,202982
19,17,220969
8,6,182915
14,11,217439
16,15,162776
16,16,232772
13,13,187865
8,8,190602
17,16,193952
15,15,235998
12,11,212698
13,12,189010
14,14,221128
18,15,188664
9,7,213855
7,7,230430
14,14,212986
12,10,185316
6,5,210220
8,8,177497
16,14,164321
8,7,173040
19,18,191082
29,27,216354
13,12,206063
18,16,195398
18,16,181016
11,10,215418
9,9,183760
11,10,204391
13,13,189051
14,14,180347
9,9,169457
15,12,200058
9,9,182720
12,11,183719
13,11,186157
15,14,201303
10,10,182992
10,9,191878
13,12,179228
7,7,178974
14,14,198001
7,6,171457
12,9,176387
16,13,220405
17,15,202024
15,12,178623
13,12,193538
7,7,221985
11,10,169420
16,15,212638
12,11,198485
14,11,193364
6,6,211952
11,10,194709
12,11,196645
10,8,170738
16,16,231117
9,9,199208
6,4,187787
14,13,200356
7,7,197167
15,14,192580
14,13,200231
9,9,205998
11,10,156513
15,14,191403
12,12,211586
8,8,221529
12,12,184583
17,16,188725
14,13,219317
14,14,189236
14,13,204248
20,19,200949
12,11,227826
12,12,197499
10,7,181965
9,8,178042
14,14,225554
18,17,202704
12,10,195373
11,11,202833
12,12,172095
16,16,195657
12,9,209032
19,19,208252
19,18,208318
8,8,191978
11,10,177721
13,13,193177
13,12,215663
14,14,234594
17,15,206447
12,10,204993
12,11,192142
15,12,208056
15,15,176648
10,10,180321
15,15,185726
15,13,195909
16,13,171087
10,7,196813
9,9,173690
21,20,191384
11,10,190587
9,7,189643
11,10,204622
17,17,194625
15,15,188489
12,11,232792
11,10,181868
13,12,188734
12,9,176761
17,14,202250
15,15,210155
18,15,188684
21,20,234406
8,7,186003
16,15,215453
14,13,211041
14,14,211989
17,16,216075
9,9,187019
19,19,205603
9,8,219770
16,16,199367
10,10,201048
13,12,198754
10,10,208046
15,13,181438
12,10,201098
17,17,216596
12,11,192203
12,11,184472
8,8,217050
17,13,181404
11,11,228968
12,8,152942
16,15,170836
12,12,212036
10,10,184484
6,6,190155
18,17,227664
15,14,203922
8,6,178128
13,12,221319
14,13,198497
5,5,176402
11,8,182859
9,7,168235
13,13,205015
11,11,215851
12,11,206073
17,15,197538
17,17,184099
11,10,208344
18,17,200461
11,10,213978
11,9,182100
22,21,213622
10,9,180519
9,8,193760
12,10,159933
8,8,214477
18,14,187500
14,13,181558
14,14,192999
11,10,193869
16,14,206875
10,10,210804
17,15,204824
8,7,199646
12,10,204296
17,15,188777
11,11,210489
15,14,186954
7,7,187198
13,12,183239
15,15,185081
10,10,215377
14,13,201184
18,18,213416
17,17,194370
16,15,210598
12,12,183301
12,11,172906
13,12,195995
16,16,191423
12,11,219284
16,14,219799
6,5,161627
22,21,197307
18,18,194856
9,9,193236
15,15,182644
17,16,207126
15,15,192597
10,9,181304
16,15,217334
17,16,189586
18,17,193951
10,9,205655
9,9,203634
21,20,225767
3,2,192668
16,13,223279
12,11,179390
12,10,196408
13,12,223494
8,8,191008
14,14,192597
12,11,222618
9,7,191976
10,9,167809
8,8,181845
12,12,180117
12,12,218110
15,14,184171
11,11,214513
16,16,204256
14,12,175633
13,13,192176
16,15,203904
13,10,180665
17,15,212635
15,15,214841
13,11,178846
17,16,175841
15,12,205419
7,6,186321
18,15,178690
8,8,203503
11,11,193535
11,10,195292
9,8,164337
7,7,195155
8,7,196712
9,8,213872
15,11,220009
15,14,192165
13,13,199317
15,15,183411
13,12,224581
9,9,187500
19,18,188389
14,11,206004
16,15,180532
18,17,201893
6,5,184001
8,8,192938
14,14,183430
14,14,212087
6,5,193064
11,7,227345
15,14,225965
18,18,203908
10,9,187465
18,15,176117
15,14,192037
12,12,202214
9,9,147688
16,16,194121
17,15,198515
8,8,201011
5,2,162218
11,11,196252
14,9,173675
15,15,233758
10,9,165922
11,11,200036
16,15,201897
16,15,207765
17,16,187706
18,17,209363
11,11,235097
6,6,172206
6,5,193627
15,14,200502
11,9,201516
13,12,193386
7,7,198400
16,14,191709
16,16,193966
14,14,198670
20,17,207091
9,8,197790
10,9,202888
14,13,206219
10,10,194054
19,16,185655
6,5,159742
17,16,176971
15,15,205249
14,14,197796
11,9,185308
16,13,193999
7,6,181704
11,11,172860
16,15,217821
18,16,181306
17,15,199633
16,15,197541
21,19,187277
12,11,197479
12,10,190873
12,10,215495
20,20,212116
17,16,213314
18,17,213039
14,13,174621
15,14,196560
12,12,180044
17,14,200696
14,11,184290
15,14,223748
12,12,190047
11,11,206691
9,9,197933
9,8,188535
13,13,194692
14,12,175212
12,10,190473
11,9,215917
7,6,178804
15,14,168867
12,10,195481
16,15,187170
15,13,206851
15,13,193446
14,14,175424
16,13,207545
10,9,192828
12,11,179423
14,12,158537
10,10,204970
13,12,190514
15,14,192843
13,13,195609
12,11,179053
9,9,177075
7,5,195079
14,14,178719
14,14,199403
10,10,188876
17,14,191818
10,9,177501
13,12,237378
11,9,187514
15,15,195159
9,9,185967
11,11,193611
13,11,179687
11,11,198239
14,13,177321
18,13,183059
14,13,177134
12,12,180770
13,11,214935
18,17,200732
16,14,186511
10,8,182127
8,7,203485
15,14,169123
14,13,200944
13,12,212437
17,15,199331
16,16,234185
11,10,212419
11,11,185937
13,13,227589
13,12,239903
9,9,179838
10,8,175108
7,7,182891
12,11,207040
13,13,207224
10,10,188889
18,18,168384
12,12,196869
10,10,208079
9,6,191995
13,11,190043
4,3,170820
9,8,194357
6,5,206330
15,13,208583
18,16,213392
14,13,207774
7,6,170779
15,14,177592
13,13,219744
12,10,187499
14,11,179188
20,18,193942
14,14,213378
12,10,198755
10,9,166467
15,14,226468
20,18,202964
15,14,208362
14,10,195296
10,10,202710
17,15,199496
16,14,193289
16,14,187715
13,12,219395
23,21,200413
20,16,201679
16,16,224455
12,11,208816
13,13,201996
11,11,193346
4,4,193717
18,16,212092
9,8,191741
25,24,207489
9,8,157346
13,10,172292
20,17,199474
15,13,206854
11,11,170487
9,9,198322
10,10,199729
14,13,191477
14,14,194669
15,14,180804
20,20,213354
11,10,172670
10,8,197154
11,10,213155
19,16,199246
20,18,218647
8,8,200066
17,14,186294
8,7,169164
11,9,220414
13,12,195218
7,6,185913
18,18,206679
12,11,178473
7,6,193353
11,10,240873
14,13,167393
18,16,210302
11,10,194094
8,8,183886
14,13,167632
12,12,196579
12,12,201054
17,15,198928
14,14,196469
14,12,173896
16,15,181690
18,17,224632
12,11,221614
10,10,191037
13,12,189034
10,8,165738
13,12,200103
7,7,193408
11,9,192927
11,8,158112
15,15,200475
14,14,173373
12,11,162426
16,16,197601
12,11,189638
7,5,177284
15,14,186264
19,19,211018
17,14,183338
14,13,187565
9,8,175126
7,7,198094
20,20,188940
11,11,178340
16,13,208534
18,15,209832
24,22,218948
15,14,195543
12,10,174705
13,13,192027
20,19,221328
9,9,174990
19,17,190177
14,12,172898
14,12,170554
17,16,170151
17,13,192340
14,14,210667
12,10,199464
28,26,223042
11,11,185413
10,9,172775
10,10,217909
15,14,179678
18,17,185427
11,11,171592
8,7,213301
17,15,201888
18,18,178982
19,19,210380
11,9,171444
8,6,177761
19,18,217675
9,9,188277
11,9,191044
11,10,164590
9,7,177546
16,16,213549
7,6,158825
16,14,166465
13,11,184285
12,11,199050
14,14,172171
11,11,192858
11,8,172300
15,14,190132
11,8,154899
14,13,219250
15,15,198039
11,10,181464
12,9,209397
9,9,234078
12,10,192823
12,12,177755
8,7,180221
10,9,182156
9,9,202098
11,11,185621
11,10,184621
11,11,154661
19,17,201476
11,11,191957
15,15,192610
9,8,181885
10,8,176227
19,17,247345
16,13,196234
17,15,192303
13,13,169199
14,12,190924
11,9,219614
14,14,170895
16,15,217585
13,13,207920
11,11,176502
18,16,192601
7,6,182353
21,20,203877
10,10,189849
11,11,173622
6,5,162322
13,11,195874
15,13,238058
20,17,210370
13,11,203287
13,11,171382
8,8,197574
13,11,209345
15,14,227729
16,14,174099
13,12,203034
21,20,229028
10,9,181380
12,9,164968
7,7,180713
12,11,203600
12,12,194868
11,8,198246
18,16,222689
6,6,193816
10,9,190402
9,8,207963
10,9,191755
20,20,206374
16,16,190395
12,11,203309
11,10,216793
16,14,204424
9,9,204246
15,14,208297
17,16,214169
11,11,183376
15,15,198122
9,7,196131
17,17,243031
25,23,220485
15,14,181908
13,12,220378
11,11,204544
10,10,202561
15,15,199417
11,10,155196
15,13,191699
14,12,196658
9,8,171738
12,11,189527
13,11,198639
12,10,203416
16,16,204823
12,11,215700
11,11,173037
13,13,232836
12,11,193210
15,13,190227
13,9,175894
10,10,182873
9,9,179886
14,14,191568
13,12,176795
12,11,240219
13,11,205891
13,11,194637
11,10,197410
15,14,195275
13,12,176882
12,10,201248
15,14,224502
15,13,203981
18,14,190455
5,5,183773
11,9,211962
5,5,199250
10,7,172097
12,12,205894
9,8,191975
14,9,191209
15,15,192094
16,16,190463
15,13,170943
7,5,211716
12,12,193209
9,9,219932
13,11,184921
17,17,219520
11,11,189398
12,11,214375
9,8,180586
12,11,204430
9,9,207802
16,14,207595
8,8,187739
13,12,193178
14,12,171704
15,13,182649
12,10,188986
13,12,188388
15,15,202990
15,14,173386
16,14,179604
11,11,199090
11,9,223280
17,17,200039
10,10,183202
13,13,211767
12,12,202145
10,9,200206
12,12,195067
10,10,206237
15,13,191743
13,11,208682
15,15,208893
16,14,194170
9,8,191920
15,14,190908
6,6,175488
10,10,224302
14,13,201389
17,16,189607
14,13,181737
10,8,194478
13,10,223182
17,15,186053
13,12,176919
9,9,210024
12,9,184209
9,9,173481
14,13,208287
18,14,202333
11,11,219169
11,11,168406
16,15,197641
15,15,185503
13,12,195828
15,14,185120
7,7,179673
10,10,161035
18,15,208157
17,14,204098
9,9,214316
7,5,183406
10,8,178794
19,19,202313
10,8,157159
10,9,197206
12,12,187445
15,12,173299
17,17,197268
17,15,227571
10,8,197728
8,8,219550
10,9,185665
17,15,166490
7,7,201490
13,12,195233
9,9,207529
8,8,199811
11,10,196939
18,17,189770
18,16,214973
9,7,194203
14,13,195202
16,16,210206
16,16,181269
7,7,199566
12,12,186859
19,16,210535
16,14,223198
12,11,199982
13,12,188516
14,13,195895
14,14,199616
10,10,185637
11,10,178556
14,13,197008
12,12,183074
8,7,178708
17,17,193514
12,12,192249
17,16,215888
13,11,182902
9,9,237337
17,16,214404
15,12,186365
15,15,183222
11,10,196930
12,10,192363
14,14,197550
11,11,173072
15,15,194715
15,14,177471
11,10,182055
10,10,192859
17,16,219171
13,12,191237
10,10,129341
14,12,189696
10,9,202227
8,8,195034
11,10,166143
12,10,201205
14,13,188043
16,14,177474
14,13,216797
10,9,163552
9,8,207467
16,15,230142
10,9,197183
12,11,197404
13,13,179565
14,12,223444
6,6,170298
20,18,213314
18,15,237018
9,8,212808
12,12,185809
15,14,201306
20,20,175775
13,12,182313
15,15,199166
15,13,197084
2,2,193376
11,11,210310
16,15,180891
13,13,191041
10,9,181467
7,6,199545
8,8,195473
11,9,184526
13,12,226282
14,13,196669
11,11,188583
13,12,204255
16,15,203998
10,8,182226
12,12,200135
7,7,188990
12,11,184321
20,15,200617
13,13,201446
12,10,171915
14,14,194704
10,9,207226
10,8,196854
22,21,197653
12,10,168282
9,9,181333
10,7,198760
12,11,203707
17,14,208899
10,10,217672
22,21,188095
12,12,211025
9,8,199633
9,9,170028
16,15,189727
23,23,193636
14,12,192270
16,16,209892
10,10,219272
14,14,189179
10,8,205142
17,15,204872
11,11,184979
15,13,200834
16,15,192114
17,16,221951
11,11,191015
11,10,198539
12,11,218402
11,9,174047
8,8,193413
10,8,185864
6,5,168082
16,16,202753
15,15,221023
16,15,203700
12,12,203100
14,14,198558
16,15,204253
22,21,240449
6,6,214463
10,10,187051
9,9,183274
12,12,180764
10,10,172756
14,12,211283
21,18,180281
11,11,190944
9,8,180878
10,10,164710
14,12,229042
13,11,221926
15,13,189341
9,7,161039
14,14,220758
6,5,170987
12,12,197012
11,11,189275
20,19,209114
12,12,199671
13,12,211939
9,7,181279
15,14,197669
10,8,184418
9,9,213512
19,17,184454
14,14,184502
15,14,186675
15,13,235540
9,9,205708
7,6,193979
19,18,243094
15,14,211891
13,10,216466
15,14,200312
17,15,187097
6,4,184265
17,17,193529
5,5,173394
12,12,209338
16,14,189010
10,9,211927
14,13,191392
15,14,190386
14,12,166535
16,13,206974
12,12,193207
11,11,186830
9,8,200423
13,9,146994
11,11,189226
15,13,218461
9,9,173543
10,8,190416
13,11,188773
22,21,213269
8,7,194983
7,6,185253
13,11,187083
12,11,175334
12,10,189526
16,16,182806
10,10,195612
13,12,183024
13,12,183333
10,10,198886
11,10,178726
12,11,186776
12,10,207908
10,10,176500
12,12,168042
12,12,200543
14,13,176401
19,18,192010
13,11,198268
11,9,220886
11,10,178432
13,13,185630
16,12,211464
13,12,179973
12,11,204093
11,10,182088
13,13,207639
10,7,207123
15,15,191793
13,10,201763
13,11,192998
14,13,230563
17,15,203645
11,10,184582
14,14,201686
16,16,198117
14,13,185963
8,7,190093
13,12,193188
13,13,186638
8,8,174680
8,7,214460
11,11,181085
13,13,208179
13,13,209655
22,19,189744
9,6,192767
16,13,210167
15,15,186301
11,11,167067
10,10,203278
14,13,185842
8,8,202156
14,14,199820
18,18,199863
12,10,202891
11,9,198028
9,9,204770
14,13,168471
14,13,185622
15,14,202196
12,11,192792
13,11,174485
15,15,179852
16,14,190346
16,14,229000
13,12,233151
7,7,179841
9,8,189202
13,12,196027
9,9,175895
15,13,196915
9,9,201440
15,15,202338
10,8,216348
15,14,231163
9,8,201279
13,13,211158
18,17,211315
21,20,214152
14,14,201010
20,18,202113
12,11,193652
16,15,178669
10,9,197301
15,14,184559
15,14,191686
19,17,177741
15,14,194585
18,16,181940
16,14,208500
6,6,195754
12,11,183157
16,14,161353
15,15,194618
10,10,194939
8,7,201340
11,10,196982
15,14,214193
10,10,189316
11,11,190322
10,9,211551
17,17,205303
17,14,224894
13,13,217930
9,9,187780
16,13,224421
10,10,186715
14,13,191652
15,14,197616
12,9,214577
12,11,208427
14,12,194239
14,13,227499
17,15,205330
17,17,191905
12,11,200720
8,8,181407
14,13,194675
10,9,188701
25,23,207573
17,16,193856
17,17,199985
9,8,160226
9,9,198973
13,12,186503
14,14,165109
14,12,181311
9,7,217597
9,9,170065
19,18,239895
8,8,219287
13,11,207175
18,17,203259
18,17,179686
12,10,185210
16,16,197157
10,9,206763
20,16,190495
13,13,204653
12,12,181664
11,11,209031
6,6,187305
13,12,201052
13,12,221475
12,12,205469
7,7,176141
12,12,197348
14,13,207193
10,9,195352
8,8,185556
7,6,180441
7,7,177093
12,12,178411
15,14,216596
16,16,186995
17,17,210228
9,7,197622
14,13,201241
15,15,179552
8,7,173201
23,22,215608
14,12,185244
16,16,213244
10,9,222127
8,7,204346
5,4,184033
9,8,172497
13,12,202163
12,11,192189
13,13,205545
10,9,194666
13,12,212865
10,8,182325
16,14,193024
18,17,222855
8,8,211030
14,12,195833
19,18,219342
12,11,193548
16,13,192979
19,19,184386
9,9,181522
13,13,202935
21,21,204829
11,9,187431
7,6,181742
17,17,184536
14,12,208066
13,10,217164
10,8,192796
12,12,185395
11,11,203769
10,8,209743
15,13,205497
15,15,215019
12,11,197326
14,12,183877
12,11,160694
12,11,203903
15,13,186918
15,14,177385
16,14,213849
10,10,160969
13,11,191489
9,9,233397
15,14,185147
13,12,203521
18,17,188475
17,16,218263
12,12,208745
16,13,204476
14,14,198888
15,14,212373
19,17,200306
10,9,207204
11,11,212437
16,14,195865
10,10,208116
8,8,179882
11,11,194922
16,16,214718
21,15,205791
11,11,221513
4,4,164665
13,12,184595
16,14,205983
17,14,218538
13,13,196797
18,18,213944
7,6,192624
15,13,176364
20,20,187962
15,13,201958
10,10,223931
11,7,179094
13,13,189667
19,17,211626
22,20,202529
13,12,174281
13,13,202554
10,10,187248
11,11,182190
21,19,190132
8,7,184792
11,11,186868
17,15,195380
15,13,207636
10,9,165584
14,13,203774
10,9,192629
7,6,163261
9,9,178983
7,7,175053
11,11,181235
9,9,188986
16,14,206426
14,13,220531
16,14,202155
14,13,178648
15,11,172765
10,9,170975
6,5,174733
7,7,167277
17,17,213645
9,9,176874
13,13,173730
7,6,188713
18,17,211385
11,9,207897
10,8,192289
9,8,233069
15,13,177692
15,13,187177
17,14,210449
10,10,197311
12,12,205682
5,3,183345
21,19,227868
12,11,178248
12,11,191657
13,11,196265
11,11,221757
9,9,191866
23,21,196678
9,8,206476
15,15,203390
8,6,204904
12,12,217783
12,12,200550
18,18,204389
12,10,206582
7,7,201374
14,13,195545
11,9,224829
15,12,208394
16,16,205813
13,11,186228
7,7,187826
9,8,208430
16,16,178267
12,11,205032
16,16,214591
9,7,208670
16,15,210105
9,7,169659
12,10,204006
9,9,196957
14,14,190336
10,10,199383
12,9,171834
12,12,187456
17,14,204257
10,10,179365
15,15,213563
5,5,216335
14,14,191496
14,14,188813
8,7,194412
9,8,175891
6,5,181982
17,15,182295
6,5,187994
21,20,195915
9,8,218531
12,10,174735
8,8,200951
15,12,190444
12,12,206418
9,8,189270
12,12,197052
15,14,197356
13,12,221915
16,12,183738
9,9,178458
13,12,188730
17,17,206128
13,11,201773
5,5,169576
10,10,181196
12,12,195380
15,15,170959
13,11,179116
17,15,224026
14,13,184836
15,14,196305
14,12,181061
16,15,203936
7,6,196617
25,25,201505
12,12,232924
6,5,192411
13,12,195911
10,10,175214
11,11,202341
19,18,177993
14,14,191544
14,12,190915
11,10,189856
12,9,195859
12,10,182509
11,10,199364
15,13,196536
15,14,191786
15,14,210081
10,10,181526
13,8,182302
10,9,170321
12,11,217785
14,14,188072
17,14,204930
11,10,212870
10,8,172715
7,7,200409
10,9,187565
8,6,201164
10,9,204417
5,5,243366
16,14,193509
17,16,183872
17,17,229921
16,16,179691
15,13,194426
15,15,216963
13,13,205136
13,13,175873
12,11,183649
14,13,200206
16,14,197609
13,11,193795
11,10,213985
10,9,209342
18,15,196466
11,11,184838
8,8,179568
17,15,206127
11,10,200746
13,12,195280
9,7,198704
11,10,218003
12,12,221217
12,12,176113
10,10,215805
7,6,206881
16,14,190349
10,7,181684
8,6,173257
16,12,167713
9,9,196238
18,17,198992
18,15,190813
8,7,186268
16,14,181080
6,4,177462
20,20,227062
15,14,197843
17,17,204443
6,5,195541
7,6,167522
9,8,201443
11,10,224076
12,12,223308
16,16,191388
16,14,208595
12,10,212037
11,11,216552
25,24,232913
13,13,203521
9,9,174188
13,13,180836
12,12,158837
11,11,172016
9,8,189337
13,12,182129
6,6,172178
6,6,178135
12,10,166209
11,11,192975
14,14,213084
12,11,182795
13,13,226443
18,16,202904
15,15,204335
11,9,185333
12,11,219250
14,11,189476
9,8,210570
15,10,218599
12,12,189016
14,14,185980
17,16,185800
14,12,177959
16,16,223181
10,10,198835
14,14,195403
11,9,208123
18,18,198762
13,13,205053
16,16,201440
13,12,185815
16,14,200530
11,9,207228
14,13,198169
5,3,184460
15,15,180245
16,15,195872
11,11,193842
12,12,203342
17,14,197033
12,10,208981
19,18,197364
16,13,185968
7,6,202471
12,11,218063
10,8,157014
17,16,233372
11,10,198037
7,7,203338
15,14,190823
18,18,192475
5,4,182446
10,9,196748
9,9,201922
9,8,197421
12,11,222262
8,7,178664
12,12,189738
15,13,215247
15,15,216220
18,18,192044
13,11,215244
14,13,194700
12,12,205483
18,17,217870
16,13,186846
12,12,194588
9,9,178621
14,11,203215
8,8,208431
25,23,213207
12,10,209512
10,10,194934
14,13,213687
7,6,170982
17,17,191083
17,17,210938
20,18,215713
14,14,221620
12,11,198374
14,14,185025
10,9,196368
11,10,192130
11,11,160808
10,10,192070
9,9,197961
10,9,165499
15,14,191409
11,11,195381
15,13,187949
11,11,189450
7,5,189188
6,5,181880
21,16,217124
14,12,185160
12,12,203918
19,17,193143
14,13,204715
14,14,195751
17,15,205991
13,12,192399
12,9,198973
15,15,226623
10,10,200965
11,11,225452
10,9,183698
11,9,201747
16,14,193882
12,10,198379
14,12,204813
9,9,205439
10,10,192936
11,7,210756
13,11,189895
14,14,171920
11,11,180113
11,9,163280
9,9,211127
10,8,166311
15,14,190550
15,14,186835
13,12,217692
21,21,218297
15,15,203173
14,14,196083
10,10,230629
12,12,164993
15,14,239088
11,10,168446
21,15,187391
13,10,212211
6,5,172009
14,13,196823
14,13,186257
20,17,208262
14,13,186704
18,16,200679
17,14,202600
10,10,174992
8,8,199956
14,12,225540
19,16,216988
14,14,175894
18,17,190241
22,20,223783
12,11,173799
17,14,172067
16,15,233300
12,10,191927
20,18,225076
14,11,169770
8,4,206085
15,14,193203
12,12,191545
9,7,166044
15,13,223438
18,17,203818
12,10,183137
10,9,165276
9,8,215039
20,17,201811
21,19,209916
14,13,200258
20,17,210797
12,11,213716
7,7,203852
17,17,191918
12,11,196894
13,12,204291
11,11,199108
19,17,215498
14,13,230823
11,11,208816
12,12,183245
15,15,210848
19,16,198995
13,12,198776
7,5,172515
13,12,205084
12,12,190715
12,10,141417
12,11,203107
14,13,192470
11,11,196925
15,15,210814
11,10,203366
11,10,202301
17,15,218551
17,15,191772
13,13,201599
19,18,226479
9,9,183282
12,11,197969
7,6,181685
11,10,186319
19,17,207365
10,9,181215
9,7,186745
10,10,185876
14,12,155232
19,17,213491
13,13,228283
16,15,177427
13,12,202921
28,27,240802
18,18,228994
8,7,164346
12,10,172302
14,12,205927
11,9,191681
16,15,211707
17,17,196391
8,8,189499
12,10,203492
9,9,215583
21,20,188941
6,5,185271
11,8,194413
16,13,208446
9,9,181073
10,10,213203
10,9,196941
12,11,199316
15,15,211252
17,17,213933
14,13,184238
13,13,193349
23,20,195547
18,17,229095
10,10,189648
11,10,203991
13,11,200186
9,9,184070
9,9,193031
15,12,196472
7,7,204944
15,14,201529
17,16,203840
11,9,188482
9,8,207118
12,10,173852
6,6,216354
14,13,200227
13,12,167654
13,12,206328
25,22,219382
7,6,200596
20,15,184795
13,9,184172
15,15,174040
17,14,204309
10,10,194944
13,12,198609
15,15,205135
26,24,210351
13,12,217077
12,11,193903
16,15,184538
10,9,192949
17,16,208866
13,11,196275
4,4,179273
11,10,185270
9,8,166039
10,10,190035
18,16,213980
15,14,225659
15,13,203450
7,7,188213
11,11,178658
14,14,208419
11,10,222353
14,14,189851
13,11,216823
25,21,207937
6,6,191311
14,14,206397
19,17,197778
21,21,201539
10,8,199127
14,12,184657
6,5,179652
12,11,199307
10,10,222796
15,14,208807
21,20,206817
11,10,227062
10,10,191839
11,9,223045
12,10,196753
12,11,190906
11,11,186474
12,12,178310
10,9,196071
19,17,192989
17,16,189788
15,14,192902
16,15,217068
9,8,187448
4,3,174880
6,5,200594
10,8,188116
13,13,224521
17,16,214177
9,9,204520
8,8,186652
8,8,197625
16,16,213275
18,15,185680
15,15,230916
9,8,184633
6,5,184388
17,15,213969
9,9,197361
11,11,210492
15,14,178809
13,11,236677
14,13,187105
13,13,199318
13,12,192595
17,16,209594
13,10,215851
7,6,196658
13,13,184620
4,3,170074
20,19,211080
15,14,184904
19,18,207386
11,10,199115
20,20,201863
10,9,188326
16,15,203811
10,9,192161
10,7,227641
15,13,212096
16,15,220625
15,10,179018
11,10,208721
8,7,167523
16,13,198739
18,18,190088
19,16,212408
12,10,213025
17,15,181679
12,11,165389
14,14,185389
15,14,237814
8,7,205437
10,10,189468
14,13,218445
11,8,190205
9,9,181286
9,9,171120
19,19,205455
9,9,204895
9,8,188849
20,20,229968
13,10,206706
12,11,201266
15,15,209003
9,6,207500
20,17,217975
19,19,230856
16,15,201806
8,8,187897
10,8,177401
11,10,194643
15,14,193706
14,13,167011
13,12,189714
12,8,176938
16,15,184915
15,13,199439
10,9,205780
8,7,221054
12,12,181932
9,8,182848
12,12,204876
11,9,199419
13,13,189123
8,8,163034
11,11,189412
15,13,209016
15,13,184102
16,13,204542
9,8,202123
18,17,183726
14,12,221826
10,9,203911
9,9,177634
10,10,170953
8,8,186516
17,16,182960
12,11,226149
7,6,187690
18,17,207760
15,12,199159
8,7,208309
17,15,223708
15,14,207412
9,8,211664
14,13,178516
11,11,207615
14,13,205134
15,13,185340
10,9,195669
11,9,196649
14,14,172343
12,9,206495
14,14,176458
17,15,208829
18,17,224227
17,15,218322
12,11,206929
12,12,184090
13,13,205705
20,19,204114
14,13,192535
8,8,193624
15,14,201402
13,10,183205
11,11,214467
11,9,198699
14,12,185510
2,2,172894
11,8,186173
8,7,206749
12,11,188546
15,14,204174
19,18,202858
8,8,152075
18,17,165424
17,17,213083
17,17,227374
12,11,185770
11,10,182681
20,17,173009
11,11,194435
9,7,189794
11,11,207666
16,15,212342
13,13,212955
23,22,226551
11,11,186898
19,18,211196
9,8,171459
8,8,204287
7,6,201906
16,16,205808
13,11,210727
9,8,194191
18,17,237388
11,10,205857
12,10,192234
14,13,201027
15,15,176724
12,11,218765
13,12,180180
11,10,187214
9,8,213115
10,8,184996
12,9,181707
15,14,216021
14,12,176551
11,10,185230
19,16,225748
9,8,205824
10,9,183641
15,15,199260
16,11,190355
11,10,177469
15,13,229900
17,16,192387
12,10,193223
10,9,226887
15,13,212739
15,15,175966
15,14,173669
11,9,203275
13,13,195309
10,7,196655
16,16,187923
8,8,207802
10,10,197567
9,9,187156
13,12,204043
16,16,191669
10,10,193773
10,10,209795
19,17,183301
14,13,184533
12,11,198122
8,7,180634
15,15,202746
11,10,200439
19,18,198019
12,12,207929
12,11,193285
11,11,220671
15,11,187613
13,13,220789
18,17,179461
18,17,203091
15,15,199131
21,21,201088
7,6,197843
19,18,221355
19,18,202522
8,7,197296
19,16,193866
18,18,179759
16,15,190635
20,20,212456
12,10,202248
14,14,220677
17,14,196622
13,11,185356
13,13,184924
13,13,176250
11,10,183334
10,10,196967
15,14,200963
16,15,231331
13,11,222706
11,11,191256
19,18,229960
16,13,188450
8,8,198641
15,14,199182
17,16,218042
18,17,198672
13,12,186805
14,14,176393
11,11,191788
12,12,189636
13,11,172329
15,14,194853
17,16,200689
7,6,202634
10,9,168792
8,8,166738
15,13,166054
14,14,210522
14,13,197946
7,6,212910
13,12,170277
14,11,165812
17,17,210579
15,14,227532
11,11,178244
11,11,210340
6,6,196947
11,9,184707
16,13,189748
9,9,214913
10,10,187770
13,12,193527
16,16,203388
10,10,201965
12,11,208657
10,10,187497
19,18,241705
11,10,177581
9,8,193814
13,13,211377
12,11,197666
11,7,195490
9,7,158950
13,13,230735
14,14,205374
18,18,198444
10,8,198360
13,13,190778
6,5,167367
14,12,202007
17,15,207804
15,13,203732
5,5,173736
22,22,217770
13,12,202477
14,14,214299
11,10,212210
11,11,171866
15,13,177326
5,4,187970
16,15,197107
8,6,200310
13,12,166971
14,12,213025
9,7,197305
13,12,210705
13,13,180039
13,13,178596
10,9,189757
15,15,228091
7,6,202571
13,11,202314
9,8,225248
9,8,191660
19,19,213180
13,12,207236
15,13,190626
20,18,189972
18,18,236985
10,9,183612
17,16,177717
11,11,211945
8,8,187096
15,13,187019
10,9,167686
11,11,196453
12,10,212372
9,8,188663
18,17,221444
20,19,214283
6,4,194982
11,10,214438
14,14,217224
12,12,183752
15,14,176605
13,13,203436
6,4,178880
14,12,207539
16,16,183937
10,7,217885
12,12,201193
12,10,182696
14,12,179696
16,15,208488
8,7,194074
18,18,180305
10,10,199942
14,12,208488
10,9,186631
7,6,186165
9,8,191375
20,18,212157
22,20,214992
13,13,182238
12,10,182335
14,13,184120
11,11,189276
23,19,194495
9,7,199199
12,12,197661
13,12,193431
11,11,183090
7,6,200912
21,20,199810
11,11,177533
15,13,177232
7,7,181466
22,20,190954
12,12,215288
12,9,169732
12,10,194034
17,17,198170
16,14,207662
9,9,176719
14,14,207100
14,14,220265
16,16,210190
14,13,198498
12,11,225536
10,8,160083
11,11,162716
8,8,176869
16,15,227153
17,15,209505
8,6,187213
7,6,177288
9,9,198168
10,7,159176
7,7,189667
14,12,198215
13,12,190240
16,15,208954
14,14,216214
16,14,198405
7,7,172633
12,10,203210
15,14,190219
12,10,174409
16,15,198534
23,21,224676
9,7,191836
16,15,226571
13,13,204622
14,13,195898
13,11,197997
15,13,190434
8,8,197933
10,9,189233
9,8,193053
16,15,174845
13,12,177732
16,15,227176
18,17,188139
9,9,179223
16,12,199774
16,15,182161
15,14,189099
11,9,203933
14,13,193169
8,6,192584
13,12,205063
8,8,200983
7,7,195246
18,18,204992
12,10,190918
17,17,181724
12,10,193273
16,15,212363
15,11,219523
21,20,200442
12,12,232993
16,16,240126
10,10,213823
16,15,211171
10,10,202837
9,8,187580
20,18,207972
15,14,199591
8,6,183642
11,11,187186
18,17,200275
12,12,200756
15,14,200033
17,17,200117
8,8,194844
9,9,200921
14,13,187711
10,10,195395
15,13,202077
13,13,208276
15,14,187021
16,15,185232
11,9,189339
14,13,186199
14,12,193468
14,13,202825
9,9,201979
12,12,205352
13,10,181911
10,10,210463
15,13,239650
15,13,195688
16,15,175216
9,8,197738
6,6,191015
15,15,210683
18,17,191702
19,18,214159
13,11,196163
7,5,171726
11,11,183721
15,15,202152
16,16,202340
13,11,191028
14,13,225308
9,8,185121
21,21,209012
11,8,181842
10,10,187388
16,15,205030
12,10,199824
10,10,204685
12,11,173752
21,20,202519
20,19,170728
13,13,176479
9,9,200298
7,6,178437
14,13,204408
14,14,180507
12,11,207599
11,11,186738
11,11,175337
9,8,201737
19,18,222648
20,16,205847
10,10,175960
15,15,206144
9,7,169989
19,17,199273
10,8,208221
14,14,172266
8,8,183382
9,8,203789
16,14,185089
12,10,210744
19,19,223843
16,16,197953
17,15,182416
9,9,217748
18,18,218477
15,14,212199
12,11,196740
11,11,207613
15,15,164448
20,20,190577
13,13,235612
18,17,200712
6,6,183338
6,6,196551
14,13,211229
6,6,208894
11,10,206805
16,13,196525
7,7,205132
11,11,210229
15,14,180603
12,10,206922
11,11,204085
15,14,205735
10,10,184438
17,15,191351
15,14,211909
9,9,208315
16,15,216775
11,11,210252
4,4,214955
15,13,202878
15,15,176510
22,20,203534
10,8,184902
14,13,176563
15,14,196117
12,12,198060
11,10,193996
9,9,231722
12,11,174180
16,16,224842
11,11,185968
10,8,203155
19,19,197485
9,8,191609
7,7,183186
10,10,190739
14,14,194071
12,12,189088
19,19,207731
11,11,191724
12,10,206072
13,10,209515
10,9,200158
10,9,200842
9,7,196451
10,7,180917
13,13,172068
13,13,217966
15,14,215674
9,8,214876
17,16,219053
9,8,213284
14,13,168811
5,5,175860
6,5,182627
15,13,205988
14,13,188565
17,16,174703
11,11,206362
14,12,202750
18,15,192283
16,15,186930
16,16,202932
16,16,192344
11,11,214704
7,7,208351
13,12,178547
9,8,197363
10,10,182002
14,12,205518
8,7,192905
12,12,194806
12,11,177456
15,15,188610
17,15,197897
15,14,210844
10,10,190170
10,9,180462
20,19,197758
11,11,158228
13,12,201708
11,10,197073
21,19,215240
14,14,204282
24,24,212728
14,14,192603
9,7,172893
11,11,204103
14,14,181882
14,12,205678
13,13,220527
8,8,191580
10,9,213362
14,10,186126
11,9,211481
14,12,181676
11,10,174234
6,6,188438
12,11,183566
11,11,185253
12,12,199252
11,10,165406
8,7,196263
7,7,202829
11,9,211704
14,12,199971
16,14,221581
18,16,196333
16,14,232651
8,7,230950
8,8,183126
8,8,177845
10,8,201872
12,10,211767
17,16,177456
7,7,204292
14,14,184443
8,8,210736
9,9,189821
13,12,189780
15,15,196510
17,16,195762
10,9,209993
9,9,195019
13,11,186883
15,10,190156
12,11,183524
12,11,194548
10,10,195139
12,12,177284
10,10,195933
14,14,208901
15,13,192084
11,10,223490
20,18,208077
8,6,210185
16,13,180275
21,21,216272
9,8,182345
8,8,160771
9,9,178539
16,16,178450
19,17,216854
8,8,181243
10,9,166444
8,8,195286
15,13,200625
11,10,172006
17,16,227038
16,16,176185
9,9,207049
13,12,205701
11,11,198198
9,6,194175
9,6,184480
8,8,187409
12,12,199143
17,15,203883
15,13,183095
20,18,201477
14,14,207752
16,16,168160
6,6,158221
19,18,217762
14,14,209419
17,15,214912
9,9,170708
16,15,209784
13,13,216519
13,13,202308
16,15,189736
8,7,207878
12,10,193812
10,9,215756
12,11,217451
18,17,191114
13,13,166689
14,14,210633
10,9,207403
12,12,202147
6,5,209622
10,9,186004
12,12,216899
15,14,181788
12,10,177040
12,12,211051
16,14,199454
12,11,187398
13,13,190231
16,15,206799
11,11,178821
16,15,230614
16,15,208497
17,15,185388
14,13,197152
17,16,187383
14,11,158644
12,12,189815
7,6,190428
14,14,219312
15,14,180056
16,15,200854
11,9,186958
14,14,212092
8,7,192056
17,15,218549
11,9,178261
8,6,202009
17,17,216607
20,18,215223
20,19,184676
15,15,210625
18,17,201626
9,9,205609
14,13,178037
12,11,227255
14,14,219064
12,10,177767
13,13,182788
10,10,190258
13,13,199924
13,10,186754
19,17,190663
14,11,184958
8,7,183401
11,8,213797
8,7,204358
16,15,221178
13,12,173257
10,10,191671
15,13,204745
12,11,198434
11,11,191986
15,14,206931
17,15,201015
5,4,194762
10,9,231163
13,13,203964
11,10,200243
9,8,177478
11,10,198794
14,12,196242
16,16,198609
6,6,212955
20,17,212371
15,15,189136
14,12,187933
12,12,180645
14,10,221829
17,15,190358
16,13,212164
11,10,185303
10,9,187295
11,11,205610
11,9,200168
19,18,190980
11,11,201846
19,16,197075
8,5,197309
16,16,185212
13,12,225959
9,9,215601
12,10,183275
9,9,194821
15,14,205873
9,8,187813
13,12,185852
17,16,207494
16,16,211161
7,7,208077
15,12,206681
15,15,199656
13,13,221956
14,13,181781
16,14,188600
8,8,191499
19,18,211016
11,10,176866
11,10,193178
13,10,230124
16,16,189162
10,8,180262
10,10,186568
18,17,211993
17,16,195222
7,6,157208
12,11,200546
10,9,180435
13,11,203142
16,14,186537
14,13,193426
11,9,202872
9,9,191356
15,15,194709
17,15,186817
13,12,233346
7,7,174952
9,9,201866
12,12,189217
11,10,209615
22,21,211529
9,8,162932
11,11,214711
12,8,176835
19,17,243899
13,12,185374
13,12,168619
19,17,181889
6,6,187298
10,10,199645
18,17,215628
10,10,175174
12,10,213887
10,10,191464
17,14,171269
11,11,210482
12,11,181399
13,13,189026
11,9,204439
15,14,172547
15,12,198466
12,7,173460
12,11,199027
5,4,177460
20,18,219329
8,8,189674
15,15,187743
12,11,195902
14,10,180306
16,16,224948
15,14,231577
7,7,174213
13,10,203042
20,20,222916
15,12,198999
8,7,172532
12,11,203873
8,7,208936
10,10,196488
9,9,187344
14,13,193606
14,14,200393
12,11,198470
10,8,197305
12,11,191468
15,14,221671
17,15,240423
13,12,212422
17,14,219744
11,11,225238
10,10,204210
16,15,202733
19,19,195661
12,11,208407
15,15,178675
13,13,194902
12,11,167300
12,10,207389
8,8,191613
15,15,184034
16,16,197028
7,7,172080
11,11,206039
11,10,196369
12,11,216759
11,11,200577
11,11,205666
6,5,185936
10,9,182955
13,12,206511
18,16,214397
11,11,206884
11,11,202267
16,16,218333
14,12,179510
16,14,208552
14,12,177274
14,13,204402
14,12,185025
16,14,199184
15,14,219758
15,14,217198
11,9,210083
17,15,180995
11,10,197864
14,14,203076
12,11,197208
19,17,203701
8,5,207238
12,11,211204
21,21,201176
14,14,189406
12,11,202134
10,9,179996
13,13,198811
12,12,209026
10,9,180163
16,14,216725
9,9,187453
12,12,177590
19,18,198010
15,14,193798
7,6,181322
13,13,211795
13,12,214565
17,15,207014
12,12,192731
15,15,179290
4,4,209605
12,10,198015
2,2,189498
9,9,180542
19,17,199796
8,7,163921
10,7,208012
12,12,193236
15,15,180525
8,8,194469
16,16,191759
4,4,200597
12,12,216836
18,16,182404
8,8,188485
7,6,188715
13,13,190754
21,20,198448
12,11,180845
11,11,199446
14,13,192014
22,21,216443
12,12,206203
17,16,191210
12,12,207512
13,12,189980
17,17,204485
8,8,202399
12,12,205273
19,19,189383
17,16,190359
15,14,181830
11,9,162454
12,11,186293
4,3,160655
16,14,204002
8,7,215363
9,8,169985
14,13,186936
21,20,228461
9,8,204377
13,13,187514
14,14,197476
18,17,209112
18,16,197397
14,12,176900
14,13,206265
16,14,166883
15,14,181658
20,20,201106
12,12,201103
10,10,197831
10,10,223097
15,13,182604
9,8,180112
10,10,191927
11,10,179915
14,14,208607
16,16,216679
13,13,213598
18,18,222375
9,9,200860
16,16,198514
10,10,174660
9,8,206440
8,7,190771
14,13,211556
14,12,195636
11,11,213940
14,14,216333
15,14,186145
14,14,207300
12,12,204704
16,16,188169
9,8,201534
8,8,201866
17,13,207680
10,9,178123
8,7,195476
8,7,208118
17,17,236809
10,9,189995
9,8,184204
14,14,189078
10,8,195127
14,13,180948
19,19,213740
13,11,195314
14,13,199910
16,14,196622
11,11,218799
12,12,174251
17,17,217053
16,15,191590
13,13,208750
12,12,199287
19,18,226245
9,8,178233
18,16,208700
11,10,194619
13,13,176593
13,12,216457
13,13,181000
14,14,170577
15,14,210375
12,12,208862
12,11,176890
13,12,192918
10,9,178488
14,13,182979
7,7,178407
11,9,210598
9,9,169360
18,17,216734
11,10,213844
16,16,173656
11,11,155607
14,12,203798
10,10,241918
18,18,229560
7,7,190403
12,11,177142
11,11,213411
8,8,213784
12,9,207821
13,13,200855
15,14,203771
13,12,172235
13,11,173457
10,10,187297
9,8,212251
16,14,188048
16,15,204595
13,12,204284
14,14,183599
12,9,179005
17,17,196858
16,15,193431
6,6,216533
17,17,217894
10,10,174917
17,16,184489
12,12,187712
15,15,198649
12,12,179717
11,11,209323
20,19,229332
9,9,193406
9,8,177895
12,12,179116
16,12,203062
12,12,190875
14,11,174553
20,19,218872
12,12,212128
16,14,189455
13,13,185247
18,17,196370
9,9,206377
13,12,200875
11,11,178700
10,10,200867
14,14,229559
13,13,221829
9,7,189329
11,11,215710
8,8,190594
18,15,237223
12,11,196123
16,15,228356
11,11,196018
12,11,198696
9,8,189465
12,12,181762
20,20,202335
10,9,199763
10,9,201355
16,16,200055
15,15,206343
14,12,208053
19,18,200276
11,11,181275
18,17,199705
14,14,229120
14,14,192415
16,14,212492
15,12,189548
9,9,185385
13,13,184673
17,15,196396
16,14,204422
7,6,172020
15,12,196920
17,16,205549
15,15,198490
11,11,173975
9,8,196617
16,15,182702
13,12,197331
8,8,192677
12,11,186784
15,14,204389
14,14,188089
9,9,211534
11,9,198449
21,21,190696
15,14,223729
15,15,213336
17,15,224426
14,11,196123
13,12,185156
8,8,176729
14,13,192575
19,17,181487
15,15,201562
12,10,189014
17,14,180845
11,11,185691
12,9,191393
19,17,203132
9,9,214515
10,9,167236
13,12,206316
15,14,208540
12,9,176194
16,14,187949
9,9,198617
13,12,199741
10,9,154075
15,12,163575
16,16,179316
20,17,201545
9,8,183163
14,13,199621
21,20,194000
11,10,205344
10,10,200804
10,8,164029
16,14,193980
12,12,218596
9,9,218140
12,12,212676
18,16,187292
15,13,192059
17,14,193840
9,9,189094
14,14,208110
22,21,224769
9,7,170526
16,14,178981
10,8,185873
13,11,190689
13,12,195849
11,9,182162
15,14,177325
9,8,178066
11,11,212851
16,12,205884
26,21,232714
19,18,196086
13,13,217158
13,11,198385
12,11,203549
19,18,196373
11,9,179434
10,10,174980
16,15,188154
14,12,178117
16,15,222088
12,11,202847
15,15,208233
16,15,187367
11,8,203883
9,8,188709
15,14,223903
13,12,215243
11,11,197716
7,7,190645
18,16,230131
14,14,188217
14,12,214388
13,12,198518
7,7,200878
12,11,225371
13,11,213154
11,11,217988
19,18,208668
13,13,159372
9,9,201940
9,8,210850
10,10,186660
15,15,200943
10,8,199235
11,11,190821
10,8,191832
19,18,195872
15,13,193155
11,10,229872
22,22,219054
12,12,196221
7,6,178408
10,9,195914
11,11,196114
21,19,184583
14,13,166132
20,18,187533
11,10,185220
12,11,185489
10,8,207366
11,10,203945
14,13,175854
13,12,179063
14,13,179916
16,14,187597
16,16,190396
10,10,187578
13,13,223443
12,12,199597
15,14,205218
12,12,218925
17,17,165952
17,16,175484
14,10,207215
14,12,215783
6,5,171520
17,16,186419
16,15,202097
6,6,186286
12,12,190137
17,16,181374
14,12,200508
13,12,188875
10,9,189669
15,14,181065
19,18,204419
16,14,181297
13,13,212084
11,11,217254
8,8,172544
15,14,204835
17,16,203787
9,9,196079
12,10,173962
14,14,209638
14,13,226571
12,10,179373
11,11,215214
13,13,178024
3,2,180577
11,11,195801
14,14,203007
16,16,208640
12,9,176554
17,16,201201
8,8,163388
12,10,204984
8,7,185812
9,9,207842
16,16,205237
15,14,207217
20,19,223227
16,16,207501
19,17,182167
14,13,191539
16,15,172695
16,14,191129
15,13,191005
12,12,178551
13,11,199807
9,9,186639
8,8,181498
12,11,196759
14,14,197200
13,13,198234
18,18,206216
15,15,189890
15,12,202336
13,12,211452
14,13,169719
9,8,202099
15,14,184557
17,14,165499
8,8,189672
17,16,200580
6,6,201710
5,5,167769
14,13,219675
15,14,171756
21,20,166235
20,19,205902
16,15,213220
15,14,171383
16,14,211696
17,16,171438
15,14,180261
12,10,198674
10,10,207080
17,15,229459
14,13,165932
17,16,229779
13,11,191566
13,11,205358
16,10,186802
14,13,187929
7,7,207709
12,10,202353
17,17,196683
11,9,192256
15,15,204360
24,23,177513
13,9,188309
10,10,170732
14,14,191161
14,12,198775
10,9,184655
9,8,204306
6,6,225240
15,13,211497
23,23,199827
10,9,184493
13,13,226012
11,11,201946
12,11,202071
15,14,197726
8,7,178929
12,11,196075
3,3,165163
11,11,156890
8,7,193582
16,15,187541
14,14,182342
19,19,221513
21,20,238559
18,16,219822
18,17,195437
12,10,190243
12,11,232614
11,10,208842
15,13,198927
11,11,200826
12,12,199524
11,11,209515
12,11,170983
14,13,177874
10,10,194517
13,13,195939
15,13,207928
17,16,194318
10,9,176686
10,9,189030
21,21,209183
15,12,182252
8,8,166020
9,7,160997
13,11,202742
16,13,190126
10,9,203144
11,11,173959
10,10,177972
12,11,206674
17,17,179382
9,9,218540
15,14,172119
11,11,202949
13,13,208174
15,14,186330
9,9,180730
14,12,202540
12,12,191403
17,17,219720
16,16,187777
12,11,210554
12,12,159623
14,14,182063
8,7,176997
9,9,187798
13,13,181857
12,11,210911
13,12,166143
8,8,203815
16,14,197041
16,16,193171
12,11,193640
15,13,199146
16,12,180419
16,15,187527
9,8,209713
11,9,183351
9,8,164697
17,17,213290
11,10,186414
15,15,181639
8,8,186662
14,13,197957
20,17,202510
12,12,213429
23,21,210915
9,7,178017
15,11,182004
22,22,234022
21,19,197692
16,15,237271
19,19,242514
13,12,192655
10,9,157166
9,9,190391
15,14,199164
13,13,200133
14,13,181899
9,8,186269
15,14,186519
16,14,160415
13,13,198377
16,14,185647
15,13,231105
20,20,199677
7,7,199498
16,10,179720
11,10,182562
11,11,195889
17,15,206548
9,8,168952
11,10,173975
17,15,182984
16,15,208496
14,13,182303
13,9,209256
12,11,207281
15,14,211448
20,20,176373
13,11,198124
12,9,187953
12,11,204251
8,8,201385
11,11,178240
9,8,182351
9,7,182405
8,7,211476
12,11,204897
10,8,176530
11,11,153798
11,10,204551
15,15,183472
17,15,183601
12,12,159079
15,15,215318
8,7,178645
10,10,202836
12,10,183348
13,12,183977
22,20,203281
12,10,181520
11,10,169312
18,15,192634
19,17,188544
11,11,194351
7,5,173001
10,10,181141
9,8,165867
13,11,191954
10,10,178480
15,14,191258
26,24,198244
9,9,189324
13,12,196368
13,12,194388
15,14,184789
15,14,201240
14,13,199928
14,13,208664
20,18,219855
20,19,182944
19,17,204377
16,16,178374
12,11,174183
18,16,193053
6,6,186142
18,17,203531
13,12,193197
17,15,195249
16,15,207719
14,12,211065
9,9,204173
9,8,219422
12,11,211368
15,15,190042
12,12,173775
8,6,176825
12,10,187599
9,9,210328
11,11,189574
2,2,198989
7,7,192186
9,8,207955
15,14,184028
12,12,202659
16,16,206153
21,18,218687
11,10,206972
15,15,184504
17,16,244441
10,10,182883
11,10,185332
9,8,177531
19,17,185020
12,10,217613
11,11,210295
14,12,207630
12,12,222184
8,8,176933
11,8,178310
11,9,195614
13,11,204933
9,9,213212
9,9,204232
15,14,180572
10,10,193991
10,10,234767
10,10,189503
14,13,221849
15,14,226101
18,16,182578
16,16,199623
9,9,199277
8,8,197560
11,11,170608
14,12,176438
16,14,209412
7,4,207517
10,9,187849
20,19,208171
14,12,206888
15,15,201097
13,12,204442
15,15,196567
11,11,217759
11,10,163311
23,22,208591
14,13,205489
12,12,197424
17,17,180666
14,11,217983
18,15,183331
9,9,207314
14,12,201528
11,10,206524
22,21,226087
11,9,159327
12,12,190032
10,10,183634
16,15,212409
14,13,226516
7,6,198755
20,18,231935
15,14,182899
13,12,184176
10,9,186964
16,13,170043
16,15,196542
7,6,200365
14,12,227083
8,8,177553
10,10,207817
13,11,209584
15,12,202668
11,9,172095
14,13,229280
17,16,200814
17,16,234240
15,15,193221
17,15,210779
13,13,243145
14,13,184137
12,11,188620
16,15,199247
16,16,208659
12,11,210757
12,9,215034
17,16,211647
5,5,226637
17,16,215870
16,15,182754
12,12,194354
16,12,225665
11,10,187667
12,11,206713
10,10,211548
13,12,211159
6,5,197617
13,12,205360
9,9,194641
14,14,200847
17,15,199663
9,9,209263
17,16,189909
14,12,197034
12,9,211247
13,11,177106
9,9,179750
21,20,247183
17,16,170781
13,12,211062
14,10,186394
14,13,205690
9,8,174835
14,9,178353
16,15,215063
16,16,212179
9,9,171113
7,6,183649
7,7,186035
14,13,205271
6,5,197244
20,19,182210
18,16,206622
12,9,190378
8,7,192507
17,15,190324
8,8,174481
20,19,203296
12,10,195771
11,11,195298
12,12,191548
13,10,195425
5,5,219778
7,7,185627
12,10,205630
8,8,180058
14,13,187197
12,11,187771
16,16,190414
16,16,196264
14,14,182600
10,10,188979
10,10,172713
15,14,181066
15,11,175984
11,10,191108
13,12,196230
14,14,202132
8,8,152499
10,8,197280
12,12,159065
12,12,197214
9,8,176261
19,16,191884
9,8,180420
23,23,196493
12,10,172561
14,13,201665
13,10,189101
15,14,199964
17,16,196331
11,11,198296
12,12,205928
12,12,203898
8,8,176681
10,9,175736
12,10,194955
17,16,194583
15,11,196461
13,13,185944
15,14,232584
9,8,196676
9,9,195650
10,8,188107
5,5,206757
6,6,171514
12,11,208666
14,14,191528
12,10,200833
11,10,207460
9,9,184882
10,10,199078
18,16,192962
13,11,193209
20,18,187488
11,10,191291
16,15,164801
16,16,164956
8,7,185671
14,14,198058
13,12,233262
15,13,181449
15,12,191259
12,10,167075
10,9,213230
11,11,201250
16,16,193279
17,16,174962
11,9,195686
5,5,177716
5,4,169840
10,9,203355
19,17,210510
7,6,173898
9,9,200385
9,8,165118
12,12,216614
13,12,172983
12,12,196131
6,5,192445
13,12,167678
11,11,216391
18,17,198899
12,11,205114
18,15,196854
16,14,196805
10,9,162441
13,10,194527
14,14,204801
13,9,179137
15,15,214864
6,6,188259
10,9,183639
20,20,214149
20,19,214000
8,8,168913
11,11,212253
21,20,199811
18,16,249345
7,6,202298
7,7,168304
12,12,180163
18,18,226419
10,9,199996
12,12,178778
32,28,256983
9,7,164046
14,14,196049
11,10,205318
9,7,163693
13,12,222322
16,13,219232
12,11,182067
13,13,215699
8,8,205298
13,11,187564
7,7,173050
14,13,193744
14,11,209223
21,20,213296
9,8,230138
16,14,203757
9,6,224259
14,12,198504
12,11,187116
16,16,197842
5,2,177956
19,19,213594
16,13,195159
15,15,219144
7,7,199293
21,19,215269
15,12,200093
14,13,173135
14,14,181614
11,10,160577
14,14,223272
13,12,211052
12,12,180155
7,7,193042
19,19,211565
6,6,195075
18,17,222070
14,13,174429
11,10,202850
13,13,196379
18,16,209709
14,12,207552
16,12,168815
14,12,197613
16,14,195659
13,12,182102
12,11,213189
11,11,200015
15,14,206759
15,13,171991
15,12,181920
16,16,201868
10,8,177203
13,11,181629
11,10,176419
10,9,184649
10,10,164580
15,15,191759
18,16,224802
21,19,206657
16,15,201352
10,10,196736
14,14,181420
14,12,202626
16,15,203267
8,8,167033
7,7,171166
12,10,203728
11,8,198330
17,15,194632
10,9,199882
11,11,182495
14,13,178638
10,10,200791
10,9,185713
15,13,221886
15,15,191510
11,8,197070
17,14,225817
12,11,225114
12,9,169266
12,11,199360
14,13,193093
14,13,204518
14,14,179540
13,12,168018
11,10,177770
13,12,182133
14,14,204785
13,13,173616
10,9,183360
19,19,196545
8,6,208788
9,9,173132
13,13,212153
15,13,191766
13,11,200395
15,15,192848
10,10,189771
11,11,171526
12,11,201886
16,15,206753
16,15,217816
14,13,198369
16,15,204408
13,12,213382
6,5,185309
5,5,200381
20,19,220189
12,11,208782
14,11,161616
7,6,179935
15,15,202204
10,10,189484
11,11,183630
10,8,216435
14,13,197659
17,17,165775
10,8,160010
13,11,170039
11,11,187918
11,10,194009
9,7,222036
10,10,232421
12,11,212703
18,17,186094
7,6,191423
9,9,186770
12,9,167214
13,11,192563
10,10,161703
20,20,223775
9,9,222374
14,14,223190
10,8,171293
27,24,197911
17,17,184018
9,8,194690
12,12,166567
11,11,192260
14,13,205591
13,13,186003
11,11,198615
11,11,202922
16,15,176847
17,16,195677
19,15,193800
21,18,192496
17,16,208094
21,21,202300
10,10,181508
17,16,211534
15,14,212058
7,5,178713
16,14,183222
11,10,189884
8,8,197921
12,11,196751
13,12,202917
11,9,210177
14,13,184500
14,14,211216
15,13,173240
13,11,183501
13,13,191457
16,15,219332
13,11,190440
9,9,218497
13,11,194363
14,14,202198
12,11,201642
11,11,196233
15,14,183046
11,9,201347
17,14,197622
8,8,161739
9,5,188040
15,13,198660
12,11,167136
12,9,185575
11,9,190260
12,12,207270
12,11,228737
12,10,185788
14,14,210865
13,13,161046
17,15,203601
15,15,204161
21,19,224222
9,9,186520
9,9,190885
9,8,173829
14,12,193933
14,11,194565
12,11,194048
8,8,202658
17,17,188455
13,10,216430
16,14,203065
18,15,204539
10,9,187550
8,8,202602
13,13,205122
12,12,195758
13,12,206711
10,9,189416
14,12,227792
16,14,202035
14,12,202058
11,11,219359
12,10,214880
8,8,190977
13,11,176640
16,12,182563
19,17,204515
9,9,186838
14,14,226862
10,10,220503
14,13,173933
7,6,194103
13,12,203418
13,12,204153
13,12,183122
10,10,209373
9,8,183336
14,14,183941
8,6,179223
17,14,178820
13,12,206623
13,13,173605
10,10,195536
14,13,238299
12,9,207476
13,12,168575
15,14,188964
9,8,202404
17,16,196770
16,15,209533
22,18,216608
10,10,203177
15,15,196591
6,5,201728
15,14,191083
9,8,194619
20,19,219299
18,18,181498
12,12,202763
13,11,187684
16,15,211192
14,13,207523
13,11,176897
12,10,204931
10,9,208094
11,10,182445
7,6,183769
19,16,198293
20,18,212446
10,9,217908
9,9,174308
15,15,208002
6,6,203305
17,16,199669
16,14,195390
19,16,197846
8,7,202273
19,18,175552
11,11,201669
14,13,222194
7,4,188634
17,15,207554
15,13,170752
12,12,178395
10,9,190367
13,11,196588
13,12,165174
20,18,205907
20,17,197654
12,9,210032
11,10,208410
15,15,180170
14,12,214494
18,16,200090
22,20,202861
14,13,197982
7,6,204478
14,14,163079
13,11,147652
13,12,207111
12,11,208347
8,8,168634
11,10,203552
17,17,182983
12,11,198280
7,6,207073
5,4,192546
5,5,158550
12,11,167034
13,11,205963
12,12,180741
12,9,209979
12,8,163585
13,11,188298
15,12,174390
7,6,188761
15,14,211658
9,6,197220
16,14,170732
16,16,210028
14,14,192312
8,7,185099
15,13,213403
14,12,196474
15,15,192892
13,13,207933
21,18,208808
4,4,188824
13,12,206228
20,18,235736
11,11,195208
17,15,188420
17,16,217642
12,10,171125
18,17,188038
9,9,184703
17,17,186585
18,16,229922
25,20,213124
13,13,212890
13,12,203543
16,14,221215
8,8,183971
12,11,196748
18,16,204356
12,11,205883
10,10,216218
12,12,199050
12,12,197562
17,17,219238
11,9,193767
13,12,204767
13,13,200461
10,8,176643
7,7,196736
7,6,203038
21,21,213960
6,5,178073
9,9,184387
7,7,188304
11,10,203709
12,11,216547
16,16,159410
10,8,191798
17,15,183652
12,11,188039
10,9,208049
19,18,218604
17,16,196973
17,17,197972
17,16,195659
13,10,189657
14,12,193564
15,13,200612
12,12,178225
18,14,203535
7,7,192134
15,12,212856
15,11,179999
12,11,193406
15,14,184717
5,4,180176
6,6,173318
5,4,179216
20,19,198255
7,7,194344
11,10,182141
14,13,191237
15,13,212517
19,19,210908
19,18,200821
15,14,180833
13,9,182507
12,12,210120
14,13,203477
11,11,188825
8,8,182420
11,10,196219
12,12,201912
20,20,206275
8,7,204819
18,16,207092
13,13,216027
15,13,204042
11,9,211041
14,11,177780
8,7,198909
16,16,238369
13,12,185892
11,10,199046
9,8,201303
7,7,176721
10,10,215998
16,15,173897
9,8,179201
9,9,203555
13,13,204309
7,6,182043
11,11,165146
17,16,234417
6,6,181221
14,13,196650
21,20,221446
21,20,203180
13,13,188348
9,9,202219
18,15,191906
14,12,222511
17,17,185799
15,15,196114
16,14,188012
8,7,164237
9,8,214042
11,9,173886
15,15,198340
16,14,210952
11,10,162266
11,10,196845
10,10,180606
15,13,209010
13,12,178639
15,14,210878
15,13,220204
8,7,163758
14,12,195188
11,10,223899
21,20,218757
11,11,185863
9,9,183432
15,14,183599
11,10,209480
10,8,151115
13,9,190505
12,11,207706
18,17,206130
13,12,185855
10,8,196618
14,11,167074
17,16,193861
8,7,201877
23,22,235754
15,13,188444
18,16,202568
8,8,185070
3,2,179967
11,11,189375
15,14,187754
12,11,195170
12,11,175863
15,14,200705
16,14,183209
12,11,197465
13,11,218295
12,9,168919
16,14,209391
8,6,201579
16,14,194487
13,12,182038
13,13,211909
16,15,215951
19,18,172785
15,15,181333
12,11,223205
20,19,189968
11,8,212630
13,11,199362
17,15,193865
13,13,185028
9,9,164047
10,9,190867
10,10,172471
18,17,215400
18,16,205379
19,18,209815
21,19,200788
13,13,169900
13,12,191798
12,10,182555
14,13,214945
8,5,201334
12,12,234323
16,15,191418
6,5,184152
26,24,198680
20,19,204173
20,19,225530
9,9,189727
20,16,223679
15,14,196723
13,11,186272
10,10,164939
15,12,210280
9,9,202639
21,20,175696
12,12,187798
9,8,166716
16,15,197831
14,12,210098
15,14,204511
11,10,181760
12,12,192642
13,13,204008
10,10,179059
11,10,194156
16,12,179232
9,8,189762
7,6,165483
14,14,216869
19,19,186129
14,14,218043
16,15,198564
23,23,227252
7,7,223260
14,14,193236
18,16,218720
12,9,190253
10,10,213726
13,11,205733
12,10,179967
11,10,183939
11,11,172488
13,13,196418
12,11,200416
7,7,211137
15,15,216222
14,10,190929
8,7,176785
11,9,195282
17,15,204166
15,14,227105
13,12,213931
9,9,184318
10,10,225773
11,11,183140
10,9,209438
9,9,217109
19,14,190436
11,10,166493
11,10,178458
12,10,216241
12,12,202899
13,13,176012
10,10,217669
4,4,187926
20,18,204955
8,8,178588
10,10,222055
8,7,184118
17,16,219510
6,6,172606
12,11,211093
21,19,198986
17,14,202821
16,14,199345
12,11,189938
13,13,222131
13,13,191964
13,12,171305
16,14,215324
9,9,206387
13,12,198780
15,14,189228
16,16,208915
19,18,207510
9,7,177158
9,8,190881
11,10,181752
12,12,203939
19,16,163926
9,9,192873
15,14,181839
9,8,215510
9,9,212228
13,11,169144
9,8,204906
13,13,220016
11,10,189205
12,11,183600
15,15,210524
9,9,207929
18,18,198047
9,8,198172
10,9,169053
12,10,195607
15,15,214863
10,7,194154
18,18,177780
14,12,190303
13,13,196906
14,13,198382
5,4,184181
16,16,219222
19,19,195515
15,12,194520
16,16,206377
22,22,212866
10,8,194631
13,13,199283
14,12,190382
10,9,203406
14,14,182284
17,15,195864
16,13,195285
19,16,225447
9,9,191944
13,13,168558
9,8,183727
8,7,194716
17,17,216019
15,14,229242
21,19,199512
17,12,222525
13,12,203963
12,12,185777
13,13,191093
14,14,192278
17,17,209856
9,9,175801
15,14,197298
12,11,181166
10,9,177033
13,10,197206
11,9,223335
9,9,184476
9,9,204534
16,15,196373
10,10,196877
15,14,223213
9,8,161897
14,13,172229
10,10,195145
10,10,191760
15,13,206338
9,9,202526
11,11,190127
9,8,171814
22,18,195818
11,10,205468
17,17,224856
18,17,192539
7,7,209078
16,16,202711
10,9,195409
11,11,183534
10,8,194772
10,10,193562
12,12,190923
16,15,222334
18,17,235519
11,10,180928
8,7,175295
18,16,181172
16,13,199191
9,8,188587
16,14,164358
15,14,197248
9,9,163527
9,8,209812
7,6,186197
11,9,185020
19,18,214187
8,6,196256
15,12,200293
8,8,190354
12,11,207024
9,8,167375
13,11,169074
20,19,225891
12,10,214043
14,14,194779
12,11,175879
5,5,182793
14,13,173813
8,8,207333
12,12,187407
9,9,186964
13,10,188852
14,13,204850
15,14,229815
16,16,211913
12,12,204635
9,8,185361
8,7,213481
18,16,212561
15,13,189839
11,10,199007
14,14,207637
11,10,200062
13,12,189231
13,12,195649
12,11,178423
14,12,190717
10,9,191127
12,12,188397
13,12,187410
18,17,188060
22,21,190109
13,13,188991
17,14,232458
11,11,203604
17,17,205227
14,14,211742
17,17,178468
9,9,180139
8,8,216467
9,9,171913
11,10,185911
10,10,197920
18,16,196210
11,9,177179
8,6,215514
9,9,182236
14,13,182475
7,6,185594
14,14,197178
5,5,177805
10,9,190367
17,15,201413
14,13,175262
10,10,172931
14,13,171691
14,13,165513
11,9,200095
17,15,183894
17,17,199287
6,5,188018
17,15,195417
11,11,203112
6,6,174135
13,11,176054
16,15,216731
8,5,194843
11,8,204596
9,7,221205
18,17,216548
14,12,189574
13,12,214016
15,13,186165
19,17,215239
9,7,192431
9,6,170835
14,13,186007
10,10,218229
13,12,192900
14,13,211174
12,10,218567
15,14,184466
11,10,173691
9,9,190058
14,13,211506
11,10,235497
13,12,203960
11,10,176068
18,16,193148
10,9,206381
11,11,193244
10,10,211937
11,11,200943
20,19,205496
7,7,194446
14,14,216072
14,13,194828
13,13,218656
10,10,223759
19,17,202018
10,10,178485
12,9,175152
14,14,211135
13,13,196621
11,11,196707
18,17,195195
8,8,198650
9,7,214141
17,17,201562
15,15,222601
13,13,195233
10,10,202494
13,11,204796
17,15,199344
14,14,224630
15,15,182674
12,11,205144
18,17,178310
8,7,199831
16,16,204812
6,6,184149
19,18,220437
16,16,189077
16,14,190982
16,15,176368
18,17,191477
16,15,194046
10,8,159265
11,8,197308
12,12,185672
21,20,223667
13,13,209687
14,13,230645
13,13,196064
11,10,183494
13,12,212727
10,8,217550
19,19,207926
10,10,185495
11,10,196840
20,20,238326
15,13,205977
10,9,202453
8,6,178015
11,11,162775
20,19,195141
16,13,189512
12,12,223841
12,12,178288
11,10,198387
15,14,186663
8,8,211062
11,10,208388
12,12,182234
10,10,199211
9,8,195725
16,14,180976
14,11,208299
18,15,192356
21,20,200566
15,14,218667
9,6,210466
14,14,197230
9,8,160146
10,10,199876
17,16,184946
7,6,180006
18,16,198668
14,14,189008
16,13,231235
18,18,199839
13,12,200130
9,9,199573
7,6,174633
11,10,230412
16,15,211303
14,12,196094
3,3,211348
17,17,198108
23,23,186968
8,8,208637
10,8,178515
12,10,197563
14,14,178558
14,13,189529
12,11,201707
13,12,185139
15,15,189213
10,9,180936
8,8,208216
7,7,191593
12,11,211762
12,12,169199
14,12,198135
12,11,203011
11,11,208646
11,11,217158
11,10,182965
10,10,203353
9,8,182689
12,11,177274
12,10,167247
16,16,233077
20,18,180121
10,9,164796
17,14,185203
17,16,213202
10,9,177493
15,15,205600
18,17,211886
19,18,207648
18,16,204351
12,11,204274
5,5,178294
10,10,194807
12,11,175591
19,14,190661
16,16,189643
14,13,187706
14,13,203234
9,8,203409
11,10,195856
14,14,200605
7,7,199731
12,9,196624
14,14,223122
12,12,193593
14,14,217101
12,8,187358
11,11,200821
12,12,196933
16,15,238385
12,10,207017
19,19,212183
15,15,203307
8,8,202260
20,20,198546
9,9,172592
14,13,185338
12,12,205172
14,12,189123
13,13,196552
16,15,229683
16,14,201902
15,12,186072
13,13,200669
15,15,200704
16,14,227143
14,13,192948
10,10,195527
17,17,188590
20,19,191216
14,12,208829
15,15,166602
13,13,220277
9,8,169357
13,12,186338
12,12,197306
19,17,197181
6,6,226309
10,9,187979
8,7,165256
21,21,204326
8,6,205165
17,15,215653
15,13,217177
21,17,205247
9,9,206430
9,9,171176
12,11,172807
15,14,204308
16,16,188232
9,9,188911
16,13,205849
13,13,218311
15,14,205671
17,16,196305
8,8,231301
5,5,172756
19,17,184795
16,15,228195
14,11,180338
14,14,199171
16,12,186328
7,7,174105
9,8,175995
13,12,171416
16,15,204036
8,7,175937
17,17,208206
16,15,199649
21,20,193368
14,14,167193
14,12,200212
15,11,202016
13,12,190354
9,7,195129
16,15,195133
11,11,196510
7,7,200250
15,14,213890
11,11,210559
10,9,177693
7,6,185218
16,13,227188
14,13,205640
8,7,178174
13,12,204251
8,7,192092
13,12,176938
13,12,188320
17,15,193365
11,8,226015
9,8,202684
11,10,190989
11,10,174923
25,23,196155
18,17,215383
12,12,204128
15,14,178883
8,8,202835
8,7,187934
18,14,184746
16,14,226326
14,12,215422
11,11,195545
11,10,191771
17,16,196708
13,12,185520
13,12,189381
4,3,215051
10,9,216835
10,10,186105
21,16,215231
13,12,201544
9,9,208529
12,11,191968
20,15,227557
15,13,206006
22,21,246234
20,18,190465
10,8,198950
17,14,175041
7,6,183849
20,19,176067
12,12,237522
18,18,218984
13,12,193800
21,20,218053
10,10,194942
12,10,194844
13,12,206693
13,12,197011
6,6,206916
13,11,222287
18,16,217357
13,13,199762
12,11,202611
20,20,209696
19,17,214702
12,12,190158
11,11,186837
9,8,205791
22,21,189580
13,11,206026
14,13,208675
13,12,186165
12,10,196369
6,6,179816
10,10,178911
17,15,214609
13,13,209644
18,16,223756
11,10,211190
10,7,202452
16,14,198466
20,20,222544
16,14,193400
15,13,200757
13,11,206613
14,12,188529
10,9,193596
14,13,217065
4,4,180679
21,20,207829
15,14,198052
18,14,197020
15,15,200937
16,15,232841
19,14,200373
16,14,200703
14,12,199249
13,13,210659
12,12,192030
7,6,201404
17,17,223029
15,15,195729
12,11,215024
14,13,200518
12,12,195656
6,6,191803
10,8,187601
16,15,206168
9,8,182137
6,5,179400
12,11,210215
11,10,190959
13,10,188118
11,11,183485
4,4,200606
20,18,188458
15,15,200927
10,10,214845
15,14,198511
13,13,226274
11,11,177400
10,10,198840
13,10,194084
9,8,155133
11,11,210408
11,11,231095
19,17,181016
12,11,170866
9,9,190381
13,13,202452
4,4,200474
17,14,193758
19,17,176366
8,8,187886
9,7,197385
8,8,175109
14,14,183120
9,8,195455
12,10,207067
15,15,181643
12,10,197988
11,9,192902
13,12,205871
14,14,175708
15,12,204136
12,11,195593
12,11,194599
14,13,176858
13,12,194038
1,1,197094
11,8,202051
20,17,204887
7,6,180806
20,20,209128
12,12,194521
10,10,196669
9,9,210336
11,11,191580
10,8,194665
13,10,176003
12,11,182486
13,12,199715
18,17,183506
9,9,186360
18,18,213175
20,19,211720
10,10,209176
16,15,195729
12,10,173791
12,10,163758
9,6,165951
20,20,214613
17,16,197239
16,15,218846
16,15,210029
12,11,208671
18,18,185610
12,12,176760
13,13,194150
20,17,228703
12,11,232921
7,7,237824
13,12,177033
17,16,173821
15,14,209043
16,14,172565
12,10,212703
13,13,208747
9,7,194630
17,15,160480
13,11,191164
22,21,233094
11,10,207890
15,12,209934
18,17,239923
15,13,179045
9,9,172901
14,14,208704
15,14,201131
12,11,188051
8,7,181478
13,11,203988
19,19,201947
8,6,182386
14,14,196640
13,13,224543
14,13,185360
17,17,202746
11,10,195177
12,12,191990
22,19,201520
7,6,173044
21,21,194288
19,18,203366
9,9,171644
19,18,180382
7,6,203292
13,13,208857
12,11,213879
15,14,199654
11,11,201675
12,10,221088
18,16,211054
16,16,225265
7,6,186093
20,18,172347
14,12,184158
13,12,193463
15,15,200835
9,9,176479
9,9,215425
14,14,216359
10,10,188013
20,19,217291
12,12,228608
10,10,184689
12,11,214483
13,12,184826
7,7,169565
8,8,209873
17,16,218075
14,14,188906
16,16,202634
10,8,214178
11,11,186544
11,10,209691
14,13,189780
10,10,190719
18,17,187153
18,17,194411
19,14,184522
7,6,193015
9,8,173790
8,7,196972
6,5,196951
14,13,169145
11,11,190089
17,15,220602
8,8,189262
15,14,180432
14,14,211175
15,15,228916
14,12,182212
13,13,149738
20,18,206856
17,17,180068
10,10,205504
13,12,185328
9,7,198443
15,14,189616
14,12,179605
21,21,204786
12,12,185061
24,23,191600
15,14,185096
15,9,197193
14,13,201843
12,12,179787
15,15,202978
4,4,193140
15,13,209530
16,15,173785
13,11,204063
11,10,195617
12,11,215455
4,4,162905
10,9,204532
20,18,210056
12,12,222791
12,12,210188
12,11,219409
21,19,209143
8,5,192047
10,10,194313
15,14,179179
13,11,209046
13,11,192883
7,7,191911
10,8,205533
20,18,215066
13,12,209155
10,9,183689
15,14,204963
14,13,186427
14,12,200418
12,10,171651
15,13,211146
12,12,198423
14,13,199608
15,15,201904
24,22,210845
11,10,212320
13,13,217816
12,11,187144
16,13,211321
18,15,212838
21,18,239709
13,10,207512
14,13,188138
15,12,203741
10,10,200705
11,11,183181
14,12,181899
13,13,213997
15,11,203051
17,16,212525
11,10,202436
13,11,166861
8,6,178123
14,13,203087
14,13,197157
13,13,220233
11,10,169649
12,11,205520
17,16,203220
14,10,207767
14,14,183566
12,11,200462
16,15,222004
17,14,204683
11,9,191499
12,12,205361
12,10,202406
16,16,219778
8,7,197944
10,10,189839
19,18,187851
17,14,196205
15,15,193948
7,5,184527
11,11,211320
11,10,157413
16,14,213699
16,14,170663
7,6,187976
14,12,193947
9,8,196310
9,9,211249
10,10,169503
12,12,199996
12,11,200598
21,19,218734
12,10,176348
10,10,203840
15,14,171943
15,13,199190
14,12,197078
9,9,201923
11,11,203316
6,5,185972
14,12,187231
10,8,161018
14,14,197121
13,12,196359
22,19,208280
11,9,188316
17,17,236048
9,9,184767
12,10,193768
7,7,188514
12,9,187605
14,12,208423
12,9,198639
11,10,204523
4,4,194155
8,8,193039
14,14,204482
12,12,194743
13,12,208935
20,18,224862
12,11,216942
19,19,199727
13,11,169416
12,12,196605
9,9,185946
15,11,179044
12,12,202388
17,12,204743
13,11,196215
5,4,202518
11,11,203169
15,11,196746
11,10,206361
14,14,171395
14,13,204868
9,8,194643
9,8,167598
11,10,164023
13,12,193027
10,10,168739
17,17,183380
10,10,161102
11,10,165406
12,11,199614
10,8,210793
10,10,179432
18,18,218540
15,13,199216
5,5,182989
19,17,191222
18,15,186970
10,9,165625
6,6,170674
13,12,174313
19,19,223661
13,13,182271
10,10,163812
12,12,206936
13,11,209104
15,14,193795
14,14,202677
15,13,229857
16,16,208063
15,14,198063
18,17,222434
13,13,210439
13,12,200368
21,19,191692
11,11,187795
19,19,248880
8,6,209651
7,7,176047
14,14,199154
18,17,231521
15,14,206908
14,13,194676
9,9,195209
11,10,197326
14,13,224123
14,14,213244
9,9,217043
17,17,208028
14,13,201183
10,8,209244
8,8,180851
15,14,237371
15,14,209350
8,8,190882
11,11,204001
15,12,201437
10,8,222635
5,5,187259
17,14,177654
9,8,181609
14,11,218028
12,10,209801
15,14,177849
20,17,204401
17,16,210317
11,9,203974
10,9,185890
13,12,211002
10,9,184421
15,14,210500
10,9,212774
17,15,174132
11,9,198014
12,10,191742
19,18,224981
13,11,182978
14,14,179865
14,14,210227
8,7,182714
16,14,197665
14,14,201800
14,13,187528
10,9,216639
14,14,213785
15,12,222636
9,9,230184
10,10,208152
12,10,217894
14,14,176378
7,5,197831
11,9,206065
13,11,186597
11,10,184814
11,10,195364
11,9,190752
18,17,221656
13,13,187055
9,7,184709
13,13,161440
10,9,198649
11,10,178530
16,15,181299
21,20,214355
11,9,170228
23,21,211837
23,23,212526
17,15,199942
9,9,180624
10,10,216503
12,9,196423
12,12,204421
5,4,175430
10,9,168101
12,12,217044
8,6,208235
9,8,198812
14,13,199861
16,13,192323
11,10,209145
14,13,210183
8,5,168791
23,21,219437
17,16,213388
11,9,172618
8,7,209377
20,20,171784
11,8,185516
13,13,223603
12,11,198559
13,9,179004
11,11,199272
10,9,208716
20,19,212540
17,14,176124
7,7,177944
15,13,201874
13,12,175646
12,12,201360
12,12,211721
7,5,188134
18,16,219952
11,10,174459
10,10,198595
14,14,203633
11,11,191856
11,11,207990
14,13,208891
20,19,224363
8,7,197332
10,8,193235
15,14,181447
22,19,191094
16,14,181785
16,16,218609
10,8,176506
8,8,163289
16,16,218119
13,12,203439
13,12,184076
9,9,197024
5,4,203838
15,13,218659
12,10,195216
16,14,194705
11,5,169623
6,4,204579
8,8,207254
12,11,183683
8,5,176389
8,8,208857
20,18,205637
15,13,198598
11,11,183081
14,10,211159
10,9,170129
5,5,188316
9,9,185717
12,9,188087
18,15,188372
23,21,202433
15,14,172561
12,11,191282
11,10,194301
16,15,197856
13,10,178967
17,12,185842
13,13,200924
9,7,202932
12,8,180151
12,12,202927
9,9,222126
21,18,174087
15,15,189686
14,14,194973
22,21,195473
15,13,205014
7,7,172426
12,12,188290
17,15,184250
17,15,211777
5,5,169272
10,9,217647
6,6,189328
15,14,219815
14,13,190560
12,12,218635
11,11,196191
11,11,191693
8,8,192465
18,17,214550
17,15,221847
22,19,204700
15,14,204406
19,16,174938
19,16,206510
8,8,205766
9,8,183358
8,8,194454
18,17,217571
10,10,195817
16,16,180643
15,15,216578
14,13,201684
10,9,188551
13,11,146347
10,9,204025
15,14,170497
16,15,198304
15,14,227984
8,8,179449
15,15,217255
8,8,195449
14,13,175804
6,5,182423
14,14,195725
15,12,176422
11,9,178322
15,15,168102
14,12,195102
21,20,211423
13,10,197056
17,15,202536
6,6,202844
9,9,195981
12,10,194539
21,19,197802
14,11,190804
18,15,197397
19,19,222200
18,16,219685
10,9,216738
13,11,198414
17,13,212626
11,8,182862
11,11,198395
12,12,171422
9,9,198809
16,16,212430
12,11,176108
13,13,178887
15,14,148862
12,11,208909
18,17,224573
8,8,227328
12,12,209928
11,11,184438
20,18,227162
7,7,179785
13,13,173918
16,14,173066
12,12,190213
23,22,225779
7,7,186407
9,9,182535
14,14,206433
16,15,176981
23,20,216929
10,9,229765
10,10,200600
7,7,174777
17,15,192487
9,7,213323
13,12,200309
17,17,216323
9,9,199973
11,11,192018
16,16,180568
11,9,209511
13,11,182863
11,11,203769
11,11,216584
14,11,200107
14,12,204052
16,15,209905
11,10,195974
23,21,216067
13,13,183877
10,8,188216
13,13,206553
14,14,194522
16,16,246125
14,14,209456
12,11,191379
13,12,212431
11,8,188078
11,10,189044
10,10,188905
17,15,170658
17,17,177275
10,9,175803
11,11,174355
15,14,226592
11,10,191700
15,10,204707
15,13,193464
10,9,211508
8,8,193417
16,12,176824
10,10,201567
14,13,176505
19,16,181755
14,13,233087
17,16,185905
9,7,202836
10,8,198478
13,12,193200
15,14,197012
10,9,174917
12,9,188922
17,15,179138
10,10,225553
11,8,157833
13,12,188937
19,18,215689
23,22,227355
15,13,198466
12,12,186532
12,10,172943
12,12,234707
12,10,209711
15,15,220811
11,11,193437
20,19,183486
14,14,209231
12,9,181211
15,14,226928
10,9,220039
16,15,209091
11,10,183597
16,16,189933
13,12,211705
13,10,200032
12,12,192119
20,15,207552
11,11,191114
10,9,197524
15,15,219641
16,14,185546
13,13,212397
11,11,206284
14,13,197578
13,11,184360
10,7,193875
10,10,184557
14,13,204481
20,17,215545
12,10,208510
10,10,180570
21,20,203497
13,12,177119
12,12,208893
9,8,196345
10,9,179722
17,17,180227
7,4,146826
9,9,188737
15,14,185440
11,11,186716
11,11,209176
11,10,209526
5,5,186158
14,12,195109
6,6,167251
9,9,197164
17,16,217401
12,12,202468
11,10,190715
6,5,199897
20,20,191120
16,15,225148
13,11,219594
14,13,202360
15,15,200143
14,13,206084
9,9,239668
20,18,192911
10,10,190964
19,15,192159
20,18,224703
11,10,204296
11,10,194941
13,13,192581
11,9,192951
15,12,188025
10,9,206326
6,5,181561
11,11,169370
5,4,178621
14,13,198472
17,17,209998
14,12,189665
17,16,199111
9,7,178240
14,12,167196
12,11,166177
12,12,187593
13,13,194842
17,15,171047
11,11,178318
16,16,200297
10,8,213293
13,12,182466
14,14,199938
9,9,172655
9,7,193161
18,17,218243
12,11,193373
13,12,183749
9,8,192482
15,15,187199
11,9,193184
13,11,187619
12,10,167054
12,10,180556
15,12,212090
15,14,207789
14,13,203426
14,14,197772
4,4,182144
13,12,216762
10,10,190774
10,9,206570
16,16,184406
17,16,195639
12,9,209149
18,17,179390
9,9,217045
13,13,187618
14,12,202058
20,15,199909
8,8,188607
6,4,206208
19,16,174947
7,6,209866
18,18,211756
12,10,190298
16,14,208471
10,9,205738
14,13,211100
18,18,193087
5,4,184597
12,10,211115
8,8,197742
15,15,192420
14,12,190599
14,12,206512
13,13,221515
16,13,207959
14,14,189128
18,15,190833
10,9,210998
11,10,201523
18,17,176741
16,16,225836
12,11,216043
15,12,183784
10,9,189668
14,12,186443
16,15,211662
12,12,228033
16,14,207601
14,13,206648
14,12,228135
10,9,209383
16,14,206450
12,12,175135
15,14,202441
10,10,195874
15,14,214126
12,12,183892
18,16,203248
10,9,196211
15,14,186272
10,9,197822
15,15,179266
11,11,199585
9,9,208499
11,10,193494
10,7,199124
10,9,183656
13,13,166495
15,15,209109
8,8,183922
9,8,180425
11,10,223476
8,8,192836
14,13,204764
17,16,167075
13,11,180148
11,10,174379
22,21,175459
9,8,178000
16,14,185587
8,7,184046
15,14,192228
14,13,209830
17,16,229282
8,8,191328
10,10,178537
13,10,192578
17,16,192697
10,10,186751
11,10,212336
15,14,204157
14,12,204412
10,10,208249
8,7,174875
9,8,183473
10,10,216717
8,7,186789
18,16,211495
15,13,188375
19,17,184002
13,13,184402
11,11,153575
12,10,199034
20,19,201291
18,18,227588
9,9,192491
12,10,193138
20,20,229541
14,14,198026
12,11,191638
17,16,166800
16,16,202408
14,12,190429
16,16,182609
9,8,182537
13,12,178840
6,4,172523
20,19,208199
17,15,192884
9,9,162418
11,11,215504
16,15,190643
10,6,186247
12,11,222743
11,11,191548
6,6,202880
15,14,200659
14,14,192317
10,8,187428
17,14,182085
12,11,212359
14,13,182955
9,9,179732
16,15,205232
10,9,196018
17,17,211109
13,13,188887
12,12,195999
17,17,200650
16,14,170676
7,6,198036
14,12,167328
13,13,199435
12,10,197449
7,7,163955
4,4,192233
10,10,183204
17,16,207292
16,13,202275
11,11,188684
16,15,197155
21,19,178787
10,8,199530
12,10,197296
11,10,173192
20,18,190227
12,11,192581
9,9,206211
7,6,167494
3,3,173888
9,7,169297
12,10,213820
22,19,195638
13,11,188134
16,16,203274
20,19,216481
17,12,196060
13,13,175698
17,17,206617
12,12,181347
11,11,208655
16,13,182673
13,11,209086
11,10,209588
8,7,185994
13,13,219177
16,16,214893
17,15,207949
13,11,178822
8,8,176864
18,16,192124
13,12,192587
23,23,189380
9,8,194424
6,6,210511
18,18,212576
16,16,203350
23,23,220714
11,11,201004
13,13,196015
10,10,216585
14,13,174941
14,12,199352
13,13,182377
12,11,219945
17,16,182016
10,10,193613
10,10,182910
14,13,218972
10,10,170797
13,12,197592
9,7,196874
14,13,202965
10,8,150322
14,13,195546
10,10,193775
13,11,180569
13,12,206511
13,13,221616
11,10,187053
12,12,200569
14,13,211997
14,13,200584
10,10,231691
11,11,222356
11,9,212286
13,12,176957
10,9,160888
15,13,213021
8,6,191950
8,8,169864
14,14,224040
12,12,196924
16,15,191195
16,14,197110
19,18,231115
12,12,182599
8,8,180479
14,14,188251
16,13,192707
16,15,213762
8,7,194558
10,10,187866
14,14,178330
16,15,243736
14,14,190926
15,13,215144
15,13,199107
19,15,188205
13,12,186330
15,14,208494
17,16,190060
12,12,207561
14,12,211295
9,9,204751
9,7,187153
9,8,187018
16,16,220755
19,15,216785
8,7,181245
10,10,209242
16,14,199389
17,16,194264
10,9,193633
8,8,200993
8,8,206817
17,17,190765
15,12,193514
7,7,196806
13,10,188282
17,16,235043
9,9,181502
8,8,192765
14,12,224890
9,9,215470
8,7,166872
7,6,166854
12,11,185640
23,17,208791
13,13,197112
14,13,178038
13,12,213008
25,24,217260
12,11,183667
18,15,200425
12,11,191841
16,15,213937
23,22,244791
17,16,225718
14,13,196009
12,11,215916
21,20,208861
10,7,208027
16,16,208955
14,12,218182
13,13,198220
3,3,178364
15,13,182106
17,17,217916
13,13,162894
15,14,223406
12,11,211565
14,13,211877
14,12,220119
14,13,195820
15,14,169018
7,7,165319
8,8,196526
12,11,193244
13,11,186776
14,14,204372
15,13,216815
14,12,214085
11,10,183923
12,12,200508
17,17,220161
9,8,208511
10,10,194947
11,11,221107
10,9,228057
9,8,179846
13,12,176771
19,18,203562
11,9,173758
23,23,211170
12,11,189652
6,5,177420
12,9,222361
13,13,187838
6,6,192372
12,12,188041
7,5,191392
17,15,176729
12,12,216584
15,12,195032
10,8,187245
11,11,192528
17,16,209916
18,16,198582
15,15,229742
14,13,202668
17,15,190384
14,14,225305
12,11,168985
17,16,193338
18,16,221623
12,10,201901
9,8,199181
20,19,204613
13,11,213318
12,9,185403
4,4,172336
14,12,202722
13,13,197599
22,19,217276
14,14,218624
22,22,213977
15,14,199151
10,9,198212
11,11,205232
11,9,153215
16,13,201406
14,14,211454
5,2,158467
14,11,213848
16,16,190457
11,10,201230
18,17,181058
8,8,205078
21,19,236165
17,15,185894
10,10,173094
10,10,202690
19,17,186610
12,8,187208
17,15,191135
12,11,229583
13,10,192804
21,20,199947
21,16,168988
12,11,209174
14,14,241057
13,10,176515
12,12,200493
11,11,199573
15,13,219103
18,18,212799
17,17,216143
10,10,200179
14,14,210949
9,9,181995
13,12,170147
17,15,193819
13,13,186243
10,10,184113
15,11,220122
13,13,180837
11,11,224907
11,10,206773
15,13,223938
16,15,212695
13,12,197392
14,14,174905
13,11,193678
8,5,178732
12,11,199702
11,10,209935
12,9,190087
11,10,183469
12,11,203583
12,12,196037
11,11,189515
11,7,187404
7,7,225941
14,12,190189
10,9,192600
9,9,204626
17,16,177761
8,5,186884
17,17,215631
12,11,198055
14,14,206431
8,8,186248
12,10,194638
8,8,186017
8,7,176888
9,9,194514
12,9,221880
18,17,187972
13,13,195675
9,9,176225
11,10,211591
10,10,180635
9,9,206601
16,16,220546
9,9,172019
6,6,187651
11,11,225637
15,15,195265
8,6,191426
10,9,178962
16,12,190561
18,16,227353
16,14,192787
13,11,217628
11,9,199229
17,17,199340
11,11,197896
14,13,210725
19,17,194693
16,16,214956
15,14,198757
8,7,213005
16,16,195458
14,11,225719
15,13,210217
14,13,187831
18,15,218268
13,11,186631
11,9,178562
11,10,197606
12,12,191018
14,14,227387
9,9,197523
13,12,192539
16,14,211791
11,10,189186
16,16,218782
10,10,184105
12,12,218832
13,12,189204
19,17,196881
16,16,204420
12,11,190086
19,18,179931
9,8,208003
20,19,218871
10,8,192267
9,8,179909
12,11,161781
8,8,184418
15,14,187641
17,16,220861
11,10,194735
18,18,201829
13,12,208699
15,13,206274
10,10,192311
11,11,215179
15,13,180584
10,8,187821
6,6,179148
4,4,189346
7,6,183991
18,17,234355
11,10,199395
14,14,195145
8,6,179734
16,13,226879
17,14,208993
11,10,205748
6,6,187388
12,12,196906
16,16,217239
13,10,217278
10,9,198329
15,13,189408
16,16,177537
6,4,154072
14,13,218539
18,18,187258
18,17,177003
15,15,174626
15,14,213869
18,17,202213
11,11,206662
18,15,212683
17,16,172644
10,8,191914
13,11,195679
9,9,189947
18,17,172011
11,10,187224
13,13,204377
13,12,207657
11,8,172500
16,15,194676
15,14,216184
10,10,190861
16,16,190782
16,16,199300
19,16,224348
13,10,203719
13,13,202405
10,9,207657
22,21,183607
17,16,204850
8,8,177625
7,5,188508
16,13,162197
18,15,197430
19,18,241083
19,16,197174
14,13,192653
9,8,166141
7,7,162451
9,9,198511
9,6,175515
17,16,197443
13,12,196745
13,10,201799
13,11,187560
15,15,208011
16,15,208520
21,20,198632
18,18,206132
9,8,217984
11,10,199955
10,10,212663
12,11,216622
17,16,217685
18,17,203946
11,10,247951
9,9,177121
16,16,178364
12,10,209227
15,14,182869
10,8,198286
17,14,202174
17,16,179259
18,18,211857
10,9,188176
18,18,242865
10,7,169758
14,12,171141
12,12,181964
12,12,184330
18,17,186196
11,9,181839
20,18,233238
7,7,176473
23,21,207434
18,17,187652
7,7,191973
16,14,175878
9,8,204534
11,11,205353
9,8,197007
11,11,231497
15,13,199370
11,11,198973
16,15,211515
11,10,197907
13,12,196502
14,13,225248
17,15,182064
11,7,176878
12,10,191954
10,9,173524
9,9,190273
9,8,197095
15,14,166312
14,13,205681
10,9,206112
15,14,190289
11,9,177367
14,14,198926
12,9,184577
8,6,239535
8,7,186479
15,13,223358
14,12,219283
17,15,230220
13,12,211871
23,22,224396
14,13,190098
16,16,213611
20,17,165993
15,14,203475
16,14,199018
11,11,194478
17,14,196377
20,19,210369
21,18,194635
18,17,197766
14,12,183136
7,7,189021
10,9,177022
12,11,192588
14,12,197958
6,6,208523
18,17,195176
15,15,191221
17,17,178090
11,11,179696
12,12,188059
16,15,219724
14,14,192055
11,11,195965
10,9,193014
14,13,185460
9,8,192103
10,9,192301
12,12,178587
8,8,208369
9,8,191301
12,11,205293
6,4,207224
14,14,252876
11,10,192747
14,12,217648
18,17,191957
12,12,193615
12,11,205944
8,8,196593
12,10,177207
16,14,201116
11,10,197415
6,6,216737
15,13,190965
12,11,211643
9,9,207769
18,18,188193
12,12,192978
18,18,213775
17,15,176085
8,8,198537
12,11,180231
13,11,160723
15,13,207571
14,12,218998
7,7,180574
11,9,183539
14,12,179642
16,15,175742
14,13,206502
12,8,187327
13,11,175176
10,9,180738
12,11,191957
17,16,164322
21,21,224870
12,11,199052
16,15,197517
13,11,174314
12,11,218397
15,13,204489
13,12,190769
17,16,207732
18,18,184444
11,11,164679
10,8,198650
26,22,184836
14,14,214484
14,12,230414
15,15,191163
8,8,173076
13,13,212313
17,16,212421
14,14,175637
14,11,215156
16,13,208818
18,17,190491
7,6,204828
6,5,185040
18,17,200945
11,11,202835
19,17,217961
13,12,176108
15,15,220439
14,13,189183
12,11,227322
9,7,198501
18,16,174991
12,12,197482
13,13,208145
14,13,204736
13,13,194095
10,9,204260
20,18,224092
13,11,212018
19,19,185586
10,9,176663
6,5,192908
13,12,190830
16,14,186626
17,17,208794
14,14,196016
10,9,190965
9,9,237745
14,12,205012
9,9,193069
10,10,181923
16,16,211760
20,17,199687
10,10,187906
7,7,185375
17,13,211287
13,12,227682
10,10,216872
19,18,213063
15,12,166901
10,9,210372
10,9,220488
14,12,167733
18,18,209104
13,13,237065
16,13,193719
12,11,195102
16,16,235631
10,10,175754
11,10,184016
10,10,206498
18,18,212047
8,6,201752
11,9,195679
7,7,199612
10,10,191645
17,13,203559
11,11,191775
11,10,178489
16,15,202845
16,13,194891
10,9,194345
13,13,180864
14,13,193112
15,13,195596
14,12,205765
10,9,173322
15,12,241047
10,8,192190
12,11,187262
10,10,188236
16,14,202148
11,10,179421
14,14,207696
10,10,181958
15,15,221701
12,11,171304
12,8,214560
18,17,212219
11,10,205772
22,21,214888
15,14,196882
19,19,188934
8,7,166605
9,8,198922
5,5,196856
19,18,189622
11,11,197348
16,14,203666
6,5,216971
11,11,230057
18,18,203113
14,12,198974
13,13,201771
7,6,177185
8,6,177059
14,14,191681
15,13,185373
14,14,192314
10,9,164248
14,14,193388
12,12,186270
16,15,202494
11,10,188167
8,7,183222
11,11,197788
12,9,198902
15,14,212664
20,16,241111
11,11,216896
16,14,210472
7,6,223787
10,9,179423
14,10,226334
13,13,218007
9,8,189654
13,13,197840
12,11,215558
14,13,202147
10,10,181180
17,15,197582
7,6,171302
10,10,172235
14,10,176763
12,12,198705
21,18,198230
11,8,184424
15,15,210157
7,5,183676
13,13,157605
9,7,202626
12,11,166348
11,10,181531
21,20,203503
9,8,144999
10,10,187064
7,6,181830
7,6,177056
11,10,190660
8,6,205583
6,5,190005
7,7,169880
13,11,187520
19,19,208385
10,10,196435
17,17,221967
13,9,200469
10,8,204524
10,10,197397
14,12,177397
10,10,203898
11,11,182010
12,11,190045
4,3,181701
9,9,198199
20,18,209384
18,17,210507
16,13,187153
14,14,180199
16,14,190261
6,6,208617
12,10,195340
11,9,201368
9,8,194411
16,14,208623
14,12,224412
14,12,179711
18,17,219777
14,13,197956
10,9,182956
13,13,208670
12,11,202438
13,13,204074
13,13,205314
8,8,186758
14,14,196590
18,16,210372
10,8,207766
18,16,196580
12,11,201875
13,11,183229
16,16,190446
14,12,212384
18,15,230976
11,11,174782
10,10,182286
16,14,199964
12,12,179104
9,8,158488
14,14,188772
11,10,186208
12,10,194780
11,10,162237
10,10,193233
9,8,215874
11,10,200574
14,14,220054
9,7,225157
12,11,203090
11,11,186109
12,11,211113
10,10,184371
11,11,170415
14,12,197867
13,12,198645
9,8,213730
18,16,183594
12,12,191362
9,9,206830
11,10,194863
13,13,184742
8,6,202647
10,8,176804
12,9,174141
12,10,195226
6,5,206441
9,9,198922
18,16,207692
5,5,197649
15,13,186024
13,13,209417
15,14,177988
13,12,203426
14,13,224615
14,12,165395
11,11,199017
10,10,192701
7,6,175506
10,10,201707
14,12,173141
12,11,173888
13,11,198764
15,14,189563
15,13,192743
19,19,202697
17,15,212898
19,16,194811
14,11,189221
13,13,179102
18,18,207919
9,8,189762
8,8,191119
11,10,196127
2,1,171374
19,18,187590
11,10,193140
11,9,182470
20,15,201070
20,20,212105
17,15,193700
18,18,215699
6,4,180777
12,12,185089
16,14,221805
9,8,198176
13,12,196747
11,11,200444
10,9,184209
15,13,198799
19,19,217658
12,11,200843
17,15,190015
12,12,190436
22,19,213378
9,9,202917
11,8,169867
15,15,202949
12,9,197902
9,9,185728
8,8,201050
16,15,184615
6,6,182987
14,14,175275
8,7,189194
13,10,199695
9,7,196728
10,8,179010
13,12,211072
10,10,206429
15,14,194351
7,6,180511
12,10,168024
18,18,221777
9,8,192707
15,13,214820
9,9,212700
24,21,179150
13,11,185682
10,10,184488
15,15,166789
12,12,205769
12,12,202473
17,16,186886
8,5,181862
5,5,184315
11,11,184346
14,14,233381
9,9,192585
11,8,186589
17,15,191626
11,11,186871
11,10,194539
16,13,181296
13,13,214882
11,10,222841
12,12,201659
18,15,221490
14,13,197499
15,14,211982
19,18,203339
14,14,206176
14,14,209341
15,14,216298
12,11,217580
15,15,208055
16,16,209165
17,17,208194
9,8,210104
9,6,181729
15,13,208230
6,6,173220
8,7,201004
10,10,200350
11,10,190599
11,11,179926
13,13,200500
16,15,201175
12,10,188586
12,12,171961
8,7,211718
15,15,193542
13,13,200175
9,6,170591
14,12,194124
11,10,206494
16,16,197730
19,18,227138
14,12,194757
16,16,234202
12,11,222092
16,16,215666
12,11,192226
17,16,224383
14,13,214625
15,14,201413
15,13,179740
16,15,188571
14,14,213077
14,14,218001
13,12,218688
10,9,205562
13,13,170739
12,12,188665
8,8,180634
16,15,212258
13,11,194444
14,14,192569
17,15,184061
16,15,187433
12,12,208262
6,6,197406
14,13,183236
8,8,181228
10,8,199702
12,12,194060
16,15,172979
12,12,210084
11,10,202469
13,12,193705
17,17,248953
12,12,187459
7,7,182316
10,9,224808
19,17,205235
10,8,184879
6,6,182608
17,16,207163
11,10,204759
10,9,207110
10,9,191681
15,13,218170
14,14,203198
12,10,188149
13,12,170034
8,6,180656
16,15,197819
8,7,178691
13,12,188352
13,12,207904
19,16,221786
11,10,183416
16,12,185358
16,15,201998
11,11,198032
11,11,206224
16,14,149584
14,12,188195
18,18,200942
14,14,202953
8,7,178188
12,11,180055
10,9,176827
10,9,207899
6,6,186031
19,19,188271
18,16,212200
10,10,187202
9,6,207266
19,18,191415
11,11,168481
10,9,171945
6,4,199484
11,8,179253
11,9,190045
17,17,200032
15,14,186732
12,11,190185
11,11,198612
11,11,180921
14,14,179129
18,14,219151
14,14,167151
11,10,204335
17,16,178384
13,11,196136
16,16,212319
7,7,204789
16,16,188734
15,15,184069
13,13,221041
14,14,209200
10,10,228776
15,13,201064
8,7,231170
5,5,175908
8,8,174830
11,11,187611
17,12,211698
8,6,210462
13,10,214038
11,9,213849
9,9,203827
17,17,207825
12,12,205964
19,16,186088
10,9,201298
17,17,194193
14,11,209391
11,10,188401
14,14,193210
16,15,204928
11,9,205050
9,8,190868
10,8,200247
10,10,187221
12,11,207597
7,6,198431
9,8,185544
15,14,200662
10,10,216886
29,25,217447
10,10,183826
12,12,208578
12,9,196433
6,6,198201
17,13,203369
15,13,170422
8,8,190119
15,13,186694
16,15,168842
15,13,199628
20,18,198811
18,18,187849
14,11,181101
13,12,157565
8,7,196787
20,17,197230
13,13,183325
11,11,209749
15,15,207187
16,15,206446
12,12,198129
16,15,218308
18,14,193752
8,8,171825
18,18,181885
20,18,214319
5,4,210602
15,13,214809
4,4,169112
13,11,180080
14,11,225331
14,12,202893
16,14,193636
15,14,203094
16,15,189532
17,17,219500
12,12,191867
12,11,203734
12,11,198083
10,10,193841
12,11,202420
14,11,205577
9,8,202870
3,2,184518
11,10,169410
8,8,193811
20,19,219738
10,9,196302
14,13,217745
10,10,194417
6,6,170389
16,16,194264
12,10,191445
14,13,201767
12,10,182185
13,13,199239
10,10,221331
14,14,197319
13,13,212908
14,12,188126
20,16,185403
16,16,218514
8,7,203862
14,14,202768
15,14,182481
9,7,172451
16,15,209624
20,20,220053
16,16,195836
8,8,199181
13,12,214546
17,16,181891
12,11,205626
17,16,189992
12,11,174650
12,11,199273
22,21,195936
8,8,202392
13,13,204903
11,10,182792
20,19,197008
11,11,213065
15,15,193435
12,10,207212
11,8,191549
16,14,201962
14,13,171796
11,11,180345
16,16,215629
10,10,218538
10,10,182618
10,10,197034
15,14,200532
5,5,166888
20,18,196525
19,17,230308
13,11,172039
14,12,242884
18,17,196171
9,9,189020
9,9,201463
19,19,188875
21,21,177501
18,16,209615
14,13,210441
8,6,160148
7,7,194244
19,18,208365
9,9,185104
12,10,182080
10,10,196901
13,12,175965
6,6,185477
17,16,212385
22,21,167454
13,10,211498
13,13,211215
12,9,192191
17,15,197868
11,7,186744
16,13,210419
12,10,171538
14,14,220030
12,9,174007
13,12,208086
14,13,169862
9,7,204685
14,14,192387
8,8,221134
13,12,193407
12,10,180722
11,10,212739
9,9,216401
10,8,184124
10,9,214617
11,11,207861
16,12,192089
13,13,202941
9,9,169005
16,16,225080
11,10,218450
13,13,167913
12,12,200739
11,10,187090
15,15,223525
13,10,206934
14,13,220525
21,20,215385
11,9,178584
23,21,201312
16,15,201662
12,10,200070
16,16,212834
17,16,186488
21,20,190073
11,7,219066
11,11,174124
12,12,191503
12,11,207394
6,6,199588
14,12,195459
10,9,217129
15,13,193063
13,12,202044
18,15,198875
16,15,210886
11,8,200646
15,12,193383
9,9,161597
17,15,186080
13,12,202064
20,17,177323
11,10,201645
7,6,208095
12,12,207106
17,15,190213
18,13,221545
9,9,188290
13,12,232266
11,10,180202
9,8,201082
10,9,191859
12,9,187107
15,13,210955
10,8,187090
16,16,219119
14,12,166920
20,20,196225
16,13,187882
13,11,218758
7,7,207184
10,9,196482
9,9,184469
9,9,179440
17,17,166405
12,12,210270
19,17,181171
16,16,231408
12,11,194923
16,15,221666
14,13,209797
16,16,200713
10,10,233493
20,18,176769
15,14,201500
7,7,193436
12,12,166307
8,8,179900
19,16,196767
11,10,195467
14,11,189804
14,13,181412
12,11,172874
12,9,222314
14,14,169504
14,12,198634
9,9,183546
18,16,211944
13,13,181722
13,11,192885
7,6,184901
18,16,230062
26,24,213542
13,10,197863
10,9,164790
12,12,187961
7,7,195064
6,6,227297
19,17,205116
10,9,158466
13,13,214706
12,12,196829
12,12,221417
17,16,208391
8,8,213264
12,11,244585
20,19,189142
15,13,186598
15,13,214659
11,11,174725
9,8,165865
8,8,161232
16,11,157735
9,8,201495
15,15,199525
12,11,185892
14,14,210210
16,14,214348
16,14,202685
10,8,168618
16,15,208015
19,18,202043
14,12,190657
15,15,192495
8,7,192075
19,18,191936
20,19,217179
13,13,157154
12,11,195734
10,9,201308
12,12,202026
14,12,181491
15,12,194625
15,15,198425
14,13,188893
18,17,201962
16,15,205390
16,14,228204
13,13,190054
12,10,180476
15,13,210910
12,12,202332
12,9,195748
12,12,192365
20,20,201952
16,16,240971
10,7,177492
13,11,191808
12,8,196523
12,10,152289
10,8,199950
16,14,205299
18,16,205180
15,13,191053
13,11,158833
19,18,204106
11,9,215304
13,13,224581
13,12,225452
14,14,231008
12,12,186498
11,11,200382
10,7,204634
11,11,200848
13,13,187324
19,18,190020
9,8,189328
8,7,175848
19,19,216727
8,5,195869
16,15,206990
10,10,191327
25,23,212713
16,15,168908
14,11,207990
17,17,193939
15,15,188866
4,4,220423
13,13,237728
15,13,186917
11,8,188592
10,8,199847
14,12,193381
11,11,166589
11,10,207331
14,14,212845
19,17,204563
11,11,207139
17,15,210383
9,9,207615
15,14,232834
9,9,194344
12,12,199162
17,15,195154
17,17,180911
11,10,204092
6,5,191089
9,9,202967
10,10,180681
12,12,200155
11,10,185551
8,8,180369
7,6,193333
12,10,224321
14,13,227257
12,10,202633
12,11,215628
8,8,182678
11,10,235154
12,10,173211
18,18,228158
15,13,223932
10,9,202131
11,10,226431
8,7,179536
9,7,207825
10,10,185767
20,18,216708
13,13,213918
13,11,177185
7,6,194587
7,7,213838
9,9,187026
6,6,205956
9,9,167734
12,12,184721
17,15,208744
12,11,181115
20,20,190693
7,4,159889
20,19,207677
16,15,186851
11,11,182961
19,17,192003
12,12,186228
16,14,199512
19,14,186135
12,11,168992
16,16,216624
19,19,173123
17,17,181889
11,11,197388
12,10,202668
11,9,194352
17,15,206879
11,10,154132
10,9,166669
10,9,201645
17,16,191391
22,20,228343
10,9,197157
13,9,199548
16,16,196572
8,7,171137
11,9,182631
11,10,189904
11,9,203625
13,12,190525
11,10,190459
8,8,183684
11,9,192043
9,9,183194
9,8,190498
17,15,207162
18,17,206206
11,11,201845
12,11,191520
13,12,192328
14,13,205108
18,17,197001
20,18,186754
13,12,171929
16,15,185435
10,8,180425
8,7,175854
9,9,165314
9,9,200885
16,15,173833
11,10,204434
7,6,152334
10,10,222473
7,7,174006
13,12,231141
16,15,184670
14,14,194324
6,5,192295
15,12,192705
5,5,203072
14,13,180280
17,15,221807
15,14,199691
8,8,179143
12,11,205264
18,17,187831
17,17,192603
13,13,208222
11,10,187605
13,11,193013
11,11,189479
13,11,189013
13,12,191638
19,17,220565
13,10,191880
12,11,184906
7,4,173822
18,17,196240
6,6,190995
10,8,175847
10,10,181141
12,10,174651
10,7,202195
13,13,225749
10,10,200772
11,10,223698
14,14,195522
12,12,205697
16,15,193632
17,15,228041
15,13,178044
13,12,227059
8,8,186647
15,15,191902
11,11,163527
12,11,181703
15,14,189311
13,13,205345
9,9,197023
13,13,195117
15,14,174619
13,11,199016
11,11,237404
18,17,177639
16,15,207839
9,9,182099
16,16,183996
16,15,188037
4,3,196301
20,18,196593
9,9,190045
17,14,201704
7,7,167801
16,16,207759
19,18,191932
14,14,211797
18,18,237762
17,16,187796
7,6,204827
7,6,185605
10,8,177027
11,11,217828
14,12,230716
9,8,192660
18,16,215199
13,12,183701
13,12,176782
11,10,214045
14,13,238885
16,16,206130
7,7,223670
16,14,198727
17,17,187097
11,9,198140
7,7,195091
17,15,193471
7,7,226143
16,15,187670
15,15,198951
9,9,181359
14,14,209056
14,13,177530
17,15,193845
21,19,196258
14,12,184901
19,18,213057
14,12,231778
14,11,211808
16,14,229155
12,12,207558
15,15,231263
10,9,218113
11,11,174884
8,8,207651
14,13,214232
19,19,195299
10,10,184636
17,17,190150
10,9,169316
16,15,217575
16,15,228732
16,15,202260
14,13,199445
7,7,185846
8,6,166816
13,13,191404
9,8,182920
18,17,219700
11,9,176907
10,10,213633
13,12,178298
14,11,190601
14,13,228255
14,12,219443
20,16,186880
8,6,196478
12,9,188564
16,16,209654
10,8,198800
11,11,206849
14,14,210097
6,6,195747
12,11,184563
16,14,228892
12,11,194207
14,12,211036
6,5,178357
10,10,196993
12,12,200214
6,6,211950
11,11,194067
15,14,195044
21,19,215030
13,11,174187
17,17,191066
11,10,187290
18,18,203215
14,14,195394
12,11,185996
13,12,192451
11,11,191749
9,8,203673
13,12,206689
14,13,219043
17,14,199979
10,9,180036
14,14,214491
17,16,209224
9,7,180409
12,11,194944
11,9,220398
11,8,183909
15,12,180064
12,10,190069
17,16,214638
12,11,211273
16,12,218573
11,11,211773
11,10,184942
9,8,166247
12,12,209555
7,6,193146
14,11,192478
12,9,187671
17,13,184626
12,12,189714
12,8,214604
6,6,176467
14,14,215037
13,11,204546
17,16,217065
10,10,170865
13,12,163656
8,8,174294
9,8,180318
10,9,196593
11,8,171513
13,10,200924
17,17,211905
16,14,217187
9,8,214444
12,11,194170
7,7,207178
12,10,181486
12,12,197479
14,12,185825
13,13,165922
13,11,195676
16,14,190785
12,12,232167
11,10,211788
20,19,217420
9,9,164836
12,12,208884
10,7,177512
12,12,200568
5,5,214116
11,11,205447
13,12,200623
11,11,216002
9,8,182876
11,11,183883
15,13,215689
23,20,228517
11,11,215891
14,12,192987
18,18,196157
13,12,203167
17,14,185463
17,15,205313
17,14,226274
6,3,180128
15,13,189907
13,11,215989
10,10,187512
10,9,191502
9,8,195089
13,10,190372
7,6,190377
19,17,197580
15,15,185444
15,13,192271
11,11,194157
9,8,172439
9,8,184151
13,13,191859
14,14,203618
13,9,187555
6,5,191742
14,12,183218
19,17,211192
21,19,195540
8,7,184903
8,7,208681
14,13,201096
10,7,202879
13,13,206231
15,12,213195
9,7,181610
11,10,219569
13,11,189824
17,16,213851
17,16,222386
15,13,182358
10,8,173573
7,7,189118
12,12,174769
17,14,204650
20,19,211306
19,18,217508
9,9,208165
16,13,191815
7,7,186403
7,7,199162
17,17,223131
10,9,157011
11,11,189485
12,9,201025
8,7,194170
16,14,194842
11,11,200475
13,13,190537
19,16,160368
14,11,179305
12,12,171501
12,12,187885
13,12,193777
12,12,230826
12,11,247370
16,15,220309
12,12,171839
17,16,208179
17,17,187904
18,17,185210
20,20,221935
17,16,199914
10,10,216302
15,13,180374
15,13,197320
13,10,206819
16,16,207244
11,11,201642
13,11,190344
13,10,211795
10,9,185676
11,11,193555
6,5,210791
16,13,211852
11,10,214271
17,15,196537
10,8,143681
10,10,176307
13,12,218078
9,8,187118
15,14,186700
12,12,192764
12,11,220212
20,19,186207
15,15,222508
18,17,215019
20,19,200059
5,5,193322
13,13,188839
6,5,170096
12,10,182294
13,12,233337
12,9,193015
12,12,196131
12,11,213085
22,22,213030
9,9,188328
11,10,184072
11,9,220373
18,16,187028
16,16,186401
9,7,177545
14,13,178606
16,15,205647
15,13,203537
13,12,231998
14,14,190221
15,13,185822
15,13,184532
11,11,228701
6,4,174014
11,11,209578
10,10,205225
23,22,216688
9,8,183550
15,13,199607
13,12,174441
9,9,199175
17,17,187918
16,15,203769
16,14,197598
10,9,182555
10,9,175824
11,10,189349
16,16,194937
14,14,196054
6,6,173637
11,10,206660
9,6,189977
13,11,202013
11,11,171667
21,20,191086
8,8,188094
14,13,215339
11,7,213094
13,11,194540
16,16,175870
13,12,193902
9,9,187074
8,8,198696
12,12,194125
14,12,192511
10,10,189664
16,15,196045
14,12,193147
7,5,211615
15,15,200617
16,15,202948
16,15,223481
19,18,187531
16,15,213065
7,4,166501
19,17,224046
22,21,202456
12,12,213885
14,14,194851
14,14,216148
8,8,190728
11,11,167563
8,7,181165
21,18,227329
9,8,198572
20,20,191318
9,9,193488
12,11,184266
14,13,202401
9,7,206763
9,9,208611
9,7,201730
6,6,177246
10,10,196713
6,4,166694
14,13,197092
13,13,183035
12,12,205646
14,14,177794
18,17,200243
16,14,214930
12,11,196550
18,17,174797
13,11,223296
13,12,214690
10,10,208604
16,15,205469
13,13,211724
12,12,234701
19,18,194956
19,18,197089
13,13,165894
14,14,217822
13,13,202982
11,8,173464
15,14,208769
10,10,165349
13,12,209737
16,12,187345
16,13,202537
10,10,162480
15,13,220160
16,16,195891
19,18,218921
21,21,200120
18,16,207681
20,20,193255
15,13,199292
5,5,168534
11,9,180720
13,12,177271
11,10,172041
13,13,215938
11,11,217071
8,5,177809
16,13,213347
16,13,231452
17,16,199717
13,13,216894
14,13,193532
14,12,204155
16,16,201128
11,10,186588
15,13,219115
12,12,217265
8,8,204340
12,12,206192
13,13,232894
10,10,210090
15,14,231025
16,15,196701
11,11,182675
16,15,218121
16,14,182268
21,21,199500
13,13,193321
11,10,193349
15,13,209805
13,12,227052
10,10,204172
13,12,188276
8,7,191395
10,10,185470
15,13,185393
15,12,198249
8,7,175791
10,10,182371
15,10,185228
10,10,193973
18,17,187976
12,12,171474
16,14,226033
13,12,191931
17,15,220256
11,11,216009
11,9,210590
11,11,193682
18,14,193782
11,10,194228
13,13,172691
12,11,193259
11,10,181051
13,12,217422
15,13,173314
20,20,215643
10,9,193545
18,18,177453
15,15,195754
13,10,189578
17,16,205409
15,15,187095
7,6,191150
18,16,211507
11,10,185759
14,14,192066
13,13,183909
8,8,192904
9,8,190598
10,10,194127
11,10,172521
17,16,192668
15,14,202587
15,14,193387
19,18,205423
13,13,187418
9,9,202978
14,13,176129
11,8,190440
13,12,213737
15,13,191332
15,13,194156
11,11,218277
19,17,198253
6,6,193365
15,15,197605
14,12,190438
13,13,212333
13,11,214267
12,11,190945
14,13,198852
11,11,216324
11,11,180259
12,11,184027
14,13,179755
13,12,211938
9,8,192945
15,15,215529
10,9,173256
6,6,196269
17,16,190790
15,14,201451
10,10,198803
14,13,186096
10,10,202195
11,10,183851
10,10,195178
15,12,199329
15,15,238693
18,15,178104
10,10,200621
10,6,190622
15,13,169788
14,13,218731
10,9,173464
7,6,150879
13,12,198379
19,19,193052
16,12,215543
15,14,195230
8,8,167028
17,15,201556
8,8,193440
11,9,194579
15,14,203766
12,11,218585
14,13,203667
22,20,208978
10,10,180950
18,15,198711
17,16,200146
16,15,207403
19,19,198921
12,11,189439
8,7,177632
16,16,179659
17,16,208841
10,8,198064
18,17,224439
18,17,225364
19,17,209411
11,9,196680
7,7,179578
13,12,175574
14,14,225046
6,5,170290
7,6,163198
18,16,214455
9,8,219455
10,10,206799
13,13,197849
11,10,160510
19,17,215449
12,9,181277
13,12,172357
8,7,180203
13,10,193593
10,10,185882
13,13,187722
14,13,170620
13,11,183743
14,12,187403
15,15,199381
9,8,186129
13,11,195529
15,15,222917
12,12,182032
8,8,198500
13,12,195938
19,19,247569
15,11,179846
10,10,202104
15,13,196837
16,11,196738
10,8,214036
17,17,252002
12,9,164070
10,9,179346
11,9,204259
16,14,227392
9,9,200857
9,9,167280
12,12,181285
9,8,184581
13,13,188433
15,13,210517
17,16,206941
15,14,192825
14,13,200636
14,14,175642
22,21,190445
15,13,198774
15,14,208288
14,14,196580
13,11,181911
8,7,215989
14,12,218967
19,17,227493
19,19,203741
15,13,197582
14,12,205160
11,10,210691
7,6,168236
11,10,202544
10,8,225800
16,13,186282
15,15,215027
9,7,199692
17,16,176031
13,12,198877
18,15,197116
17,17,204150
15,14,213474
13,13,188205
10,9,205450
7,7,174286
12,10,191087
18,17,233306
12,12,250927
17,17,219144
14,11,178853
20,18,213645
13,10,177585
12,12,211040
8,8,192052
16,15,198765
15,13,218307
16,15,188914
6,4,169489
10,9,194015
13,13,168819
14,13,196863
10,8,189692
11,9,174366
6,6,196626
16,15,214519
14,14,170143
15,15,165761
11,11,189375
11,11,191979
10,8,172086
13,13,211211
11,11,184996
12,11,206429
16,13,191874
13,11,209433
7,7,178314
16,15,197222
13,13,184435
18,16,204189
7,6,184194
10,10,205200
17,15,196396
10,8,183643
14,14,211629
14,13,193133
23,22,202527
10,8,199196
11,11,198553
14,13,220223
17,13,188445
12,11,198554
14,13,199307
17,17,205878
14,13,207920
11,8,164350
16,16,223056
8,8,201292
11,11,191987
19,19,197149
13,10,202152
10,10,228668
11,11,214474
11,10,197735
12,11,220463
11,9,176600
14,13,228088
16,15,203243
9,8,206250
13,10,176091
14,14,226532
10,10,183931
7,7,201787
17,17,182989
12,11,214154
6,6,160739
11,10,186193
8,7,197660
19,18,185346
11,9,173878
13,12,178759
12,11,200731
13,13,181268
13,13,215426
16,16,207138
11,11,204214
14,13,212849
16,14,202086
15,14,204794
15,14,206664
11,11,215342
4,4,195383
9,8,176899
17,16,194119
9,8,204527
11,8,202022
18,18,183842
12,11,191125
17,16,190734
16,16,207400
15,13,208352
12,11,182407
12,10,202702
11,10,191525
9,7,210521
9,9,224649
10,9,190211
16,13,179626
21,19,208112
12,11,183490
13,13,214256
15,14,192814
16,15,203800
10,9,188154
13,10,209599
9,9,179941
12,12,188053
12,11,202480
12,10,175224
17,16,238014
18,17,189257
14,12,164538
11,11,226233
22,18,235585
20,20,225892
10,10,217759
9,9,171103
14,13,198881
19,18,179600
13,12,207120
8,5,167121
11,11,215723
15,14,213100
16,14,197680
12,11,195199
13,11,160482
14,13,187598
17,16,207670
15,15,215908
10,10,203457
14,14,196328
12,10,194760
14,12,200105
16,14,224655
7,7,205004
10,9,210299
12,12,198745
12,11,219671
11,10,199013
16,15,186862
19,17,217844
16,15,209312
11,11,189451
14,12,168412
7,6,191711
8,8,222457
8,8,213658
11,10,180011
11,10,180057
12,12,154445
14,13,193947
12,11,226083
14,13,197042
12,11,190018
11,10,198205
12,12,219234
7,7,200619
8,7,171970
14,11,186906
14,14,186289
16,14,186480
15,14,176524
10,10,190506
10,10,181039
13,13,181130
14,13,227260
14,13,197576
5,5,171536
12,11,202315
8,8,194599
17,16,184164
13,12,187847
14,14,195986
10,9,198458
20,19,202752
21,17,220794
14,12,184064
19,18,202062
12,10,178143
10,9,206504
10,8,169552
10,10,231094
15,15,180910
12,9,204505
9,9,169645
14,11,186259
8,8,193009
12,11,207401
10,9,175203
15,15,193177
17,16,180075
8,7,187476
15,14,196570
14,13,194689
10,10,200502
11,11,202948
9,7,182834
13,10,205858
9,9,213352
11,11,186163
15,15,189993
16,13,172887
16,14,224467
17,16,209222
10,10,195858
16,13,193570
11,10,195250
22,19,235002
22,20,189561
18,15,184737
15,14,197292
11,9,157634
14,14,217248
10,10,194487
11,11,201571
18,15,199214
12,9,192408
8,8,198572
12,12,211465
10,8,173560
9,9,199573
6,6,192062
14,14,224188
15,15,196646
7,7,162763
18,18,202502
6,6,177564
13,10,192047
24,23,215969
19,18,214881
13,10,158775
12,11,182714
10,10,195036
11,9,189519
13,10,182570
10,10,199081
13,11,193600
15,15,189407
11,10,178807
14,13,235641
19,18,195757
15,12,203269
8,7,183595
17,15,217414
12,10,194803
13,12,212361
11,9,161287
15,14,190233
15,14,185923
9,8,204604
15,15,180059
8,8,183800
13,13,179593
10,8,148155
12,11,172778
7,7,186304
7,7,189818
16,15,236430
9,9,161785
14,11,198426
10,9,188484
13,10,209245
15,15,226434
8,7,170702
14,13,203784
11,9,216332
11,11,178733
10,8,184576
18,16,196690
17,16,211889
11,11,189574
9,8,184558
10,9,181103
16,16,208660
14,13,189201
10,10,187326
15,15,202312
18,15,206954
11,10,201559
11,10,187231
11,11,222699
9,8,200850
15,12,220596
12,12,198530
14,12,215134
11,10,186871
16,16,189963
20,19,179455
21,20,190413
13,12,183313
11,10,186485
11,10,179762
13,10,193379
10,8,162011
7,7,195148
7,7,188634
12,12,195496
19,16,224468
9,9,181797
11,9,202129
19,18,215776
17,15,187707
11,10,211849
11,11,188877
11,9,181307
17,15,191202
17,17,214151
14,14,198255
11,10,181440
13,13,221470
19,18,206912
17,17,202336
15,13,207046
13,11,200400
12,12,196773
21,20,203764
9,8,184426
21,20,201052
10,8,196142
11,11,188539
13,12,187555
7,4,208149
8,8,156644
15,14,216638
18,18,198577
18,17,198643
15,13,199127
23,21,231427
14,12,189087
15,14,214843
17,16,192148
18,15,186682
13,13,191017
16,14,210760
14,10,203933
16,15,184309
19,19,195543
8,7,205863
21,20,215830
14,14,170134
16,15,194677
12,11,193519
8,7,202721
10,10,186158
10,10,198409
12,11,209212
19,18,208065
16,15,204194
20,17,211136
14,14,204599
20,18,206166
8,8,178313
18,16,214942
8,8,182341
17,15,194776
19,17,191592
13,12,197622
18,18,222472
15,11,187193
10,9,187375
11,10,177086
16,14,247010
15,15,165109
19,17,232386
11,11,204759
15,15,197266
10,8,182342
12,12,191857
20,18,213468
17,16,212318
16,16,220561
11,11,195662
10,9,217907
12,11,219519
7,7,209590
8,6,178342
10,8,178207
10,10,198583
7,7,188023
11,11,185280
12,8,165550
16,16,178478
11,9,202100
21,17,198641
14,14,223985
13,12,162017
13,13,178981
18,18,187492
19,16,193609
17,16,171303
15,12,212523
11,10,197090
10,10,181235
17,17,180189
11,11,188487
14,11,175490
16,15,193873
11,11,217700
10,8,173549
16,15,192163
10,8,203093
19,18,202485
14,12,211603
15,11,225160
15,14,205190
13,12,195749
11,10,197778
6,5,199104
12,11,169022
11,11,202158
8,7,204556
14,12,175698
15,14,170324
17,16,213609
11,10,185688
17,16,181272
14,13,228999
8,6,178053
14,12,208276
15,12,203842
13,13,192505
11,9,196890
19,17,208993
23,18,212799
14,13,196695
14,13,204183
17,17,185552
20,20,213144
10,8,212609
11,11,217299
16,15,180238
19,18,199094
7,7,197518
7,6,180656
9,9,219319
12,11,197180
17,16,194495
16,15,197297
13,13,198659
11,10,222020
11,10,202017
8,7,179860
17,16,238555
12,9,191780
10,10,181612
15,15,219895
8,5,184334
17,15,187995
7,6,180682
13,11,174377
21,18,175923
15,13,179598
19,19,214945
19,16,216364
19,19,224974
11,10,184337
17,13,185618
5,5,213068
9,9,206544
15,14,252987
18,17,184025
14,14,189809
11,9,167028
8,7,214942
10,10,199640
9,8,184267
13,11,196864
13,12,186876
18,18,198743
16,15,180237
14,12,207092
10,9,190755
12,10,203482
12,11,156916
15,14,184025
9,9,191044
9,9,196345
11,10,202044
13,12,180469
9,8,203884
11,10,205073
14,12,180497
11,11,195098
12,12,209466
12,11,200369
11,9,171523
18,18,192568
11,9,200659
18,17,192190
13,13,195350
12,12,204166
13,13,193350
7,7,189730
20,18,203189
9,9,178254
6,6,199125
8,8,182327
10,8,206682
8,8,210406
15,13,186479
13,11,189801
16,15,202374
13,12,201160
20,18,185970
13,13,204942
15,11,201992
9,9,195855
16,16,231391
14,14,203421
18,18,189027
7,7,166116
19,19,225419
8,7,191371
17,16,210332
11,11,168340
11,11,191653
11,10,189200
13,12,157841
19,18,225412
10,9,188896
17,17,220137
7,7,189792
9,8,190256
17,17,178399
15,15,195116
13,12,219752
13,12,204460
11,10,224469
13,13,172736
11,11,202470
12,10,235603
16,15,168934
12,12,212617
14,13,196032
8,8,171298
18,18,190976
6,6,176616
13,12,197413
16,13,191536
10,8,205151
10,7,179651
18,16,219306
15,14,192490
17,16,186255
12,11,218943
12,11,185208
8,8,198962
16,14,243813
9,8,193057
10,9,180123
6,6,206692
15,14,167954
17,15,183876
9,9,192470
6,6,169822
14,14,179039
10,9,198757
9,9,214896
13,10,205722
18,16,184329
13,12,195526
16,12,207594
13,13,192467
11,8,175580
15,13,181291
14,14,178082
19,16,213834
8,8,204760
17,16,183733
9,9,212434
12,11,177726
5,5,181872
13,13,210096
13,12,213555
17,17,197073
13,13,185815
14,13,186369
11,11,183172
9,8,181517
16,16,181753
12,11,201169
12,12,199402
14,14,185304
12,10,186153
9,9,160775
15,12,199148
10,9,204223
9,8,170654
13,13,183881
14,11,197175
12,12,185630
19,17,228953
11,11,185979
14,13,192930
11,11,180637
14,12,208738
10,7,202343
14,14,209689
18,18,201748
18,13,198484
15,14,197159
14,14,230355
9,8,197526
18,16,179932
19,18,190776
11,11,206055
14,12,248985
11,10,194532
14,12,201334
16,16,184800
8,6,181894
18,16,207296
14,11,211035
10,7,185682
13,13,191718
12,12,211682
14,13,183013
12,12,208066
8,7,190746
13,12,237536
7,7,171234
17,16,199468
10,10,174747
16,15,193095
16,13,193246
12,12,173365
10,9,200085
16,16,191778
8,8,210168
11,11,177837
10,9,207088
9,8,207849
19,17,191869
15,15,194898
19,18,210842
11,10,193193
14,14,180210
12,12,204468
10,10,183206
15,14,168180
13,12,206743
12,10,186109
15,12,184920
11,8,196624
16,15,166574
18,17,228285
13,11,187044
7,7,179299
13,12,219013
14,14,199481
12,11,175449
16,16,198888
14,12,204202
17,13,190706
13,9,180976
21,20,197372
9,7,169491
15,14,201922
17,16,191345
17,15,233925
16,15,214648
11,10,167878
9,7,203298
12,12,187210
12,11,187433
6,6,196105
11,9,200319
20,18,231403
22,21,232017
13,12,195408
16,15,221512
11,10,197281
15,15,204212
13,11,187757
14,11,185555
16,15,226411
13,11,198673
13,12,200033
11,10,198252
14,14,195852
13,13,207499
8,8,175040
11,8,190865
16,12,208440
17,15,198515
16,14,194905
10,10,198134
12,12,206839
14,11,180383
16,14,202660
13,10,194599
12,12,193902
17,16,198877
15,12,210287
16,13,201834
18,16,190205
16,16,174288
16,15,188563
13,12,181457
13,11,190040
9,8,202808
14,14,197792
11,10,199655
16,15,180674
12,11,198431
8,8,193601
10,10,171874
16,14,190934
13,12,206497
16,16,170071
14,14,195000
12,9,178290
9,7,187265
6,6,182877
11,10,180714
11,11,204389
12,11,219797
10,8,170215
12,11,192712
11,11,213348
11,10,230540
17,16,192373
15,12,178064
12,12,191933
13,13,193500
12,12,201862
14,14,211961
11,10,204530
19,18,203383
8,6,182394
19,17,200113
12,11,216300
13,11,178062
14,14,184997
9,6,185047
18,17,193987
15,14,193605
11,11,206388
10,8,209266
8,7,152953
13,12,205199
14,13,184386
12,9,222654
10,8,187841
10,10,203614
9,9,181746
17,15,201892
11,11,210745
17,16,197391
13,9,219282
15,15,201024
8,6,170299
9,9,174395
15,15,211036
13,12,196552
17,15,214413
15,14,174508
14,14,188987
19,18,192107
12,11,179446
15,15,219052
10,10,184764
10,8,206823
16,15,202902
15,14,199710
17,14,190331
10,8,185746
12,11,188358
14,12,182696
8,7,174271
21,19,244562
8,7,215570
14,12,184747
10,9,205353
10,10,196276
15,13,190453
9,9,216115
20,19,210141
18,18,189567
10,9,210865
13,13,183991
12,11,200808
14,14,196909
13,12,207579
9,8,183155
11,9,203791
12,10,175311
14,12,215460
15,15,195379
5,5,207701
8,8,185294
9,8,191415
6,6,195069
9,5,206066
16,14,215395
14,8,201016
17,15,219148
11,11,211740
11,10,198308
17,17,228719
15,14,169754
7,7,180561
13,10,192226
14,11,181050
12,12,236598
18,18,172534
11,11,200030
11,10,205286
23,20,188746
13,12,210713
10,10,193093
14,13,203670
13,13,193082
19,18,189324
15,15,214959
17,14,179492
15,14,205320
12,12,200288
14,13,193120
15,13,192567
10,8,194196
15,14,200043
10,10,216019
10,9,174144
12,12,199518
12,12,198448
16,14,211863
12,10,177022
14,13,176410
19,18,209910
12,10,190806
23,18,212018
16,14,186665
12,11,179740
19,16,197095
11,11,197532
11,11,201089
14,13,214486
11,11,188605
9,9,174191
17,17,192340
13,13,199172
3,3,206862
9,8,174969
19,18,215312
15,14,212078
12,9,226375
15,14,209136
14,13,214256
15,14,208046
8,8,154451
9,8,200786
8,6,164939
11,10,178538
15,13,176992
16,16,188983
16,15,193788
20,18,199578
11,9,179993
10,9,203872
11,10,187501
10,9,198255
12,12,182487
12,12,191219
6,6,220653
15,15,207274
10,10,197110
9,8,200880
16,13,183342
11,10,178539
14,14,198344
12,8,194661
14,12,204586
9,7,211887
17,14,193118
11,10,207099
14,13,178292
14,14,196177
15,14,211123
18,16,206084
13,12,178810
10,9,189118
12,11,182809
19,19,210884
11,11,171789
11,10,199622
17,17,181167
11,11,183108
16,14,209952
18,17,192343
16,16,202781
11,10,217106
15,14,194222
18,18,180520
14,14,187385
11,10,176916
7,7,174144
15,14,207723
21,19,199545
9,7,209414
16,15,223197
14,13,190536
11,9,192466
6,4,192156
15,13,189524
8,7,183009
18,13,224730
15,13,191104
7,7,165391
20,19,216061
20,19,216261
18,17,203291
12,12,199449
13,11,212023
13,13,192378
17,16,183102
15,15,195329
19,19,197152
16,15,205009
12,10,180078
10,10,180794
16,14,216273
5,5,174824
17,15,195637
12,11,208758
12,12,175045
17,16,204120
9,8,212539
14,13,187092
11,10,183542
19,17,188928
20,18,178991
15,14,223640
14,12,195310
11,10,173334
12,11,202712
14,13,193678
17,17,197199
9,8,222471
14,14,192178
7,6,157246
13,12,174752
15,14,169083
9,8,176815
15,14,181640
8,7,171970
16,13,207986
16,16,203502
16,15,202011
18,17,227228
9,8,194054
15,14,201277
20,18,199298
20,18,237922
14,12,175862
19,18,196732
12,12,203354
12,12,198803
16,15,185409
12,12,190205
15,14,159921
12,11,209027
18,17,206756
10,9,193722
15,15,186050
6,5,180275
10,9,181866
13,11,212756
14,12,192887
10,10,202064
8,7,175617
17,14,211001
15,15,177426
21,15,184653
18,17,223102
14,13,217444
17,17,212432
11,11,184353
10,9,212943
13,11,183141
15,13,197800
18,18,204923
15,14,205187
6,4,196066
13,12,198482
18,18,200692
9,7,161900
10,10,164988
8,6,186918
11,9,198974
12,12,176926
10,9,195989
19,18,199652
11,10,209619
9,8,209929
13,10,190740
23,22,221287
14,12,186733
10,8,197033
8,6,191164
9,8,201282
8,8,201391
10,10,179726
15,12,233398
18,16,228280
10,10,204319
9,7,176330
14,14,216374
10,10,183269
13,11,186855
14,14,208753
12,11,224260
10,10,201913
9,9,197483
11,10,184910
8,8,187451
17,15,201733
14,13,186474
7,7,210481
11,11,199533
10,9,202083
15,11,224087
11,11,198236
13,11,184960
11,10,176174
13,11,176385
16,12,204996
13,12,204013
8,8,191987
9,7,182557
16,14,199515
13,11,191366
12,10,189261
11,10,193607
16,16,221639
12,10,202303
15,15,176532
17,13,197049
17,16,180513
6,5,196565
11,10,181532
9,9,210591
14,14,222681
8,7,173779
16,13,177858
16,13,213170
13,12,176547
13,11,208166
14,12,176872
12,11,189213
15,12,183164
12,12,171093
18,15,215422
14,14,192906
7,7,197632
13,12,161955
8,4,188755
9,9,202055
17,17,213247
14,13,193610
15,15,221381
9,9,188731
17,16,182906
16,12,182505
8,8,190093
17,16,185579
11,10,195404
13,12,200790
7,7,203510
16,14,221118
11,10,201608
12,12,200448
15,13,194764
5,4,183098
12,11,201535
12,11,173820
10,9,163196
19,19,176284
14,13,200089
13,13,203904
10,9,175305
5,5,199578
14,14,190114
9,9,197819
13,12,211283
14,11,194880
10,10,175017
14,13,198499
10,9,214102
14,13,193065
12,12,181271
13,11,177522
13,13,226120
8,7,188678
13,13,211644
12,12,177618
13,12,168195
10,9,245653
13,11,197180
16,14,190739
9,9,203141
15,14,182512
15,15,191401
12,11,220366
9,9,199022
15,15,220958
16,16,183096
12,12,210634
9,9,182631
9,8,203584
11,10,172572
10,9,183316
10,8,188079
15,13,169180
14,14,179550
9,8,201213
10,8,193145
15,14,194473
15,11,192699
13,13,207518
9,6,205260
13,13,197707
19,16,176179
20,20,201704
18,17,205964
16,15,206603
18,17,215614
11,11,183517
12,10,190129
14,11,197453
18,18,204047
12,10,200386
14,13,194658
26,25,219020
18,18,192736
11,10,216589
16,14,181811
14,12,207947
7,5,179994
10,10,208599
10,10,182538
14,11,179193
14,14,212210
11,10,202063
10,10,186725
14,14,195248
11,9,204524
14,14,187743
16,16,184431
10,10,194319
22,20,214708
8,8,207068
9,8,201189
13,12,189343
9,8,164610
17,16,184849
12,10,170103
8,7,199185
12,11,186188
19,17,207093
11,10,179938
12,12,223296
9,9,213611
10,10,198794
15,15,223128
7,7,212339
15,13,191417
10,10,187401
10,9,187661
11,10,185005
11,11,203616
16,15,191456
9,9,213390
9,7,183723
10,10,182433
14,12,191965
19,18,197529
10,8,177977
14,14,199551
20,17,186742
11,11,208423
15,14,198879
7,6,163134
15,14,208822
9,9,177062
16,15,183552
7,6,183659
11,10,184572
14,13,170904
12,11,211937
5,4,172470
10,9,201508
5,5,182496
14,12,182687
12,12,203314
18,17,195513
10,10,174240
11,9,170546
13,13,217204
12,8,194665
8,8,178851
13,10,175469
12,10,184868
7,6,182690
13,12,203436
18,17,203613
12,12,196601
7,7,189426
19,18,194012
18,16,186699
9,8,165053
11,11,208051
13,10,203304
18,18,248084
14,14,178395
10,9,183871
11,11,207736
10,8,183974
10,10,197392
12,12,218803
11,8,188239
8,8,196033
13,11,170213
11,10,197503
16,15,191335
11,11,193608
14,14,202497
12,11,202470
13,13,206001
15,14,185538
8,7,203155
11,11,190512
9,9,200193
15,15,197192
8,6,216751
12,11,165400
6,5,174738
9,8,174232
4,3,209849
15,14,213378
8,8,195594
20,18,191930
13,13,170663
13,12,193467
10,10,211548
8,8,201439
15,15,178155
10,10,214366
13,13,203686
10,10,184272
21,21,215379
13,10,186375
18,15,204733
16,15,185392
10,9,193053
26,23,207076
12,11,178308
7,7,234804
12,10,194073
12,11,204071
9,9,208152
6,5,169929
9,8,190183
14,14,197871
16,16,227843
27,26,223871
12,10,173314
6,5,187535
12,11,204941
15,15,173510
12,12,188243
9,9,208740
12,10,199800
22,20,196754
14,11,202322
16,13,193890
6,5,194030
16,16,202333
11,10,193324
11,10,185955
11,10,203443
13,12,210615
11,9,171649
14,14,180759
11,9,182502
9,7,164737
17,13,209940
15,15,182740
15,14,209044
12,12,188003
10,8,204357
10,9,198201
9,6,161127
14,11,208046
16,11,179563
9,8,180731
12,11,171445
13,13,221628
11,11,175279
14,14,205691
12,12,208154
12,8,200924
12,7,185391
9,9,179017
9,9,195979
16,14,195315
7,7,188074
17,17,218366
10,9,168498
10,10,185094
15,14,182743
13,12,177857
15,12,180395
8,8,197478
10,9,182209
11,8,179869
12,11,185488
19,16,196043
16,13,210840
10,6,179561
11,10,207122
14,14,216169
17,15,212752
11,10,184405
12,11,175338
7,6,190274
9,6,173938
14,14,181354
12,11,181941
14,13,213582
17,17,197974
13,13,196045
12,10,184010
17,17,198890
9,9,211669
9,6,220615
14,14,209250
10,8,189916
23,23,200743
12,11,201662
10,10,221638
13,11,177920
16,14,178423
14,13,184442
17,15,199992
11,9,199265
8,7,177611
15,13,190601
10,10,227215
13,11,198024
12,11,201487
17,17,206361
16,12,195435
15,15,191805
9,8,208652
10,10,202176
13,10,219164
15,13,230025
12,10,190075
13,12,189296
17,17,186290
13,13,217733
15,13,212352
14,13,196677
9,9,175952
10,10,174314
15,14,222669
13,12,186565
7,7,222618
11,11,177565
8,8,186843
6,5,160457
15,13,185336
8,8,185453
19,17,203391
17,15,212534
10,9,150305
16,15,205571
13,13,203158
11,11,211985
20,20,196178
16,16,193008
13,13,209845
6,6,167786
15,15,197872
12,11,183587
10,9,196707
8,8,206033
16,14,174891
17,17,179582
7,6,192804
15,14,211000
12,12,188711
14,13,192062
16,15,173428
18,15,198875
14,13,256375
21,20,216475
10,9,169160
14,13,232437
4,4,192520
11,11,167137
17,16,203607
8,7,218017
10,10,202218
21,19,192735
12,12,199812
19,19,201840
9,8,201939
13,13,183557
11,11,181885
19,18,192296
20,20,218639
12,12,196712
15,12,173252
16,16,221292
9,7,214282
11,10,187063
16,11,216688
11,7,171968
10,9,192231
11,10,206783
12,12,194645
12,11,204902
12,11,188442
14,14,201661
9,9,197507
15,15,207622
12,11,200805
12,9,209957
9,9,193037
17,14,204497
12,10,166889
14,13,190168
21,18,220924
19,18,194632
9,8,168878
23,23,203524
15,15,204788
8,6,196488
15,14,186606
14,13,197437
6,6,178664
9,8,203513
13,12,191276
13,12,190594
16,12,230866
11,9,203064
11,11,189004
12,12,222869
9,8,163394
13,11,184606
10,7,166642
14,14,210978
17,16,179915
11,10,203078
12,11,189371
16,14,217138
11,11,205943
15,14,192367
9,9,176079
9,9,187830
8,8,181645
21,21,221852
19,18,222606
17,15,201321
10,10,215854
9,8,189782
12,11,171048
13,12,202701
15,12,173310
12,12,180934
18,17,178766
16,15,188272
12,10,199483
6,6,170314
12,9,195512
11,11,185113
10,9,207576
13,10,193643
17,15,227762
12,12,192646
13,10,203929
9,8,168474
16,13,186602
13,9,215524
12,12,234736
22,22,215530
16,15,204822
10,9,193298
10,9,191490
14,14,188235
14,14,169199
14,13,198935
14,13,175404
7,6,203399
10,9,192316
16,15,224929
16,13,183796
16,15,199258
9,8,210673
19,17,204259
8,6,187385
12,9,198501
10,10,197583
6,6,179322
9,8,210961
20,18,205700
9,9,218830
7,4,199619
12,11,192110
12,10,195715
14,14,165805
16,13,183589
7,7,162600
25,23,207380
8,8,182043
14,14,217162
16,15,210822
10,10,187430
7,6,227730
12,9,217893
13,13,176063
23,23,200681
12,12,209108
18,17,197249
14,14,187647
7,7,183067
7,5,187404
12,10,178072
9,9,207996
6,6,222293
16,14,177061
13,11,202419
7,5,187609
10,9,164329
8,5,191037
18,17,208406
7,6,189439
7,7,185161
9,8,181461
15,11,200591
11,10,210363
4,4,205555
16,15,210405
9,7,209724
11,11,198842
10,10,173283
12,12,192534
13,13,185266
17,14,149036
17,13,208356
10,9,160941
15,12,189659
8,8,172232
9,8,194297
16,16,211669
22,20,220726
16,14,208113
20,18,239303
13,12,214924
10,10,192571
16,16,197714
12,12,198056
21,21,239081
18,18,207018
13,13,190658
10,10,199000
9,9,207041
19,19,209351
17,15,194397
10,8,194605
19,19,172382
24,22,223844
23,23,198129
15,13,199406
13,11,215317
17,17,188015
16,15,195529
14,14,195687
16,13,200628
8,7,206078
14,14,192489
10,10,160316
14,14,194299
10,7,189238
17,15,191976
14,14,206600
10,9,194306
11,11,196909
11,9,181820
10,7,200726
12,10,197048
11,11,174245
20,19,218374
16,15,201955
11,10,188756
8,8,195855
14,13,188189
16,14,211962
15,14,187017
12,12,177832
15,12,195382
9,7,174031
14,14,224054
14,13,193688
12,12,201414
14,12,177829
9,8,203833
16,15,191199
9,6,195018
10,10,195511
15,15,210835
21,14,202835
10,10,162114
5,4,202998
13,11,190432
8,6,195896
15,14,215053
21,21,226881
12,12,195667
9,8,210236
12,11,183191
9,9,206813
20,19,163864
12,11,213807
15,12,182132
19,16,191724
18,17,189079
16,13,201775
6,6,181203
20,19,215845
14,13,194149
15,15,212038
10,10,180735
5,4,181809
10,10,246738
15,15,201636
13,12,213966
15,15,223026
13,12,186266
9,8,206555
14,14,204939
14,12,204477
11,11,198286
14,13,205084
10,10,201468
13,13,197889
13,12,180981
12,11,177530
19,18,196784
18,17,220852
19,18,186793
13,11,193443
10,10,181790
18,17,203003
13,12,227688
16,15,186958
14,14,177513
7,6,213352
12,12,191193
17,15,197148
10,10,180405
13,13,198272
9,9,198505
19,17,210712
9,9,198366
5,5,202213
11,9,167812
19,17,205132
12,8,210308
12,12,203636
17,16,223134
9,8,176611
11,9,195386
16,14,214747
9,9,214481
14,13,199750
13,13,208979
14,13,209732
14,13,232715
12,9,192791
13,12,223002
13,13,196867
21,19,213919
15,12,206109
21,20,167609
13,13,181352
20,19,234953
13,10,190039
15,13,189888
17,15,188721
16,13,190286
16,16,209654
17,16,224957
9,8,183109
14,14,193810
8,8,177459
9,6,178862
11,10,189248
17,16,198185
5,4,192334
14,13,170575
13,13,186628
14,14,213656
22,22,199338
4,4,155979
15,15,193314
12,12,204412
17,14,205501
18,17,209905
8,8,183498
16,15,188274
12,11,196691
9,9,193568
12,12,211317
17,16,206195
12,9,209157
12,12,246878
17,16,232542
8,8,176982
9,8,200900
14,14,206345
12,10,197231
15,15,225296
15,14,203161
14,13,225134
8,7,180123
11,10,206639
13,12,188450
20,18,192655
8,8,201524
10,9,217330
14,13,190663
11,10,183285
10,10,188749
10,10,204286
9,9,198978
13,13,212911
15,13,153192
17,16,232115
13,12,192622
17,17,245318
14,14,179371
11,9,173849
16,15,175854
14,12,200303
18,18,202160
21,18,199649
11,11,196527
13,13,212393
17,17,210342
9,8,214249
24,21,184405
17,17,204340
9,8,189786
20,19,188320
23,22,199438
13,13,222539
16,15,204771
13,10,201442
11,10,188675
9,9,194059
13,12,193271
6,6,195825
14,14,212818
13,13,182472
10,10,174996
16,15,177379
5,5,200409
18,18,212727
9,7,220217
15,13,207322
17,17,197223
19,18,202748
15,14,192074
20,19,213907
13,13,202041
15,14,211565
12,10,223253
17,14,184073
8,7,192619
8,7,170151
16,14,201173
6,6,207266
11,10,201184
11,9,191149
17,16,200870
13,13,160523
10,9,209337
10,9,199741
14,11,195093
15,13,184920
19,18,192469
10,10,186282
19,18,187265
11,10,193136
13,13,179592
8,6,214438
12,11,171994
9,9,226055
15,15,211454
12,12,189511
19,19,213784
6,5,198770
11,11,209237
10,8,179663
16,15,206922
16,15,194517
19,17,203773
13,10,205076
6,6,152735
9,8,190284
17,14,208160
16,14,194381
8,7,202259
16,13,189846
11,11,182346
17,15,170075
29,27,216588
10,7,205059
11,11,213463
16,15,217310
14,12,188580
11,10,192254
8,8,206827
12,12,196636
9,8,178964
9,8,201344
13,13,188000
5,4,180558
6,6,194000
14,13,206346
17,15,202860
17,17,190705
9,9,192932
14,14,179409
14,13,217694
13,12,208013
11,11,181563
12,9,205753
8,7,172833
14,14,230921
15,15,207333
15,15,215050
12,9,204661
20,17,221739
13,13,190978
15,12,202291
17,16,175830
11,10,172192
12,11,194301
10,10,184528
14,12,219410
20,18,211881
10,9,194466
9,8,165246
10,10,200934
18,17,205808
10,9,198417
8,7,215303
13,12,189865
16,15,184838
14,13,188389
15,15,193126
13,11,165723
14,13,186710
15,15,207643
13,12,203223
12,12,175529
13,13,202017
15,15,188540
6,6,163744
23,21,191595
15,15,201428
9,9,178407
12,11,197047
7,6,167708
9,9,193913
17,17,192318
11,10,190658
14,14,212308
12,10,179093
8,8,174622
14,11,166179
13,11,184317
14,10,220840
11,10,179700
18,15,191395
10,10,188910
11,11,167380
9,8,180410
15,15,213388
15,15,179208
17,14,196807
17,14,183215
11,11,173442
9,9,177461
10,7,210933
14,13,203754
7,7,189343
20,18,214461
12,12,199572
14,13,223548
15,15,200788
12,12,208580
13,13,208082
14,13,205255
13,12,185166
12,11,231486
14,14,207927
9,7,213112
10,10,192781
12,12,208584
8,8,174199
15,14,211503
13,12,176306
17,14,193067
16,16,216225
16,13,222735
17,15,200079
15,14,208408
9,8,178741
13,12,198555
16,13,171273
17,17,205301
13,12,178321
14,13,217071
12,10,200410
14,13,201265
17,15,224094
10,9,211388
12,10,173137
11,9,181292
13,13,198886
8,8,201616
12,12,209138
13,13,171519
16,14,215041
6,5,160785
17,16,202723
12,12,194838
17,17,213368
12,12,185216
15,14,220657
9,9,155753
14,13,192643
19,18,201604
15,14,185696
20,16,197986
17,16,184476
6,5,192922
18,18,203343
12,10,192034
16,16,208607
14,13,174452
16,14,213419
14,13,221026
15,14,194668
14,12,189339
18,18,196551
10,10,205084
13,10,180737
12,11,209521
15,14,196074
4,4,207998
16,15,180724
14,14,201436
11,10,180424
9,9,183919
9,8,172962
13,10,188203
12,10,178261
9,8,189939
18,18,177446
8,8,178133
17,15,205883
15,14,217400
17,17,199916
13,12,208710
4,3,183155
10,10,234158
7,6,210985
17,15,192507
18,17,201823
18,16,201958
7,6,168602
13,12,218995
16,16,225086
11,9,190255
14,13,235658
11,11,191721
10,10,191417
7,7,174661
12,11,195163
13,13,214769
11,9,200897
18,17,210808
13,13,207773
9,9,178710
12,11,188411
8,8,225237
11,10,187113
6,4,185307
17,16,197637
15,15,196862
16,16,190646
15,13,195017
15,14,181272
10,7,199188
11,11,178884
10,10,176536
13,13,196754
10,10,197277
20,19,197010
16,13,199248
12,9,190111
10,8,224345
17,16,173197
21,20,220046
13,13,201990
14,12,197284
11,8,207172
9,9,212640
14,13,160600
13,13,189835
12,12,241649
12,11,190918
14,14,206226
18,18,191725
8,6,174459
23,22,197463
13,13,211941
18,18,241443
13,13,197538
16,14,199400
16,15,184176
15,15,177264
11,8,158042
13,12,226617
11,11,184519
13,13,204080
12,12,184071
12,12,197673
19,19,214816
16,16,195826
17,16,190111
13,13,187589
7,7,192569
12,10,196025
8,7,186144
15,14,174330
12,8,197463
21,19,207739
9,9,176190
10,8,181488
9,9,174407
23,22,189817
23,23,238436
12,12,194567
16,15,180644
12,11,191780
14,13,213355
13,12,194901
10,8,197065
11,11,210814
11,10,169094
9,7,195725
12,10,188156
9,7,204209
17,16,194782
14,14,178300
15,13,201865
13,12,209737
18,17,221414
21,20,225716
15,15,219961
16,15,201651
10,9,206516
11,10,208906
11,10,165039
10,10,198540
15,15,242181
17,16,195468
20,19,222478
13,12,186125
11,10,218588
12,10,208006
8,8,203376
9,8,193609
9,9,172735
18,15,186467
11,11,187378
9,8,204292
11,10,176754
13,13,232885
15,14,215228
19,19,231206
7,7,179037
14,12,194510
14,11,203584
14,14,200829
20,16,190413
18,15,223137
15,15,220015
13,12,236876
14,12,192125
11,10,192375
14,14,207610
11,10,194924
15,15,181441
9,9,221065
13,13,181976
13,10,190597
13,13,215155
14,13,202977
7,6,181387
16,13,199594
11,11,195663
13,12,205569
8,7,202096
10,9,177350
12,11,190210
12,11,191268
15,15,186848
5,5,185327
14,13,180241
11,10,186256
18,18,202920
14,13,205291
12,9,184101
15,15,184218
12,11,205623
12,9,204222
11,11,212817
10,10,182711
16,15,196961
19,18,217828
8,5,168698
9,9,223699
14,12,205101
9,9,183348
18,15,180828
18,18,189575
16,15,186537
14,13,201581
14,12,204010
11,10,217510
12,11,172367
18,18,199426
12,10,182851
14,14,207239
15,15,224120
14,14,213661
10,9,225050
6,5,194576
12,10,183395
12,11,194284
14,14,196601
10,9,201092
12,11,212217
12,12,218797
9,9,194752
11,9,193798
13,13,175329
11,10,230028
14,13,218350
19,18,163776
8,8,197630
16,15,198618
15,14,207806
12,11,198380
15,15,220745
16,15,234703
10,9,194620
23,19,214436
12,9,191865
17,17,194249
11,9,210453
14,13,206698
16,16,192709
11,11,189234
10,10,189802
13,13,192589
7,7,182531
19,15,207145
9,8,203488
16,14,175240
10,9,152156
9,8,164909
16,14,190120
11,11,169824
10,8,194509
8,8,190203
13,13,205956
12,11,230258
17,16,197702
14,12,215577
13,13,207146
6,6,183319
12,12,185400
14,14,190233
10,10,189090
12,12,212794
15,15,157126
18,16,201384
15,15,199072
14,13,188311
12,11,204746
12,11,185256
10,10,179587
14,13,210956
15,15,188421
17,17,218597
17,14,180568
8,8,186629
8,7,162728
9,8,208966
12,12,189786
19,17,177083
11,11,199585
20,19,184402
15,14,200236
12,12,179212
15,14,204995
15,14,204176
11,11,185815
17,15,215067
12,10,222985
12,11,198096
6,5,163120
9,9,209817
11,11,175981
14,13,198607
3,3,140006
16,14,193078
19,18,204185
17,15,187579
18,17,211382
17,15,180463
18,16,216447
17,15,197711
15,13,171964
17,15,180883
12,12,186506
13,10,197552
16,14,214278
9,8,210471
14,12,221288
17,15,222998
7,6,207753
12,11,196371
10,10,166636
11,9,199695
17,14,196097
12,11,187980
9,7,191437
10,8,183122
16,15,214147
16,13,206854
10,10,219127
16,15,189630
16,16,211140
14,13,215273
9,9,176820
11,11,178597
11,10,192553
14,14,197596
14,13,216608
26,25,187397
18,16,201997
15,14,203014
21,17,219368
11,11,197209
8,7,155917
20,18,238143
13,12,166256
13,12,198948
17,17,197777
10,9,182198
18,14,198058
14,13,192747
7,6,181697
8,7,178184
9,8,173738
17,16,190153
15,12,190665
14,13,191584
17,15,216346
12,11,213692
14,12,209312
12,12,201979
12,10,227192
18,17,203330
12,12,184551
13,12,195917
12,11,183435
11,10,220365
16,15,208444
17,16,211230
14,14,172984
17,17,192480
7,7,175208
13,11,192085
9,9,204783
15,15,196788
12,12,187001
12,12,172444
12,12,197767
12,11,169401
9,9,170769
9,9,185336
17,16,196894
21,21,189653
12,12,229932
16,16,206252
9,9,177400
11,10,192568
12,12,171384
6,6,178830
12,11,189869
11,9,232866
17,15,210096
11,11,200028
14,12,173540
13,12,165599
11,9,170622
13,12,184133
13,13,204377
13,12,198195
10,10,218474
17,17,207228
15,12,217012
17,16,185399
22,18,198306
13,11,182244
8,7,187897
18,14,187254
14,14,201969
13,11,209220
12,12,184120
9,7,174608
9,8,190765
18,18,186877
10,8,175003
17,16,217950
10,9,200860
11,9,189138
16,14,197856
11,10,204867
14,13,190749
18,17,224454
16,15,156866
18,15,205477
15,14,203014
16,16,222413
10,7,185506
14,12,215645
13,12,195890
14,14,204786
13,11,198756
18,15,196405
24,21,180637
11,11,210805
10,8,193002
9,8,188105
16,12,184107
12,11,186546
12,10,187728
19,18,217454
18,15,201142
9,9,177749
11,10,215720
12,12,209485
5,5,195006
15,14,198068
17,16,201902
15,14,184121
10,9,185505
13,13,202511
15,15,219801
14,13,210232
8,8,157345
13,11,168670
17,16,186423
14,12,203116
16,13,208656
12,11,201754
10,8,198846
15,14,216073
9,8,190276
11,11,193280
11,11,203277
11,11,198313
17,16,247706
10,9,165650
14,13,183887
7,7,205993
10,9,195464
6,4,188902
7,7,154923
11,9,191212
16,14,187618
12,10,200709
10,10,188123
13,13,211037
16,16,201253
20,17,189413
12,10,191036
10,10,178913
19,18,183489
11,11,205442
22,19,203265
16,15,211769
8,6,197759
15,14,188580
15,15,217439
10,10,175295
13,12,204166
20,20,234722
8,8,195865
12,12,188922
12,11,181708
11,11,170468
13,12,181520
14,12,193610
11,11,196340
13,10,199413
12,12,190589
14,12,203482
11,10,206147
8,6,195891
10,9,175287
14,14,187738
11,10,209891
11,10,199884
14,14,200735
9,7,220797
13,12,182823
16,14,177697
11,9,161207
13,12,230370
16,15,189676
22,21,214353
14,14,195517
13,12,205852
15,15,195092
10,9,170853
19,18,235297
5,3,199409
14,14,174239
10,8,201092
10,7,202016
19,18,221594
14,12,182562
15,12,171798
13,12,193698
6,6,210002
16,12,226084
9,8,192215
12,12,180310
9,7,201977
12,11,191164
6,6,201614
13,9,196522
12,12,233741
12,11,195954
17,17,208384
10,9,207021
8,7,181688
15,15,181803
11,9,193142
19,12,184605
16,12,195254
13,12,197723
12,12,190781
7,6,191124
18,17,193439
10,8,178243
14,14,192210
23,21,203124
9,8,183245
17,16,185106
10,10,192213
5,4,180508
14,13,183377
8,7,167250
14,11,193509
13,11,204228
11,9,203721
11,9,217841
17,12,199482
15,13,189540
18,16,217490
14,12,182558
6,6,157312
9,9,199648
6,6,172269
10,9,192580
10,9,183929
13,12,206493
12,12,215852
6,6,165225
15,12,196075
12,11,184735
7,5,197675
13,11,176852
14,13,215078
18,16,200664
27,26,202408
6,4,179141
11,11,215515
18,17,206165
7,5,187962
18,16,205584
12,11,201742
13,13,209477
13,12,187776
11,11,207693
14,13,203915
8,8,211365
16,16,215342
18,16,191003
11,10,192351
15,15,179736
15,15,203256
11,11,196855
14,13,198871
12,11,225030
16,15,183698
15,15,201511
11,11,151605
11,10,179894
17,17,208727
18,16,187138
14,13,205586
19,18,213978
17,15,191556
18,18,173513
11,9,202615
18,16,209790
17,13,172476
10,10,186875
12,12,227022
9,8,203508
19,17,197650
13,13,211813
13,13,184338
13,12,205628
15,15,188866
10,10,179859
19,17,197798
16,16,205577
14,13,184184
15,14,201847
16,14,188714
13,13,169491
8,8,199838
11,9,196415
15,12,195090
15,15,197159
15,13,201452
18,15,196276
12,11,205433
10,10,180714
16,14,164834
18,16,187234
11,10,180230
14,14,180727
8,6,189768
12,12,202012
14,12,179380
13,12,189630
10,9,195300
8,7,202672
13,13,199991
14,14,188141
9,9,165495
6,5,189872
13,12,177478
8,8,211995
18,18,203045
16,13,226703
13,12,197797
9,9,178239
12,10,176230
16,14,205356
12,11,225097
15,14,180211
12,12,198888
13,12,184042
9,7,202768
11,11,208809
6,3,178582
9,9,162711
13,13,193401
16,14,209702
12,9,208420
10,8,201671
11,11,194269
6,5,211496
16,16,205277
14,12,184869
13,13,189426
8,8,194067
19,17,221059
12,10,192754
9,9,185330
9,8,223036
15,13,203686
26,25,196628
11,8,174758
17,15,236838
11,10,178802
19,16,226164
5,5,178183
8,8,188050
11,8,182016
12,10,205709
20,18,187273
11,10,190677
21,19,200621
5,5,178394
12,11,186986
10,9,194122
15,14,188027
14,13,197900
14,13,205478
15,15,172657
12,11,207807
14,13,185523
21,17,201281
12,11,192500
14,13,200565
18,16,202868
17,15,187983
12,11,193520
16,14,196422
12,10,204342
20,18,214622
20,19,177019
9,9,208469
17,14,224811
15,13,210067
17,16,184041
14,12,192556
13,12,181387
13,13,203405
7,7,179230
15,14,199564
14,13,206046
13,12,189118
14,12,205390
16,15,179145
11,11,188901
18,18,195998
25,21,194194
9,9,224662
29,27,241959
20,19,205358
18,16,220542
22,19,228017
16,16,203773
13,12,203556
17,16,208628
26,25,210269
17,17,210389
11,9,207572
10,10,178602
16,14,198177
25,22,198404
7,7,178539
19,16,193259
13,13,237904
12,11,257270
13,13,181267
9,9,190390
13,13,225940
11,11,195935
15,15,194312
12,11,197231
11,10,205239
15,14,208176
16,13,197308
10,10,204103
23,21,216721
9,9,197747
15,14,169501
19,18,223702
12,11,215469
10,9,190081
16,15,182525
17,15,214199
25,22,203266
9,9,205103
16,15,182249
13,12,195159
11,11,176409
12,11,173318
11,11,177747
12,10,197922
10,9,214170
14,14,214462
15,15,202514
7,7,173726
10,10,177632
8,6,179426
18,15,205888
17,14,231091
14,13,193121
13,9,218501
8,8,207655
8,7,194980
10,10,182732
12,12,182457
13,13,198404
14,12,197032
12,10,190784
12,11,182066
9,7,165285
14,10,200763
17,16,217385
15,14,193542
18,17,226470
14,12,168196
13,13,187840
13,12,200429
16,16,201950
9,9,159165
10,9,209098
15,14,183968
5,5,199386
14,13,168360
18,17,204896
17,16,209611
15,15,173276
9,9,171871
10,9,199827
9,9,181490
13,10,179026
16,15,210712
14,14,217426
13,13,187903
14,13,202235
13,12,211853
13,13,189046
11,11,193932
14,13,190566
15,14,220652
8,8,191277
9,9,184275
16,16,193255
17,15,197312
8,8,166275
11,11,195692
12,11,205320
13,13,200095
13,11,180707
7,7,180249
12,11,191855
13,13,197967
14,14,199090
17,15,170031
12,10,192357
14,13,223712
12,12,198958
13,12,155847
10,10,195567
19,19,223345
15,14,177613
11,9,180659
12,12,199487
10,9,168140
10,10,178758
16,16,201933
12,12,151326
17,16,189652
18,15,218367
11,10,165009
14,13,194495
6,6,190874
12,11,186036
16,14,177563
16,15,209293
11,11,174539
9,8,174855
16,15,190338
15,12,201195
17,16,184533
12,8,180860
14,14,208355
20,19,188525
15,14,197015
14,13,209759
17,16,205835
8,8,188156
15,13,192833
13,10,219016
10,10,195143
12,11,191046
13,11,204950
14,13,192827
11,11,191536
18,17,219389
12,11,233417
12,11,176553
16,15,194422
11,10,208192
19,17,227529
18,18,236045
3,2,183805
9,8,193284
9,9,205518
10,10,199016
13,11,194833
10,9,183842
22,21,174435
11,10,181498
9,9,204293
14,10,172780
14,13,203368
13,13,215075
16,16,208228
10,9,195735
9,8,226031
5,3,174912
16,14,165026
8,6,208955
12,12,202476
9,9,230671
16,13,216808
12,11,181419
12,11,183769
8,7,183557
9,9,187610
13,11,194310
11,11,205274
13,11,186035
8,7,198274
19,17,221837
16,16,211755
5,5,203329
16,15,179019
14,13,193716
12,10,195738
12,12,166110
12,11,185903
9,9,186775
13,12,199216
7,7,179393
12,12,193430
12,11,224039
14,14,220191
19,19,207216
16,11,181335
18,18,190186
7,6,198653
9,8,192658
10,8,197566
14,13,196247
15,13,214655
14,12,179196
15,11,199556
18,18,210829
12,12,223855
12,11,196174
15,14,183558
9,9,189846
10,8,195018
10,8,197980
15,15,197483
12,12,173278
17,16,193598
12,11,187528
19,17,210003
20,19,175101
9,8,171283
6,4,165959
15,14,182941
16,15,225613
6,5,170949
22,19,196153
14,11,222176
9,8,158411
26,24,197452
11,11,201099
14,12,208927
15,15,184382
18,18,215316
17,16,177910
9,8,207957
17,17,202181
14,10,227356
8,8,172755
12,11,207901
16,14,188588
9,7,196822
10,9,187880
11,10,189489
17,15,198269
9,9,186869
20,17,222098
9,9,194547
11,10,214303
18,15,193967
13,11,189702
15,15,205310
15,13,184585
14,12,205818
13,13,218855
14,14,205566
15,14,174273
12,10,196110
9,7,213503
6,6,175001
14,12,199862
13,12,198516
14,13,214269
13,11,192609
13,12,206421
19,16,193932
9,9,199738
13,13,199185
11,11,179952
12,12,205866
11,10,229760
21,20,212173
14,13,190614
11,11,185255
15,14,193326
16,15,226922
19,18,173163
15,12,207634
15,15,169303
10,9,176206
14,14,178892
6,6,175702
14,12,194928
13,10,180349
16,15,184345
8,6,198499
8,8,192475
13,11,194163
25,23,209760
15,15,185319
9,7,203519
5,4,162879
13,13,184669
11,10,213342
10,10,195607
15,15,178198
13,12,211617
14,12,214202
16,15,195784
19,18,218407
12,12,189103
17,16,194710
18,15,210741
8,7,184930
12,11,186810
11,8,212867
8,8,203535
17,17,230903
14,12,193678
17,14,215360
16,15,229950
11,10,189985
16,15,223817
17,17,213413
15,13,222199
12,12,215620
13,13,182879
15,15,221481
16,14,204230
11,11,230830
13,12,205520
17,16,205222
15,15,188696
11,11,176471
13,13,181642
13,13,176805
12,11,213938
6,6,171707
8,7,187998
15,11,200030
14,12,200191
15,12,226775
15,15,213385
11,11,240558
11,10,187641
18,16,209421
12,11,211187
15,14,207967
14,12,183066
16,15,209570
10,9,199922
12,10,212265
7,7,197164
13,12,163170
8,7,188796
13,13,229553
15,14,213616
12,11,182217
9,7,194401
12,11,217640
9,9,208398
15,14,217326
17,17,202690
11,10,182070
19,18,220850
6,5,201130
12,12,184141
13,13,220307
16,16,195153
11,11,203075
16,15,227977
12,12,179921
17,15,171062
18,15,216166
11,10,203561
8,6,182674
13,11,183264
9,8,173365
9,9,177302
11,11,160284
9,9,203034
10,8,171023
16,14,201626
24,21,226632
9,9,169142
10,9,216639
12,12,212125
15,15,196203
16,15,202361
10,10,200388
11,10,191284
13,12,190824
7,7,200984
9,9,185308
17,16,195157
13,13,209222
15,14,193353
11,11,185179
10,8,171536
11,10,200161
16,15,217391
9,8,198201
9,9,198526
14,12,213045
7,7,175987
16,15,190524
19,16,207573
5,5,214159
17,17,223269
20,19,207906
12,11,187829
16,15,192116
21,19,192630
5,5,175244
12,12,206493
12,12,191762
15,14,199285
16,14,209103
11,9,189634
15,13,199485
12,10,184433
12,11,218348
12,10,182038
21,21,217888
7,6,190750
18,15,204885
10,8,201282
17,16,186367
14,13,178877
9,8,184321
14,13,194175
18,16,217854
15,13,232202
9,9,177562
10,9,223117
11,11,232274
11,10,176677
9,9,195257
16,14,220346
15,14,193081
12,12,202554
8,7,188147
8,8,187700
16,15,222310
8,7,203804
15,12,189355
13,13,189466
11,11,200052
14,13,194047
8,7,176891
13,12,204338
9,9,195426
15,13,217984
14,13,190976
20,18,195998
16,16,204435
10,10,186797
15,14,184325
10,10,164294
16,16,194283
10,8,184792
11,10,208721
16,14,206625
16,16,194282
12,11,184796
12,12,192923
17,15,207350
16,15,204367
14,12,217663
7,6,170246
16,16,212656
14,13,179760
15,15,188409
13,11,172067
13,13,177567
13,12,168110
7,6,197470
15,13,199806
6,6,204578
8,8,198849
8,7,198105
11,11,203047
10,10,192032
2,2,178614
15,15,189295
14,12,217801
11,11,190521
26,23,182729
11,10,179010
14,13,178040
11,9,194378
8,6,186394
14,14,196703
10,10,180626
6,6,171212
12,12,173521
12,11,176609
11,11,191592
19,18,232798
14,13,208865
15,14,187333
9,9,183182
9,9,207219
15,13,214328
11,9,189539
21,21,223830
18,18,214283
13,11,217238
15,13,260317
14,14,193955
9,8,185265
18,16,183936
10,10,198276
11,10,220412
10,9,187699
13,12,225710
19,18,203029
12,12,220272
8,6,201873
14,10,181667
15,14,227430
18,18,231284
18,18,194979
19,17,190732
12,10,221320
6,5,191905
11,11,236190
9,9,184311
14,12,199056
11,11,185797
14,13,207580
9,9,211609
11,9,186284
23,22,219302
21,17,198495
10,8,191577
17,15,195989
9,8,196779
14,11,175557
19,16,186855
19,19,200425
17,16,189979
13,13,182017
13,13,189845
18,15,199332
17,16,223993
11,9,193734
14,13,203261
20,16,199732
16,15,194805
18,18,183139
11,11,196935
15,15,183555
15,15,204644
13,12,203786
11,11,166808
13,11,190629
9,6,199375
10,9,197239
13,11,182990
17,15,224887
13,11,194901
13,13,219758
12,11,212803
14,13,213066
10,9,178064
11,9,203348
15,12,180791
8,8,194318
19,18,200564
14,13,202422
6,5,221702
16,14,201276
14,11,188906
17,16,185158
17,16,175148
15,14,218481
15,13,178670
14,13,204059
12,10,174902
14,14,239262
12,11,229398
15,13,208478
13,10,197328
9,8,172349
13,11,219282
8,8,185082
13,12,210126
20,19,179507
11,10,206522
6,6,187781
11,10,168642
20,16,218948
15,14,201574
2,2,194768
11,9,196588
16,16,199697
14,13,196407
5,5,185626
15,14,182778
11,11,191890
7,6,183714
17,15,236220
18,16,226867
18,17,185498
14,13,182199
18,18,216431
6,6,200587
11,11,186446
16,16,210446
9,8,185550
17,15,205328
7,6,200871
13,13,219588
11,10,198831
20,18,203084
10,8,195350
8,8,187033
14,14,188567
17,14,200586
10,10,189101
14,13,208350
15,13,190807
11,9,185095
13,12,221354
22,21,198825
6,5,179718
4,3,167513
14,13,188689
16,16,186852
12,12,213534
12,10,181076
14,13,199431
14,13,186512
16,13,176515
15,14,213179
16,15,209378
11,10,196936
22,22,215448
7,7,197689
12,11,195892
14,12,167675
17,16,227680
12,11,195209
11,10,214950
11,11,202509
11,11,205813
16,14,194538
6,3,181367
13,9,188760
13,12,209608
19,18,197349
11,11,189479
12,11,186038
15,14,185205
12,11,189221
18,16,180409
18,15,193855
12,11,221257
9,9,177355
10,9,183644
10,9,213976
16,15,199737
16,14,207701
15,14,204110
14,12,231433
11,10,198182
7,6,162645
17,16,191140
8,7,197430
10,10,208844
13,11,206024
15,14,204393
19,19,193122
13,12,206233
19,16,189297
23,22,202297
15,15,195280
16,13,212454
27,27,185398
12,10,205252
18,17,172931
16,15,227348
11,11,212294
17,14,215476
11,9,165912
15,12,193165
15,13,174637
11,10,215244
7,7,217121
14,13,202621
7,6,159478
14,12,199105
8,8,214115
8,8,203511
12,11,203892
12,11,195226
14,14,197017
16,15,204788
11,10,196666
18,18,245193
13,13,221908
17,12,217733
16,15,209542
12,12,174485
15,15,200279
9,8,194584
17,16,220212
11,11,200520
9,9,202895
13,12,216656
13,13,199332
16,14,183438
12,12,188117
10,7,203451
10,8,175697
14,12,192709
12,10,201990
8,7,149974
18,17,201120
21,17,203325
12,12,177908
14,13,181707
14,14,186069
20,18,205164
16,15,192648
15,13,202247
15,14,211955
11,9,186186
15,12,199444
11,9,179040
16,14,188314
10,10,173133
16,16,210627
13,12,153120
12,12,198082
7,7,181921
16,16,203182
7,6,175309
13,13,231275
18,17,169702
16,15,192147
22,19,212207
11,10,243273
11,10,179813
7,6,196296
14,13,198120
7,7,189771
18,17,186842
8,8,207066
12,11,182922
17,17,218023
16,16,227542
17,17,183387
13,13,203226
21,21,225057
16,15,219644
21,19,202815
21,20,189207
11,11,225564
11,11,208254
16,15,192971
12,10,193681
15,14,212125
15,13,184183
10,10,188255
11,11,205886
14,12,202330
8,7,186215
12,10,174121
14,14,167060
12,11,189420
18,16,215455
21,18,193095
14,12,187267
8,8,172357
9,8,190018
11,10,185532
10,10,181532
9,9,185562
9,6,211378
10,9,184570
17,16,213949
12,12,208589
19,19,222457
13,13,197231
14,13,201287
11,9,198838
20,20,213024
10,9,181115
10,10,183511
9,8,184757
18,17,200277
14,12,189685
11,11,212897
16,14,212130
14,13,193704
16,15,189415
14,14,214621
12,9,210850
12,12,191889
19,17,200892
12,11,200854
17,15,188178
11,9,217579
16,16,209894
14,12,204056
23,20,214473
16,14,195534
13,12,193955
15,14,218113
22,17,246084
14,13,190917
13,11,190670
13,12,191694
15,11,181285
14,13,148731
9,8,159198
14,12,183620
14,12,208091
12,12,200945
8,8,199452
8,8,196680
13,12,213199
21,19,198251
12,9,190945
12,11,208803
10,9,176495
21,21,231880
20,19,226344
17,14,192322
8,7,207023
11,8,189438
21,20,184084
10,10,189115
7,7,197611
9,9,200017
10,10,213594
11,10,186409
12,10,189288
13,12,206524
9,9,201851
18,17,216834
7,7,191399
5,5,171363
12,12,190501
8,8,203955
11,11,190739
13,13,199061
14,13,167883
17,17,226903
10,10,222023
17,16,191649
13,13,190817
11,11,195051
11,9,176480
17,14,188689
16,15,190158
19,18,202910
12,12,202181
10,10,207575
5,5,179068
19,19,203096
13,11,197695
6,5,181781
10,9,193999
13,12,238699
13,13,193768
11,9,185296
23,22,217163
16,13,223505
15,14,209357
7,7,198058
22,20,192295
14,13,179048
9,9,213947
13,13,219455
18,17,182915
15,14,199852
6,5,189831
14,12,185600
14,13,186578
11,10,214923
16,15,201540
15,13,184211
16,16,208772
11,10,200065
22,21,205304
15,14,193599
8,7,202643
11,9,207574
7,6,219981
13,12,217452
14,13,190772
9,9,198781
16,14,188290
16,15,197981
9,9,185884
8,7,198903
15,14,169198
12,12,213589
14,13,171705
13,12,207981
9,9,182443
16,15,197610
11,10,214636
12,10,201581
12,12,211932
12,12,200505
9,7,176799
10,9,192912
14,14,212563
16,15,201699
10,10,175820
16,16,199872
16,15,218928
24,21,198976
12,10,196448
11,9,187132
13,12,217031
12,11,178743
18,18,224265
15,15,204374
20,18,206448
16,15,198616
13,11,176011
16,15,175367
15,14,244792
13,13,186775
16,15,230797
17,15,211827
11,11,197543
14,13,182979
14,14,191434
13,13,201279
12,12,192150
14,13,180314
9,9,186083
13,12,212271
11,9,189981
8,8,205765
8,7,185773
14,14,193223
8,7,191693
10,8,171943
16,15,213835
19,18,189773
15,12,213611
14,11,193447
13,12,181916
18,17,201635
10,10,226085
20,18,188621
19,18,191073
13,13,174542
11,11,180221
13,13,206429
14,13,192125
10,10,206517
11,10,199743
11,9,204591
8,8,198695
12,12,208170
6,6,196217
13,11,202257
16,15,166382
11,10,208332
12,11,197792
9,7,200210
12,12,199851
19,17,186663
15,12,189240
8,7,179503
3,3,182349
9,8,182326
15,15,208306
12,11,194975
11,9,162010
12,12,195765
12,9,216999
16,15,156359
13,13,205321
9,9,174294
18,16,196803
15,14,190057
20,18,192647
19,17,169390
12,10,191981
13,12,200941
9,8,175246
14,14,194171
14,13,177203
9,8,181276
15,14,196457
13,11,188956
11,10,190453
13,12,207398
17,17,197586
11,11,179775
13,12,181801
11,11,238090
15,13,209559
11,11,196041
13,12,182185
9,9,199744
14,13,181280
30,29,233624
19,18,218151
10,9,190181
16,14,208684
18,16,207119
21,18,224128
9,8,201470
11,10,163431
15,14,165801
14,12,204355
17,15,201177
15,14,176761
10,10,199670
22,18,194384
16,14,200071
14,14,192570
14,14,198934
10,10,174930
15,12,186571
13,13,184083
10,10,180021
18,16,187649
17,13,188814
13,12,191609
9,7,195385
7,7,196066
18,17,200836
10,9,196078
12,11,196819
8,8,185439
7,5,172258
9,9,193782
19,18,215330
9,8,159242
14,11,191702
9,8,167373
9,6,179289
16,15,204983
11,10,176601
16,16,164956
11,9,190028
15,15,191977
12,11,164162
16,15,215250
18,17,198354
15,14,199993
13,13,193559
12,11,199001
10,10,186954
14,12,184470
9,9,195429
11,10,211516
12,11,171986
10,7,200699
8,8,201671
19,17,215982
9,8,185603
15,15,194528
19,19,194474
6,6,208282
13,11,198667
16,16,211944
16,15,201878
12,10,173778
14,14,174100
15,14,206208
13,10,167882
12,10,189044
11,11,195168
10,9,178131
3,2,204030
13,12,224572
6,4,163212
19,18,192169
23,20,195889
11,11,180319
19,16,202864
24,22,215208
11,10,192550
11,10,184763
15,14,222156
13,13,222322
16,13,214862
15,14,217601
10,10,189527
15,13,163997
9,8,177898
16,14,194976
17,16,153107
14,14,195020
10,9,174987
12,12,184200
9,8,199523
14,14,185953
9,9,212204
6,5,178768
21,19,194869
10,10,188101
12,10,169970
13,9,194358
11,11,196658
16,13,218109
16,15,191446
17,16,221722
14,12,184103
11,10,177205
18,18,228572
18,17,188266
10,10,199634
11,8,194324
10,10,188745
18,18,168589
16,14,206120
16,15,225216
11,11,191269
17,17,199989
14,12,175535
10,9,209559
13,13,192376
7,6,203842
13,12,203304
17,15,225455
12,11,203014
15,14,215495
17,17,206287
10,10,178168
11,9,187633
8,8,177569
10,10,172392
21,20,185581
20,20,190079
14,13,205417
11,11,201346
13,13,191395
15,15,185862
9,6,196927
16,14,217513
12,12,199170
12,12,189613
12,10,201829
16,14,190654
16,12,184524
6,5,181372
10,10,197033
15,13,212041
11,10,188885
4,4,217241
14,12,206257
17,15,178144
9,9,181877
16,16,175258
17,16,196920
22,22,186305
10,9,183225
18,18,190974
21,20,172396
14,11,193868
10,10,213022
11,10,195431
15,14,190259
16,16,168679
15,14,169840
14,12,208487
6,6,215743
14,13,205211
15,12,206552
14,12,202677
9,7,202014
7,7,185514
11,8,185655
16,13,191783
18,18,223816
12,10,199210
9,9,196121
13,12,193291
13,13,208187
14,13,165328
12,11,198916
11,10,221891
17,15,182328
16,15,217792
10,10,187114
16,14,218444
12,10,188096
11,10,184758
12,10,173624
21,20,185368
15,12,193718
12,11,194709
10,9,187773
13,13,206138
20,19,235994
12,12,184338
13,12,206476
10,9,207574
10,9,194245
13,13,221818
10,9,177531
11,11,244385
9,9,197199
9,7,163830
12,11,186443
11,10,170508
15,13,199784
19,19,204811
20,17,187675
12,10,180891
13,11,168186
16,16,184596
12,11,185535
13,12,186788
14,11,189241
19,18,206780
10,10,196711
12,12,193449
8,6,167964
8,8,194859
10,8,207979
13,9,201204
8,8,178272
9,9,180205
12,8,206216
15,12,211735
14,12,200072
9,8,177921
14,12,185361
13,12,208722
11,11,214673
19,18,222853
11,9,181588
14,12,201536
10,8,220250
12,11,185298
12,11,173200
10,9,206662
10,9,204156
6,5,195087
11,10,179596
13,13,209075
11,9,201167
16,13,200848
11,11,186975
13,13,201391
15,13,201054
15,13,218679
5,5,179808
10,10,198952
7,7,199745
12,10,177152
14,14,187175
11,10,176942
11,10,182941
19,19,193845
10,8,183250
10,8,216451
9,7,180724
9,8,186194
11,10,160561
12,12,166289
11,10,210610
11,11,185805
13,11,185384
22,22,178040
10,8,207413
9,8,194065
12,12,184203
13,13,191203
9,9,180103
16,15,206076
12,12,227541
18,15,213192
13,12,195171
23,22,211682
13,13,190593
19,17,193901
16,16,225139
14,11,178014
10,10,221717
8,6,185257
17,14,196069
14,13,213095
17,17,191171
15,12,179164
16,14,198623
9,7,207436
11,10,192617
10,10,188952
10,10,205452
18,15,221412
13,11,186322
16,12,193437
8,7,188243
12,12,200553
10,9,215167
11,9,189921
15,13,172427
22,22,204702
13,12,188892
19,18,201844
15,14,205564
13,13,184399
11,11,197895
13,11,205140
8,8,220477
20,18,199111
13,11,199127
19,18,191692
12,11,192169
17,16,202454
19,16,239201
12,12,186497
8,7,182835
5,5,214001
9,9,188681
9,8,178834
16,15,185420
10,9,200823
9,9,199780
18,16,226924
14,14,195375
13,11,189484
15,14,208139
16,15,235546
10,10,190565
5,5,167241
8,7,207656
19,19,221857
6,5,177975
9,9,199297
12,11,180690
9,7,177583
12,12,206957
18,15,225812
10,9,192583
15,13,201876
15,14,205009
25,22,226834
17,16,187847
9,8,209312
12,11,190729
10,10,204918
14,12,166861
14,13,222621
14,13,227026
15,15,181901
14,13,224057
17,17,179454
7,7,201914
16,14,193792
9,9,235856
12,11,185855
10,10,183165
17,16,206633
10,10,192035
8,8,205040
15,14,190082
11,10,174530
15,13,226816
14,12,192365
11,11,209860
11,10,193796
11,9,212272
12,12,183692
9,7,202702
12,12,202530
16,15,206824
13,13,190462
13,12,215858
11,8,165200
11,10,196353
10,9,188377
25,25,220654
9,8,201928
11,10,164060
13,12,178301
13,12,198483
19,17,191556
9,8,193269
21,21,193147
20,15,204583
20,17,216698
11,9,209959
14,14,221004
13,12,188527
17,16,201613
13,12,239088
20,18,213876
11,10,186745
13,12,187006
5,5,189980
12,11,192102
21,19,228732
17,16,172675
12,10,205238
11,11,207550
16,14,192208
15,14,200906
13,12,201937
8,8,202135
18,17,199039
13,12,232852
17,16,196338
15,14,198792
13,12,168608
10,10,219566
15,15,214300
19,18,208649
5,5,199301
16,14,203535
17,14,203482
9,8,193678
12,10,194092
9,6,165697
14,13,176119
16,14,189519
14,14,219361
10,9,205236
12,9,196689
13,12,193244
16,13,188852
17,15,183712
19,18,193459
11,10,187105
12,12,169100
14,12,198515
18,15,242217
14,12,183414
11,9,195604
18,17,212565
10,10,194531
7,5,168356
15,15,185462
12,9,186043
17,17,198142
15,14,226151
7,6,195924
16,15,218622
14,11,197125
9,7,184313
7,6,171858
8,7,196016
20,19,223187
13,10,169610
8,8,190204
19,18,193008
8,8,237406
12,11,212117
18,16,204213
20,19,223578
12,10,213478
14,13,243412
17,17,186713
12,12,209057
5,4,180408
9,8,201040
13,13,199709
19,17,220713
15,14,194540
14,11,213495
9,7,196996
15,14,214591
12,10,215689
17,15,221567
11,11,209590
15,14,177295
13,11,204603
13,12,203673
13,13,192294
22,21,222700
15,14,181888
13,13,187777
17,16,185817
21,17,203982
14,14,192184
16,15,186203
12,9,183230
5,5,201097
18,16,176438
13,12,200376
7,6,169937
8,8,215463
14,14,189116
21,20,226135
18,18,204424
16,15,178917
23,21,198836
13,11,207428
12,11,177010
20,18,204212
19,18,216772
11,11,205946
13,13,228960
11,8,227946
11,10,185199
11,11,202300
13,12,202186
9,9,235787
14,13,188686
20,19,203293
7,7,181888
10,8,211899
16,14,199919
15,11,222340
16,15,180463
10,10,201302
12,11,209546
19,18,189571
9,9,214066
12,10,194799
11,11,190510
19,18,184978
15,15,171394
14,12,191379
15,13,178138
9,9,221751
17,14,214879
9,7,167632
14,13,208811
11,11,177767
20,20,187802
22,16,217735
20,17,181284
15,15,222848
12,10,190819
15,14,174668
17,16,204714
7,7,179371
12,10,200155
14,14,200672
14,13,215843
12,11,225719
16,13,201065
9,8,213936
20,19,201682
16,15,179560
10,10,201408
18,17,199958
17,14,229673
8,8,190320
16,16,225285
10,8,174190
14,14,180851
12,11,198978
9,9,183979
16,15,236654
10,10,222858
11,11,205133
20,15,187606
15,13,203765
15,15,199303
5,5,186807
12,11,192722
21,16,215564
10,10,173532
13,13,195631
12,11,182171
13,11,221071
12,12,208259
15,12,177570
7,7,200477
12,10,226129
7,7,186195
15,15,167753
15,13,193514
12,12,192096
12,11,210941
13,13,195263
16,14,235403
15,11,200086
10,10,209274
18,15,201675
12,12,185256
13,13,179575
17,15,183624
14,13,152451
11,10,204000
9,9,207537
12,8,204069
8,6,196250
13,12,211186
14,11,185779
17,17,195726
7,6,207596
13,12,226300
18,14,186117
7,7,220530
15,15,161273
7,7,179180
19,17,201096
11,11,208405
21,19,185504
12,9,212484
11,11,186365
17,16,202277
12,12,166389
9,9,188261
13,11,173285
17,15,225403
7,6,196595
13,13,171740
12,11,189297
15,14,211956
14,12,180593
21,19,199419
9,9,192634
9,8,192537
9,8,224779
11,11,184114
19,16,222744
23,23,194048
12,12,205908
14,12,211950
15,12,194043
15,15,199059
10,9,155579
15,12,199487
13,13,198766
9,7,192330
12,11,201522
22,20,220004
12,12,205908
13,12,226952
16,15,203557
16,15,196121
9,8,176600
11,10,194200
15,13,204403
12,11,210311
8,8,181428
15,14,186484
13,10,198521
18,17,209700
16,15,216338
14,14,194805
10,9,213139
9,9,189061
13,12,193201
9,9,200380
15,14,194894
10,10,185774
10,10,205817
9,7,200797
7,7,186979
14,13,205522
13,12,178933
9,8,190339
18,16,195158
10,9,207425
6,6,217882
15,14,209110
7,6,187083
14,13,205965
14,10,195994
12,10,191465
14,13,199639
16,16,186858
15,15,196057
14,13,202312
8,8,193561
6,6,187981
10,9,200128
10,7,178595
13,12,202190
12,10,175040
19,18,194767
12,12,185982
18,15,211216
11,10,196049
14,14,199981
16,14,176988
12,12,180550
14,12,183914
8,8,205309
12,12,194675
14,14,187851
8,7,206262
12,11,214543
19,18,187986
9,7,187888
13,12,187654
8,8,176790
5,4,174185
12,12,191062
15,14,215187
19,18,206573
14,13,201770
13,10,218342
10,10,184725
19,18,218739
14,12,197936
13,12,207042
16,14,210666
19,18,182739
9,7,197739
16,16,194050
14,11,163298
9,8,155123
11,10,180143
18,16,191315
13,12,207320
6,6,162169
15,14,194622
13,11,220289
8,7,182496
7,7,166428
11,9,182647
9,8,174243
13,11,215949
10,9,192378
15,14,193269
15,13,195644
8,6,180030
13,12,199561
9,9,178478
17,16,227159
16,14,210749
20,18,186086
5,5,216139
10,9,188103
13,13,194878
14,14,191583
8,8,197954
15,13,199201
16,15,184977
20,20,200342
9,9,180201
5,5,199262
19,18,206982
9,8,187617
15,14,177911
15,15,216688
7,7,183008
16,13,211473
11,10,178490
12,12,184683
13,12,184099
8,8,174159
21,20,191906
10,10,194637
8,6,171401
20,16,219943
12,11,175167
13,13,185228
13,12,204713
12,11,198016
9,8,196053
17,14,222579
13,12,178336
19,19,188316
12,11,196329
15,15,188463
16,15,207218
8,8,206921
12,12,191626
8,8,202700
9,9,187206
18,18,182036
19,19,198964
12,11,183831
20,19,175044
15,14,218420
9,9,224663
13,12,199233
17,17,175595
19,18,204095
10,8,195314
14,13,190379
10,9,165789
20,19,219690
17,17,172122
11,10,179902
19,16,163121
17,15,195891
19,19,198360
13,13,176478
10,8,172418
14,13,186133
9,9,208719
18,15,194705
18,18,216854
13,12,189437
13,13,204344
8,6,201346
14,14,209661
14,13,196961
10,8,189019
15,12,183830
18,17,199733
13,12,180135
12,10,198476
14,12,170880
10,10,207400
14,12,219252
14,12,173563
12,11,206081
22,19,225570
10,8,187896
13,12,192760
13,12,189350
14,13,189875
9,8,192897
22,19,242869
8,7,196688
14,13,188373
10,9,183648
11,11,223110
12,10,200138
9,8,198446
11,10,186339
9,9,186754
9,9,150834
13,9,199015
7,7,193236
14,12,235822
17,14,183618
11,10,202965
10,10,180174
16,15,208371
14,13,234910
12,12,216822
21,20,189256
10,10,174419
11,11,207506
12,11,188482
8,8,197689
13,12,203167
9,8,185683
6,5,186989
10,8,193120
13,11,188012
10,9,216309
23,22,218258
14,12,191818
20,20,242946
16,16,196702
16,16,172879
15,13,183144
16,15,205381
14,13,218072
15,15,190749
10,9,209032
11,11,193616
10,9,164294
19,17,200718
5,5,196206
19,18,181777
23,19,212600
12,12,186806
13,13,207343
8,8,207628
11,10,173954
12,9,210575
17,16,210934
14,12,211460
17,15,197629
13,12,200610
11,10,165614
11,11,198309
17,16,194474
9,9,196246
15,14,202301
9,9,183010
7,6,182816
14,13,240053
10,9,205548
8,6,185276
9,9,186521
15,15,190076
8,7,174856
14,13,196475
5,5,194684
13,11,179584
12,11,181238
14,13,198849
13,12,198364
17,17,202453
18,17,202674
17,17,191630
11,11,204142
13,12,202054
18,16,206487
11,11,204824
20,16,183555
9,8,193011
14,14,192019
18,18,219832
14,12,202392
9,8,186231
17,16,185726
13,11,159073
13,12,193986
18,17,209092
11,10,207319
19,18,181914
16,15,207352
14,12,179239
15,13,185905
10,9,183336
12,11,202146
9,7,169834
16,16,214139
12,12,185447
10,10,175633
12,11,178198
19,17,185266
12,9,198459
16,15,201185
12,10,180616
19,17,191295
14,12,205082
11,10,202272
19,18,184483
21,19,218085
12,11,195457
10,10,212941
14,13,193990
5,5,200161
23,22,223366
12,10,186467
17,17,218729
14,13,197422
12,12,228081
17,14,193002
15,14,205761
17,16,208724
14,14,198683
20,19,200461
11,11,191741
13,12,201522
9,8,181961
13,11,161940
18,16,199180
16,15,201823
14,13,217400
9,9,194736
15,14,215904
13,11,208577
16,16,194385
12,12,223397
18,13,174198
12,12,179407
12,11,184309
8,7,180591
9,9,188362
11,9,230373
10,9,190509
13,12,204721
10,10,172002
12,12,198761
13,13,191104
10,7,186687
17,15,197416
14,14,205830
13,11,230890
17,16,246927
14,12,208273
8,7,176649
12,12,203482
13,13,221666
6,6,194275
17,17,194359
18,16,193841
8,7,177206
12,11,189404
4,4,194813
8,8,180163
9,9,181768
13,11,189025
16,15,191162
16,15,197075
16,14,196066
11,11,198083
16,14,210676
15,13,202717
16,13,191054
9,9,183900
6,6,184024
21,18,221016
12,10,211477
21,20,208721
11,11,211607
17,17,202623
12,12,200252
15,15,182374
13,13,184773
11,11,237593
16,16,205869
15,13,172506
15,14,222520
11,10,212918
11,10,179342
10,9,192837
16,16,181823
14,12,215110
17,14,217079
12,10,230125
12,11,201361
15,14,191858
16,16,199678
23,22,228806
13,12,197133
13,11,203564
15,12,207229
12,11,208732
13,10,175288
14,12,198759
16,16,218974
12,11,181556
19,18,214687
13,11,192163
15,14,177533
15,14,199379
16,12,214228
12,10,203061
9,9,192407
13,12,200722
16,15,205532
8,7,176255
19,18,184726
14,11,201831
12,12,192734
15,14,169542
8,8,198018
14,12,202227
9,8,202001
18,16,214294
13,13,149206
14,14,182359
10,8,153608
13,10,185198
18,15,207585
18,16,178999
10,8,180735
15,12,199684
20,18,235377
10,9,179263
13,12,213728
15,14,205135
13,13,201036
11,10,185718
10,8,197331
18,16,186461
12,10,195028
16,15,184173
11,9,212256
16,16,209436
15,15,199875
10,8,197863
18,17,216952
23,22,202161
11,11,189546
14,13,190386
14,14,205084
19,15,221449
19,18,175598
9,9,206592
15,14,197004
8,8,209573
22,20,177510
12,12,202546
13,12,196708
17,16,194584
7,7,167181
10,9,173918
14,13,211713
6,6,202831
24,23,201985
17,17,191065
13,12,199167
18,16,183706
20,20,213256
15,15,207170
7,7,194427
15,14,153104
11,11,181895
14,14,190856
10,8,190068
10,8,186395
13,10,183330
11,10,189282
13,11,183364
19,18,176900
13,13,182706
17,17,213605
15,15,219043
16,15,190070
15,15,217467
7,7,205331
10,10,207117
17,16,176477
11,11,199261
13,13,180897
19,18,238212
14,12,197961
12,9,196309
18,16,169274
12,11,193555
6,6,175518
15,15,183432
10,8,184537
11,10,178161
15,15,201940
10,8,183631
15,15,203884
15,15,159810
15,15,206930
14,13,202625
17,17,178428
5,5,181429
12,11,239590
5,4,171408
14,13,203479
14,13,202308
22,20,191783
12,11,183577
16,14,206673
18,16,225132
17,14,181103
16,16,185402
10,7,183522
10,8,190118
14,14,190326
10,9,191724
9,7,180134
10,10,187226
17,17,198785
13,11,194928
10,10,210176
5,5,171874
12,9,234565
13,12,179000
13,11,199705
11,11,190197
7,7,189210
14,12,204821
15,14,193352
20,19,216581
7,7,213150
6,6,203860
14,14,202168
16,15,214471
19,17,198372
16,14,187505
10,9,181759
17,15,209714
11,10,208110
15,15,204116
12,11,191015
10,8,193173
11,10,199398
12,12,211732
13,10,215501
13,11,169140
15,15,196784
15,14,205168
12,11,207841
10,9,181633
18,18,210393
5,5,216882
16,14,184683
8,7,206978
17,17,224982
12,10,195514
7,7,192573
13,11,174016
9,9,189372
10,10,191226
21,21,230661
9,8,175991
14,14,186083
13,10,220936
13,13,187206
14,13,175849
11,11,172271
17,17,198495
13,13,161386
10,9,192779
15,12,165868
4,3,188372
16,16,200470
11,11,185961
10,7,194483
17,12,197889
10,9,177516
14,14,207614
6,6,199021
19,17,223953
12,10,184850
9,9,207308
15,15,220643
10,10,204691
16,14,196011
18,17,211026
10,10,215408
13,10,202477
4,3,170204
14,12,172891
12,12,214497
11,10,200932
20,20,234569
19,18,186250
10,8,217965
8,8,185505
13,13,196816
12,11,217923
16,15,206034
15,14,200032
16,15,229427
17,14,176328
14,10,188003
13,13,205303
14,14,192752
13,12,189778
13,13,204085
11,11,163023
10,10,195797
12,11,197668
15,14,212294
19,17,211862
10,10,203930
16,16,181134
19,19,189605
10,9,194623
7,7,164930
11,10,221248
17,17,210726
12,11,187678
7,6,197830
9,9,190054
13,13,219374
17,13,196449
6,6,168060
18,17,189014
15,13,179855
15,15,187048
16,16,173356
11,11,179261
18,16,229499
9,8,198051
15,13,206116
20,18,211268
13,12,194898
12,10,216673
13,11,177568
12,12,177601
9,9,172783
10,8,186470
14,13,169197
17,16,224252
19,19,191117
12,12,196631
17,14,189805
10,9,207216
9,7,194148
21,19,235703
11,10,204600
11,10,183462
18,18,216723
16,16,202739
17,16,185374
14,13,188633
10,9,170005
12,8,192363
17,16,187461
12,10,161880
20,18,203734
11,10,203225
19,16,198400
13,12,228983
13,9,195782
11,11,192060
11,9,186115
13,13,193761
11,9,214991
13,13,200400
21,18,226103
11,10,194697
16,16,201028
11,8,193289
18,16,220464
16,14,197767
8,8,184370
15,14,195917
11,11,201500
14,12,203064
9,8,169078
13,11,179443
19,16,203378
15,14,190801
18,18,218866
12,11,199957
12,11,194186
9,9,160251
19,19,191504
8,8,179694
14,12,199104
14,14,209772
14,10,200349
13,13,186794
12,11,171224
15,15,225790
11,10,192869
13,13,181504
16,15,201799
12,12,209560
17,15,208249
15,14,209044
13,13,190258
9,8,186156
7,7,175801
16,15,216957
20,18,211331
9,9,185474
5,4,186619
9,8,207544
13,13,176346
17,15,204112
11,11,200880
7,6,186884
16,16,209810
11,11,169233
13,12,183365
11,9,211949
11,11,213870
12,11,210155
21,21,198138
13,12,175700
11,9,150360
4,4,184424
18,16,176893
13,12,181666
14,14,180069
19,17,184012
12,12,193698
8,8,170617
15,15,224609
12,11,197942
13,12,154165
15,13,208015
13,13,206195
9,8,176405
9,8,211917
9,9,201490
10,10,192962
11,6,177610
14,14,203695
12,12,237435
12,11,190098
13,12,200010
14,12,179250
17,15,183740
10,9,187911
11,9,168277
15,14,180980
8,6,167528
13,13,215935
19,17,204564
15,14,179029
11,11,198748
18,16,203611
15,14,179798
5,5,215742
15,13,202365
7,6,215487
13,13,196337
20,17,186671
14,12,183514
12,11,196172
20,19,203822
15,14,204301
15,14,198077
14,11,192357
14,14,213023
16,15,211623
10,9,194560
10,8,173832
16,15,207448
14,13,202261
13,13,217507
18,16,202898
12,10,183213
18,18,222953
12,10,191282
13,11,188478
10,9,212689
21,19,211218
20,18,218355
13,12,173187
12,12,220160
16,15,186628
15,11,202864
13,12,225680
10,9,207382
10,9,171543
9,9,188311
8,8,197094
11,9,189448
9,9,199388
12,10,193609
17,15,216109
9,9,210363
13,11,216685
21,19,198684
12,11,204045
12,11,188573
18,18,193540
11,10,193966
17,16,214327
14,12,205904
20,17,194544
12,11,198334
12,10,178146
10,9,191661
15,14,204448
13,13,192679
12,11,186940
17,14,226784
8,8,200181
7,6,181355
20,16,215810
18,16,187715
9,8,180592
14,13,193432
13,12,207799
12,10,204171
15,13,188543
8,6,177529
10,7,207998
14,13,210860
12,12,186934
18,18,199159
13,11,188447
13,13,193952
8,8,188149
16,12,196748
13,13,186956
15,15,196980
20,20,190067
16,13,182869
12,11,169034
9,9,201420
9,8,196508
17,17,188102
15,14,190945
9,8,177802
17,15,192950
7,7,187515
12,10,204995
13,13,190754
18,13,206950
9,8,208704
7,5,183286
18,16,218428
12,9,194167
10,9,202055
18,17,178888
11,11,212699
12,12,237345
9,9,201230
8,8,216414
13,13,175884
7,5,170030
18,18,216399
9,8,207429
15,14,183605
12,11,191998
16,15,183678
9,8,213905
17,13,193805
18,18,196455
12,10,155409
12,10,217964
12,12,217245
16,15,189936
14,14,204812
16,14,242518
18,16,191681
10,10,188591
10,9,196852
13,12,226713
11,9,183712
19,19,226956
7,7,193563
11,10,177232
8,8,184411
18,15,221159
15,13,228738
22,22,190567
8,7,209111
9,9,184946
14,14,225948
9,9,186035
12,10,178419
12,11,185689
10,9,194241
14,11,177937
17,16,203373
14,12,209847
14,12,209578
11,11,201574
11,11,177995
11,11,190820
11,10,205103
9,8,185189
13,11,204724
8,6,217207
11,11,187496
25,22,205119
12,11,170999
15,15,205009
15,13,212791
11,11,184142
7,5,184019
12,11,192793
11,11,176811
6,6,201962
13,13,205888
10,9,201148
8,8,210834
14,13,197824
11,10,171299
11,11,220699
14,14,173596
20,18,212055
10,10,210765
8,8,148273
15,13,175075
13,12,203557
15,12,194101
8,8,212472
16,15,232986
12,11,209711
15,15,206843
12,10,219255
12,11,179778
12,12,160363
8,6,204557
11,11,162048
12,12,201014
10,9,183618
9,8,211695
7,7,213103
16,16,218366
8,8,202785
13,13,217960
15,13,207027
15,14,204584
10,9,194632
14,14,195061
12,10,196026
13,12,200133
11,11,204256
15,15,193184
12,11,199032
13,11,190331
14,14,213874
16,13,202366
10,9,185435
12,12,198841
14,12,184449
25,23,222026
14,13,188766
18,17,179416
6,6,183351
16,13,213509
13,11,238653
11,11,196855
13,13,200407
13,12,209957
14,14,172193
19,18,222194
11,9,193367
16,13,215313
11,8,218943
16,15,234717
14,13,186544
23,20,188616
16,12,240983
17,16,193457
13,13,196363
13,12,192993
16,15,170862
10,9,160600
10,9,192954
5,3,188677
5,4,210182
11,10,169445
16,16,220762
7,6,160259
17,14,196002
12,9,207142
16,16,200922
12,12,190939
13,12,207947
17,16,194037
13,12,190687
17,16,169265
23,22,196505
13,10,207301
7,6,181195
12,10,175612
17,14,200916
13,11,212103
11,9,198111
5,5,186622
13,10,182040
10,7,185280
13,11,199735
8,8,200468
20,18,193440
15,15,206422
18,16,170731
11,10,170033
16,12,203716
14,12,184303
12,12,195334
4,4,151596
12,10,212914
12,11,196106
7,6,191345
19,18,203489
14,10,216546
12,10,181925
17,17,189501
12,12,196225
13,11,213316
9,9,185470
14,13,192954
8,7,189892
10,10,193243
15,15,213249
11,11,187412
9,8,196077
8,8,196747
13,13,197364
15,12,167980
7,7,195360
16,16,230725
13,12,236629
7,5,175439
15,13,212339
15,14,176878
15,12,168966
15,14,179086
14,14,218894
15,13,206153
10,8,189859
14,13,195404
18,14,205342
6,5,184446
11,11,192480
14,13,210795
15,14,205941
10,8,195557
13,12,176128
10,10,217921
14,13,184126
11,10,182433
11,11,199402
7,7,180150
17,16,202055
12,12,214287
12,11,194606
9,8,216155
15,15,203366
7,7,174672
12,8,176034
16,13,222547
12,11,192439
9,9,176058
17,16,189902
13,13,181917
9,7,197930
11,11,214335
14,12,189330
14,14,207605
9,9,230882
12,11,184147
19,19,216015
12,11,215392
9,7,201236
17,16,201286
12,12,186428
12,11,181524
11,10,210050
16,13,200832
11,9,189941
11,10,194303
9,8,175739
16,14,206714
10,8,195033
18,18,200856
9,8,170211
9,6,185238
12,9,190060
13,10,181940
15,14,185157
11,11,182364
15,15,186793
14,14,210138
11,11,192746
12,12,222701
9,8,179619
17,15,205980
16,14,217660
12,9,197510
10,9,204474
11,10,226355
15,14,202523
13,12,220558
14,14,181409
13,12,185325
13,13,190715
16,16,186076
13,12,186379
13,13,190334
13,11,188874
12,11,196548
14,13,198444
12,9,207173
9,8,184493
20,20,187961
14,13,207143
16,13,190694
13,12,185912
18,16,198345
15,14,188169
12,10,206848
12,11,202779
10,9,216809
8,8,201795
14,14,212811
11,11,194951
12,12,179398
18,17,219947
13,9,191518
17,16,212686
14,12,205158
6,5,191259
13,13,167368
14,12,223693
13,12,178548
8,8,190716
17,17,188786
13,12,205573
15,15,201000
11,11,195973
7,5,173252
16,13,198695
12,12,194396
15,14,198155
12,10,191437
13,12,182366
13,13,175079
16,13,202585
16,15,210133
8,7,204366
10,9,174923
14,13,198970
13,12,207174
13,12,209675
14,13,202412
9,8,183377
8,8,199701
8,6,188933
19,18,224301
15,13,210274
13,13,198796
11,9,175388
12,12,181569
10,8,234231
14,12,214167
12,12,185017
13,13,171534
14,13,214279
13,12,188767
18,17,202455
21,20,184909
16,15,240451
11,11,184824
14,13,210481
12,11,157970
16,16,197515
13,12,208939
17,16,210814
12,11,184174
5,5,193243
14,13,220571
18,17,198435
7,7,205653
14,14,208803
12,10,175998
8,7,182084
19,18,191365
12,12,191803
12,10,183278
11,11,187182
14,14,204259
17,16,219280
15,14,214434
14,14,167730
9,9,186496
9,8,187192
18,16,197101
14,12,170517
12,10,195050
13,12,185747
8,8,198001
8,8,177417
12,12,237011
17,16,207488
15,12,176558
13,13,185283
10,10,193371
15,14,181394
8,8,192107
14,14,196549
15,14,199668
22,18,183767
20,20,215704
10,10,193862
18,17,192134
17,16,245006
18,16,194680
11,11,187737
12,12,208688
10,10,208572
10,10,196569
12,11,205713
18,17,241924
18,17,207609
11,11,166063
10,10,183986
21,19,156531
14,13,202929
16,15,196253
14,14,179159
12,12,187422
17,17,217067
16,14,199561
10,10,209604
8,6,191121
10,7,217082
15,15,199980
12,11,203015
16,15,208645
9,8,194689
13,13,199045
15,14,216873
15,14,209587
12,12,176409
11,10,181107
16,14,197525
16,15,208207
13,12,203394
8,7,215816
13,13,200696
16,14,221591
16,16,191616
12,11,205510
10,10,183409
12,11,178231
8,8,183755
19,17,212276
14,13,196786
12,11,185028
7,7,181656
15,14,181714
15,11,176695
13,11,169045
18,14,179902
14,13,220409
17,13,201626
9,9,208601
11,9,198474
15,13,200813
14,14,190021
13,13,182676
9,8,171100
15,14,201335
8,7,173199
13,12,205763
14,9,201476
19,18,186295
17,16,191441
21,18,207399
10,8,170757
12,11,191921
17,15,214222
11,11,186000
9,8,193432
16,15,185359
14,14,186213
12,10,184378
8,8,210722
15,15,198366
11,10,189056
16,14,228116
12,11,185080
18,14,175367
18,17,202494
13,13,193369
24,20,190692
14,13,182144
17,17,199725
16,16,200364
10,9,188453
18,15,205281
18,18,183435
11,11,192635
19,16,195236
13,12,211793
8,8,184922
19,18,213379
10,9,213124
14,14,198863
17,16,205757
9,8,187142
13,13,212548
18,16,206720
14,14,212546
15,14,187244
14,11,171921
11,11,200773
10,8,191442
16,15,194908
12,12,203048
12,10,188646
9,8,206332
15,14,214808
18,18,196650
12,12,190446
14,14,222600
12,12,181711
10,9,207686
10,9,198221
8,7,202586
10,9,191393
14,11,200389
15,15,218115
9,9,165052
14,14,206180
13,12,175190
13,12,188833
8,8,201813
15,14,188697
11,10,205275
7,6,194354
14,13,215666
8,8,177683
13,13,188254
17,17,204841
8,6,191605
14,13,223402
14,14,208019
11,10,183346
13,11,184696
15,13,189497
17,16,195174
15,15,204749
9,7,187391
12,11,196651
14,13,187885
7,7,206614
5,4,164994
15,14,191306
14,11,209394
11,8,175551
8,7,203176
17,15,223802
16,15,217601
15,14,172616
7,7,182931
4,3,173794
15,14,219249
11,11,203873
13,12,186635
14,14,203798
12,10,185879
12,10,167442
9,8,222376
11,9,217508
7,7,170409
10,10,189652
13,12,197613
16,15,215831
18,17,169991
17,15,211272
7,7,190006
15,13,237854
22,22,179404
26,23,196196
17,16,234632
13,12,208706
14,13,180050
7,7,197080
9,9,178109
21,21,224078
16,16,199037
8,6,188012
7,7,204924
13,13,190528
13,13,187178
19,17,206399
22,20,200338
11,10,172249
6,6,213838
17,15,192210
17,15,196798
18,15,211314
20,18,173898
11,10,190476
15,13,194494
9,8,190761
9,8,162476
10,10,183484
17,16,209921
7,6,174268
13,12,208091
14,13,213573
13,11,186190
9,8,176679
18,16,219343
16,15,204253
10,9,199504
17,14,175706
11,9,210203
16,14,200252
17,17,228798
11,11,182895
9,9,186770
13,13,194885
9,9,226586
9,8,169534
14,13,221380
13,11,198936
13,13,223401
15,15,220115
17,16,203781
19,18,214634
14,13,182111
11,11,183350
8,8,223902
23,23,231658
10,9,205106
11,11,223514
13,13,210008
10,10,190666
18,17,186051
15,14,225405
19,16,218375
10,10,196805
15,14,237747
9,9,196943
8,8,207004
14,12,186005
16,15,190714
15,14,175054
15,15,206982
6,6,208255
7,7,195353
14,14,176251
14,12,167883
9,8,207555
10,8,180521
10,9,207306
12,11,191907
16,16,196125
19,18,218632
14,14,192919
12,11,213588
15,14,201444
17,15,241987
11,11,206245
12,12,228510
19,18,219014
10,9,179807
10,9,195073
8,6,174003
14,14,191177
14,14,220590
15,15,214174
16,16,196365
13,9,191703
11,10,186561
19,19,189646
17,17,170693
5,4,182427
11,10,239489
12,11,182542
12,9,214449
14,12,179671
10,9,243324
17,16,201429
10,10,216232
6,6,179941
11,9,198368
12,12,174191
10,9,226175
9,9,237011
15,14,209285
13,12,195867
10,8,182261
13,12,190077
13,11,210997
14,12,180447
18,16,207031
12,12,220093
11,9,193815
12,10,190802
14,13,168450
11,11,165048
14,13,190382
14,12,179487
11,11,196237
22,21,214288
11,11,199284
13,12,243418
19,18,186495
11,11,156891
13,13,193734
13,11,203579
15,15,228812
10,10,181243
6,5,190942
12,12,190228
7,7,210569
18,17,196681
19,19,212238
13,13,195720
10,8,163901
7,7,201983
16,16,222642
12,12,187729
13,12,226601
14,14,188089
12,11,179737
6,6,162822
15,13,221093
12,11,177728
11,11,200884
13,12,221050
6,6,203959
14,12,177703
12,12,192189
6,5,189555
11,11,179358
8,8,203113
12,10,177351
11,11,192264
15,13,197298
6,6,192739
15,14,189837
15,11,167392
20,18,205463
12,11,186708
22,20,224325
12,12,223073
12,12,189802
15,14,211523
11,11,201062
14,13,179714
9,8,203617
15,10,195495
14,14,217435
16,16,191245
15,14,178712
11,10,189569
10,10,171410
18,16,181329
9,7,214166
18,13,212411
21,19,192852
19,19,195348
8,8,177338
9,7,199200
14,13,238300
8,8,194360
7,7,166500
13,13,174864
13,12,187248
10,10,186019
10,10,189646
12,11,210245
18,17,191541
12,12,190361
11,10,195859
12,11,210044
7,7,189091
11,10,212209
13,13,217946
16,15,213019
15,14,196227
13,12,213477
9,7,171244
14,14,202330
15,13,212399
14,13,204046
8,8,157657
19,19,213305
21,21,209568
14,14,223412
18,17,203373
7,5,190602
9,8,195393
11,10,184789
13,13,177131
10,9,176889
10,10,199392
11,9,211006
22,21,169266
13,10,204293
10,10,221632
16,15,199510
14,13,192094
19,19,213121
15,14,186374
10,10,173273
10,10,186524
11,9,203238
14,14,224155
6,6,198925
8,8,187442
15,13,191123
12,12,176440
11,11,202084
12,12,197692
11,11,177491
14,11,169965
16,15,212626
12,11,177789
10,9,203497
8,7,217996
10,10,179310
7,7,178718
13,12,180862
12,12,202514
9,8,208306
14,14,204060
18,17,227644
12,11,189395
19,19,214552
12,11,209893
12,10,200222
10,10,208743
15,14,185001
16,14,185529
15,14,210392
11,9,187213
8,8,192551
11,9,189747
7,6,197627
8,7,191374
16,16,181906
13,12,204254
15,13,230630
10,9,206334
14,13,200736
15,14,170509
13,12,218424
13,13,202653
15,14,182236
11,10,204872
19,16,208286
14,12,191552
18,17,208741
14,14,237639
11,10,204493
9,8,187799
15,13,204864
14,12,207202
7,7,177275
14,10,200751
4,3,174652
19,18,186575
10,10,209856
21,18,181183
18,15,200851
13,11,188729
15,12,188401
8,8,185993
15,14,199621
11,11,206741
18,18,266322
12,11,211137
8,7,190579
15,13,181660
16,15,202450
15,12,208917
10,9,217598
18,16,200453
6,6,194617
10,9,206205
9,9,180353
10,9,211909
17,17,190983
13,12,212217
12,10,198605
10,9,206853
15,13,197551
14,12,199461
11,9,186718
13,13,194663
9,8,194461
17,15,192635
11,10,194219
16,15,187107
15,14,192312
12,11,176985
13,12,205054
13,9,212674
15,14,213953
9,8,197737
11,10,213520
9,9,198619
16,15,181079
9,9,196101
16,15,202276
22,21,206354
10,9,195841
17,17,210252
20,19,226364
11,11,228002
11,10,186693
12,11,198637
11,9,181323
10,9,216035
23,20,208836
11,9,198622
13,12,200084
10,10,192483
20,18,179505
13,12,240226
16,13,202176
12,12,164616
11,11,202970
14,14,177317
22,19,193610
15,13,181249
15,15,176960
14,13,206828
10,9,201476
16,16,196232
18,17,192913
5,5,201999
18,16,220622
11,10,186960
18,17,209299
13,12,205362
10,10,192781
14,14,227078
19,16,212743
20,17,184132
15,13,175873
4,3,159383
20,19,217274
8,6,213949
15,15,212715
12,10,228791
11,11,172463
16,15,242441
13,10,189871
11,11,188442
11,11,211964
10,10,177955
15,13,194533
13,12,221422
6,5,191512
9,7,177304
15,13,206858
14,14,209458
10,9,202181
8,8,199848
15,14,207014
14,14,190774
10,10,194924
12,12,213567
10,9,188298
14,11,210512
9,9,222674
19,18,237762
14,12,187684
15,13,184296
14,14,193405
14,11,200287
16,15,235999
16,15,182969
15,13,212118
10,9,178250
15,15,198906
18,16,209295
14,14,204997
7,7,216515
13,13,199225
11,11,192072
17,14,199715
6,6,189454
11,11,196747
14,14,192339
10,9,181370
11,11,206364
14,12,213604
8,7,170148
12,10,188870
10,9,174635
7,7,180671
17,17,202791
13,13,227804
9,9,183468
7,6,188687
14,11,222704
17,16,224678
14,13,224612
11,11,186928
16,16,181493
21,20,186164
14,11,196121
12,12,182723
13,12,190557
9,8,207288
7,7,182771
15,15,189132
25,22,195636
16,15,221192
11,10,200307
11,11,190162
13,11,177964
5,5,177851
8,7,207219
23,18,184743
11,11,180016
5,4,182224
11,9,177474
17,15,187589
10,10,178888
12,12,194330
19,18,180893
17,16,193526
11,9,187259
11,11,178620
13,13,191898
16,15,188104
17,15,179580
19,16,229826
12,11,207327
12,11,210043
9,8,167175
8,8,187450
18,17,222705
8,7,179631
15,14,186690
15,12,183083
15,14,175517
11,10,183685
18,17,209079
16,16,211795
14,13,201813
10,9,197091
8,6,191843
14,14,187098
6,6,194501
17,17,199311
15,15,193422
13,10,210255
10,9,209286
13,12,178416
13,12,198229
13,11,170649
13,12,209398
10,10,175351
13,13,195235
14,13,180619
11,10,184532
19,18,201230
9,8,197339
10,10,199579
19,19,188454
7,7,187631
9,8,198984
11,10,202031
14,13,180182
13,12,190218
15,13,198095
17,17,201075
14,11,191718
12,12,186136
12,11,212666
15,13,182771
10,10,203527
16,14,196617
14,14,198387
12,11,194316
13,11,167355
9,8,184277
12,10,206943
12,10,177202
14,13,214937
22,20,194701
12,12,188943
10,10,194045
16,15,225404
12,11,184344
6,6,186646
18,17,191794
6,6,207982
14,13,205609
11,10,199444
10,8,180869
12,9,207649
7,7,204375
12,12,193077
7,7,188265
13,11,197012
16,13,206092
14,14,196379
13,12,181558
11,11,208957
14,11,201695
10,9,172155
9,8,199188
22,20,192647
15,14,196088
11,9,223232
8,7,203689
11,11,181235
16,15,186891
10,10,192172
11,11,174166
12,11,195537
12,11,197718
17,16,203270
15,12,182344
6,6,188825
16,16,212943
15,14,169966
11,11,190014
13,13,213559
23,22,214534
13,11,188481
15,15,182964
15,13,181111
10,9,200269
12,10,219708
11,7,215251
8,6,211708
7,6,214331
13,12,198592
10,9,213795
18,15,150233
21,19,220526
11,11,175483
7,7,197438
14,11,217741
18,16,187081
18,17,231560
19,17,200359
13,13,178097
16,13,224156
13,13,171323
10,8,185092
11,11,197545
13,11,192258
16,15,198860
17,15,213410
14,14,184023
12,11,197466
16,14,181098
11,11,182477
19,14,226755
16,15,173194
10,8,173514
12,11,211556
8,8,191897
16,15,205282
14,10,211095
10,9,230571
10,9,200491
12,11,181638
11,10,196913
10,10,180156
11,10,207123
11,9,214628
13,12,166141
16,15,203697
11,11,201100
8,8,201189
15,14,198798
12,11,193137
24,23,209164
10,10,190956
14,13,203029
13,12,211604
12,10,210151
17,15,223650
14,13,239298
8,8,178737
16,12,211308
13,12,227986
19,17,209808
12,12,190826
14,13,164110
14,12,172147
17,16,168223
13,13,179842
21,18,194713
15,15,205713
8,8,170085
23,22,194691
9,8,211930
17,17,180605
16,15,221422
13,13,197942
10,10,194818
10,10,198063
12,12,216603
10,10,197835
14,13,187255
16,15,218861
13,11,194015
11,11,178991
14,14,187595
6,5,203393
11,9,207173
9,9,207884
14,14,179648
13,13,202066
13,13,217549
11,11,184555
24,22,207874
11,7,153835
11,10,190395
11,11,179946
11,11,191727
16,15,196923
20,19,190995
10,8,215261
14,13,179800
9,7,208066
12,11,185869
14,13,228375
15,14,219290
11,11,190684
8,8,194958
13,13,194103
10,10,184710
14,14,178104
13,12,195151
9,8,183731
10,8,171353
12,12,209483
14,12,195901
14,14,203557
8,6,167955
15,14,221435
20,17,202911
11,11,182943
10,10,165251
11,10,205388
17,16,193225
12,11,214591
11,9,159853
9,9,230987
7,7,169366
9,7,186144
13,11,169501
11,11,195889
22,21,201024
19,19,213853
10,10,189287
16,14,175567
12,10,203566
21,20,207101
11,9,188131
18,17,192370
13,12,177850
8,7,181582
13,13,220079
13,13,174234
14,13,200159
12,12,209950
10,8,188086
8,7,224024
19,17,183851
17,15,216033
10,9,221247
10,8,191605
10,9,180464
11,11,177203
13,12,171981
20,19,218761
14,13,195870
19,19,202041
13,11,199847
11,10,170853
15,14,182936
9,8,204331
13,12,205158
13,12,185696
16,14,192325
12,12,195730
6,6,182197
4,3,193116
8,8,187370
6,6,206046
9,8,198975
11,9,192069
17,17,194784
17,15,181837
12,11,185309
19,18,191397
14,13,237834
10,9,208542
13,13,199865
15,13,205358
13,12,202701
13,12,180756
14,13,201226
14,13,191353
10,9,157322
11,11,191262
15,12,196310
16,15,227317
10,9,200470
5,5,199141
7,5,174028
5,5,172903
6,5,193049
15,15,196967
12,12,180081
7,6,181486
8,8,198661
17,17,207537
11,11,177725
11,11,168780
19,19,229735
17,17,196689
20,19,203386
17,15,206835
7,7,175789
16,15,212841
16,15,223733
12,11,175047
10,10,225494
9,8,193221
12,11,192801
14,12,173717
12,10,192176
15,14,222662
9,9,181777
14,13,213363
11,11,192790
15,13,218171
11,10,174255
13,12,167156
15,14,196778
12,10,195323
10,10,198360
7,5,177071
14,14,187872
21,18,191886
13,10,188365
11,10,197477
16,15,173401
11,10,178129
10,8,219415
12,11,191324
15,14,203681
9,9,151284
14,13,167454
11,10,195226
15,15,215640
9,7,192018
16,16,227320
8,8,189920
5,5,182106
11,11,196368
8,8,184899
13,12,195133
10,10,180347
17,15,169656
17,15,182058
19,17,181254
10,9,148796
8,7,199938
18,16,196262
15,15,181153
15,13,210785
13,11,199598
14,13,206171
13,12,192562
20,18,198173
10,9,216054
8,8,200278
11,10,207626
19,17,191375
14,14,187873
12,11,195636
11,9,187404
15,15,173185
21,17,227115
19,18,182601
15,13,231480
15,14,217203
16,16,217501
17,16,205988
17,15,193736
13,12,214751
14,13,189939
16,15,183136
8,8,175044
15,15,202198
10,9,183283
24,20,209341
13,9,190005
12,11,199118
20,20,192019
7,7,191659
11,11,186381
17,17,216809
13,12,181195
9,8,192372
13,12,232990
12,12,199827
14,14,206538
14,14,208950
14,14,198918
15,14,203968
15,14,208207
15,15,190575
11,11,191953
15,14,200399
16,14,187002
12,11,189876
10,10,187904
13,12,196333
21,20,223077
12,10,186213
15,13,221631
9,8,199414
6,6,207033
10,10,188558
14,13,182932
14,12,242709
12,12,198409
13,13,190681
9,8,210053
14,13,199529
9,9,208639
12,10,190598
10,10,183519
16,14,200046
8,8,196534
23,18,208478
12,11,181960
16,16,195083
14,12,205717
12,11,202071
8,7,190333
6,6,186759
13,11,174501
10,10,170174
16,11,186919
16,16,217035
12,11,198712
11,11,200846
13,12,184271
7,7,192502
11,10,210776
14,13,196739
12,11,177352
14,12,208811
15,13,187960
12,12,165561
7,7,170475
11,10,180340
28,27,201094
9,8,201668
13,13,177421
17,14,208842
11,9,201012
15,14,196014
18,15,194535
10,10,181743
13,13,197017
14,12,189154
14,12,194359
20,17,174958
17,16,211249
11,10,215648
10,9,178315
6,6,189527
13,13,201051
14,13,203177
18,17,190799
18,15,212801
15,15,232266
13,13,181857
9,9,171552
18,16,216087
20,20,222562
13,12,163941
9,7,168282
11,11,193861
19,18,197688
13,12,199911
12,12,184169
7,7,188055
9,9,169392
10,10,201369
12,11,204373
11,11,192607
21,21,189254
11,10,163929
14,13,191329
14,12,212932
13,12,215950
13,13,186980
13,12,179049
16,15,193457
13,13,180481
11,9,184142
15,14,202197
12,11,179612
11,11,171620
14,13,211224
11,10,179612
13,10,193840
9,9,199172
14,11,196971
9,7,196743
12,11,176308
19,18,188666
20,18,196251
13,12,209107
10,9,194313
8,8,173279
12,12,213724
11,11,167892
14,12,200846
12,11,191020
19,15,192345
15,14,226736
10,9,199734
8,8,211088
17,12,192802
22,22,246237
16,14,194579
15,14,190568
16,14,198294
12,9,193604
11,10,176774
10,9,191093
8,8,210631
12,11,168421
15,14,199789
9,9,216199
11,10,196229
14,14,187635
16,14,209529
16,15,224153
10,7,197944
15,14,195921
17,16,195555
20,19,203393
11,10,209042
14,13,200349
21,18,225523
21,18,174216
15,15,211343
4,4,152783
8,7,184166
10,10,176614
19,18,213501
10,9,190911
11,9,201932
9,8,196096
12,10,178014
15,15,196544
6,6,183147
5,5,171514
18,17,216226
13,11,190557
9,8,187410
9,8,189522
8,8,196483
18,15,173876
10,9,207704
5,5,223239
14,14,228610
16,14,212599
8,7,180711
13,12,207297
17,17,187504
15,14,203140
7,7,150157
9,8,200297
12,10,216379
13,13,219707
15,14,174220
20,18,216697
11,11,160260
16,13,221382
12,10,195894
17,15,202947
14,11,211603
14,12,214095
13,13,195979
10,7,181226
14,14,201668
12,12,224305
13,10,184522
12,11,192506
11,11,190717
14,14,227004
14,12,179363
11,11,193976
15,14,207897
16,14,209975
19,17,241443
15,15,219023
13,10,194615
8,8,187357
15,14,219780
13,12,205896
14,14,234933
9,8,174271
16,16,201398
10,8,169439
13,13,189649
19,18,191295
14,14,175866
13,13,191765
7,6,190159
13,13,188024
12,11,233744
14,11,183529
16,16,175993
11,10,197521
7,6,203103
10,9,174653
19,19,189631
5,4,206485
18,16,206624
7,7,175633
8,8,196632
13,11,192724
7,6,204361
11,10,187288
10,9,169955
18,18,196502
13,13,210510
15,14,193722
13,13,197891
4,4,171770
10,10,170138
8,7,212709
16,16,226740
15,13,190901
9,8,209537
7,7,181398
17,17,213294
19,17,213980
11,10,186606
10,10,203291
16,16,168756
13,12,187095
5,4,188838
15,13,179921
14,14,233445
14,14,211069
13,13,204213
10,9,185834
9,9,211478
7,7,198937
12,12,200343
11,10,184356
11,9,192549
11,10,199959
19,17,214984
15,13,197720
17,17,226928
15,15,201462
11,9,198836
13,12,193734
12,11,209667
9,7,210848
11,8,192351
8,7,205022
10,10,161255
18,18,197201
8,6,180041
10,9,205891
5,5,200825
9,7,170284
11,9,192001
15,13,209854
20,19,187947
11,10,191491
13,12,194058
12,11,206775
10,10,177425
6,6,165539
11,9,187988
8,7,174257
9,9,192437
16,13,197180
13,12,211794
11,10,184826
14,13,200623
14,14,216745
15,15,209004
11,10,184408
22,20,220788
11,10,219677
18,16,162777
10,8,166602
11,11,174083
12,11,220752
12,11,191515
11,11,190670
21,21,213089
8,7,216000
14,13,193808
23,21,208002
18,18,208796
17,14,182708
13,12,206513
13,12,188690
5,5,181154
8,7,218786
11,11,179473
17,17,197031
15,13,197138
16,16,189501
12,10,216183
18,16,187376
13,13,217387
12,11,176803
13,12,199151
12,11,206340
9,7,202530
19,19,193392
8,8,194160
9,8,215467
12,12,195407
8,8,211031
17,16,163739
17,15,196550
14,14,200921
6,3,188543
11,11,210097
16,12,183291
12,8,175436
12,12,202816
16,14,209853
11,11,185648
8,8,195147
13,13,177510
7,7,188803
12,12,175388
14,12,216043
10,10,195894
7,5,215057
16,15,206820
11,9,188529
14,13,204523
19,18,221818
14,13,199236
13,13,219605
14,13,192042
11,11,192694
9,8,179639
9,8,182903
11,9,177991
9,7,178981
8,5,186989
17,14,225824
13,13,198681
9,8,194321
18,16,191438
8,8,175873
14,14,187735
14,14,190762
16,16,232237
14,13,208452
18,14,159566
19,19,196412
9,9,206289
18,16,223167
23,22,204660
14,14,223295
8,8,186168
15,14,203131
15,14,190423
9,8,175723
10,10,230138
13,13,200464
5,4,160923
12,10,191730
15,14,193911
10,9,166352
15,15,192355
11,11,197208
13,13,173036
14,13,187291
16,15,201101
19,18,188150
15,14,192948
15,15,203771
11,8,200065
17,16,193221
5,5,196004
12,12,213052
19,17,225560
10,9,204092
11,9,207810
14,12,175197
14,13,188023
12,10,204280
15,13,199584
13,13,188320
19,16,178899
13,12,185308
3,2,192527
11,9,211884
9,6,199423
11,11,198540
15,15,192103
11,11,195394
17,15,219237
13,12,192720
12,11,167029
9,9,225381
12,12,212020
16,16,214198
14,14,191982
15,13,212123
14,13,229969
16,14,198208
12,12,202164
8,8,207211
14,13,199628
11,10,196017
13,13,200266
17,13,196823
6,6,179887
15,13,201120
17,16,212236
9,8,211026
9,7,184080
13,13,185040
22,20,233930
13,13,181526
13,13,182953
11,10,210612
21,20,217196
16,14,211504
14,13,186580
19,18,240651
15,14,186873
13,12,180198
16,16,207542
14,12,219681
4,3,174324
19,19,185646
13,12,190365
8,8,183566
21,20,236359
18,15,211228
9,8,229424
9,9,200387
10,9,212310
13,12,225581
13,10,184697
12,12,197537
11,11,194150
14,13,184875
6,5,186144
19,18,204059
13,12,208943
10,9,172742
14,14,212138
18,18,217404
9,9,209261
11,10,203413
12,12,221058
10,10,199620
7,7,206341
10,9,182544
17,17,205170
11,10,203393
17,16,194491
14,13,218917
16,15,200119
19,16,231624
12,12,181410
13,8,201520
18,12,190967
10,10,194820
17,16,225903
12,11,228848
15,14,195310
6,5,205548
14,14,190105
12,10,205797
18,16,171524
12,11,193388
12,12,161218
15,14,190491
17,16,206496
15,14,191746
18,16,212407
10,8,160013
11,11,172465
8,7,192751
10,10,223566
17,17,198262
9,8,149118
9,9,178201
14,13,203360
7,7,204509
15,13,171369
20,20,216243
7,7,215308
15,13,211241
10,10,214879
13,11,188734
22,20,188392
11,8,193616
19,15,206311
11,11,201006
8,8,198705
12,12,194125
13,12,194923
10,10,178441
13,13,203356
7,7,197962
16,15,192320
12,12,191446
15,14,184424
7,7,181905
17,17,219042
16,14,186302
12,8,176703
11,10,182699
11,11,214616
16,14,186815
25,24,222290
12,11,217983
11,10,184575
13,13,199265
12,11,189350
19,16,202887
12,12,194306
24,22,197105
8,7,183815
15,14,196070
12,12,199855
18,14,192556
16,15,201159
10,10,170379
9,8,193350
15,15,190362
14,14,176517
14,12,170333
13,12,162338
13,12,184353
20,19,225087
14,13,170333
13,13,208258
15,13,183659
8,8,162350
9,8,183799
5,5,204935
12,11,175961
13,12,179131
16,14,229610
16,14,203814
13,13,201317
7,7,205771
16,16,183041
10,8,186034
13,11,208736
11,10,194450
13,13,194704
9,9,214631
15,13,224680
12,10,181581
15,11,190028
18,16,194912
14,14,187818
18,17,168822
12,11,205114
10,8,206814
14,12,198457
13,12,208093
14,12,166007
14,12,193680
13,12,206089
18,17,214116
13,12,204953
10,10,177298
4,3,158939
15,13,236803
11,11,219075
15,14,209939
14,13,210108
11,10,218330
15,14,217397
9,9,202860
13,11,213978
14,13,212883
13,12,243841
11,8,183408
18,18,189924
18,17,236368
9,9,204750
12,11,200235
15,15,227812
12,10,184744
19,19,183881
19,15,171525
13,13,216987
13,12,187035
19,18,172585
9,9,195804
16,16,197966
9,9,183969
12,11,187906
9,9,183921
7,7,186611
12,12,195793
10,9,194367
10,10,190021
15,13,194723
7,6,182925
15,13,218001
14,14,191888
13,12,220303
15,13,182660
12,10,205558
11,10,218635
13,12,201198
12,11,199394
15,14,210336
9,9,190046
14,14,178392
19,18,197602
10,10,169225
15,14,202423
13,13,207770
9,9,177769
12,12,182310
7,7,181925
10,9,218552
11,9,184635
14,13,180287
15,13,171482
7,6,166683
9,9,191195
12,10,214226
22,20,188225
13,13,196788
19,17,204297
10,10,180534
13,13,201504
11,11,174505
13,13,205776
11,10,198061
14,13,195813
24,23,203557
16,15,228186
13,12,193644
10,10,183189
11,10,210178
12,12,201190
10,8,176340
14,14,174790
17,16,210843
14,12,221929
12,11,218094
19,18,196001
9,9,195554
13,12,191036
7,7,183617
14,12,178150
12,9,212625
15,15,209294
15,13,222167
17,17,188170
9,6,196961
17,14,168091
10,7,176990
10,9,188137
14,12,203645
15,14,197045
15,14,198646
15,13,196725
12,12,190394
19,18,180778
16,14,219289
10,9,186761
16,15,248644
16,15,207367
7,7,187943
5,5,202885
16,14,229270
16,15,194830
11,10,216721
16,14,221484
15,15,188853
9,8,184404
18,17,192480
9,9,211190
10,10,173602
21,21,219630
11,11,181086
11,11,182736
13,11,176912
15,12,215122
12,11,187905
25,25,214050
7,6,202720
18,17,188174
15,14,228323
9,8,193852
9,8,190300
11,10,182601
13,13,195116
9,8,205244
11,11,179375
11,11,191343
11,10,217808
12,11,212961
17,16,202705
16,13,197140
7,7,177861
7,6,159971
15,14,200704
11,11,190056
13,12,212693
10,10,185244
11,10,195453
16,14,173902
11,9,180796
9,9,186507
13,11,201621
10,10,203476
11,9,173336
12,10,222566
16,12,201247
13,11,204169
16,16,196436
10,10,174112
13,13,212543
11,9,165769
11,10,180668
11,11,177808
15,15,200353
16,16,200204
11,10,195204
8,7,171990
8,7,196582
11,11,202123
10,10,178969
7,7,199899
15,14,173629
11,10,184727
12,11,187497
13,11,178129
15,15,181197
10,9,200969
6,5,186789
7,7,161213
16,15,187302
11,11,204957
24,23,219900
15,14,213971
11,11,183633
6,5,197238
12,12,181185
10,8,194838
6,6,184257
17,15,188586
9,6,185621
13,12,191583
6,3,203708
14,14,200042
6,5,188817
14,12,194445
10,9,196639
10,10,192854
11,9,170991
15,15,239839
16,15,170330
11,11,207662
14,12,184239
14,14,179010
14,12,223604
17,15,176803
18,17,207410
11,11,201548
17,15,207648
14,12,207088
15,15,192492
9,7,182104
20,19,180450
16,14,210339
13,13,217869
15,15,224559
12,12,192007
17,14,218480
15,13,190811
13,12,215496
11,11,203747
15,14,188915
18,17,199528
6,6,178789
11,10,222514
18,18,217091
16,14,196764
18,14,182982
22,17,223559
9,8,199572
21,21,229752
13,11,192342
15,11,199485
15,15,211044
11,11,190077
11,11,196089
15,15,195127
14,13,180724
13,12,187799
14,12,197453
14,13,198912
11,11,189560
17,15,176722
12,12,189428
16,14,201343
16,13,230481
9,8,206556
13,13,176129
9,7,224245
17,11,214956
22,18,212790
11,11,198226
13,11,201338
19,16,200928
19,18,216239
11,11,169763
7,7,211304
19,18,189183
8,6,173317
9,6,165643
17,15,219808
13,11,196749
9,8,190427
16,16,199536
11,10,191517
14,13,195635
11,11,171756
15,13,181756
16,16,209874
17,15,205530
12,11,215399
15,14,188321
11,10,197182
13,10,184589
11,10,208988
14,14,180149
15,15,204919
12,12,225402
11,11,203853
10,9,205213
13,11,184262
20,18,205018
14,13,211681
18,14,214643
15,13,173110
16,16,192291
14,14,188822
17,17,211751
11,9,191810
10,8,212997
12,11,199365
3,2,212053
20,19,219820
12,10,209394
20,20,213955
10,8,174387
15,14,191193
16,14,196710
19,16,190929
11,11,186161
15,13,193172
12,12,235183
13,12,214374
17,16,218960
10,9,231487
11,11,194247
9,8,188191
12,10,222391
12,11,190607
11,11,199043
18,18,211221
10,9,183803
15,15,203392
9,9,207156
20,19,174755
10,10,226968
13,13,180411
6,5,191471
12,12,210895
14,14,207636
13,13,154692
10,10,196457
13,12,184417
10,9,181673
16,14,177143
15,14,197598
5,5,183554
10,8,173897
14,14,212831
18,17,245260
11,10,202446
11,11,201916
13,12,176356
10,10,181100
17,17,216895
10,10,195198
8,6,229423
8,5,203019
4,4,176426
11,8,191545
15,14,221797
12,11,172342
10,9,174960
15,15,200689
13,12,195078
5,5,200707
8,8,221433
16,14,232771
11,9,170827
15,15,165422
11,10,187163
16,14,199272
8,8,194695
11,10,200650
7,5,194011
14,13,192822
15,15,196811
14,13,163781
7,5,212190
14,12,206698
26,24,204161
23,21,203566
19,19,190088
11,9,204998
12,12,195857
14,12,180977
20,19,194048
16,14,222205
15,12,177294
6,5,159517
18,16,197947
14,14,185974
8,8,200923
15,15,183222
11,11,193009
8,8,192450
5,5,190586
11,9,179066
11,11,199588
15,13,205366
15,13,220856
8,7,185510
15,13,197380
12,11,228350
8,7,171454
17,15,199573
8,8,178141
15,14,189797
10,10,201809
10,9,191029
12,9,207726
14,14,210499
17,16,193675
18,16,195135
15,15,193053
16,16,206777
10,8,207702
9,8,188144
10,9,219489
9,9,187068
7,7,178805
12,10,183070
14,13,201280
18,15,219754
13,11,204237
11,11,192564
11,11,205133
11,9,186081
9,7,180022
14,14,195540
15,14,212531
16,14,209309
15,14,190045
8,8,178612
10,8,189021
19,18,202254
9,9,202736
9,9,182714
11,10,214405
11,8,193535
17,14,207172
7,7,174550
16,15,183275
15,14,181727
20,19,198127
9,9,227507
21,20,192128
11,11,220405
10,9,171764
15,14,183046
17,16,215088
13,11,188648
13,12,215624
13,12,205552
4,4,161880
13,13,207191
6,5,198821
11,11,195018
12,10,172301
21,19,222834
17,17,195307
10,7,190728
19,19,216388
9,9,181194
6,6,192690
6,6,217247
14,12,211158
16,15,205815
19,18,218750
7,7,185505
18,17,207441
15,13,188378
16,15,202308
13,11,192836
17,15,205207
14,12,196543
16,14,179451
11,11,202244
9,8,194204
13,12,204395
10,8,177233
15,13,185290
10,9,214680
13,10,165705
12,10,208026
14,14,182862
17,15,205206
14,13,201721
12,11,173685
14,13,180317
7,5,182104
16,15,215793
16,16,192986
13,13,187343
9,8,220866
10,10,217251
9,8,199966
10,8,180974
9,9,180260
18,16,200874
15,12,181441
18,13,195453
9,9,208793
15,14,241100
11,11,180027
4,4,179012
14,12,199244
14,13,193342
21,19,254400
15,14,209968
10,9,210943
10,10,207217
7,6,163425
13,13,181080
12,12,161933
18,16,207632
12,12,190906
12,10,191770
13,13,201469
17,14,210926
14,14,189024
8,7,219750
11,9,173195
14,11,195308
10,7,191767
10,10,182600
20,19,173225
15,15,230010
17,16,177761
11,11,216889
11,10,190807
10,9,203165
14,13,188877
11,10,214684
13,13,183141
14,13,196088
13,13,191603
9,9,179752
19,18,204657
11,11,188096
15,12,185442
15,15,215730
14,13,167579
15,15,198758
10,10,173062
12,11,235265
8,6,176156
18,18,224877
9,9,184857
13,12,181309
9,9,221867
15,13,192236
8,8,172882
13,11,216572
15,15,204336
18,16,223427
16,14,185708
13,13,205243
10,9,227950
13,13,224531
17,17,193564
14,13,168950
10,10,190742
14,14,197386
13,12,210798
15,15,211436
14,12,166418
9,9,174907
9,9,211038
12,12,199816
9,9,185726
15,14,173440
8,6,166032
6,5,181732
13,13,191347
17,15,187406
17,17,226652
12,10,188529
10,9,215063
15,15,199343
13,12,212968
14,12,231652
10,10,205952
6,6,184763
9,8,201900
12,10,214201
14,12,237879
17,16,196394
14,14,220247
13,13,225289
9,9,174437
13,11,193924
8,7,161779
13,13,211674
18,18,210191
6,6,191725
13,12,187726
14,13,198690
15,15,209214
13,13,179487
9,8,197145
8,8,190015
11,11,180230
14,13,182026
11,11,218101
14,13,199129
9,9,200213
14,12,216187
8,8,211551
7,6,198665
14,14,194111
19,19,202419
12,12,188225
24,24,224457
11,10,195526
16,15,200079
7,5,188293
6,6,206265
18,17,175493
22,19,226590
20,18,219606
12,11,197413
12,11,179950
13,11,217531
10,8,183526
9,9,204084
12,9,185200
12,11,220446
9,9,190469
13,12,197679
10,10,202260
15,12,200408
12,8,204486
14,13,195930
9,9,184099
7,7,198271
5,5,170964
8,7,196369
15,13,217885
15,14,178164
5,4,216760
15,15,247902
11,11,168712
13,13,194353
8,8,194481
19,15,191139
11,8,167080
19,17,235325
16,15,159137
19,18,185538
15,14,180303
11,11,167983
11,11,211306
24,22,188207
8,8,196613
11,11,182183
14,14,202987
12,12,214646
13,12,173604
17,17,191325
19,19,203822
14,14,224213
10,10,192899
15,15,194980
12,11,194212
21,20,189932
13,13,196843
7,7,187518
15,15,205975
17,17,191519
11,10,161518
17,16,188720
15,14,197232
5,4,208130
13,12,182814
8,7,179713
15,14,179452
18,17,212938
9,8,228663
10,9,178456
15,14,186653
12,12,195545
13,11,198539
12,11,185319
12,12,179427
19,19,186872
9,9,182262
7,7,183454
12,10,185133
15,15,172818
11,10,195730
17,15,176481
27,26,219214
8,6,194939
17,15,205423
9,8,167678
18,18,203709
13,13,177199
11,11,198743
14,12,226679
13,12,193342
14,14,202774
12,12,202726
15,13,202189
13,12,183322
8,6,190953
12,11,203274
9,8,180396
7,6,168737
12,10,229371
10,9,188471
8,8,201631
16,15,236648
17,15,200246
13,13,225540
17,17,225273
19,18,204436
16,13,206374
5,4,213680
15,14,192731
14,13,198975
12,10,196101
10,10,187135
6,6,171551
12,11,204548
19,16,185802
11,11,185088
14,14,203949
11,9,199802
15,13,201868
13,11,201250
13,13,184513
13,12,220643
11,10,216656
18,17,194034
15,13,169151
15,14,185044
17,16,170176
12,11,171347
9,8,221631
10,9,199669
10,9,186567
11,8,209407
15,12,205699
14,13,180252
11,10,209207
19,17,199453
11,11,178287
18,17,186511
15,14,202805
8,7,178006
13,11,187298
13,13,182557
10,10,189233
6,6,196425
16,14,209675
19,16,180283
11,9,187287
10,8,184799
10,9,186516
13,13,193633
7,6,202603
15,14,216549
19,18,220379
9,6,211438
12,9,182788
10,9,216426
15,12,188867
9,9,213285
19,17,194622
15,15,189982
21,20,205462
16,15,197181
10,8,211197
3,3,184616
12,11,204198
15,15,181528
16,15,208984
9,8,203919
9,8,189867
12,11,198185
10,10,181104
12,10,215635
22,20,204348
15,15,235511
12,11,199202
9,8,204963
12,12,210988
13,12,245858
18,17,201021
12,12,207467
13,11,196296
10,10,211081
10,8,186412
18,17,206538
10,8,182091
9,8,184080
10,9,185148
12,10,201641
12,11,192858
11,10,208155
20,19,226106
16,15,210499
14,14,194696
15,15,196033
13,11,204308
14,14,192822
17,17,192224
8,8,194593
22,21,192357
17,15,195469
15,15,201210
11,10,192812
9,8,170608
11,10,194453
16,15,188049
7,7,174156
12,12,186423
10,10,205846
12,10,193221
10,9,224477
16,16,198458
18,16,182483
16,15,163744
20,20,219223
13,12,176183
10,9,174378
10,10,201629
14,12,193751
15,14,222556
10,10,194992
9,8,213402
11,11,189474
22,21,196026
19,18,193906
11,11,193251
9,9,189080
15,14,204085
12,11,211975
13,12,204292
18,16,217292
7,6,199196
13,12,196955
16,15,214824
10,10,199562
10,10,175629
14,12,196646
12,11,183968
14,12,175415
16,16,187045
15,14,200161
18,15,211212
15,14,191751
16,15,176283
13,12,217666
16,14,203741
12,12,204517
9,9,206736
16,15,212056
13,13,159927
16,14,177366
17,16,194635
19,18,195343
13,13,210597
13,13,196118
15,13,186135
11,9,183811
13,12,208121
12,12,211913
12,10,192689
18,17,177380
14,14,222032
9,7,192605
13,12,176606
7,7,187333
17,17,199685
14,14,188900
10,7,173531
11,10,146406
17,14,193499
8,7,164999
13,9,176544
13,13,160502
18,16,241772
13,13,194030
9,9,190116
24,20,181269
21,20,211578
13,13,223507
10,10,193567
14,13,182824
12,11,159938
17,15,195719
14,12,195006
12,11,186025
11,9,207684
12,11,197461
16,15,207920
12,12,237824
8,8,201285
16,16,211643
20,18,206354
13,13,199389
17,15,198885
9,8,182937
15,15,177767
15,13,234268
11,9,176199
10,9,205470
13,13,201721
17,17,207034
10,8,200123
18,18,200698
9,9,195106
13,12,181484
13,11,192417
14,13,193220
13,10,195339
7,7,188143
12,10,198490
17,14,230879
8,7,200535
8,8,211884
17,17,217038
11,10,164963
14,14,186631
15,15,198873
13,13,177712
22,21,208971
19,19,224802
8,6,175897
11,11,186260
8,7,164980
10,10,239379
13,10,194185
9,8,181098
13,10,182602
16,15,186535
3,3,177452
16,14,175551
10,9,204174
11,11,200277
9,9,218399
18,18,189801
6,5,167414
12,12,218770
17,16,215471
9,9,223056
13,13,185863
18,15,225787
20,20,196421
17,14,184317
17,16,201875
9,8,229414
15,13,173685
10,8,205514
14,13,186252
16,15,200568
15,15,197048
6,5,181121
6,4,166808
10,9,194081
25,24,210622
12,12,175588
12,12,174873
13,10,202077
19,18,206167
14,13,191875
14,14,192473
12,12,199473
16,15,208193
12,10,171591
17,15,197010
9,9,198701
10,10,186785
11,10,163672
8,6,185754
11,10,215165
11,9,182053
8,8,200640
12,10,201915
10,10,193902
12,11,204257
16,16,179097
13,13,214509
9,8,171678
15,14,181397
14,13,210734
20,19,203859
13,12,207952
11,9,208915
5,5,177466
10,10,179044
20,19,182448
17,16,194123
15,11,196705
11,11,184608
18,17,197145
6,6,214706
14,13,200387
13,13,214703
12,11,208243
13,12,185871
16,15,187083
10,10,202937
10,9,164484
15,14,177303
12,11,203225
10,9,158455
10,9,184774
11,11,175794
17,17,225949
7,6,179688
15,13,215588
8,8,198628
11,9,181293
15,14,196314
9,9,182086
20,20,198196
15,12,229262
17,15,193686
12,11,183923
8,8,191986
15,14,225817
12,11,179734
9,8,197370
14,12,201065
14,14,208634
14,14,229463
16,14,173706
10,9,216018
11,10,217634
16,16,196261
13,12,190605
11,10,226334
13,11,216326
11,11,174978
18,18,223220
19,19,232607
17,17,198436
14,13,196138
11,11,182203
9,7,220102
7,7,185440
13,12,207829
11,10,194829
10,8,215890
15,15,205338
22,21,219868
9,9,173362
13,13,204032
8,6,192409
12,11,163240
12,11,193386
9,9,185810
14,14,176815
7,7,176907
12,11,213130
14,13,192654
15,15,186499
14,13,214035
24,21,200561
14,14,187152
7,4,185771
13,12,195808
10,10,191994
9,9,176784
19,19,185254
12,10,205785
13,12,192984
14,12,176460
15,13,208245
10,9,208950
12,11,177943
18,16,193318
20,20,207486
17,16,176161
18,16,192533
15,13,196019
11,9,186772
12,11,191399
10,9,192870
19,17,190626
8,7,194677
5,5,172214
15,15,202316
15,15,225916
7,7,181428
12,12,207539
8,8,182148
11,9,175773
15,14,204203
13,12,218301
20,18,228908
12,11,201184
15,14,200475
13,13,197337
17,13,152113
14,14,210329
17,16,233732
13,13,173428
6,6,191072
9,9,182830
22,22,205915
13,13,212936
10,9,208405
16,16,210955
9,8,163304
16,16,203303
13,12,210961
10,9,194043
12,11,178053
14,13,185515
11,10,218205
13,12,212675
7,7,175783
14,11,218570
12,9,183118
14,12,185054
12,10,201827
12,12,207862
15,15,204229
17,17,196052
5,5,198125
9,8,192985
17,16,174299
14,12,200245
12,10,185282
14,12,211014
9,8,203879
15,14,197684
12,11,189643
8,8,203867
14,14,175840
15,13,204822
13,12,200483
12,11,190234
11,9,196149
19,18,206207
8,6,188928
16,14,228023
16,14,229219
9,9,204875
10,8,177920
16,14,194040
18,18,179249
8,8,163083
11,10,196427
12,10,215401
16,14,182928
11,9,200447
11,11,172411
15,15,191633
11,10,175640
13,10,195951
8,7,180084
7,6,180470
12,12,200227
12,12,196849
12,10,196421
14,13,208096
17,15,209925
13,12,210514
15,14,203658
14,13,241054
15,13,213313
10,9,209053
10,8,214791
13,13,190597
10,10,189155
14,11,183427
9,9,194032
17,17,199004
13,13,172769
18,18,226720
19,17,165595
17,15,189233
7,7,178831
13,12,193344
22,21,182365
12,11,195148
13,13,174269
22,21,214042
14,14,198037
12,11,199431
8,8,188302
12,11,171482
15,14,187015
17,16,212711
14,13,210180
19,15,198786
4,4,187601
11,9,180244
13,13,192419
11,11,193341
10,9,198218
11,10,195166
11,9,188962
7,6,197285
15,15,210370
13,13,163234
14,13,231679
11,9,166203
25,23,209721
12,10,185799
10,10,213703
13,12,173167
18,16,186644
10,10,204700
11,9,190548
15,14,196772
11,11,216916
15,14,215832
16,15,207720
15,15,236483
17,16,216979
16,12,180198
12,11,197737
15,15,183241
18,14,216727
11,11,190412
9,9,203479
9,9,184295
11,11,202270
18,17,214400
18,15,210588
18,16,217516
11,11,214755
15,13,213240
6,5,195925
15,15,188197
15,14,173962
12,11,201759
17,17,184091
18,14,185734
15,15,218069
10,10,209342
10,8,201212
14,14,187343
10,9,201945
12,9,199357
18,17,165772
10,10,202397
12,12,200136
11,10,195418
8,8,205077
12,12,180375
16,15,185572
12,11,189072
16,15,220442
13,13,210778
14,12,219938
10,9,190659
13,12,170895
11,10,189728
18,18,191361
16,15,183971
10,9,179345
13,11,184013
9,9,195176
9,9,190579
12,10,196496
9,8,184350
12,11,183791
16,14,191041
9,9,205449
15,13,195595
10,10,174732
15,15,191887
16,16,225051
11,10,184724
17,15,214006
17,16,210126
12,11,214502
15,14,205667
16,16,199610
19,18,182620
12,10,198664
15,14,195591
9,7,190120
10,9,231870
13,13,224581
14,13,202851
14,13,194919
15,13,195363
15,15,187805
15,14,220526
16,15,214787
14,14,167859
12,11,191574
6,6,163595
14,14,196867
8,8,185473
15,15,177720
15,11,159574
12,11,186068
14,14,206690
13,12,190730
7,6,155479
18,17,201370
13,12,177943
13,10,182767
2,2,179391
13,12,198027
10,10,202408
11,8,188292
15,15,202651
20,18,218530
9,9,188950
17,15,193887
15,14,205513
14,11,186736
12,12,189899
8,8,214150
10,10,212786
18,17,173091
10,8,200408
11,10,197012
11,11,203623
10,10,210337
11,11,188973
11,10,185934
12,12,182907
15,15,219014
7,7,168480
10,10,180560
10,10,219800
14,11,180960
17,16,193158
12,12,167177
25,24,222048
13,13,189029
9,8,185386
11,9,186052
11,10,209016
14,12,183590
11,9,174026
10,9,183512
15,14,198534
13,13,236624
16,15,204923
14,11,214672
17,16,205871
15,14,226470
19,19,235436
12,11,190543
16,16,219939
10,8,200904
18,17,215216
5,5,179314
17,17,188934
8,8,212083
9,8,193226
10,9,204303
12,9,190266
17,15,182075
15,15,209257
6,6,212584
10,9,205951
12,12,167839
13,10,171461
4,4,185341
8,7,159038
14,13,183087
17,17,205939
18,17,217716
12,11,237649
19,17,213148
12,10,171852
15,14,181780
17,17,167618
13,12,211103
11,9,176080
12,11,195968
10,6,188218
10,8,172761
17,17,197273
17,14,211515
14,12,173303
15,15,203059
17,17,212282
15,15,195265
13,11,209083
15,15,218393
16,16,208681
14,14,189713
10,9,177754
10,10,210891
12,9,196588
13,13,178747
9,7,181363
8,8,190537
14,13,212099
10,8,217148
13,12,200565
13,13,187074
8,7,185350
16,16,182804
12,12,189378
14,11,160496
10,10,216887
12,10,169223
13,13,205051
7,7,199804
13,12,194715
11,11,195300
14,12,187757
15,15,201098
10,10,205859
12,11,192382
11,11,205996
13,12,204468
14,14,195222
12,10,187224
6,4,192538
8,8,169892
14,13,210452
15,14,184632
11,11,232739
12,11,222062
17,17,229160
12,12,180150
12,12,206747
12,11,203072
15,12,176950
16,15,238493
14,13,189999
11,10,205960
12,12,187690
8,7,218136
16,15,207536
9,8,197543
16,15,191243
16,14,202932
9,9,184495
11,11,175855
17,17,182274
15,15,184371
14,13,201092
9,6,200931
12,11,168253
9,8,166995
12,9,169235
14,13,207856
15,15,187024
10,10,168861
11,11,190346
17,16,211694
11,11,198601
16,13,205863
15,14,196906
8,7,191351
14,11,194496
13,10,156769
14,12,194036
15,14,194448
21,17,198379
11,11,200239
12,12,174583
15,12,211677
15,15,177614
13,12,179250
22,21,210060
13,13,188646
13,13,211796
8,8,196855
13,13,187774
13,13,208140
6,5,192558
18,16,180904
18,17,206395
13,13,184233
11,10,211072
19,16,196213
5,4,201668
8,7,204149
11,10,179004
12,11,193089
8,8,183325
20,20,211809
7,7,161663
17,15,191993
21,19,225819
17,16,206021
11,11,192754
13,12,194231
8,8,194810
13,13,178929
22,20,215481
13,11,231682
16,15,174723
18,16,179452
13,12,206897
14,12,200868
14,14,187663
14,14,241694
16,15,181636
14,12,197587
11,10,189674
13,13,194374
14,13,190131
14,13,162610
17,17,208793
10,10,171795
6,6,185864
13,12,226033
13,10,208979
13,13,168919
10,8,176816
13,9,223241
19,16,222712
15,12,192625
11,10,180173
15,15,192642
11,10,188956
13,11,187036
15,13,197454
17,17,192306
9,9,179166
11,10,169467
21,20,204834
13,10,176005
10,10,202964
3,3,161258
10,10,181033
13,12,182783
13,12,194761
8,8,154795
18,17,226744
16,15,206778
9,7,204671
11,11,186090
14,11,191312
13,12,212761
9,8,206934
13,12,203280
18,18,213054
18,18,216783
12,11,188894
11,10,167956
12,11,209779
13,13,194352
13,10,225576
18,15,214724
11,11,199298
14,12,222199
9,9,195044
17,17,218121
10,9,181225
9,8,197634
7,5,177329
14,13,189673
15,15,202067
11,10,196004
8,6,182448
13,11,164500
17,15,226225
12,11,172754
14,12,192382
8,7,189771
12,9,170209
9,8,183587
6,6,196448
13,12,185120
14,13,165306
10,9,187121
5,5,196786
15,15,180934
11,11,173409
9,9,185463
14,11,194853
21,21,219212
15,15,220976
12,12,196732
17,16,179366
8,5,183808
19,16,211274
20,19,210263
10,9,174311
12,9,179275
13,13,180466
10,9,206734
19,18,190233
11,9,193353
14,13,209580
9,9,194142
8,8,183870
8,7,180953
11,11,215494
5,5,194189
10,10,190019
10,9,181483
13,11,235356
15,15,218728
21,19,215850
11,11,184297
12,12,210168
19,15,202198
12,11,204183
15,13,198627
13,11,168922
10,10,202262
12,11,184427
11,11,183271
6,5,217269
10,9,179691
14,13,207608
20,20,224816
15,15,215405
12,12,200530
10,8,170576
16,14,170822
23,20,220170
16,13,194991
8,7,209696
25,23,197468
18,17,182798
11,9,193702
16,15,213731
11,9,172583
10,8,166600
12,12,184312
16,12,212634
14,13,205810
16,15,216841
15,14,176680
8,8,207279
15,15,185582
20,15,207215
8,8,190710
10,10,199607
15,12,214245
15,12,202730
9,7,204090
8,8,220050
9,9,194876
8,5,148822
16,16,196312
9,8,195572
8,7,166637
13,11,193990
19,17,206139
13,12,192377
13,9,189764
17,14,199701
13,12,158797
12,12,205131
8,7,194061
13,12,191668
7,7,185595
19,19,221697
16,15,200637
10,10,211943
10,9,192624
19,17,181964
13,13,189757
14,14,187457
14,13,211764
17,15,199240
15,13,221449
10,8,203993
14,11,181767
8,8,188393
7,6,186340
13,13,204204
16,11,210405
18,16,203237
18,18,210104
12,12,189829
18,17,205444
15,15,208785
11,11,195668
9,9,225757
12,12,198157
13,13,187214
14,14,188499
16,16,179955
11,11,201222
15,13,186812
15,13,220024
12,10,177870
15,14,187030
15,15,209388
10,10,214459
20,19,191861
9,9,188155
19,17,191050
18,17,194173
11,10,205115
15,13,188122
8,8,187720
16,13,169544
18,18,199517
19,18,199922
9,9,186348
9,9,204559
17,17,194975
12,12,198628
17,17,229075
11,10,163112
8,6,192889
19,18,196504
14,14,181421
18,16,205151
11,11,191026
17,15,168855
10,10,205325
19,17,192138
16,16,172397
16,16,193233
15,14,195545
10,9,172642
17,16,229796
10,9,223891
16,15,194085
13,12,181260
9,8,185429
12,11,165316
14,13,164852
18,16,225934
21,18,180395
12,8,177230
19,17,205976
17,15,204483
9,8,184156
12,11,186815
15,14,209181
21,20,185858
13,10,193276
9,9,215690
12,11,171843
8,7,212509
13,12,203317
9,9,182156
14,12,180587
11,11,185383
11,10,182668
14,14,200422
15,15,198581
9,9,177951
12,12,197986
13,13,219817
12,10,186996
12,10,205219
9,9,193342
13,12,184030
11,7,206716
8,6,198511
9,7,167554
12,12,196084
10,10,181443
19,19,200217
18,17,207113
14,14,208955
11,11,184327
10,8,171854
8,7,215175
12,10,201107
11,11,236341
18,17,220849
10,8,188108
15,15,204076
15,14,222863
15,15,193594
10,10,209235
17,15,186789
8,8,176197
12,11,195644
10,9,209089
17,17,200674
11,10,185180
14,12,194609
20,20,193139
16,15,229941
11,11,186841
15,14,187490
13,12,197252
16,14,190035
13,13,240869
15,15,199771
12,9,201874
10,9,200178
16,16,185825
13,13,210251
15,13,211006
14,11,174258
14,13,180631
16,15,197902
14,13,180024
14,14,201911
11,11,203355
8,8,159331
13,13,218621
16,15,202928
13,13,169273
13,11,178928
18,14,186856
13,13,193744
15,14,200609
9,8,207191
13,13,215744
15,12,216150
10,10,185598
16,15,215642
13,10,204359
5,5,185786
12,9,176616
12,11,190851
7,6,181921
7,6,172872
18,18,191764
18,15,200467
14,14,199259
12,12,237878
16,14,231020
9,9,196578
15,15,214297
14,14,200756
16,15,227622
15,13,195171
8,7,197153
9,9,176346
16,16,172756
15,11,194581
11,10,184379
10,7,187194
15,13,208184
13,12,189495
14,12,194467
13,12,180142
12,12,178711
14,14,200544
15,13,186705
21,20,186731
13,11,181337
14,14,180450
7,6,182132
14,14,192899
11,11,209358
8,8,201837
17,17,188965
11,10,194613
16,14,194719
16,14,212139
11,11,218358
13,12,193754
16,16,186333
15,13,202753
7,6,208337
12,12,182731
11,10,223703
14,13,177761
9,9,198816
9,8,177798
11,10,203825
17,16,203198
13,12,206067
9,8,181515
14,13,209530
15,13,210230
16,15,189963
11,10,200688
16,16,191002
16,15,205778
16,16,194267
11,10,192684
10,10,197104
10,8,199612
13,12,193266
15,15,196538
11,10,171252
5,5,178168
9,7,213084
14,13,178652
12,12,161857
23,23,188901
8,8,187348
12,11,179963
19,18,225642
17,15,175329
12,12,196389
9,9,192275
10,10,187470
14,11,228209
15,15,211926
11,11,189617
11,11,216069
6,6,195998
14,14,190246
10,9,193658
10,9,195779
7,7,172936
15,15,194963
5,4,211315
17,16,205132
12,10,199315
17,16,210696
15,15,187649
12,9,181208
16,15,187303
9,9,170716
10,10,170597
15,15,210531
7,6,195590
11,11,193059
11,11,192214
12,12,216389
14,13,229527
17,16,172127
12,12,175876
11,11,167753
11,11,185970
10,9,181641
8,6,177455
10,8,167596
8,7,187935
13,13,177685
11,9,190348
17,16,191246
9,8,199215
14,13,205067
16,15,200867
9,8,165822
15,15,233388
19,18,228105
6,5,188244
14,12,196833
13,10,184821
18,17,191696
10,9,207033
17,17,229901
13,13,199775
20,20,211425
11,10,206304
12,11,220887
8,7,205174
13,11,171003
15,14,183664
9,8,199933
14,14,201646
11,9,179823
12,12,203023
16,15,206827
8,8,205860
14,12,241065
16,15,205302
10,10,201083
13,10,226732
9,9,238752
13,11,209395
9,9,187279
11,11,181291
15,11,193053
18,17,193136
17,13,172247
14,14,209129
13,12,190014
18,18,208492
12,11,207293
13,12,236909
14,13,165266
14,14,202900
11,9,196437
21,19,199927
14,14,201647
18,14,184672
8,4,178977
11,10,203610
10,9,182450
17,14,180728
8,8,189800
9,8,203467
8,8,200752
12,11,197086
18,16,212824
14,14,182710
17,14,184664
12,11,202765
12,10,200689
15,13,191712
7,7,201347
13,13,197348
14,13,198815
12,10,197032
19,17,196484
12,12,205321
12,12,192840
18,17,205590
16,16,199695
12,12,221985
19,18,210459
20,17,195672
13,12,214268
9,9,177367
7,6,209410
11,10,227664
8,7,206741
14,12,188607
17,16,191287
8,7,193718
13,12,199717
17,14,219879
6,5,191640
11,11,209286
12,12,193759
15,14,178410
13,12,205645
10,10,193678
16,15,204805
18,16,215774
16,13,175593
12,10,191365
14,12,215690
14,11,212261
18,16,208539
13,12,200528
13,13,177427
16,15,182253
12,11,228335
16,14,217709
11,11,229571
16,14,205120
19,19,189376
15,15,214957
9,8,209216
21,18,201824
13,12,199392
8,7,196764
19,16,202169
18,16,197989
16,14,197121
6,5,173445
8,7,189369
12,12,218975
7,7,189405
9,9,188681
16,16,223455
15,14,173823
10,9,192741
12,7,165868
13,11,174263
12,11,194330
14,12,179018
12,11,190410
14,14,218595
20,19,203477
15,13,208520
12,12,200038
14,12,217407
12,12,206465
15,15,209946
7,7,167760
13,10,199928
9,9,208774
11,10,194336
21,20,203547
13,12,192970
8,8,173731
10,7,199177
11,10,179138
12,10,184932
9,8,194470
21,20,207729
16,16,199370
8,8,197767
13,13,202384
20,20,204511
11,8,188696
12,9,237415
11,11,219121
8,7,199448
13,11,196246
6,5,209245
6,6,212185
11,11,182306
17,16,210854
16,15,217853
13,13,217006
19,18,220363
19,17,201099
11,10,210746
19,19,225545
17,13,180568
20,16,185067
6,6,186191
24,20,168584
18,16,204331
11,9,193721
8,8,183705
14,13,180006
11,11,209432
12,12,184202
15,13,200123
12,12,197024
18,16,213458
12,12,205351
12,12,221021
17,14,231392
22,21,211989
13,12,186965
13,11,205391
16,15,214250
12,11,199651
19,16,190328
13,12,195617
9,9,192169
12,12,195710
19,18,187777
11,11,188211
10,10,179587
12,11,212465
18,15,202581
19,17,214144
15,13,213902
14,13,202414
8,7,162883
17,16,183017
13,11,199123
18,15,194072
14,13,209207
11,9,185913
7,7,195685
17,15,203599
13,13,152901
12,12,196249
17,15,180299
11,10,199507
9,7,213814
11,9,218363
14,13,193753
17,17,217482
19,17,181198
13,12,207867
10,8,195877
11,10,184736
13,12,191107
26,23,213506
10,8,166594
16,14,187015
11,9,180625
9,8,218428
7,6,196198
13,11,171235
9,8,198020
12,11,208518
12,10,233014
11,11,198933
25,22,175355
11,10,182054
10,9,195810
11,10,202991
15,14,205976
10,8,201856
16,15,201479
6,5,191419
11,11,190092
15,13,194943
8,7,183006
8,7,219252
18,18,183882
14,11,211937
15,12,178184
14,14,213043
7,6,189617
12,12,212370
7,5,183636
15,12,196391
11,11,203824
10,10,166533
12,12,184718
7,7,175840
15,12,205049
6,6,157334
10,10,198272
14,14,205343
8,7,162326
10,10,185732
12,11,191802
17,15,214499
11,8,204292
8,7,193719
15,15,191992
11,11,190898
23,23,206035
14,13,181193
19,17,206855
16,13,210969
20,18,206581
9,8,200269
19,17,200462
14,12,177498
23,22,219172
11,9,184068
19,19,211514
10,10,186187
11,9,199616
16,15,197808
16,16,201997
9,9,190504
14,14,209438
11,11,218914
15,15,209373
15,15,203406
14,13,202804
11,10,205783
16,15,168778
11,10,221055
12,12,208746
18,17,178324
14,13,183629
13,10,200332
11,10,211737
14,14,190965
11,9,192622
17,17,254494
9,8,203055
10,10,196699
13,12,218970
11,11,199063
16,13,172465
23,20,182352
16,14,215167
14,14,208672
6,6,203264
8,8,176248
11,10,187330
24,22,181130
7,7,206785
17,17,243228
14,14,179283
11,11,181641
15,15,190780
17,13,190265
13,10,178050
16,13,198149
14,14,179790
21,19,221130
11,10,227677
12,11,182104
11,9,201149
16,13,184392
3,3,179232
10,9,217578
15,13,168305
9,7,185841
9,9,205066
9,9,174340
14,14,196248
14,14,193276
14,11,173166
20,19,201415
13,11,201737
10,10,176355
13,11,212171
18,17,220817
13,9,173577
18,15,216751
8,8,214223
12,12,198102
14,11,226215
13,11,196802
6,6,181353
13,12,192372
17,17,187614
23,18,217923
11,10,164938
16,15,183369
11,10,191689
15,15,214412
14,11,172350
16,13,205375
15,15,196688
12,12,176978
13,13,184416
13,13,205745
9,9,208270
11,10,202499
11,11,207205
9,8,189582
15,15,231972
10,9,169424
8,6,193761
12,12,210593
16,14,173011
17,14,206426
10,10,222412
7,7,166663
15,14,188907
13,13,196465
17,15,195702
6,5,191662
13,13,202894
13,13,220734
15,13,183888
11,11,172477
15,11,189041
8,7,191420
11,11,163095
16,15,184680
11,11,186779
6,6,185682
12,12,180158
12,11,200606
14,14,168274
13,13,204234
13,11,181221
13,12,222653
10,9,158412
7,7,178436
14,14,190321
13,11,165146
14,13,213444
15,13,188366
13,11,196132
15,13,199805
11,8,192874
9,9,221568
9,9,181764
10,10,206018
7,7,185257
12,11,177889
21,18,239485
7,7,179336
19,18,223297
22,21,201350
14,13,188412
16,16,226070
12,12,196395
13,12,217174
18,16,173857
14,13,209027
11,11,199344
20,20,195806
20,19,208780
8,8,191034
18,17,206370
12,12,207619
13,10,187436
5,4,172893
11,8,169292
13,13,171899
18,18,197052
10,9,206350
15,14,195904
18,18,232494
14,12,195787
13,12,221974
16,15,189409
14,14,216243
7,7,196799
17,16,181820
16,16,207330
16,15,225300
8,8,204399
11,10,203992
24,24,236721
21,20,194687
14,13,190223
20,19,225985
18,15,189258
17,17,206230
14,13,178085
10,10,183287
13,10,221573
11,11,179939
9,8,187280
17,16,199142
14,13,203115
13,13,183171
17,16,187092
11,11,171973
10,10,180070
12,10,196751
10,9,198229
9,6,169666
14,12,198123
23,21,210742
15,14,173639
15,13,207364
12,11,173750
16,15,178566
15,15,207959
7,7,202241
6,5,181062
10,10,177453
13,11,169338
11,9,180350
12,11,208735
12,9,201500
11,9,187700
17,15,181325
11,11,213832
14,13,224355
14,11,171409
13,10,198406
12,10,166883
10,9,210978
13,13,208565
8,7,183643
9,9,202845
9,8,209065
5,5,197509
18,16,191940
13,12,199387
11,11,188461
18,16,206925
23,22,214722
9,7,187579
17,15,176838
16,15,207261
13,13,227808
9,8,185608
13,12,177744
12,10,186486
11,10,182983
20,19,233952
10,10,187794
11,10,220446
12,11,169951
15,13,177623
8,6,178083
7,7,208960
8,7,202762
18,16,196855
9,9,192980
16,15,222611
13,12,202614
13,12,197688
13,13,196280
13,12,173848
11,11,184144
16,15,200755
16,13,193188
10,9,171975
10,9,184896
13,12,174251
14,13,167004
26,24,217426
11,11,194177
17,17,212085
9,8,198681
14,11,182085
14,14,206911
12,10,191274
18,17,223167
15,14,193046
15,14,210281
13,12,170281
15,14,208549
14,14,193552
18,18,209395
13,13,212616
17,14,200893
12,10,187362
8,8,204859
6,6,175160
15,13,170869
11,11,191841
13,13,186975
12,12,228852
7,7,190191
12,10,191220
16,14,182788
12,11,193956
5,5,175446
9,9,153506
16,15,225188
21,19,192187
7,7,165987
18,17,189232
21,19,218668
11,9,193964
14,14,190514
13,12,192453
11,11,202612
10,9,203685
17,16,191696
10,10,185665
13,13,185960
9,8,192797
12,10,181652
13,12,202680
10,8,214606
15,15,203343
9,9,196461
16,14,188180
16,14,208591
11,11,207452
14,13,204721
14,12,200274
17,15,185738
15,14,179767
17,16,193503
13,13,185621
17,15,205715
17,15,210403
16,16,220960
10,10,183238
12,11,188039
19,19,213604
9,9,170472
13,13,203417
9,7,203246
19,15,188133
9,9,173691
13,11,218864
10,10,183029
10,10,191534
17,16,206396
15,14,186248
14,14,190142
10,10,165369
10,10,175288
14,14,196613
14,12,202768
20,17,160472
11,9,198828
9,9,197423
10,9,187925
11,11,201398
9,9,191019
7,7,160388
13,12,209755
16,15,201832
17,14,159303
14,12,193317
9,7,196339
18,15,176718
21,19,221109
13,12,198050
8,8,185587
16,15,196164
11,9,186509
13,10,198513
12,11,171202
14,13,207358
14,13,254094
11,11,172137
6,4,210884
7,7,193914
19,17,197100
13,13,200016
12,11,176330
14,12,185332
10,10,181637
16,14,209229
8,7,196654
20,18,209312
7,7,208780
13,12,200325
14,14,188160
14,13,193394
11,8,198521
21,21,201403
9,9,207353
13,13,214639
19,17,231527
16,15,189594
13,13,163926
9,9,175968
12,10,178419
11,11,166297
13,13,218513
18,15,181995
16,16,207658
19,18,197671
8,8,171629
14,13,197028
13,12,189868
20,18,240277
9,9,200342
12,10,192648
14,13,190974
15,14,219449
13,12,205971
14,13,191860
8,7,200485
21,18,182261
8,8,181030
18,16,173428
9,9,187784
8,8,176552
14,13,197209
13,12,190551
14,14,175491
12,9,151599
13,12,190805
11,10,194749
14,10,182821
14,13,189113
8,8,199511
12,11,174878
16,15,199961
12,10,177675
11,9,186597
18,17,219082
9,9,180798
18,16,201568
9,8,194930
9,8,189376
8,7,183778
5,5,210734
6,4,185014
11,11,189945
9,9,183762
6,5,173410
14,14,174871
14,12,205833
11,10,223974
12,11,172046
14,14,202437
20,18,228939
12,11,199901
15,14,197506
17,16,207743
8,8,177943
17,16,226771
11,7,161671
20,19,176255
12,12,206628
19,19,232008
19,17,190616
11,9,191375
11,10,190854
10,8,171159
7,5,192653
10,9,203966
7,7,187770
5,5,180866
14,13,214330
13,12,219752
16,14,200284
17,15,201462
4,4,181595
10,10,190188
20,18,198423
5,4,209999
14,13,198647
4,4,184282
12,11,157791
20,18,202045
11,10,210405
13,11,226105
15,13,223403
12,10,212592
9,9,201434
10,9,192616
8,8,180292
21,20,194895
19,18,195367
16,13,179064
7,6,212332
9,8,176620
24,21,219620
10,9,169607
10,9,168215
16,15,191713
12,11,172288
10,9,231285
15,14,186539
14,14,203384
11,11,195664
6,6,172760
17,14,182678
15,14,204065
8,8,222678
8,8,191572
10,10,197197
10,8,188769
20,19,210229
13,12,199932
15,14,197236
24,23,213092
15,12,168769
12,10,194574
16,13,210764
10,9,192298
5,4,188628
15,13,220128
16,14,209787
13,13,176899
18,18,215582
10,10,183011
16,16,199557
11,11,183339
22,19,180034
21,18,197967
15,13,209673
17,16,210157
11,11,187011
11,10,202873
11,9,186556
21,20,220599
17,16,241986
13,10,192910
14,12,190683
19,17,186083
19,19,206611
12,12,192409
23,22,204397
15,15,198307
10,9,167287
8,7,184133
17,17,202964
15,15,193672
15,13,201616
12,11,191901
11,11,189122
12,11,207826
16,14,173736
15,14,199164
9,9,177279
8,6,194573
12,12,197217
8,8,180535
7,7,176759
12,9,205433
18,16,208602
12,12,196727
10,9,187045
12,12,162666
16,15,193578
14,12,203612
16,13,207610
16,16,199890
8,5,192185
16,15,199124
9,8,208172
17,14,187658
8,5,181192
16,16,203570
10,8,181426
18,18,196313
10,9,188609
17,16,196483
19,15,177252
8,8,183517
14,14,221181
15,14,215955
8,7,171629
11,11,205059
15,15,180471
14,13,187786
13,12,235501
7,7,181629
7,7,184183
17,14,191451
13,9,198230
13,13,194175
10,9,195710
9,9,185739
14,11,203271
13,12,183188
9,5,186350
7,6,167862
17,16,197089
10,10,227751
13,12,183487
14,13,201728
19,19,211421
9,8,220280
20,20,220983
16,15,236608
11,10,187324
17,17,188333
12,12,196687
8,7,191092
15,14,201867
18,18,222882
12,11,214912
13,10,218050
8,7,177873
15,14,177862
11,9,214081
12,11,216107
6,4,191161
17,16,193552
13,13,226600
16,16,184231
17,14,212887
13,13,186387
15,12,197079
16,16,215257
11,10,185872
10,9,148002
14,13,201609
8,7,163039
7,6,189886
16,15,183097
21,19,219032
17,14,187908
9,9,190000
15,13,179338
17,16,209490
13,12,192070
14,14,172614
12,11,214387
14,14,191219
8,8,175916
8,7,207246
16,16,213133
7,4,172584
15,14,204332
7,6,201740
16,14,187942
16,16,189831
13,11,195170
19,18,209420
12,11,203804
15,15,208019
15,13,205868
14,14,202145
12,11,177024
10,7,202537
13,11,186048
15,14,219952
12,11,171208
25,23,232267
19,18,183177
16,16,178613
11,9,186934
11,10,175717
15,14,186022
12,10,204474
12,12,177299
16,15,189265
11,9,196628
15,15,197421
11,10,187938
16,15,162840
18,17,198337
15,15,186307
9,9,186426
9,9,181272
17,17,186584
17,15,193111
14,13,197450
16,15,183212
20,17,218769
9,6,187750
11,11,194873
11,10,220274
5,3,190095
13,13,170036
21,21,216357
13,13,216660
14,13,184788
18,17,219481
14,13,169845
13,12,210668
10,9,219759
23,22,220480
11,10,183207
9,6,173715
9,7,205699
15,13,190068
9,8,192883
7,7,193786
23,23,209843
16,15,197795
14,13,180719
13,11,202340
13,12,184849
9,9,184189
13,13,211750
27,25,230443
13,13,181078
10,9,182155
12,11,182136
16,15,181346
12,11,205224
11,8,200929
14,13,215765
11,9,176330
8,7,200618
16,14,207718
5,5,172980
21,19,228056
16,15,193049
16,16,179310
18,17,198306
12,11,204804
7,7,177864
22,22,202025
9,8,181563
15,12,201911
13,12,200813
12,12,192061
18,16,209509
12,12,213748
15,13,189987
15,14,222470
17,15,182084
18,16,194465
11,8,183590
11,10,174078
8,7,196218
14,13,172221
12,9,200760
12,11,199364
16,16,176004
12,12,200648
11,10,192013
13,13,189310
12,12,172089
9,9,157574
18,10,220018
15,13,188025
6,5,179510
10,8,193365
15,14,200240
11,11,213036
13,13,172751
17,16,181702
14,12,189631
7,6,190295
17,17,207903
17,17,225386
8,7,160730
18,16,197548
12,12,208689
12,10,190135
15,14,205927
13,13,198535
11,9,202784
10,8,210828
10,10,213168
14,12,184028
15,15,190406
9,8,185222
14,13,232653
13,12,207015
14,14,184389
10,10,214351
19,18,203472
7,6,200065
7,6,191334
15,13,191817
13,11,205335
11,10,190335
13,11,178145
23,22,215500
11,10,186709
10,9,226371
12,12,189020
17,16,188613
17,17,195853
9,7,217197
10,10,200975
16,13,185012
11,11,162451
9,9,208874
12,11,192337
16,15,213778
12,12,191493
15,12,180147
9,9,218165
5,5,209732
9,9,174822
6,5,216259
16,14,216399
15,13,193953
11,11,194963
7,7,182120
4,4,160534
14,12,203799
16,13,179109
15,12,219914
7,6,214025
8,7,181562
10,9,174122
8,7,178019
12,10,179979
10,10,174488
10,7,188792
17,17,200600
13,13,195197
12,10,168687
10,9,184856
12,12,173834
10,10,224997
8,8,190693
11,11,201169
13,13,209303
12,11,201598
7,7,166225
13,13,205933
13,13,181442
9,8,179146
12,11,187541
12,10,208402
10,10,186413
16,15,179398
15,14,200545
16,16,229951
14,14,209629
15,13,184101
13,12,196264
11,11,196503
14,13,197966
10,9,218036
13,12,189320
10,10,188036
13,12,185848
14,13,196419
16,16,199344
18,17,209957
15,13,209186
14,13,209628
22,21,231177
9,8,198735
15,14,197536
11,11,222453
12,11,175434
17,13,189694
17,17,193830
8,7,168165
15,15,197833
12,11,179128
16,16,178213
11,9,190653
13,11,215560
15,14,192302
18,16,199023
15,13,170385
15,13,196100
15,12,188402
11,10,187793
16,14,203728
9,7,197765
11,11,204358
14,14,183518
11,10,186271
18,14,175579
12,12,188774
14,13,190988
12,12,175857
14,13,194770
16,16,186345
14,14,194803
14,13,203087
17,16,210879
11,10,180744
7,6,204720
14,13,177166
14,14,189286
11,10,207106
12,11,194114
10,9,193249
9,9,191908
8,7,190110
13,12,193069
6,5,188915
17,17,222076
16,14,200206
12,10,191541
15,15,198690
14,14,205033
19,18,185760
17,16,215272
17,15,214211
8,8,206456
11,10,191269
8,7,170801
11,11,175691
11,9,176749
15,15,182353
9,7,206090
14,14,193752
13,13,193891
18,18,199336
5,4,204560
20,20,216149
21,21,201517
12,9,169872
12,10,170928
11,10,196076
9,8,230697
21,21,189598
16,14,192153
7,6,178986
18,16,220124
9,9,190101
14,11,213475
11,10,213677
12,12,194274
13,13,220548
17,16,183365
19,19,218052
8,8,176315
15,15,188956
12,10,161392
11,10,187060
15,15,183385
10,8,194688
11,10,202792
12,11,206166
8,8,193152
13,11,194328
17,15,196277
10,10,223236
14,13,197087
11,11,175768
11,11,185641
16,15,211918
11,8,184058
11,11,220793
13,13,195378
16,13,171770
9,8,177924
12,11,203748
9,6,166875
12,12,213199
13,13,222097
17,14,156570
9,8,179741
9,8,205431
17,15,196129
13,13,213403
13,12,229513
10,10,194002
12,12,202830
9,9,183452
12,12,204577
19,17,226359
19,18,213611
6,5,177415
18,18,215067
17,17,206024
12,12,173713
12,11,205276
12,12,200700
12,12,208836
12,11,206176
18,17,225082
13,13,179068
14,13,202862
18,15,183048
11,11,165031
7,7,175268
15,14,203708
18,16,195011
11,10,204354
7,5,213823
15,15,175969
17,16,219178
10,10,166742
11,10,189274
14,14,196758
9,9,197993
9,7,189091
19,18,173460
9,9,209759
13,12,201482
25,25,234754
14,12,186629
12,11,201703
8,5,159856
15,14,209333
12,12,208530
11,10,206346
18,16,182043
14,14,200493
13,12,188285
17,15,194444
17,13,192355
17,17,181149
12,11,193372
12,11,196063
13,12,215429
19,18,201562
10,9,180778
10,9,201270
14,13,181211
15,13,176706
14,12,191309
11,10,209701
5,3,180234
7,6,173425
11,10,182051
13,12,207431
12,10,211219
16,16,194802
10,10,179402
22,21,196028
13,13,210482
7,7,173568
13,11,198341
14,14,208097
11,10,207589
20,20,208007
11,11,198365
12,10,188937
13,12,181489
13,13,192239
15,15,188142
9,9,171724
21,18,191915
11,8,193001
6,6,191150
7,7,165928
16,12,182772
12,9,194678
7,7,195919
15,13,190172
12,11,197334
10,9,213441
14,14,186563
14,12,185656
20,20,218152
10,9,213325
15,12,179898
14,12,182153
4,3,153988
11,11,183432
9,8,173617
12,10,216728
12,10,202108
10,7,176669
15,15,215274
19,18,218977
11,10,173087
8,8,213718
9,9,189507
10,10,202137
10,9,201461
15,12,213106
9,9,190926
11,10,179352
15,13,189631
12,11,191657
13,13,204807
10,7,186319
9,9,214618
19,16,206540
12,10,182093
13,13,226708
16,15,217827
14,13,211677
19,18,207935
10,7,200675
11,11,195053
10,10,197255
13,13,204626
23,22,206239
9,8,189615
14,13,189809
8,8,195486
14,13,185449
20,17,220512
16,14,216769
8,6,184475
11,11,194390
13,13,184488
18,17,194257
8,8,172330
6,5,196588
14,12,210116
11,10,172843
9,8,184929
14,14,218625
10,9,180396
16,16,202366
17,15,190019
16,12,210801
15,14,224529
13,11,176159
10,9,160234
6,6,174124
16,15,189863
12,11,195259
12,11,191985
10,6,183924
6,4,158844
22,21,188862
16,15,211888
18,16,197159
7,7,201607
11,9,201573
12,11,226629
11,11,188580
10,9,201560
12,12,176684
14,13,191434
8,6,181761
15,12,194554
8,7,212367
12,12,182916
13,12,205886
19,18,195142
20,19,191003
17,15,169339
16,14,200470
15,15,167139
11,11,223921
15,14,185286
13,13,198990
5,5,196227
11,10,189778
20,19,188306
14,13,198842
14,14,220557
18,16,193539
15,14,174300
16,16,187123
12,11,209820
16,14,179376
21,21,192142
15,15,233675
11,9,199261
16,13,199505
14,14,237317
15,14,215908
13,10,216042
13,13,211576
15,12,182191
13,12,172373
10,9,186804
8,8,180787
11,8,190995
13,12,181802
21,19,195758
9,7,194984
14,13,179996
10,10,212100
12,10,215895
17,14,193242
11,10,196988
9,7,222192
7,7,196357
14,14,202174
18,17,203487
13,11,185806
14,14,185965
16,15,192127
18,16,194422
8,8,168718
9,8,165768
12,10,177971
7,5,186069
15,14,191394
14,14,222013
6,6,173400
17,16,201833
14,12,176786
10,7,189445
18,17,204908
9,9,176587
12,11,236057
6,5,202761
16,16,205479
16,14,209793
13,12,195297
12,11,179730
20,15,203974
15,13,208778
9,9,198063
13,12,213966
10,8,180819
9,9,186262
8,7,216109
16,15,179276
10,10,186975
12,11,213600
17,12,216258
6,5,190659
20,17,203391
14,13,218148
8,8,197626
16,15,182355
16,16,166215
21,21,220213
13,12,217110
12,12,213983
15,15,215296
15,15,188275
15,14,204279
10,9,183398
14,14,195971
11,11,186917
11,10,207988
14,13,218002
12,9,179182
8,7,181905
9,9,207280
15,15,198698
5,4,175884
14,13,197730
17,16,180055
12,11,196778
11,9,174030
11,10,186055
9,9,199298
9,8,220915
9,9,179359
9,8,173532
13,13,190604
26,23,211627
7,6,189773
12,11,199813
20,19,203741
10,9,201728
17,15,204376
13,11,211235
12,11,186615
21,18,209270
12,10,200981
15,13,211663
12,11,206426
13,13,208760
10,8,168543
12,12,180006
18,16,212593
6,5,197389
15,14,190127
9,8,195844
9,9,186600
14,12,201537
14,13,219792
10,9,192114
16,15,207314
14,13,205138
14,12,199302
21,19,243054
12,12,171070
12,10,188806
12,11,175736
12,12,195848
15,13,185193
14,11,179218
13,10,173131
9,9,184490
13,13,183494
9,7,170835
11,11,196071
11,11,215678
13,12,194884
16,14,251741
11,11,177226
16,16,197627
6,4,176164
6,6,242816
15,14,194604
18,16,222890
15,15,172459
14,13,174779
11,11,214749
8,8,186139
10,9,177042
16,14,197815
18,17,202141
9,7,209796
11,11,196523
18,18,203414
17,15,179952
15,15,206490
10,9,160983
7,6,179649
15,14,222369
9,9,204479
9,9,219365
12,11,224864
15,15,186648
25,23,215890
18,16,200585
15,15,173174
20,17,203750
9,7,158974
13,11,179594
13,13,210675
16,15,215990
16,16,192755
20,20,211778
10,10,205885
13,12,203360
17,14,183997
16,14,182468
11,10,190364
13,12,196496
10,6,182516
8,8,174831
18,15,224421
10,7,179480
12,9,189020
18,18,193922
17,15,188757
9,7,227249
17,13,176059
19,18,192046
13,13,192238
12,9,222769
11,9,201905
9,9,198651
13,13,190015
19,18,221496
11,10,188552
9,8,198954
14,13,213460
25,24,191083
10,8,181408
19,19,190768
15,15,209038
17,15,200652
22,21,218862
12,11,203757
18,15,188152
13,12,213197
16,16,177244
11,10,181317
16,15,205572
16,15,187825
13,13,199065
8,8,168285
12,12,197948
11,11,193918
16,14,216955
20,19,204617
14,13,206596
9,9,176517
10,9,205992
23,21,229216
19,17,209697
5,3,207942
20,19,226309
15,13,232556
9,7,190181
13,12,201916
11,11,192926
14,13,190311
13,13,199258
16,15,197736
9,9,210297
15,13,193945
14,14,192862
9,8,151216
15,14,207841
15,13,186523
21,20,193561
17,17,208552
14,13,210205
16,15,198829
16,16,208645
11,11,209860
23,22,231657
19,17,184870
14,13,168138
16,15,198017
14,12,201663
10,8,215693
16,16,214106
7,7,191107
11,11,193995
17,15,223201
12,10,191510
20,17,233589
11,10,207753
12,12,201957
13,13,231845
18,18,215785
13,13,203645
13,13,198708
9,9,179947
7,7,188509
15,13,200847
10,10,198258
10,8,199142
9,7,224874
14,13,235231
13,12,203004
18,15,177436
10,9,187932
21,18,184003
11,11,172308
10,10,184689
9,9,214091
11,11,203607
20,19,218786
7,5,207628
10,10,200193
11,10,189738
17,16,209747
15,15,231615
11,10,184430
7,7,211743
13,12,188281
16,15,213451
8,8,195598
12,12,188655
18,16,201515
11,10,206254
14,14,186057
8,7,173661
18,18,199370
13,11,191179
7,6,198166
14,13,226854
10,10,196628
13,12,230560
8,5,163740
10,10,173807
11,10,192543
5,5,186062
13,13,195246
10,10,182422
11,11,198835
14,14,196291
20,18,193401
12,11,186008
12,11,217283
9,9,186915
19,18,175392
14,13,183207
10,8,178954
15,14,199609
13,12,233054
13,12,188258
6,5,170547
12,12,193014
18,17,184281
11,9,199433
12,12,213461
12,11,177488
17,16,197892
6,6,180549
10,10,200682
17,14,205453
6,6,199114
18,17,179759
15,14,222230
7,7,174944
19,18,198907
12,11,183785
12,10,180823
13,10,173016
6,6,161970
17,15,223588
15,14,199735
16,15,195243
10,10,215106
12,11,219816
13,11,186273
10,10,218005
13,10,205977
11,11,204140
13,13,185962
4,4,168565
7,6,227541
17,15,184946
16,15,196411
22,21,220098
17,17,216073
21,20,204728
17,14,219190
18,18,214550
9,9,189788
5,5,168388
11,11,187642
13,11,188604
15,15,209603
16,16,205785
12,11,200442
15,11,227243
7,7,178490
11,10,195739
10,8,176789
12,11,181340
25,22,200619
11,11,197264
10,9,163022
15,14,227542
13,12,194752
26,22,218418
7,6,167143
8,8,188894
16,16,189163
14,13,178125
15,13,195668
8,7,208028
10,10,171077
9,8,194501
13,12,202976
17,16,218295
18,16,198153
19,19,192675
10,8,202036
9,9,209499
9,7,220578
14,13,197747
12,12,209246
14,14,219820
19,19,191801
17,16,200476
7,6,190898
18,16,176289
13,11,204303
12,11,228732
15,14,226127
12,9,180776
14,12,214861
14,14,206418
14,14,198051
11,10,207625
15,14,219104
14,13,193562
6,5,188293
12,10,183982
11,11,166464
13,12,197223
15,14,191056
8,7,216671
19,17,215810
13,12,190104
11,9,205160
12,10,197562
10,9,180902
18,14,179396
20,19,207615
15,12,200011
11,11,193308
12,10,205823
10,9,189302
10,10,189171
10,10,197958
15,15,172537
17,17,204296
7,7,207834
11,10,198929
9,9,193357
11,8,199484
17,13,186849
12,11,185216
13,13,211077
22,20,193385
16,14,176304
12,11,197119
13,13,210538
9,9,191398
13,13,218218
13,13,184992
17,15,215841
5,5,166997
13,11,213475
12,12,218755
16,15,222212
13,11,203057
17,15,191656
16,15,214644
19,18,213665
19,17,199903
15,13,190245
13,11,197730
7,7,188436
10,9,206428
16,14,205592
16,16,192161
13,10,199384
16,14,191608
10,10,205517
12,9,197959
9,9,200446
13,12,196119
14,13,215682
16,14,202716
10,10,154622
13,13,207896
14,14,209687
17,17,195986
13,12,195444
13,12,201319
13,13,210802
7,7,194334
11,11,205827
9,7,207241
12,11,185864
12,12,219405
20,19,203230
13,11,196262
16,15,198228
16,15,193789
12,11,206310
12,11,189130
16,13,190547
13,13,206711
18,16,220254
11,11,201801
15,15,219583
10,9,173505
14,13,188840
9,6,214245
18,18,176001
11,11,202665
17,16,186008
19,18,183853
10,9,189127
15,13,212857
25,24,219725
9,9,180939
14,13,197918
9,8,179858
11,9,197366
14,13,197022
13,12,192161
7,7,203675
19,19,200485
11,10,179980
15,14,189334
13,13,182782
18,15,171852
15,15,188946
10,7,188082
11,8,167014
14,14,227547
16,15,176811
18,17,218376
21,21,214561
12,12,206677
13,13,191539
12,12,156378
16,15,198351
12,9,173138
17,15,217480
5,5,164518
9,9,202994
15,14,171639
17,17,214172
9,8,208735
11,9,200729
9,8,221153
8,6,185656
7,7,181247
14,13,234217
11,10,180061
17,16,228342
16,15,195975
9,7,188400
8,8,182203
15,12,230684
12,11,200333
10,9,182211
15,15,180269
8,7,160126
12,10,194752
13,13,202366
7,7,211181
7,6,177950
14,14,173946
14,14,211372
8,7,198264
14,13,210765
8,6,193308
11,10,192031
12,12,202883
17,16,227709
12,12,187979
11,10,181195
14,13,200959
8,7,201127
14,14,227982
17,16,227714
9,9,177779
9,9,184405
8,8,175204
9,7,190928
10,9,171742
8,8,181632
16,15,223858
10,7,173232
15,14,180180
12,11,208607
10,9,203063
13,12,192552
8,7,171582
12,12,217711
11,10,173065
10,9,220797
13,13,161730
9,6,201825
19,16,198041
15,14,214295
10,9,203742
17,17,194735
7,5,179810
12,12,198373
9,9,196775
14,14,210563
13,12,191071
10,10,218554
12,8,164453
18,15,199226
14,11,192574
14,14,217513
14,13,214543
15,14,161212
13,13,253869
7,7,223808
14,13,199589
7,6,179192
8,7,169593
16,15,195694
19,18,203166
11,10,177710
14,12,200438
16,16,217850
7,6,215836
12,11,208883
12,11,213651
13,13,213900
13,11,187325
14,13,216469
11,11,205606
14,12,252486
14,13,204960
20,18,209405
15,14,185859
18,16,214271
12,11,196025
13,13,215833
14,13,183413
19,17,194778
10,9,180987
14,14,194812
9,7,176152
11,10,205037
14,14,196243
12,11,215768
8,8,189475
15,14,239704
17,13,206994
15,14,188218
18,18,193014
14,13,205026
8,8,198948
22,19,215503
21,19,196295
10,10,206181
15,15,200075
10,8,203351
17,15,210242
6,5,169919
16,12,197188
12,12,206343
9,9,192920
16,15,231890
12,12,183748
15,14,193937
21,18,255797
16,13,195773
15,15,210956
14,13,219152
14,14,227511
13,8,203272
16,15,178024
11,10,201716
14,13,178930
11,11,175448
18,18,198857
11,10,182734
7,5,184088
12,11,207517
9,8,200425
15,12,211686
12,11,178558
10,10,193763
14,10,194917
9,8,181251
12,11,219362
14,14,185758
14,11,221791
17,17,224586
6,5,189326
11,10,196846
13,11,187853
14,14,217397
24,21,209621
13,11,199388
8,7,188176
9,8,175641
19,19,190107
14,14,181951
14,13,195136
13,12,183900
12,12,187704
16,15,201266
12,9,165544
14,12,199812
14,14,215860
14,13,203489
7,7,205754
18,18,214686
9,9,210258
16,15,202857
11,10,190920
12,12,208135
21,20,206509
15,15,207353
18,17,195204
16,15,204240
15,15,211936
16,15,213307
13,11,177010
14,14,207069
11,10,197295
17,16,196523
11,9,204684
12,10,194433
15,13,199069
14,12,189365
13,13,245830
19,18,205020
15,15,209071
10,8,197199
11,9,188263
12,12,191383
12,11,207849
15,15,188703
14,11,200726
11,8,191225
17,16,199904
12,10,174235
8,8,203563
15,13,213710
8,7,194880
11,10,213773
16,15,229584
14,14,192220
10,9,197961
13,12,158055
17,17,183827
19,18,214392
7,6,172723
16,16,242146
12,12,199274
15,15,188882
12,9,183383
10,7,181666
13,13,171026
15,12,190355
14,14,187351
12,9,163048
15,14,209536
12,11,219935
15,13,196593
10,10,202938
18,17,204158
10,8,202456
19,16,189214
15,15,224360
15,13,194173
13,12,195382
15,15,213671
14,14,188825
15,14,230070
11,10,215417
11,11,179399
15,11,191970
6,5,164927
9,7,201310
19,18,224316
19,19,185736
16,13,186696
14,14,210488
4,3,147743
11,9,165793
18,17,198495
6,6,200208
10,8,161685
12,12,199324
15,14,184653
18,16,177917
11,11,203585
8,8,178293
9,7,210096
10,10,165075
17,17,188459
15,14,211800
5,4,204633
16,14,223837
11,11,209803
12,11,166344
12,11,190313
12,9,193217
14,12,164697
20,19,211876
11,11,175140
14,13,198756
9,9,177782
21,21,216406
12,11,192145
14,14,188023
13,13,177566
11,10,180526
15,14,217677
18,16,198575
12,12,202185
18,17,181965
10,10,200575
8,7,182376
18,17,188392
14,12,232364
14,13,204735
11,9,182289
9,9,203944
8,7,175672
19,18,217974
12,11,201300
13,13,195411
17,15,195008
11,11,184431
17,17,206222
12,12,182184
12,11,181463
10,9,218225
18,16,207174
9,8,217301
8,7,185858
7,7,204486
9,8,199611
15,15,197743
14,12,180790
14,12,179206
9,9,219118
10,8,195405
12,12,186380
10,9,205742
15,13,222679
19,19,193149
13,13,210487
12,11,200156
11,11,199929
17,13,197815
13,13,187152
7,7,180264
18,17,174312
19,17,207253
14,12,183072
18,16,187551
17,15,204976
13,11,184602
20,19,196750
12,11,204056
16,13,214443
9,6,191892
12,11,179753
20,19,196700
20,20,208492
14,13,211321
15,15,232877
17,17,215122
13,10,196560
12,10,167762
6,6,193242
15,13,186205
6,3,205498
16,15,188480
18,18,177887
6,5,200922
12,12,198161
11,10,172463
12,9,208681
17,16,198510
16,14,181854
10,9,176636
23,22,215568
16,14,189061
8,8,188413
10,8,179316
16,15,205741
9,7,177763
19,16,186197
15,14,196659
18,17,185660
10,8,179232
11,11,170261
18,15,180276
18,18,179509
14,13,217426
15,14,210183
14,13,196171
15,14,194112
11,11,207616
16,14,164703
13,13,204515
16,16,190113
8,8,159005
7,7,210597
7,7,215337
13,12,206352
8,5,184910
15,13,187651
8,7,205211
9,9,210784
15,13,209580
11,10,192264
12,10,198552
12,11,205288
16,14,243899
19,19,205847
14,13,215883
17,17,207335
19,16,197838
8,8,178547
15,15,194167
19,17,186168
9,9,173389
17,15,214482
15,14,230914
20,19,181870
8,8,179847
14,14,195234
13,13,199097
13,12,180034
20,19,216903
14,14,206431
18,13,212481
13,11,203296
17,17,213595
14,14,186859
17,16,206424
12,11,182860
14,11,192493
12,12,208053
19,18,195003
12,11,193987
20,18,192755
14,14,197492
11,10,176256
13,12,184250
15,13,195136
10,7,168651
16,13,174050
12,10,190041
10,10,237918
20,17,207967
20,19,244145
13,13,192054
13,12,229456
4,4,202133
16,15,226429
16,15,194864
9,9,178472
5,4,162303
16,14,226947
12,11,170911
10,10,207867
12,11,202096
21,19,197824
14,14,203148
15,15,221719
20,19,223861
14,13,184375
15,15,185384
15,13,199699
21,18,226279
10,9,204027
10,10,203244
9,9,208375
10,8,197474
14,13,199918
17,16,204433
11,9,205691
11,9,204577
15,15,183271
17,17,201216
14,13,208274
12,9,214198
10,8,177809
8,7,198865
20,20,181110
17,15,181976
12,10,197299
8,8,193711
11,10,180001
9,7,201327
10,10,210292
9,8,191644
9,8,214517
18,16,192526
14,13,183867
3,2,195182
16,16,221840
17,16,190077
14,14,211852
9,8,179116
18,18,190835
13,12,220994
10,9,173015
16,14,202766
18,18,222693
12,11,172587
11,11,175098
22,18,182258
8,8,212248
11,11,195183
23,22,235459
9,7,180746
16,15,206866
10,9,168576
13,12,188758
19,17,203344
14,13,210457
14,13,204541
15,13,194399
14,14,197843
8,7,173180
20,17,190574
14,11,166813
15,12,163458
13,11,198317
14,13,193020
14,12,179200
13,10,182713
17,14,201991
12,11,183903
11,11,184651
15,15,192355
15,14,202014
17,16,189043
17,15,181233
12,11,173857
12,11,207770
11,11,218163
19,18,224990
20,19,200212
13,11,181227
12,11,177638
19,18,217459
8,6,187755
10,10,199353
13,13,188974
15,14,179791
10,8,203428
11,10,194452
13,9,187035
18,18,193456
20,19,205394
9,8,187036
10,9,226821
15,15,191269
6,6,192637
7,6,192788
17,15,227449
17,17,172683
10,10,218201
10,10,189490
5,5,193371
14,11,204615
11,10,213927
12,12,209280
10,10,170331
13,12,222317
12,7,182438
13,13,200595
14,14,201635
12,11,186997
11,11,197178
11,10,186332
12,11,207426
14,13,208446
14,9,160121
9,8,192256
9,9,174701
18,16,200639
21,19,205334
15,12,222447
12,11,164804
12,12,228015
15,15,212974
11,11,212763
12,11,163411
11,8,197500
14,13,195000
11,11,192820
16,15,193876
15,14,193465
12,12,211154
20,15,169561
15,15,217915
13,12,196639
12,11,223736
17,15,177108
8,8,190855
12,12,207392
13,11,190959
14,12,195237
11,10,200891
8,7,175136
13,9,195372
16,15,224562
16,15,209111
13,11,235242
14,13,203297
11,10,193730
7,7,185144
12,12,183834
11,11,198927
9,7,177319
16,16,200456
16,15,203273
11,11,187575
15,14,197023
10,9,181769
17,17,230261
10,9,179987
22,19,214835
13,12,207568
14,13,193556
18,18,212931
15,13,191103
12,11,186843
20,17,189854
17,17,210596
10,9,174506
14,14,210483
16,16,205732
7,6,207037
16,13,187302
10,9,177136
12,12,200906
16,15,210662
14,14,200585
12,11,236477
11,7,170264
15,12,189789
6,6,208181
16,15,206239
21,21,185207
11,10,205859
9,6,169335
11,11,207697
24,20,194558
10,9,193015
11,11,202100
16,15,189768
7,5,176817
13,10,196187
18,16,185616
11,10,191870
13,13,203548
6,6,181913
19,17,184156
15,15,193406
12,12,198392
15,14,194891
9,9,205760
15,13,217341
13,13,207344
14,14,222159
13,12,205611
9,7,170403
13,12,217043
10,9,189586
12,10,212890
10,8,161154
9,8,172084
15,13,206318
15,13,207389
13,13,195107
16,16,197453
13,11,212449
13,13,186543
11,11,200952
19,19,225799
14,12,183774
12,11,206305
28,23,220359
18,16,202347
15,13,182288
9,9,174913
15,14,216317
14,14,198382
13,13,204959
10,8,188159
11,11,198478
18,18,203282
18,16,224565
9,9,167310
19,17,229032
14,14,212407
16,16,214117
17,17,207350
14,14,172547
10,9,212288
17,17,200754
12,12,175668
12,10,189228
10,9,190254
14,14,207937
17,17,235356
18,18,201099
12,9,213943
14,14,222027
21,20,195342
9,9,200324
14,14,179019
14,14,206098
7,6,171742
11,11,201561
9,8,177541
9,8,175609
10,8,206445
11,10,176235
9,8,207187
11,9,167412
5,4,195303
12,11,192001
16,15,192843
7,7,194683
11,11,219891
15,14,204326
21,19,196830
12,12,201105
15,14,190944
15,12,196015
11,8,178805
14,14,216244
15,15,200383
6,5,197350
11,8,182581
16,16,201315
10,8,187852
19,18,214731
10,10,162889
17,17,218581
12,11,186805
10,8,210921
13,12,197201
11,11,193029
5,4,203758
17,15,223900
10,10,212569
11,10,179099
15,14,178578
9,9,212562
16,16,196854
11,10,206276
11,9,184607
19,18,215618
13,10,203289
20,18,200530
10,10,190143
13,11,179059
18,18,201242
13,11,188720
13,12,178125
12,10,206213
18,18,221808
18,16,196766
18,14,210380
13,12,183924
16,16,198764
7,5,188915
8,7,216005
12,11,189974
13,13,192768
18,17,192310
13,11,187640
9,8,184806
13,13,210899
12,10,185268
14,13,206765
14,12,193855
15,15,205382
7,7,194804
6,5,181151
11,11,200799
18,18,213063
22,19,209748
9,9,196815
15,15,201348
18,15,215792
8,7,175820
8,8,204847
17,16,191547
16,14,185241
15,15,218211
12,12,200338
9,9,175216
13,12,189472
13,12,206734
19,17,211193
21,21,201112
11,11,210132
12,11,233397
9,8,176778
15,12,180255
15,14,213573
13,10,218287
9,9,212437
17,17,213880
5,4,210430
10,9,183894
20,18,214442
11,11,186103
13,13,199687
11,10,179223
15,15,198207
10,10,192931
14,12,183264
19,16,213878
21,20,213151
4,4,167730
17,14,187990
11,9,166794
15,12,180461
15,14,193746
19,18,172688
21,18,192365
10,9,205988
8,8,194715
13,12,204022
11,10,169768
10,9,210710
13,12,218148
9,7,208846
13,11,219589
15,15,190100
12,12,214994
13,11,182356
10,9,196600
10,9,195077
7,7,192667
10,9,185037
7,6,185569
10,8,185929
18,16,206756
5,5,183501
11,10,187120
14,11,207089
9,8,199167
16,14,201327
8,7,205126
14,13,205157
13,13,215022
11,11,233670
12,11,236564
9,9,212025
9,7,180578
13,11,190361
19,15,194792
9,7,175172
15,14,190523
15,11,208786
8,8,186762
14,14,185512
12,10,187334
10,10,192171
14,12,215969
15,14,194814
9,8,210053
14,13,214771
16,14,187848
15,14,213849
14,10,188063
16,15,208211
12,12,201715
26,23,184967
19,18,176127
15,15,185645
12,12,192836
11,11,202779
17,16,174543
13,12,221727
13,12,196088
9,8,227326
13,12,199006
10,8,174469
10,8,197294
16,14,175837
13,13,186471
14,12,214251
12,10,184381
19,18,196494
7,7,163000
14,14,191475
10,6,196554
10,10,220386
21,21,211888
20,18,215626
19,15,173318
23,22,227162
19,19,200143
13,11,207838
6,6,198583
12,11,176950
14,14,173212
15,14,163739
13,12,191402
8,8,205072
13,13,209112
18,17,196634
16,15,195401
8,7,206184
16,15,206552
18,17,202884
14,13,197396
12,12,198900
14,13,181350
12,11,191944
12,12,165577
18,16,209435
11,9,167846
14,13,198224
20,17,239781
15,14,164103
10,9,176356
12,10,200048
12,10,176220
19,16,190123
17,11,181383
11,10,194139
17,17,208647
14,14,220347
13,11,212205
16,15,195729
11,10,191395
10,10,203280
13,10,209808
8,7,191877
19,16,202471
12,10,192586
14,12,200780
15,15,189608
13,13,182114
14,11,211954
9,8,233792
9,8,195141
17,15,177842
10,9,199914
14,14,234661
12,12,206274
14,12,181262
14,12,212115
10,9,218931
13,10,191531
14,12,221006
16,12,205929
6,6,199629
20,20,201774
11,11,174935
18,17,207872
11,10,183314
13,12,198521
11,9,177106
12,12,189665
17,17,236893
17,15,228768
19,18,246254
8,8,180083
13,12,204028
21,19,227877
16,16,194071
6,5,217725
12,10,196560
12,11,220027
12,8,221253
19,16,213260
15,15,204037
15,14,164727
10,9,192956
11,10,162365
8,6,188676
3,3,170631
5,4,184490
16,14,229824
12,12,236705
15,12,156222
12,12,191373
9,7,166524
13,13,197564
14,10,196270
11,10,197710
12,12,210981
19,16,200560
18,16,187066
13,13,214812
14,14,196012
8,7,180448
15,14,180060
11,10,210113
19,16,218055
12,11,201339
13,13,204673
19,18,199501
14,13,213187
17,17,197276
18,16,188713
8,8,176406
8,8,205151
9,7,166940
21,20,181510
21,20,187440
13,12,192269
12,12,170057
17,16,220325
12,12,214474
13,11,189856
15,14,190752
11,11,203147
13,13,188625
11,11,191313
12,11,190457
7,7,189878
14,13,206720
14,12,178858
18,18,202002
11,11,205998
15,13,181787
9,8,192535
8,7,198318
14,13,238380
7,7,217038
15,14,195533
16,15,212306
16,15,198419
14,14,196898
11,10,168232
13,11,216176
9,7,209639
20,19,208063
17,17,211963
17,15,200373
16,13,176644
15,14,202794
12,9,177321
16,14,210727
13,10,197858
17,16,194453
15,14,202703
9,9,180412
16,16,203067
17,16,194522
17,16,189077
13,12,187479
12,11,190393
11,10,174933
15,12,210500
8,8,193602
13,11,171244
10,9,177155
10,9,193181
18,16,203506
12,10,195462
14,14,202455
11,10,178301
8,8,180552
4,4,195080
12,11,171343
10,10,224140
8,7,196886
11,9,171297
9,9,176209
12,11,204640
16,14,196074
12,9,203580
12,11,186203
16,15,239055
15,13,178500
15,14,185526
7,6,213056
14,12,190464
13,10,159781
14,12,181503
16,15,207295
16,13,209783
14,13,211239
8,8,228012
11,10,213120
12,11,193837
14,13,202527
11,10,194090
11,11,212646
17,16,208688
21,20,207188
10,8,200574
19,19,166814
19,16,191353
14,12,160416
10,9,199761
11,11,201036
16,14,183256
16,12,199528
12,12,202891
7,5,158212
8,7,192032
12,12,186252
13,12,202568
14,13,187016
19,14,204461
16,15,187127
16,15,216182
16,15,201834
18,16,207656
16,15,209523
8,6,172488
13,11,170372
9,8,197573
16,13,233791
11,11,182581
10,9,205670
9,8,183155
13,13,183111
11,10,216393
12,12,197271
21,21,208815
17,16,231643
15,15,196762
19,19,231281
15,14,225011
13,13,200072
10,8,200739
16,11,178314
11,10,191845
8,8,198980
10,9,213410
17,14,189494
8,6,193023
12,11,186417
16,14,181947
17,16,191953
9,8,238050
18,17,189195
14,12,212724
12,12,207491
11,10,186411
9,8,192478
11,11,186780
10,9,223364
13,12,173280
11,11,196621
14,11,214000
15,12,202985
10,9,165614
9,9,186125
6,5,192275
11,10,193147
18,17,232802
13,11,201346
16,16,218928
11,11,198124
9,8,180200
18,18,239151
12,7,191965
13,12,211045
12,10,200058
10,8,169163
13,9,199621
12,11,206550
15,15,201573
13,11,186485
16,14,199545
8,6,191341
16,14,196387
11,11,196976
15,14,200025
17,15,211358
12,12,209222
13,13,195250
8,8,184797
14,13,207774
7,7,177758
15,14,210105
10,9,182092
15,15,219142
15,14,235838
12,8,194561
16,16,214529
16,16,205576
12,9,173004
16,16,195125
9,7,196696
11,11,210831
14,13,190041
14,13,203630
14,13,188324
14,13,181083
12,11,177098
8,7,176383
11,10,233969
10,9,176443
13,11,204025
17,15,192102
9,8,179662
15,14,174729
9,8,188035
13,12,164783
14,11,181105
7,7,172127
15,14,237808
22,22,212850
10,8,209479
15,14,173806
10,10,192736
19,17,196870
7,6,193586
11,10,228607
15,13,189754
12,10,198216
16,12,190055
15,14,204548
16,15,179211
10,8,204583
9,8,187626
15,14,189749
17,15,198812
24,23,176231
16,12,187504
11,10,201531
15,14,196717
10,9,191628
19,17,200358
12,12,179566
13,13,204296
9,9,201314
10,10,202501
14,11,192640
22,19,199546
10,10,207343
14,13,213846
15,13,191080
19,18,259198
19,15,216093
20,20,198998
12,11,192277
13,12,170032
14,13,174733
11,10,173067
14,14,195790
5,5,182564
16,15,183886
19,18,197921
14,11,190505
7,6,175108
15,15,219395
14,13,173375
12,10,195802
8,6,197704
11,9,200856
10,9,224208
12,10,167639
8,8,182399
14,12,186881
11,10,180326
15,15,212551
9,8,189224
12,12,202120
18,17,221402
17,16,182418
16,14,192341
11,11,167255
17,14,192747
13,11,189495
8,8,180027
12,11,180733
14,11,194970
10,10,206248
11,10,193190
6,4,206311
11,11,181781
11,9,167367
19,19,230237
13,12,202093
14,14,217910
12,12,195413
10,10,203015
14,14,170902
15,14,194276
12,11,171801
11,10,207254
17,16,204503
16,13,206609
12,10,195221
13,12,208028
7,7,184417
11,10,217145
13,13,190017
11,11,212664
13,12,166467
7,6,179678
18,17,203993
13,11,203183
17,15,219851
14,13,191990
20,18,188500
3,3,164118
18,16,192212
10,9,199979
16,16,181003
15,14,209528
10,8,173015
9,9,182062
8,6,215759
20,17,207342
12,8,177211
7,6,172013
15,11,199240
8,7,198253
10,9,211193
17,14,198867
15,13,186546
15,13,182446
14,12,188032
14,13,214488
10,10,229246
17,17,182894
16,16,183634
11,10,190459
7,7,180791
20,18,207652
18,16,200351
5,4,191474
17,16,229179
14,13,191068
7,5,169337
13,13,187012
10,10,209085
11,11,199770
18,17,196090
13,12,189585
16,15,188865
15,14,187644
14,14,215773
12,12,193579
10,10,206847
7,6,178115
12,12,192147
14,13,207549
13,12,195583
14,12,206754
8,6,175280
4,3,205834
10,9,173494
17,15,202854
12,12,193390
21,19,213704
11,11,181315
13,11,196133
10,10,212176
18,16,194894
14,14,170002
13,12,174167
8,7,192601
13,12,185683
12,10,208291
11,10,215461
14,14,202204
16,14,197754
7,4,159681
13,11,217779
20,20,214930
12,11,188979
8,7,201172
15,15,189001
12,11,200507
10,9,173921
14,13,213306
10,8,179266
13,12,211556
20,20,270304
6,6,176878
14,14,198510
17,15,167745
10,8,206922
7,6,189547
8,8,196408
16,15,178115
4,4,173749
11,9,206742
10,9,198413
8,8,173412
10,8,188731
18,16,210558
16,15,212566
10,10,195422
11,9,187201
14,11,187313
13,13,204946
15,14,214511
15,15,181612
14,14,193808
15,13,222074
11,11,189124
14,13,200013
12,11,198738
11,9,171663
17,15,198128
18,16,190847
10,10,177133
16,16,195805
14,9,191895
13,12,199507
13,10,199221
12,11,184822
10,9,188207
13,13,187520
13,12,229034
10,9,193746
17,16,187605
12,12,206534
14,11,194736
6,6,184475
10,10,203412
8,6,173679
8,8,193402
22,20,201042
12,12,199636
8,8,213178
13,12,188592
10,8,183100
14,13,190674
11,10,204221
22,21,212786
11,10,195059
10,10,170810
16,14,188256
23,23,196492
13,12,199196
16,16,204089
19,19,205112
20,18,196899
11,9,195879
17,16,179794
10,8,179550
15,15,187775
11,10,199320
8,5,191881
13,11,199642
10,10,178300
6,4,222224
9,7,179364
9,9,206121
11,11,191841
12,12,183771
16,16,202164
8,7,194315
16,15,203933
10,10,201790
15,15,204978
13,12,220789
10,9,195131
18,17,201136
6,6,176810
14,14,189432
11,10,186517
10,10,196819
16,16,224015
14,14,233173
14,14,207954
15,15,204097
14,13,176160
13,12,184850
15,13,188895
12,9,179580
12,11,231694
14,14,191118
15,15,213126
13,13,202243
11,11,191608
8,7,195066
22,20,189217
18,17,183922
20,20,201241
18,16,177944
18,17,205500
18,18,212292
5,4,162456
6,4,183165
14,13,233099
12,12,215591
14,14,173237
16,14,208497
21,20,221754
15,13,211053
10,10,184633
8,8,190766
14,12,210648
15,13,184374
12,11,192848
16,16,209535
6,5,205393
14,14,183100
13,12,189004
13,13,211797
17,17,196250
14,11,205120
6,5,184332
14,13,170997
16,15,214303
12,12,206636
12,12,173699
10,10,202092
15,14,199763
19,17,178512
16,16,216173
13,11,204264
17,17,196902
12,10,196840
13,10,180778
15,14,164718
17,16,186340
15,14,211961
11,11,211815
12,12,210139
13,12,220768
10,9,187783
10,10,183137
15,14,234575
7,6,204138
13,13,224317
5,5,212738
14,13,202580
9,9,188237
10,8,197583
9,8,192618
14,12,182624
8,8,198095
15,12,191727
16,16,209279
16,15,206441
13,12,207069
21,18,190475
13,13,183916
11,10,187634
10,9,202165
11,9,216686
10,8,189297
15,13,201826
17,16,221505
13,12,201033
9,8,170858
16,16,202257
9,9,206984
19,16,217701
13,13,188686
21,18,226219
17,15,216604
10,9,189925
14,14,197159
18,16,185993
13,13,204171
16,15,172037
12,11,165870
14,14,202078
13,12,214692
12,12,222944
11,10,198231
16,15,190295
16,15,211799
6,5,205764
16,13,205215
21,20,247264
10,9,185893
8,8,185451
11,10,189644
14,13,196387
11,10,191816
12,12,180826
13,12,188774
11,11,210870
6,6,201879
11,8,172722
17,16,191551
14,11,175360
17,16,235771
14,12,200956
8,8,193697
11,11,210151
14,13,182980
15,13,185718
14,14,190672
13,11,184602
8,8,182643
21,16,191943
12,11,169581
13,11,184451
20,20,209015
14,13,195853
11,10,191086
10,10,175998
13,11,190451
18,18,210289
19,18,219450
13,12,236813
9,9,205335
9,8,183370
11,9,181723
14,11,169534
10,9,212379
17,16,206711
7,7,165231
11,10,224300
12,11,191500
14,13,225877
17,16,205326
17,16,168856
13,13,225656
12,12,193816
25,24,204715
27,25,214202
12,11,196991
9,9,198765
11,11,190026
9,9,162406
9,9,197988
12,10,175555
10,7,174965
12,10,181545
10,9,196482
10,10,192557
12,12,175026
15,14,194221
8,7,190946
12,10,184231
17,13,188410
9,8,174762
8,8,240223
9,9,183716
8,7,182518
8,5,179309
9,7,181714
7,6,178808
16,11,170973
14,12,199211
12,12,210592
15,13,190897
10,10,164164
13,12,198043
11,11,213237
13,13,226361
11,11,181633
21,19,208138
8,8,190307
4,3,172740
14,13,185948
13,13,210186
13,13,208985
15,11,197677
11,11,205277
10,10,170104
12,12,194959
12,10,211340
9,9,192923
10,9,186190
15,14,185853
8,8,195273
11,11,184114
11,11,175548
10,9,168773
10,10,195118
17,16,205219
9,8,167823
24,22,172318
19,17,182034
9,8,183772
12,11,182603
7,7,203970
7,7,182652
10,9,209222
16,14,209944
12,11,201593
12,12,175982
18,17,202581
21,21,190697
3,3,164924
18,12,187557
8,7,175632
12,12,197664
14,13,190041
15,14,198374
16,13,216922
9,9,188742
15,14,212514
17,17,208327
10,9,172810
11,10,165667
13,13,190173
11,11,197598
11,10,167009
12,10,209573
16,13,205239
11,10,200631
6,6,202175
11,11,199309
14,14,187042
9,7,219222
6,5,187742
15,13,200227
12,12,193179
10,8,198199
11,10,205191
10,9,210334
25,25,238050
4,4,186779
17,15,194937
19,18,180193
13,13,187504
19,18,241119
12,9,184232
13,13,188054
14,14,211872
9,8,180108
14,11,169143
15,14,196686
18,18,186112
10,10,176289
15,15,202386
9,7,202935
9,9,189977
16,15,180482
16,14,188204
11,10,182315
12,10,176243
10,6,189049
14,13,171017
10,10,186107
8,7,168043
12,12,209041
20,20,185368
20,19,179956
15,13,192879
16,14,186957
16,14,213011
10,10,207172
11,11,234322
7,7,205315
10,9,177282
14,12,184044
8,7,172060
9,8,191572
9,7,176319
8,8,194522
10,10,198307
17,15,178304
14,14,196207
11,10,184141
14,14,207128
14,13,202029
9,8,180366
10,9,196270
20,17,195907
14,13,194231
9,8,175435
13,12,208952
15,13,178844
19,17,209337
17,17,249329
16,15,209892
17,17,179472
13,13,208566
10,10,190974
14,12,210153
17,17,205034
8,7,190675
19,17,189478
7,6,171754
13,12,214937
17,14,196060
12,11,210206
15,15,213664
11,11,185005
15,15,191716
16,15,219245
14,11,193317
12,12,200964
13,12,200060
11,11,180339
13,13,221779
11,11,203447
17,15,200117
4,3,189565
9,9,192190
8,6,195204
5,4,205913
19,17,231382
7,6,178882
6,5,173657
14,13,184737
14,13,182558
23,19,197735
12,11,199391
16,15,204592
11,11,208597
15,13,183537
10,10,192442
10,10,191631
9,8,203050
12,10,206244
13,12,159385
12,12,209296
13,11,187525
11,10,188666
17,16,209796
15,13,203828
21,21,189379
10,10,206195
23,21,217991
12,12,162563
15,15,184702
10,10,171993
8,8,189379
11,11,201435
13,11,201665
10,10,239511
11,11,189534
12,12,218271
5,5,170737
12,12,193680
19,19,202280
10,10,188103
16,15,194942
14,14,199920
10,9,178160
12,12,201939
19,18,181329
18,15,245644
10,9,184158
7,7,171498
14,14,208403
13,11,196417
9,8,221678
14,10,199729
20,17,213226
9,9,213803
19,19,205672
13,11,163832
12,11,197801
13,12,192416
18,17,199864
11,9,203281
16,15,190486
18,17,205256
7,7,172253
16,14,179233
13,12,209760
13,12,196715
14,12,181804
11,10,168682
8,7,204988
14,14,199051
14,11,185504
16,16,211118
16,16,204046
12,10,211229
18,17,232746
17,16,191360
16,13,228092
6,6,209357
9,8,193129
13,12,219668
13,9,186606
11,11,190754
12,11,168755
13,12,203295
18,16,170599
6,6,202216
12,12,204755
7,7,182378
17,16,225383
14,14,208518
11,10,212515
9,9,185903
9,7,194447
12,11,216633
12,10,191151
15,15,200692
9,6,198580
16,16,173348
16,14,201164
7,5,149037
14,13,197366
8,7,212576
20,19,185942
9,6,201120
13,10,213332
13,11,177321
16,16,186357
11,11,178913
20,15,197443
15,13,190227
11,11,221223
21,18,197104
17,16,166353
8,7,190599
12,10,234699
17,15,183287
5,5,196437
5,5,178602
19,17,220577
10,10,220749
12,10,195370
14,13,180283
19,16,177170
11,11,221992
7,7,174478
16,16,207606
16,15,221872
13,13,191743
11,8,203359
15,15,204884
14,13,195182
15,14,193902
11,10,192914
10,9,193756
17,14,181678
11,11,191152
13,12,200772
6,6,222156
12,12,185054
12,12,191242
10,10,193037
10,10,193578
15,13,182560
13,13,202283
16,14,209186
14,13,197133
17,15,221713
9,9,187852
13,12,187655
21,21,218220
14,14,171185
15,11,186420
14,13,164751
12,10,157625
13,13,199496
9,8,199824
16,16,191683
21,19,208131
9,9,182855
12,11,196243
9,9,213655
16,16,193799
13,10,176204
15,11,212469
11,9,215288
14,12,177342
11,10,173864
11,10,195319
16,12,187498
11,10,198407
10,10,189607
10,10,176949
15,13,216237
15,12,243442
15,13,218226
19,15,209155
17,16,185074
15,14,188060
8,7,191416
17,16,220261
10,10,179278
16,14,190521
12,12,227401
17,15,172953
13,11,194383
16,14,169345
12,11,197455
5,5,179701
14,14,199457
7,7,179145
11,10,189797
21,19,190863
17,16,182952
18,16,195494
15,15,216579
15,13,177157
11,11,218841
12,12,213361
15,14,204135
14,14,194735
17,15,196849
9,8,209223
10,8,201446
19,18,200833
13,13,190166
17,16,197775
9,9,183391
14,11,212963
15,14,173808
11,8,189571
18,17,211401
13,13,187964
11,9,189971
8,8,187834
16,10,171749
7,6,207635
7,6,181694
9,8,168671
11,11,190092
11,11,227324
7,6,189478
12,11,199339
12,11,174861
9,9,180476
11,10,182321
18,18,222546
15,13,185460
12,8,211614
8,4,189287
14,13,162981
17,16,172264
11,11,180106
12,11,220600
13,13,183373
16,16,244717
15,15,184346
15,14,185872
10,10,185975
14,12,212647
15,14,205759
19,18,218383
12,9,201834
14,13,187126
11,11,169549
12,11,224906
19,18,198942
15,14,209805
13,10,197088
13,12,201736
13,12,197783
13,12,190139
8,8,178663
18,17,206756
15,14,189896
14,12,179669
15,14,222635
9,9,200519
7,7,190733
15,14,205356
16,13,207354
13,10,183194
11,10,220720
11,11,210867
14,13,187995
15,13,221787
12,12,188617
15,14,206953
13,11,211717
20,16,182422
13,12,201910
15,14,199098
16,14,200583
8,7,177901
11,11,208841
22,14,181710
16,14,191525
10,8,206014
9,8,186561
11,10,197580
6,6,162270
10,8,175633
7,6,181646
14,14,193086
10,9,196668
14,13,199756
8,8,157200
13,13,183511
15,13,206685
8,8,186823
10,9,198237
11,11,199827
10,9,189337
11,10,192040
14,12,205943
14,13,207027
11,10,189500
15,15,207256
9,7,203615
25,24,205131
14,12,195599
17,15,213610
13,13,182609
14,13,218322
16,16,222112
13,11,199094
16,15,202574
13,13,199826
19,18,194133
15,15,182798
18,17,211910
6,5,177657
14,12,207465
15,13,213223
7,7,172419
13,11,183368
7,7,177475
15,14,221841
13,13,227783
16,14,194101
13,12,211900
11,9,175022
15,15,231143
18,15,207113
11,11,188041
16,16,193532
14,13,209495
16,15,238331
12,12,191141
9,8,200123
23,21,228079
8,8,162819
12,11,202435
11,10,193191
16,15,225449
14,11,190326
12,12,192932
12,12,211065
14,12,220064
10,9,203259
19,17,237188
11,10,206305
22,22,221186
12,12,184063
8,8,213859
12,11,185071
10,10,202872
10,9,184074
12,11,187358
15,15,173652
10,9,162058
10,9,191067
11,10,182224
13,12,202934
10,10,188511
23,22,209582
24,23,202881
12,12,195847
13,12,219573
7,6,200715
12,11,192412
22,17,213612
14,14,185750
8,8,197698
11,11,196621
13,11,187728
9,9,186289
12,11,187738
18,14,203247
19,17,204255
11,10,198508
17,16,204663
15,14,177784
11,10,197493
15,14,174682
13,12,204881
11,9,203141
19,16,195654
22,19,241168
10,8,196776
11,11,201050
11,10,218755
7,6,194982
14,13,201263
11,10,183562
12,11,189017
13,12,210621
12,10,186169
8,7,190053
8,8,208771
9,7,189462
13,13,195443
18,16,182204
9,9,181217
8,8,159626
11,10,219493
19,17,225272
12,10,166800
6,5,227911
8,8,203432
8,5,189877
19,17,198904
20,18,190196
12,12,197728
16,13,180262
14,14,192511
15,15,204712
13,11,194238
20,18,193370
11,9,184689
16,15,185340
14,14,235890
15,13,215976
15,15,200289
15,15,227133
15,14,209154
15,14,199069
15,14,179780
17,16,193904
14,14,213515
15,15,197333
7,5,189801
20,19,218246
17,12,189440
14,14,226222
9,9,172797
6,6,185308
12,11,202039
9,9,200578
18,16,178603
18,17,189647
13,12,165800
8,7,188161
17,14,195824
16,14,213354
13,11,210768
13,12,199806
15,12,196135
17,17,233466
10,10,206059
14,13,212846
13,13,187913
12,9,172111
10,9,191816
12,12,173334
11,10,178585
10,10,185669
11,10,210041
22,22,199615
14,13,218982
9,8,235382
17,15,187591
10,9,172116
14,14,185378
21,21,203546
10,9,167147
19,19,225136
9,8,178963
14,14,221163
16,14,209317
12,12,181639
10,8,200501
14,11,196860
15,14,203690
15,14,209488
5,4,191006
10,10,187347
18,18,218445
13,12,198352
17,16,192406
11,9,192191
13,13,179035
11,11,201999
19,17,182537
15,15,186489
10,10,210034
18,16,190025
13,12,194287
17,14,214704
16,16,198322
11,9,202379
9,9,184862
15,15,172674
19,19,199374
17,16,197266
13,13,182824
12,11,181908
11,11,174352
14,14,189242
8,8,187388
12,12,209127
20,19,198139
5,5,222602
18,16,208210
9,9,196703
13,13,205169
16,15,183363
16,16,221971
17,16,155282
14,12,158825
7,7,193981
11,10,207244
23,23,171167
9,8,193799
14,11,181827
14,13,174276
11,10,201759
13,11,181809
14,13,184786
19,17,208363
11,11,169445
18,16,215862
15,14,195324
12,10,218665
11,10,191343
15,14,214468
14,14,192294
15,14,175046
12,11,206938
17,15,209624
15,15,198842
12,11,177629
10,10,213248
15,13,186561
14,13,235489
15,14,234670
7,7,177492
19,19,203817
13,12,214610
12,11,196153
17,16,162765
14,9,196475
9,9,216132
11,9,208285
11,11,199176
8,8,172525
11,10,199142
13,13,229122
14,13,200732
13,12,176290
9,8,201872
21,19,209429
13,12,207641
15,14,189184
14,12,197013
12,11,209556
13,10,199053
10,9,194027
17,15,214612
7,7,189651
21,19,227821
13,12,174239
10,10,195059
14,12,182433
17,16,211128
9,8,149975
16,16,199640
12,11,199096
13,12,207377
18,16,218821
13,11,187464
10,10,214696
16,16,182887
15,15,196104
20,20,186235
14,14,186457
6,5,210592
15,13,177323
7,6,169627
12,12,197510
19,17,209961
20,15,226689
14,14,221993
13,12,185359
12,10,210519
18,16,167629
4,4,181632
13,13,178196
12,9,162659
13,13,186993
15,14,215105
16,16,177423
17,15,187548
13,13,177210
14,13,187110
14,13,190167
19,16,193932
9,9,207762
9,7,189735
9,8,198506
9,9,191833
14,14,204182
15,13,213813
11,11,187431
16,14,216430
11,11,210585
10,9,209322
8,7,176175
13,13,193529
17,14,202118
14,12,207627
13,10,211747
14,13,228450
9,8,183932
14,13,207848
11,11,198643
7,7,186198
8,4,204201
11,10,193072
19,18,229640
14,14,196502
14,14,203138
11,11,204594
11,10,198650
12,10,195283
10,10,200962
7,7,189545
17,17,191233
14,13,197927
9,8,195279
14,11,196657
13,12,198736
12,12,218690
15,12,216121
4,4,207872
13,13,195587
14,14,197726
10,10,197768
8,6,175834
11,10,178810
18,15,176248
10,9,187447
15,12,181560
15,14,205498
6,6,174318
16,16,210016
15,14,187474
12,12,205806
11,11,181407
14,13,242551
13,12,183662
13,13,210764
11,11,187492
14,10,178935
12,12,200778
12,12,209024
14,14,222987
17,17,216133
13,13,188823
15,13,213191
8,6,208758
9,9,203497
29,27,237887
11,10,170145
12,12,195323
12,11,202911
13,12,164117
7,7,197751
10,8,185059
16,16,197807
16,15,212687
13,12,186170
11,10,200574
7,6,186912
17,17,198257
12,12,213875
12,12,189365
10,8,200798
23,22,253370
12,12,207597
10,9,190778
13,13,204272
13,11,186656
11,10,196717
14,14,215164
9,9,187953
16,16,175261
12,12,207356
21,18,201694
14,10,202708
11,10,204371
7,7,174797
19,18,213978
15,14,231583
14,14,197312
17,15,202722
18,18,231993
9,8,174256
15,15,171235
12,10,210089
12,12,184581
15,13,216811
14,12,219406
12,9,219766
18,16,212860
8,7,164969
14,13,193075
21,20,219724
11,9,185670
8,8,212113
16,16,179014
9,9,186822
12,11,206247
13,11,204899
14,14,164803
15,15,205368
14,14,188904
17,17,193746
15,13,181998
14,13,187263
6,4,177467
15,14,227145
14,13,183106
16,16,191971
18,17,201201
9,8,194123
17,17,190732
17,17,189264
16,14,183514
15,15,203239
14,11,180997
18,16,192134
6,6,177377
9,9,198211
10,10,171425
8,8,200543
16,16,217653
14,12,182081
7,7,240874
9,8,202976
10,10,188214
11,11,208428
13,12,224555
8,6,187824
12,11,194952
14,12,177078
18,12,194238
10,10,214057
23,23,223355
11,10,189754
13,12,202524
12,9,193640
8,7,177888
15,14,201727
8,8,198818
11,11,204781
13,13,194825
15,14,188762
16,15,196570
16,16,218043
11,10,155422
9,9,179487
8,7,206068
14,13,168861
11,11,180977
9,6,197058
12,12,193946
14,13,163809
14,12,196976
6,3,197297
16,16,190076
16,15,207994
15,14,188768
11,10,188310
6,6,217297
15,14,212741
8,8,181587
18,14,218263
18,17,215130
9,8,190426
19,18,192403
12,11,190045
20,19,219729
11,9,186436
18,17,198545
15,13,184045
16,16,208613
9,9,196503
18,18,198869
12,12,171464
8,7,214277
9,8,186098
14,13,183323
20,16,192460
15,13,185708
14,13,214985
14,13,194957
8,8,165558
8,8,167549
14,13,204001
10,9,222283
6,6,179709
7,6,191383
17,16,214611
21,19,219582
8,6,222357
15,14,198124
7,7,203489
24,20,221526
9,9,189165
10,10,181085
14,12,209784
9,8,184077
18,15,210702
12,12,197151
11,9,194125
12,9,209758
10,8,210965
21,18,204032
12,12,194827
13,13,217835
8,6,196254
13,12,190459
12,12,189039
18,16,204371
14,11,186238
11,10,196337
14,13,203227
10,9,180286
15,15,183388
15,14,197176
15,15,205681
13,13,211016
11,11,188032
11,11,192452
7,6,201015
10,10,186224
6,6,189350
11,11,182103
5,5,181116
14,14,208463
11,10,198394
13,12,196156
9,8,222902
16,15,223217
15,14,219771
12,10,204834
13,12,218533
15,15,179910
14,13,198718
9,9,199128
6,5,179898
15,14,181253
13,11,207353
17,17,229501
18,17,200697
15,14,199040
13,8,185334
11,10,176779
16,14,172921
15,12,210522
8,7,166831
14,13,193029
11,10,194444
13,12,175414
6,6,223269
10,9,173234
18,17,197907
7,7,209643
10,10,207773
13,12,214508
14,14,198204
14,13,188059
13,10,183820
8,6,204638
20,19,196623
6,4,174725
15,14,190956
17,15,179703
10,10,222707
16,16,171727
10,9,196357
11,9,200339
7,7,225282
17,16,190650
10,10,192288
13,13,201332
10,9,220879
21,18,226544
10,9,183816
18,18,231588
11,11,163665
16,16,183071
16,15,229788
23,23,219360
7,7,194622
22,20,209636
16,16,177822
12,11,176871
7,6,196298
10,8,181595
14,14,200706
14,13,188988
11,10,182541
14,14,206950
13,13,196288
12,10,204179
10,9,210514
11,11,198958
10,8,208562
18,17,209865
13,12,202005
20,19,192373
13,12,181294
14,12,226099
12,11,194105
3,2,193089
5,5,174966
12,12,211241
11,11,205584
17,16,188493
15,14,213902
16,14,193183
10,8,227306
14,14,191413
10,10,205877
7,7,193831
20,20,191537
10,9,199951
7,5,191663
17,16,183403
14,13,224496
9,6,181358
14,13,214112
12,10,194189
12,12,175844
16,15,186383
11,9,202645
11,9,215667
17,16,190331
7,6,178317
17,17,190998
10,10,214198
23,23,199450
12,11,204721
18,17,202686
10,10,190348
10,10,192267
11,11,241140
11,10,212260
14,12,187235
13,13,180082
13,12,176418
16,15,202823
13,13,204539
8,8,176452
11,11,178461
12,10,196322
12,12,207550
14,13,198171
10,9,218525
11,11,180893
12,12,175302
9,9,202258
11,10,202993
9,7,203284
13,13,206226
20,15,200518
12,10,184133
18,15,195330
18,17,208317
19,17,201281
13,12,199894
20,16,194706
16,14,201281
17,16,199377
6,6,203560
7,6,199628
8,6,191771
15,13,191279
12,11,200982
9,9,196589
11,10,192191
8,6,189298
15,15,224852
14,14,216797
8,8,199718
11,11,193858
13,11,209378
14,14,221482
14,14,186826
10,9,180517
14,12,207990
7,5,191555
7,7,193972
11,7,167307
14,12,235021
21,20,201060
16,16,209902
9,9,177049
8,8,194066
11,10,200331
16,15,215140
6,6,175504
9,8,198469
11,11,205919
13,13,195104
4,4,214917
10,9,195604
8,8,197950
10,10,177687
10,10,199551
19,18,176246
11,11,186473
11,11,202126
13,12,204849
17,16,197644
11,11,183877
17,17,186842
13,11,205702
13,13,184342
18,17,185635
7,7,182308
15,14,184983
13,11,202903
19,19,178428
12,12,208149
10,7,207664
8,8,183862
14,11,199062
18,17,206870
11,10,238790
15,13,191272
15,14,214161
14,14,205707
7,7,194224
10,10,194802
16,16,184048
15,13,197641
8,7,197222
21,17,199353
8,7,184557
19,19,206643
11,9,218921
11,11,211584
18,17,190973
16,14,208166
12,11,220431
13,12,204142
7,7,197159
18,16,195683
12,11,205538
12,12,184688
14,13,228178
15,13,215236
13,13,195126
14,13,192723
14,14,187726
13,12,175516
14,13,187711
9,9,199217
6,6,183206
12,11,204556
18,16,188161
11,11,219340
16,13,186245
11,10,188046
9,9,209734
10,10,203980
17,15,168400
16,14,205441
13,13,167199
17,14,219141
20,19,197135
8,7,171578
15,14,211194
14,11,218719
11,8,181214
11,9,191477
14,12,195253
17,14,211644
22,21,186951
17,16,195750
11,9,202630
16,16,237386
15,14,222665
16,13,187402
11,11,213490
14,13,190685
16,16,196132
17,16,200735
13,13,165409
13,13,188549
13,11,184745
11,11,159774
14,13,166379
9,8,196205
11,10,193858
12,11,190118
18,17,197703
7,7,199016
9,7,199901
13,10,192098
20,16,223510
7,6,180345
16,15,233676
13,11,202042
23,22,199799
13,12,213636
13,12,175555
8,6,201878
21,19,174191
15,14,180960
13,11,192131
5,4,201005
9,8,158209
14,13,213851
14,14,212861
15,14,192312
26,22,228956
11,10,181450
7,6,196267
16,14,202986
13,10,202871
16,15,187170
14,12,194228
23,18,183626
12,10,191679
7,7,193696
17,16,193506
20,18,221139
19,19,196100
21,20,215509
17,16,197819
13,12,199915
10,10,180797
18,17,181469
9,8,189031
15,13,185197
18,17,180887
15,15,187937
13,12,205288
13,12,177496
13,9,171449
9,7,189483
11,11,185565
21,20,227110
20,19,180763
13,12,206121
20,20,211536
9,8,186270
9,9,191806
9,9,193776
9,7,204009
16,15,191497
14,12,189605
7,7,194504
18,18,222500
12,12,175366
16,15,180145
16,16,195355
14,13,176771
10,10,202599
15,13,204549
8,8,176999
13,13,215628
12,12,183622
12,12,198914
13,11,177872
17,15,182560
9,9,190744
10,8,175004
12,11,234217
18,16,199376
7,6,191387
13,12,207432
8,7,215235
17,17,230190
14,12,190667
17,14,184758
14,13,188673
6,5,187658
23,20,202329
11,11,185748
13,12,224849
11,9,201320
16,14,192962
15,13,215094
6,6,199293
13,11,193269
16,14,202287
8,7,205999
15,14,208332
11,9,200976
13,12,164296
10,8,173464
11,10,178880
9,9,196295
11,10,196312
20,17,213276
13,13,164393
11,9,192743
7,7,180673
14,13,221823
21,19,194618
13,12,181490
15,14,199176
14,11,197304
20,19,216777
15,13,210401
12,11,196919
18,15,218947
16,12,188750
8,8,187806
15,13,204249
14,12,186646
8,6,191304
15,14,190658
14,13,182552
15,14,199644
16,16,197611
8,7,170628
12,11,200220
13,13,191559
12,12,163441
16,14,217942
11,8,202025
14,10,192756
14,14,207553
11,10,200276
18,16,168769
20,17,169249
15,13,174279
14,13,203543
12,12,154785
19,18,191944
11,11,182312
13,12,192466
10,10,206520
18,18,195383
10,10,198949
18,14,218695
13,11,206926
4,3,132817
14,13,183478
15,15,208643
11,11,178449
11,11,231365
10,8,193982
14,14,199705
14,12,186331
10,9,214968
14,13,200482
13,13,209638
14,13,203775
17,15,229785
22,20,210747
11,11,218388
14,14,190063
14,12,209557
11,11,196690
11,11,178052
8,8,191695
16,16,188654
13,12,174645
13,13,178145
8,8,177940
18,17,184334
10,9,176521
8,7,167415
14,13,184834
4,4,174165
14,13,187032
18,18,214015
22,22,192892
11,7,178811
14,12,199932
12,10,188930
18,16,214550
13,13,187577
15,14,205295
14,14,188847
9,8,176084
18,18,198656
13,12,188490
10,10,187887
15,14,199563
14,14,213388
18,17,190002
14,14,237818
10,9,194456
13,12,177860
14,12,190140
9,9,185665
18,17,233561
17,15,180162
11,11,199309
9,8,176383
10,10,178666
12,12,183768
13,12,211332
9,9,183394
14,13,193881
11,10,198946
17,15,193719
4,4,150023
14,13,182463
11,10,191701
12,12,203162
14,12,163712
12,12,185103
18,16,207669
13,11,187982
10,8,210068
7,7,185732
17,16,205382
11,11,202707
15,14,191421
4,4,187432
12,11,207820
15,14,216900
9,9,190768
12,12,198614
8,7,196425
9,9,197451
17,17,164910
18,16,195829
13,11,203622
11,9,185517
21,20,237278
13,12,199696
17,16,204370
11,9,181747
9,8,162527
17,16,166559
12,9,196187
14,11,223849
18,16,191241
16,13,223640
11,9,199061
14,12,196793
11,7,208886
12,11,199182
22,22,213239
17,15,213203
11,10,197688
11,11,212115
20,18,226573
10,9,199861
5,4,196677
10,10,195284
18,17,195446
14,12,210187
8,8,188853
19,17,201968
7,7,189955
10,10,206101
13,12,220069
11,11,179459
8,7,187805
17,15,201537
14,12,192972
13,11,202336
9,9,195304
9,9,174883
16,16,178526
12,11,164653
19,18,207052
14,13,191269
19,17,195441
19,16,193574
9,9,218229
11,10,195284
13,13,199799
13,13,193054
6,6,182306
5,4,169642
13,12,172729
12,11,193044
13,10,162585
11,11,184087
8,8,199062
14,12,186353
16,15,178998
21,20,195652
12,11,192181
19,19,234350
13,12,157978
8,7,182460
12,11,187872
7,7,200957
11,9,198183
17,15,198223
11,11,204905
16,15,167620
14,12,199472
9,9,181693
16,14,185444
11,11,207714
25,23,217516
16,12,199841
14,14,191059
17,15,197502
13,11,184005
15,15,202900
10,10,207962
5,5,173574
18,17,196703
14,14,200730
10,9,160755
13,13,198548
8,7,173997
13,12,178175
7,6,179302
11,9,202029
20,20,209151
15,15,213430
15,15,195705
25,25,210256
15,13,216022
13,9,200951
10,7,192974
13,12,187522
10,10,191621
17,15,206720
14,14,208036
13,13,208526
12,11,183153
16,15,230020
8,8,223144
13,12,200048
15,14,194332
7,7,182243
14,14,217585
10,9,211892
8,8,184953
15,14,240990
15,13,201217
10,9,210442
11,9,175715
16,13,198943
12,12,181620
10,8,180171
22,20,206348
15,11,198012
20,19,173128
17,17,209862
16,16,188596
6,6,211105
13,12,208352
12,11,168209
6,6,181441
16,15,199695
16,14,207310
14,14,188022
13,12,207032
14,13,192110
12,11,205633
8,8,213544
17,15,207880
9,9,198975
13,9,191380
21,21,207208
12,11,171446
10,8,202670
4,4,193798
6,6,198853
11,9,205902
17,17,224178
10,10,203793
10,10,191924
16,14,217324
9,8,186199
10,9,199462
8,8,191415
7,5,166665
16,15,224696
12,10,189673
11,11,208896
12,11,191646
11,10,179730
15,15,213641
15,13,185226
11,9,206681
12,12,161157
9,8,228152
21,20,247980
7,3,200307
16,16,222885
8,7,178419
13,11,189862
12,12,198955
18,16,200777
7,7,200962
12,12,150955
18,18,237111
15,14,228555
7,7,200024
8,7,164786
11,10,188397
15,14,198180
18,17,200242
19,18,204921
8,8,207522
17,17,197824
13,11,193395
11,9,197800
10,9,204579
14,14,177315
13,11,174764
8,7,192749
11,10,226687
16,15,209124
10,9,169185
13,11,207245
21,19,220241
13,12,198855
10,9,170774
13,12,200170
13,13,179452
13,13,183955
12,11,192295
13,11,202581
14,13,174257
14,13,182001
10,9,194516
18,16,211645
19,14,180970
11,10,183415
22,21,198745
13,13,179006
13,13,188847
17,17,227422
11,11,211514
17,17,200876
16,15,207695
13,13,210474
10,10,197915
20,19,186725
23,22,199875
14,13,189558
15,15,220674
7,5,172464
14,13,191475
7,7,179933
20,19,230480
15,13,220096
19,18,182368
21,20,220250
11,8,199407
14,14,213785
12,11,179116
12,11,179245
17,16,201094
15,15,175062
14,14,196568
13,12,207740
14,13,200999
12,12,208793
18,17,186345
8,8,173571
8,6,195710
13,11,170744
14,14,200500
10,9,179294
5,4,180490
21,20,221025
18,16,162801
15,13,185388
14,11,217454
16,16,203195
12,12,186043
20,18,184742
9,8,226349
10,10,223694
11,10,200610
13,12,195938
11,11,211058
13,13,190945
17,17,222686
13,12,195523
11,10,228267
17,17,201041
16,15,230464
16,15,231721
9,9,191758
18,16,210110
14,14,193288
11,9,207919
11,11,170569
11,9,154188
13,12,173829
13,13,226274
18,15,203585
9,8,212423
6,6,196575
9,9,186639
18,16,200581
11,9,199508
20,19,218704
9,8,194877
18,18,201194
14,13,221859
11,11,214120
20,16,191741
13,12,162233
19,17,191333
15,13,232675
18,17,205496
9,8,221432
17,15,185076
13,13,190825
5,5,199058
15,13,192558
12,11,204478
11,11,213745
15,14,189261
13,12,192141
16,16,240574
17,14,204066
18,17,197329
10,10,179694
9,8,231168
8,7,188802
9,9,206202
13,10,184326
11,9,189912
15,11,219410
15,15,222609
13,11,185604
16,14,207133
11,9,194266
14,14,211801
23,21,223047
19,16,191741
11,10,191525
10,9,194056
14,13,203267
18,18,213541
16,13,193302
6,5,170834
11,11,188524
15,15,209432
8,7,174391
8,7,195078
16,14,202261
16,14,196847
13,13,180462
15,14,196705
8,8,201913
14,14,187723
14,13,168263
16,14,217098
16,16,207401
9,9,194732
15,15,194221
9,9,178344
8,7,182962
11,11,191005
18,17,216609
15,15,209790
15,15,227044
12,12,206377
13,12,216432
9,9,196414
10,7,189181
12,11,190055
8,7,182084
18,16,216023
13,12,206178
11,11,184444
20,19,194836
8,7,203239
14,14,184521
20,20,197842
10,10,190387
15,14,206450
14,12,192723
14,11,197004
12,12,184981
12,10,178301
11,11,214820
12,11,221568
11,11,174043
17,13,158609
13,12,191528
12,12,201655
17,14,180879
19,17,201428
16,14,182542
14,11,159189
17,16,189717
8,7,181485
15,15,181438
10,10,191724
15,14,198609
21,20,186282
11,11,176064
11,11,203306
13,12,186252
14,13,200401
11,11,189638
18,16,222231
14,13,172411
12,12,190311
18,18,193837
11,9,181992
12,12,187370
19,17,213021
10,10,184291
13,12,215183
14,12,211148
10,8,198750
11,11,186270
14,9,169594
14,13,202239
10,9,184534
5,5,182069
17,15,187083
14,13,193942
16,16,212088
13,13,201409
11,11,192558
13,11,202790
10,9,199888
20,17,186766
11,10,196689
13,11,222482
11,11,214378
15,11,204028
15,13,182908
6,4,180900
10,8,189627
12,9,223012
12,12,184746
14,14,213061
15,14,197512
12,11,215092
12,11,178524
14,14,202069
16,15,187200
9,7,198634
14,11,194926
8,6,177707
12,12,176742
14,12,209477
13,13,205857
14,14,187736
12,12,184583
14,14,220868
15,13,199872
8,6,183851
17,15,194256
17,15,173436
6,6,196205
23,21,203859
11,10,192872
12,11,215186
17,16,246658
10,9,206661
12,12,199965
11,8,194267
15,13,184673
16,15,189340
11,10,199581
15,14,196300
14,14,192762
12,8,200700
12,10,200131
17,12,204405
9,9,148340
16,14,174625
13,9,188006
12,12,207020
15,15,207044
15,15,210117
18,16,181647
9,7,198522
11,11,187855
9,8,185030
9,9,195962
17,15,194331
8,8,177618
7,7,183298
18,15,202233
14,13,185567
21,17,195961
13,13,191676
14,13,216705
6,6,155003
14,12,185140
10,9,199652
15,13,213846
18,15,203971
12,12,191866
18,17,206567
9,8,203790
15,13,235562
16,14,220929
8,8,195251
16,16,188695
20,20,174414
9,8,192787
13,12,188883
11,11,184578
14,14,179799
13,12,205206
11,10,213486
24,21,209889
21,20,212579
16,15,183022
18,18,205968
10,8,209820
6,6,191513
13,9,215144
14,12,181026
13,10,203321
12,10,192483
21,20,227374
16,15,173043
11,11,210683
11,10,182734
17,17,206715
14,14,199811
11,10,173805
18,17,191864
15,13,217444
7,6,203053
8,7,179545
17,15,194172
13,11,212771
13,12,228343
12,12,206344
11,11,194427
16,16,188988
16,13,229738
11,8,229978
12,12,178887
21,19,189410
17,16,178550
12,12,193702
16,15,226774
11,8,186954
13,12,212317
28,26,202157
18,17,184788
8,8,202142
10,10,165554
24,23,208683
23,22,232982
8,8,174841
16,16,208922
9,8,193190
12,12,204324
12,12,212050
10,8,184767
8,7,174171
10,9,204726
11,10,193945
23,23,207337
10,10,189633
11,10,179640
13,10,166208
9,9,217554
13,13,212485
11,10,187596
9,9,197957
15,13,189052
14,13,192704
4,3,187963
4,3,202920
14,13,187225
10,10,205627
11,11,216443
13,13,194421
13,10,224233
13,10,213929
16,14,205858
15,12,200617
14,13,182544
6,5,177485
14,12,201103
10,7,182615
18,14,199166
7,7,190424
17,13,205037
12,12,198975
11,11,204039
11,10,181007
18,18,202231
15,14,207670
11,10,176199
15,15,180040
18,18,190921
11,11,197451
19,18,204547
11,10,157920
13,11,193912
14,11,189462
12,12,192139
17,14,176229
6,6,195520
19,18,213564
13,13,176300
14,12,192704
13,12,195297
12,11,191335
6,6,161076
12,10,205097
10,9,191842
22,20,199119
9,7,217746
6,6,192448
15,15,198732
16,14,209432
18,18,198285
19,19,215486
15,14,193561
16,16,214420
11,11,204074
11,11,190052
15,15,197190
9,9,180237
18,17,183822
20,20,217010
6,6,168731
8,7,180533
14,12,201322
14,13,189891
17,16,196778
20,19,223164
10,8,182278
14,14,187502
19,18,227831
10,10,226545
12,11,178751
16,13,188644
11,11,197904
11,10,197967
11,10,200588
6,6,215944
13,13,193136
9,9,186964
16,13,208599
18,15,201649
6,6,178573
7,7,179473
10,10,198050
13,11,203313
17,16,192601
15,14,216678
9,8,196265
17,14,185330
13,12,175283
16,16,219157
18,16,183926
15,14,204789
14,13,202095
19,18,205791
7,7,200567
9,7,183754
21,20,171481
12,12,163695
13,11,157810
14,11,196843
15,13,178008
18,17,203623
22,21,225422
12,9,184871
8,8,172713
24,22,223581
11,11,190569
16,16,212756
11,11,173916
23,21,187181
10,9,191601
15,12,200551
10,8,195217
12,11,201668
4,3,172917
15,14,212843
7,7,177242
15,12,195496
8,7,177635
12,11,225456
16,15,197881
14,14,196535
11,10,171103
11,10,162791
7,5,205066
21,17,158955
10,10,194435
18,17,227440
12,10,199464
16,16,214482
10,7,189466
10,10,194678
9,8,168078
14,13,177461
13,10,206845
8,6,201853
14,13,167632
9,9,165135
13,11,203632
18,18,185466
10,9,214301
14,14,211527
15,14,184533
13,12,207371
13,12,175926
7,6,199220
2,2,213486
18,18,201497
16,12,171650
15,14,221896
17,16,183248
16,15,220008
14,14,200694
14,13,198224
15,13,215407
9,9,175341
14,12,213166
15,14,189616
15,15,204049
9,8,208224
7,6,197221
13,12,194260
12,12,190409
11,10,196824
17,16,202850
10,9,205908
8,7,201530
5,4,188934
15,14,175920
12,9,216414
17,17,178576
13,12,201130
15,14,203726
14,13,176722
20,19,187667
10,8,180513
17,17,201742
16,16,216607
8,7,187256
11,11,201055
12,11,203529
17,16,203665
11,10,172942
10,10,205887
11,11,153915
16,14,187298
19,19,233892
9,9,163152
11,10,183866
11,11,185424
8,7,204304
15,13,202698
15,14,173608
10,10,184256
14,12,185906
19,18,192010
7,6,187589
14,13,210525
18,16,182994
20,19,230238
15,15,207395
17,16,202573
13,12,185676
14,14,211035
12,12,200179
22,19,217699
11,10,200759
9,7,229167
9,9,192366
16,16,210098
15,13,207410
19,19,181420
17,17,212263
15,14,208904
11,7,211202
10,10,204287
13,11,170260
16,13,221768
15,13,194129
8,8,221393
15,14,221834
9,8,212918
15,13,202922
16,15,196784
15,14,218201
9,9,195774
17,16,221971
16,14,202256
7,6,222478
15,11,182287
12,11,187761
13,12,202775
8,8,202995
11,9,188113
9,8,196695
8,8,225457
13,13,190319
12,11,197773
22,21,189334
14,13,206206
7,7,202134
16,16,197629
15,14,195416
16,16,211680
10,9,180403
12,10,190930
12,12,202136
12,12,200391
13,10,195791
18,14,216442
13,10,221216
14,12,184011
14,13,191693
11,8,187087
12,12,199320
10,9,216290
10,9,181298
10,7,209332
15,15,189143
10,9,226156
21,20,200696
9,8,170857
15,14,178283
14,10,199166
16,15,185909
10,7,207757
13,13,180887
17,11,181049
7,6,207714
10,10,168711
10,7,183925
16,15,186374
13,10,158865
13,13,201299
9,8,204847
15,14,193000
14,13,208572
12,11,175691
10,10,208076
13,12,188544
12,11,185089
14,14,188151
15,13,226180
17,13,207070
14,12,197728
18,15,208592
9,8,187766
19,17,224812
17,14,215482
8,7,210575
12,12,179870
16,15,199215
11,10,181786
12,11,178056
16,14,209487
14,14,194954
10,10,183545
12,10,211069
12,11,217063
13,13,190298
2,2,177744
18,18,221103
14,14,190259
9,9,205046
20,20,214841
8,8,184274
12,10,200252
13,13,198919
11,11,195421
15,14,197103
21,20,217103
11,10,195050
15,14,223811
14,13,204613
15,14,204454
19,18,203895
14,13,185909
20,18,205563
11,11,215339
16,15,210152
22,18,219579
13,10,173495
18,17,201866
18,17,201044
7,6,190216
14,14,208212
11,10,221754
14,13,183183
7,7,178883
15,13,171394
12,12,187326
16,16,183929
14,13,180629
9,8,176191
12,10,161966
7,6,165963
14,12,228350
10,9,171792
10,9,198044
12,9,173329
14,11,206895
8,8,169857
14,14,210834
13,13,183250
15,14,207009
9,8,199978
11,7,173173
16,13,226186
11,11,215871
14,12,172875
10,9,202135
11,11,211902
16,15,228332
21,20,211143
11,11,207100
11,9,224415
7,7,170966
18,15,177196
18,17,206436
12,12,187444
15,15,201655
14,14,180791
7,7,179291
7,7,182204
7,7,179361
14,13,202921
10,9,190194
8,7,191899
19,15,198950
10,8,192030
6,6,196576
8,8,199180
13,12,197300
12,11,198644
17,16,199375
8,8,178638
9,7,165926
13,13,203629
6,5,198506
17,15,191888
16,14,224412
14,12,199123
12,10,168113
9,9,200463
13,13,189342
11,10,186573
10,9,202490
16,16,189767
15,14,192308
12,11,182587
8,8,191263
14,13,195490
16,16,198238
16,15,217238
10,10,223215
16,16,196555
12,11,208473
17,16,202567
14,14,166868
15,12,197572
12,9,160097
18,16,201495
16,14,216982
15,14,184043
14,12,203452
10,10,171675
18,15,195191
17,17,184177
13,12,222531
14,12,218487
20,19,192398
17,17,170643
13,12,176372
16,15,215907
14,14,207360
20,19,183063
12,11,186392
14,12,187588
10,10,188939
6,6,181405
16,15,183593
14,13,187400
12,12,190623
9,7,178473
15,15,204215
14,13,212640
13,10,171105
17,17,205775
16,14,209050
6,4,208108
8,7,204309
17,15,205791
10,8,174401
17,14,204088
9,9,219991
9,9,214463
18,17,206165
9,8,193669
9,9,186129
12,9,190754
8,7,164172
6,6,204360
9,9,196638
12,11,214360
18,13,226581
9,8,214169
12,11,192294
13,11,177544
16,15,199592
17,17,172785
16,13,197251
9,7,204732
11,10,194520
14,11,206045
16,13,187078
15,14,236670
15,13,212755
11,10,199341
13,13,167408
8,7,178319
13,12,186189
13,13,178225
12,12,171745
7,5,182504
14,13,170564
7,7,177790
10,10,195568
9,8,173945
19,17,208901
12,11,222766
14,11,157753
10,10,188758
7,6,193508
11,10,194431
12,11,213192
7,6,177474
14,14,226456
20,18,207117
14,14,206691
11,11,190794
10,10,165995
7,6,196963
12,11,218186
7,7,186829
10,10,200096
13,9,192726
19,18,208756
10,9,192659
9,8,184532
15,15,203666
12,11,172543
15,13,201934
7,7,189777
11,10,183362
14,14,183145
18,13,205767
15,15,195702
15,15,173396
9,8,195692
7,6,201099
9,7,218808
11,11,185127
11,11,167478
7,5,173401
12,11,210697
6,6,200469
12,11,202161
11,11,200646
14,14,179339
13,11,190702
19,17,187589
15,15,196272
11,9,166498
12,11,186425
16,15,247217
13,13,205496
13,10,199151
8,8,169928
9,8,189907
9,7,202520
11,9,175964
13,12,177251
15,14,184163
15,14,173399
16,14,209262
15,15,180916
8,8,189472
14,12,196652
15,15,187018
13,12,193481
12,12,206555
14,13,189503
15,14,208346
8,8,180123
7,6,200389
12,11,200725
11,11,168897
10,10,174214
13,12,195542
16,16,196789
13,8,207708
16,15,170822
5,3,209058
13,13,182453
14,13,172997
13,13,193969
14,12,180984
10,9,201859
17,16,207806
13,12,211803
10,8,165335
13,10,203122
16,16,203455
14,14,198879
13,12,193311
16,13,193371
11,11,209352
12,10,174290
27,24,210296
13,10,188574
17,15,203833
9,8,182743
9,6,189614
19,19,223392
8,8,172968
12,11,218694
9,8,198951
13,12,187640
12,12,205686
11,11,193154
12,12,204023
11,11,223895
12,10,179028
14,13,202679
18,17,184934
10,10,181586
19,16,187555
13,13,168154
16,15,204680
15,12,201958
7,7,191295
10,9,197310
5,5,183816
11,7,183383
15,15,209177
16,15,233862
13,12,209889
13,12,210843
14,13,207879
12,12,192241
10,8,174304
18,17,216794
11,11,190982
15,15,208162
15,14,190961
14,12,186005
10,10,184088
15,13,209609
3,3,194711
8,6,164520
8,7,191713
14,12,193582
6,5,196747
15,12,173893
9,9,188994
10,9,190407
4,4,215492
11,10,180519
12,12,198364
26,25,213526
10,8,180269
14,13,209619
15,13,220624
15,15,198992
12,11,219857
6,3,177249
11,10,171216
19,18,200360
17,16,205928
17,14,230582
12,9,203431
18,16,210185
11,11,199224
13,13,223403
9,8,158644
11,11,205064
15,15,186256
14,12,209229
18,15,176840
9,9,197705
22,21,206822
20,18,197059
9,9,206106
10,10,184162
13,9,204996
14,11,187348
9,8,195545
15,13,195953
6,6,189629
13,12,197635
19,15,201876
7,5,168960
15,15,201053
14,14,185684
16,14,215704
11,10,192031
17,15,205594
16,14,206934
13,11,190664
18,16,179077
12,10,208846
14,13,200463
6,6,201216
11,10,187767
11,11,180122
8,6,195352
7,6,188051
19,18,197246
12,12,179910
11,11,196627
12,11,187705
16,16,211279
10,9,208942
16,15,174702
17,16,177603
27,26,232213
17,14,198986
13,12,211007
14,13,191070
16,16,201103
12,12,216838
17,12,196138
11,10,196445
11,10,186136
7,7,214253
15,15,192477
16,13,188423
8,7,186029
7,7,191193
15,13,200704
11,11,201875
8,8,181116
14,12,201419
16,13,184216
15,14,205650
13,12,191255
18,16,193064
12,12,202114
9,7,168298
13,13,184767
13,13,168363
11,11,174707
11,9,181707
10,9,202819
15,15,214545
7,7,191826
7,7,177618
14,13,203580
14,10,188459
16,15,199335
17,16,184067
13,13,203988
11,11,194912
21,17,242695
21,19,185614
13,12,179285
7,7,202397
17,15,216316
12,11,193481
11,11,234074
19,19,213444
11,9,195934
19,15,209771
16,16,165798
13,12,210785
21,18,189969
10,6,200572
11,11,210801
16,15,187869
6,6,198133
15,14,215018
7,6,178951
15,13,192720
10,8,180424
22,19,191100
13,10,170459
11,11,173265
8,7,189228
10,9,180015
9,9,188953
8,8,183286
11,10,175974
16,15,229984
15,14,201975
17,14,195032
12,10,194317
15,14,191164
16,15,200857
9,8,219251
9,8,221410
9,9,166964
15,14,198287
7,7,195482
8,7,179603
14,14,185555
11,9,192436
14,10,181540
11,8,185642
11,11,188292
11,10,181587
4,3,167513
13,13,192334
14,13,208542
8,8,190021
8,8,182579
11,11,224107
17,16,201744
12,12,191430
15,14,190852
15,13,235623
13,11,178406
14,13,168960
20,20,190331
15,13,182238
17,16,188999
15,14,176799
12,10,206484
14,14,210957
12,11,185378
14,12,196710
18,17,195279
10,10,177558
22,20,222680
19,17,201098
11,9,171120
11,9,176509
11,11,190424
9,8,208436
14,14,250462
11,9,196837
14,13,196152
10,9,192019
16,16,203501
19,18,188085
7,7,187107
15,14,224644
17,15,205863
19,17,192375
14,14,200381
11,11,223108
10,9,198523
20,19,217856
11,11,211840
12,12,204032
11,10,197193
11,10,182887
19,15,182143
27,24,212357
21,19,197418
10,10,189638
13,12,207126
13,13,185863
17,13,212480
12,8,187700
13,13,181028
21,17,184979
17,14,244917
11,11,192782
11,11,194311
17,16,191974
9,9,181309
8,8,160184
14,13,213576
15,13,193249
22,22,204834
8,7,216975
12,12,225164
9,9,203572
14,13,225640
12,12,184771
14,13,188796
21,19,209898
13,12,205353
19,18,201836
10,9,200377
7,6,191972
8,8,190928
18,18,203935
14,12,172629
9,9,202862
9,9,214099
17,15,195481
7,7,187330
13,13,209503
19,19,192101
14,14,194500
11,9,199655
9,9,194778
20,16,193734
17,17,203544
21,18,210943
15,15,204056
12,12,194484
10,10,188868
9,9,234064
12,10,187944
17,16,217804
14,12,220426
14,14,210651
8,7,203621
14,14,178247
8,8,237686
16,13,197937
10,8,194048
14,14,178687
18,17,222033
15,15,173676
11,10,194386
15,14,184951
17,17,207186
12,11,173125
9,7,146300
13,13,211392
11,10,201521
15,15,199432
12,12,190022
12,11,179615
8,8,183326
17,16,210239
15,13,214096
7,5,187018
10,9,171289
13,11,202581
20,18,220117
12,12,175387
10,10,211038
12,11,184032
15,15,220499
21,19,232369
13,10,203904
11,10,198249
13,11,195919
14,13,199754
13,11,198572
8,8,188723
12,11,220917
14,12,188577
8,8,195441
12,11,192967
11,11,173245
15,14,205150
18,16,199811
13,11,174351
16,14,200454
16,16,193027
9,8,178131
12,11,208638
9,9,186315
10,10,203514
11,10,193973
11,8,209740
11,9,208599
20,18,203677
11,9,211407
13,11,223598
9,8,193294
9,7,189106
14,14,197417
8,8,171452
13,13,199830
9,8,177082
9,8,197570
22,19,220365
10,9,207061
17,17,192850
11,9,184522
15,12,160177
18,16,177613
10,10,181520
14,14,195135
12,10,176089
9,9,194363
13,13,191259
22,21,207566
10,10,204756
9,7,191904
9,7,218381
13,12,176928
11,9,197132
15,15,197680
11,10,191135
13,13,187932
8,7,201636
15,14,225851
6,6,193447
11,9,187688
19,17,218004
17,14,199569
12,11,221021
12,11,196791
11,10,170834
14,13,184931
9,8,204511
14,14,207884
13,13,190298
11,11,213800
8,8,205098
12,10,161256
11,10,184871
15,13,172541
11,9,180762
15,15,176076
12,9,241603
10,9,195045
17,17,183836
16,16,180359
12,11,198571
20,17,223377
18,17,204954
8,6,193248
12,12,165748
14,14,220701
15,14,182455
17,15,194533
14,11,198936
12,11,178446
16,12,176753
12,11,165849
16,15,166360
10,10,199755
12,12,169153
10,10,201173
19,17,204111
14,13,202153
10,10,199544
15,15,219502
9,8,190357
14,14,199586
14,13,199199
14,14,193849
14,13,192420
19,18,205379
13,12,181426
11,9,193953
11,11,206736
28,24,205402
17,17,222438
14,13,205455
11,9,200785
14,14,208482
9,9,206058
14,14,194364
13,11,194506
11,10,195347
9,8,188546
10,10,208611
10,9,212673
9,9,205805
4,4,170782
13,12,225170
18,16,201968
14,12,206306
13,12,178705
11,10,186759
10,10,200535
19,15,197622
16,14,191951
9,8,190574
19,17,190960
14,14,204288
13,11,196983
8,8,191534
15,14,190517
14,14,208197
14,14,195793
11,11,196108
11,10,181287
14,14,182977
11,9,218885
14,13,177484
13,12,182784
12,12,189384
19,19,223133
11,9,211218
9,8,207561
16,15,205878
10,9,178831
16,16,201291
11,9,175110
13,13,223100
8,6,157938
13,12,192445
16,14,211151
8,6,195923
13,12,222519
6,6,220280
16,15,157491
12,10,174119
12,12,211353
14,12,211724
11,10,201407
16,16,204721
13,12,198277
19,18,191398
12,11,186945
12,11,181620
8,7,184153
14,12,174525
11,11,202687
6,6,195641
13,11,185872
8,8,207812
19,16,207648
15,14,204651
11,9,185449
11,11,192598
15,15,177540
7,7,200297
12,11,201124
8,8,192266
16,16,211584
11,8,178706
23,20,178086
18,16,218276
11,10,167105
9,9,212346
10,9,177943
21,19,183343
21,17,236170
11,10,202244
18,17,202272
9,9,182696
12,12,178376
15,15,181720
5,4,194573
13,12,187086
7,7,200747
8,8,164390
22,18,211747
15,14,217469
12,12,184990
10,10,189764
11,11,209467
9,9,208782
9,8,169951
15,15,203149
13,13,178608
11,11,178205
15,15,213470
17,17,216533
17,17,204925
19,18,222605
11,10,193744
16,15,225783
9,8,212851
19,15,177465
14,14,183625
13,12,196904
17,16,222294
12,11,196457
13,12,189273
7,7,198888
13,12,210432
14,13,194911
8,7,178845
14,14,224300
12,12,208470
22,20,202045
10,9,200552
14,13,183784
7,6,189718
9,9,189202
14,13,195309
19,18,221046
17,16,209196
15,15,221969
9,9,167849
13,11,188648
12,12,198850
5,4,208205
15,15,218536
14,12,196690
13,13,201047
8,8,202219
16,15,167993
9,9,189756
14,14,183928
9,8,172239
16,16,205968
6,6,167232
18,16,192361
15,13,167122
11,11,186704
14,11,222187
10,10,228638
15,13,194575
9,9,181273
12,12,190212
8,8,181297
14,13,194484
13,13,210122
13,10,179570
14,14,179256
7,6,171359
16,14,193399
10,8,182306
11,10,207771
13,12,194790
13,12,197974
14,14,220180
8,7,180254
10,9,189278
13,13,203224
12,11,207410
13,12,183970
17,16,208173
12,12,194464
8,7,180341
15,12,192504
18,17,194605
14,12,193002
9,9,198103
12,11,203566
11,11,192451
14,13,198476
10,9,199589
20,17,207646
15,13,162999
11,9,188359
14,12,195933
12,11,226318
12,9,196163
10,10,201936
14,14,177302
14,14,197019
8,7,171067
15,13,213650
17,17,199400
18,17,190154
14,13,201850
18,16,202717
15,12,171163
8,8,202275
11,8,221082
10,9,230109
12,11,185455
15,14,210826
20,18,196609
14,13,190850
12,11,200687
19,19,234021
8,8,186625
15,13,191170
17,14,198326
8,8,200748
11,9,184948
18,18,207243
13,10,187284
14,14,190581
10,9,167145
14,12,222680
13,12,197856
16,15,182003
16,15,208310
13,13,181966
14,14,204540
7,7,170904
19,18,187229
8,8,209904
19,17,210845
11,10,177137
12,10,182302
6,5,178719
15,14,172118
13,11,159190
8,7,208887
13,12,189366
13,12,179751
16,13,205179
19,17,195572
10,7,193613
12,12,200416
14,14,198535
20,19,201007
10,10,188094
11,9,204440
14,13,194839
18,16,192481
6,5,179762
12,12,171664
17,17,206678
12,11,193373
13,13,203963
17,16,230398
12,12,193661
9,9,191362
12,11,207636
5,4,179072
12,11,203830
16,16,202423
7,7,190228
13,12,211250
11,11,195688
12,11,171494
13,12,189494
9,8,200100
8,8,179981
16,13,214379
11,10,174561
10,9,188825
18,16,188444
14,12,196469
21,20,220265
18,15,190407
10,10,189007
21,21,222861
24,24,191107
6,4,173353
7,6,191839
7,7,187919
16,16,216188
18,17,227072
15,11,177564
9,6,217330
10,10,196873
11,9,211670
11,10,186416
12,12,208385
15,14,188919
15,13,194102
10,10,216636
11,8,183077
21,21,218047
7,5,170402
8,7,193367
13,10,184349
11,10,209144
4,4,171163
12,12,218918
18,18,204215
12,11,202180
12,11,202342
14,14,205202
14,14,167631
12,10,187036
16,16,214225
17,14,197817
14,14,190628
11,9,207447
10,9,179418
19,18,216037
14,13,177704
14,14,172322
17,16,212045
10,8,183074
17,16,202765
18,18,161213
14,14,202349
20,16,182462
19,18,199285
20,19,185873
18,16,214395
15,14,201531
7,7,167300
15,12,197552
18,18,200842
11,10,210150
9,8,174471
7,7,207243
14,13,196006
16,16,209624
12,11,197383
9,8,158843
19,17,185858
15,13,181260
9,7,179078
13,13,192692
13,11,207761
11,10,193738
10,9,206360
14,13,182998
18,16,224594
8,7,145751
14,13,209164
21,21,206041
16,12,207523
18,17,194838
6,6,169171
9,9,162725
10,10,168847
11,10,208740
4,4,180368
15,13,194334
17,16,202303
11,11,205511
16,13,218400
21,19,194741
14,11,189027
15,12,177440
14,14,211534
17,15,164096
17,16,165286
12,12,216784
15,15,202484
10,9,195225
11,11,207039
15,15,210066
14,13,211826
17,17,198927
6,5,175405
13,13,228025
11,11,195486
17,17,218343
18,16,195440
20,17,208438
17,17,215251
13,12,186735
9,9,202417
9,8,209013
14,13,182901
17,16,189743
11,8,180784
9,9,214153
10,10,182830
13,12,203562
15,15,186407
9,8,187243
12,12,173633
12,12,149227
13,11,185708
13,12,207508
12,11,203376
12,11,197349
11,10,209675
8,8,220572
7,7,195688
7,6,202239
17,17,196412
13,13,174523
11,11,173882
16,15,209553
14,13,201907
12,11,196726
18,17,205128
6,6,197364
13,12,161671
6,6,185824
15,14,247547
10,8,202213
11,10,218938
10,10,182458
15,13,187021
16,14,194180
8,7,187056
14,12,208632
18,17,195249
15,13,188817
9,9,197628
9,8,181301
12,12,204978
13,13,206382
15,11,199949
8,8,166010
14,14,194923
9,9,195905
20,18,198638
16,15,203968
13,12,231124
13,10,158784
8,8,190413
11,10,209186
11,10,191968
13,12,199654
10,9,188583
13,11,195472
13,12,200966
10,10,178934
10,9,191154
14,12,189665
12,8,177337
14,13,191717
17,16,187967
11,10,202190
14,11,202687
13,13,200442
16,15,191478
11,8,166680
17,13,220525
10,8,195286
11,11,179196
11,9,186803
10,9,204622
3,3,194675
9,7,223325
13,12,198313
9,9,183272
10,10,208567
9,9,179095
16,16,208284
16,16,228191
9,8,211487
11,10,224368
11,10,204432
16,16,203187
21,20,200926
19,18,183354
15,13,204621
13,12,178932
19,18,229233
10,10,174446
12,11,175925
20,18,189611
18,13,223958
17,17,228002
16,14,175244
15,14,182836
16,15,189264
10,9,186838
14,13,165328
15,15,176843
9,9,174759
13,11,195082
10,9,208407
11,10,200326
15,15,193735
12,11,198038
14,13,189372
12,12,192621
14,14,214491
17,17,203366
7,6,188845
13,10,193580
18,18,199705
12,12,166004
24,23,238987
11,11,201360
17,16,186234
10,9,200122
9,8,164928
14,14,193233
10,10,190225
15,14,208472
17,16,212100
24,22,225718
14,13,215546
12,12,182611
8,7,191935
11,11,186597
12,11,212195
15,14,196505
11,11,203756
10,9,205936
12,12,191818
15,14,182923
9,8,192423
8,7,182077
16,14,191748
10,10,185039
15,14,187902
10,10,173837
13,13,175006
16,15,182992
10,8,193015
15,14,207973
15,14,231472
17,16,216200
11,10,183186
14,14,193142
10,8,187486
7,7,174070
10,10,175976
15,13,198154
18,18,189059
11,11,199539
16,16,167966
8,8,190784
12,11,163020
7,7,204947
16,12,216869
11,10,162552
11,9,171703
10,9,189163
10,9,190746
18,15,196431
12,11,181666
12,12,211271
16,14,164374
11,10,203480
12,10,185180
16,13,208620
9,7,217604
18,15,174151
8,7,216569
17,15,166649
6,5,195733
17,16,218102
17,15,183072
13,11,205639
13,13,185820
16,13,219174
11,10,163978
15,13,182006
11,10,204496
9,9,180012
9,9,190657
22,20,217274
9,7,199506
15,12,208368
19,18,178080
16,13,221136
11,10,200270
19,17,204765
11,8,211718
14,12,187644
22,20,197697
17,15,198485
15,14,209351
21,21,219348
13,11,168519
14,14,192073
18,14,203957
11,10,199317
13,12,222150
9,9,193918
6,6,176078
7,7,208530
8,8,189403
14,13,176623
16,16,182453
10,10,165733
13,12,175887
18,18,199081
17,16,207849
13,13,204521
11,11,224589
14,14,215743
11,10,210306
9,9,223031
9,9,212780
10,8,240242
11,10,177513
12,10,170345
11,11,210393
9,7,205738
16,15,201971
20,20,179005
14,13,193886
11,11,194612
17,16,204930
11,11,212608
13,10,183205
13,12,210469
13,13,206514
13,12,173592
13,13,211189
14,14,190852
16,14,189496
18,18,223060
15,14,206959
12,10,200253
15,15,223366
19,17,201970
16,14,218921
10,8,195951
8,5,176709
10,10,217988
16,14,213489
12,12,202073
8,8,189838
15,13,220818
14,12,214163
11,11,183678
8,8,189601
20,19,181060
13,11,226057
11,10,158713
10,8,188182
19,15,156421
13,12,212103
11,9,163024
13,12,209167
18,17,203807
10,9,192759
14,13,202712
17,17,231334
14,12,173526
11,9,188852
9,7,216328
14,14,189575
15,15,188900
13,13,204626
16,15,184129
12,11,206437
11,11,218072
10,10,202693
16,16,191398
12,10,188627
13,13,194651
8,7,213330
19,17,204775
16,15,199615
12,9,185843
9,9,214552
14,13,231331
5,4,166122
9,9,214021
13,13,178764
15,14,206103
16,15,207400
8,7,210444
17,16,205720
17,16,231702
11,10,212005
14,13,201522
8,7,185332
13,11,196910
14,13,192147
11,11,173825
11,11,177573
9,8,205129
15,14,175976
16,16,191852
8,8,157172
15,15,217549
8,8,181290
19,17,206589
19,16,228856
11,10,196052
15,14,198487
18,18,206676
15,14,197310
9,6,191575
10,10,179954
14,13,216599
18,17,218911
7,6,190354
11,11,185141
10,9,212575
15,13,216238
7,7,162813
13,11,197961
7,5,177483
9,9,202679
23,22,185976
18,16,208649
18,15,211319
12,10,214704
12,12,249560
15,14,240312
12,12,206989
11,11,177099
11,11,191546
9,7,167266
17,17,216776
11,10,178935
18,15,176027
11,9,236567
19,17,190839
12,11,189148
8,8,212094
16,15,208442
15,15,212918
16,16,205988
17,15,184666
7,7,188177
20,19,215517
18,18,190298
17,16,209555
9,9,182396
17,17,162705
8,6,169453
11,9,194966
23,21,198970
13,12,204452
13,10,197833
15,15,206979
16,15,207603
8,7,180046
11,11,233085
8,7,194627
10,10,188836
10,10,187176
15,13,201079
11,11,193260
13,11,195938
9,8,192451
14,12,230520
16,15,221181
9,8,172607
13,13,186080
9,9,200456
9,8,168379
18,16,214519
11,8,185840
9,8,197237
17,17,207038
9,8,193529
13,13,211577
16,15,205095
21,20,219369
15,14,193842
11,8,180294
15,14,207392
14,14,211900
15,14,234739
16,14,177761
13,12,164604
16,14,208795
15,14,202028
10,10,215292
11,11,167228
15,14,200241
13,12,191911
11,10,179573
14,14,210460
9,8,201310
15,15,218028
16,15,192837
10,10,206054
12,12,197026
10,10,207011
14,13,185826
18,16,204190
12,11,190309
15,15,163893
19,19,189551
9,9,202487
17,14,189589
8,6,213428
11,11,177824
9,6,178151
15,12,183815
11,11,206585
6,6,192098
10,10,186842
13,13,191308
12,11,227045
15,12,194322
16,15,175733
11,10,166320
9,6,219846
15,14,186060
11,11,207364
18,17,183258
7,7,198038
8,8,186251
11,10,216847
12,10,200837
11,11,199504
11,11,210554
14,14,191374
13,13,185486
12,12,182533
9,8,163623
14,13,239547
15,13,223546
12,12,233485
12,12,194668
15,15,184846
14,14,198154
14,13,174855
15,14,176580
14,11,204854
9,8,178380
14,13,216251
8,8,192206
16,15,200284
20,19,210184
15,13,198579
18,14,207973
19,16,201862
13,11,204486
17,17,191567
5,5,183580
7,6,177719
10,9,201756
14,14,218487
15,14,243145
13,12,186117
15,15,203273
16,16,184877
15,14,202479
12,11,186902
18,18,232419
21,19,197909
7,6,189642
14,13,225053
12,10,181578
8,8,187173
14,12,214031
17,17,213754
17,16,194824
10,10,194676
10,10,168271
11,10,208255
14,14,179520
9,7,183342
14,14,209848
10,10,183052
11,9,199025
14,14,197398
15,15,177474
18,18,215325
15,15,199822
11,10,206121
10,10,186651
15,15,250338
10,10,195920
10,10,191235
6,4,199636
6,6,204094
14,13,202198
18,18,189233
13,12,199704
15,15,200879
7,6,164565
8,8,199189
11,10,183698
16,15,210946
7,7,193332
11,11,190916
11,10,197614
15,13,211686
9,9,191001
10,8,189396
12,11,192254
17,15,194614
11,10,217100
11,11,155358
15,14,176948
9,9,179088
14,11,221773
18,17,204459
16,14,197131
14,13,170214
17,14,209346
12,10,188231
14,14,199071
19,17,189201
11,9,193251
11,10,187797
12,12,236326
12,12,199563
13,11,218828
8,7,199839
11,8,187790
12,11,182138
8,8,201284
13,12,191911
12,12,187435
15,15,219613
12,10,173312
8,7,204556
12,11,177565
16,15,224401
13,13,174559
13,13,198687
13,10,177107
14,13,176723
17,15,201785
14,13,197962
13,12,205824
11,9,204810
19,16,180590
9,9,195901
10,9,197886
15,13,214677
11,11,212474
11,10,215064
11,10,194998
13,13,217249
21,21,201785
12,12,223924
14,14,211291
19,19,220544
16,14,226935
11,10,202602
17,16,193200
22,18,186655
16,16,196696
19,19,212588
9,7,201251
15,14,193136
16,15,188451
5,5,192433
12,11,186835
14,12,204373
8,8,216047
19,19,247046
11,10,193053
11,11,195119
13,12,192356
9,8,192638
7,5,187631
16,15,192035
13,11,169653
11,11,226638
9,8,197888
15,14,191422
11,11,196859
13,13,201116
13,13,219551
5,5,203598
9,7,184857
10,10,193535
7,7,184577
11,10,179369
15,14,183077
18,17,185893
15,15,239180
9,9,210276
13,11,207885
13,12,195840
8,7,177917
15,15,207440
8,7,196045
11,10,201200
13,10,179433
16,14,219493
12,10,172623
14,12,221338
16,16,208152
12,11,203386
13,13,197760
9,8,193621
12,11,193965
13,13,210176
6,5,216690
10,8,187093
18,16,202818
12,11,152734
8,7,182953
10,9,208609
14,14,211745
14,11,195505
12,11,190528
15,15,214896
17,16,202080
11,11,211784
13,12,183829
12,11,196058
10,10,167570
17,16,242364
14,12,177619
12,9,194215
18,17,207911
8,7,175147
9,7,191509
15,15,208921
15,15,195118
13,13,206877
12,11,181121
9,8,177063
13,11,183010
19,19,181470
17,16,198086
20,19,198002
12,12,200431
14,12,189406
9,8,208649
11,10,184724
21,21,202917
16,14,196115
12,10,197142
11,10,184556
17,16,219247
10,9,190421
9,8,178878
12,10,171473
9,8,214813
16,15,182827
7,6,184430
13,13,189186
17,12,233616
19,19,195265
12,10,193483
11,10,185435
10,9,197670
12,12,173382
9,8,210207
11,9,173008
14,13,199802
13,12,180533
15,14,197577
15,13,190430
9,9,174798
15,14,216981
11,10,187907
8,8,221679
11,10,206265
13,13,192579
18,16,224511
14,14,192108
5,5,195748
13,12,197716
16,15,202006
13,12,217095
10,7,189329
17,16,183924
10,8,197355
11,10,180568
12,11,190837
7,6,193702
12,11,192178
15,14,197217
15,14,198986
20,18,194850
19,17,208307
8,6,186581
16,15,216525
12,11,197977
19,18,194605
17,17,185717
8,8,207832
9,9,203998
12,10,210541
15,15,191475
6,6,178827
16,15,198957
12,11,188018
19,18,199320
12,11,170048
13,12,212019
10,9,221451
18,18,191661
12,12,193339
12,11,179711
10,10,194041
13,12,182898
17,16,214794
6,4,196154
20,18,208104
22,22,199070
12,11,186139
10,9,177237
13,12,177630
11,11,241114
6,6,198242
11,9,201536
13,13,189635
16,16,226009
10,9,193235
17,16,192943
18,16,198160
13,10,178566
10,10,181349
7,7,187352
16,15,202799
13,12,218930
20,20,196067
8,6,188824
11,10,184883
13,11,172888
14,13,201872
8,7,190256
10,10,187234
15,14,212523
18,18,212673
12,12,221803
9,9,165300
14,13,206475
18,16,163775
13,13,233288
13,8,197337
18,17,215843
18,18,190121
13,12,246544
18,17,197250
5,5,159610
9,9,187584
14,13,204179
7,6,207258
7,7,181891
15,15,223521
15,13,202613
13,9,173459
7,6,186463
9,8,169481
14,14,213861
12,12,230559
21,18,196146
9,8,175180
8,7,177229
10,9,186643
13,12,210133
17,15,204503
12,11,176670
16,15,201939
19,15,198523
16,16,196384
22,21,231764
10,9,217279
15,14,172854
7,6,189704
10,10,184331
13,12,192858
15,13,182121
14,14,198336
10,10,224677
12,11,185301
9,7,175099
9,8,199933
15,13,186873
8,8,199278
9,9,188243
11,10,220516
14,12,184408
20,18,206140
12,11,186211
7,7,177864
9,8,180176
14,14,198304
9,9,184403
19,18,191261
17,15,202398
12,11,174687
16,13,192891
20,18,170262
19,17,206457
17,17,163604
12,7,223787
14,11,200142
12,11,212458
13,11,218788
18,17,194715
16,15,191268
19,17,210079
15,14,224149
16,14,196570
12,12,188088
11,10,191140
19,18,202196
16,16,168089
20,18,230293
20,20,183885
7,6,196240
17,13,205561
16,14,193025
12,11,182817
6,2,187062
4,3,184971
12,11,170088
11,9,198946
14,11,193373
13,13,228790
18,16,211345
15,14,204424
11,11,246800
13,13,197768
15,15,206033
8,8,196608
20,19,214526
13,11,190377
15,13,171501
6,6,182444
19,19,192604
11,10,219450
9,8,210815
17,17,211058
13,11,202339
14,14,202725
10,9,201115
11,11,206283
12,10,188696
13,10,187568
11,9,181911
11,9,218110
11,11,169068
13,10,191471
14,13,172130
10,9,160217
9,7,193878
20,18,196370
11,11,196244
14,13,205078
10,9,195186
13,12,184295
17,13,188597
15,15,188878
12,11,195801
8,8,181504
14,13,191737
12,10,183937
18,18,204421
12,12,213839
12,12,191161
11,11,210743
17,16,208713
14,14,199590
11,10,194603
13,11,194956
13,12,188907
9,9,205938
19,16,205307
12,11,184844
13,11,190191
15,15,219213
13,12,178422
14,11,188947
10,9,212088
8,7,193566
7,5,182354
13,12,192368
14,14,202091
16,16,184675
17,15,212195
14,12,177811
16,14,216515
10,9,214175
17,17,173669
17,14,195349
12,11,192342
16,14,202530
6,4,160596
15,15,251449
8,8,182593
15,14,193285
16,15,238111
10,9,178914
16,14,187161
6,6,190565
17,15,219234
15,14,197789
15,13,240055
14,13,199970
9,9,201528
15,15,231457
10,7,200040
9,8,209455
11,11,198112
13,13,198757
13,12,196169
13,13,195526
12,12,200497
13,13,191973
13,12,181773
16,15,210982
9,8,207991
13,13,196254
15,13,177921
5,5,187748
7,7,195969
18,15,178619
18,17,191508
9,7,209185
11,9,171099
14,13,173509
18,17,214387
8,5,160414
17,16,189695
8,7,164316
7,7,181162
13,12,180080
15,15,200340
14,14,186713
12,9,193750
14,11,207528
13,12,173425
18,18,175534
8,7,201934
12,12,188508
22,20,230701
13,12,194981
5,5,201440
9,9,181040
12,11,194844
14,13,198919
11,10,184125
11,9,200857
7,7,188639
17,16,189700
10,8,187163
15,15,219434
24,23,214326
9,9,187996
14,12,204017
2,2,166669
5,4,169144
8,7,179152
12,12,183547
14,12,187311
11,11,204314
16,14,210983
14,13,209721
13,11,208040
14,12,183337
15,14,205626
16,15,227030
17,16,219125
12,11,199154
19,18,167439
16,13,190561
13,12,204332
14,14,176953
16,14,172453
4,4,185479
16,14,188050
18,16,179918
26,26,202257
14,13,188475
8,8,196579
12,11,175194
12,11,188056
13,10,187846
17,16,202090
16,15,252794
17,17,213609
13,12,226470
5,5,184124
7,4,195218
14,13,197577
14,13,173697
8,8,179622
16,16,199555
16,15,209665
11,9,199070
16,15,193733
19,17,210121
14,12,199824
3,2,166647
13,11,230749
14,13,207504
20,18,200163
17,16,172373
14,13,167112
12,11,216230
11,10,175450
10,10,187215
12,11,159998
9,9,193586
6,6,161639
12,12,214223
15,15,202602
11,8,160930
12,10,181220
17,14,190177
16,15,198888
17,14,216906
10,10,193607
8,7,205071
14,14,186730
15,12,206883
16,15,213797
9,7,183959
10,9,164867
15,12,191933
10,9,212706
12,11,208693
17,15,205903
12,12,177985
9,7,211617
8,8,192363
14,13,186198
14,13,220700
8,6,200573
11,10,197678
11,9,177350
11,11,183160
12,11,179088
13,10,180054
13,13,207893
15,13,175955
9,8,207919
17,17,202960
8,6,195815
14,13,203110
12,11,205522
14,12,208293
10,7,189916
11,11,210959
17,16,199937
16,14,201741
16,15,193970
14,12,188857
12,12,184833
16,16,229213
13,13,192506
15,15,181886
19,16,195565
18,16,199605
12,12,189724
16,16,203307
11,10,193258
12,12,189833
12,12,198386
9,9,195293
21,18,177857
9,9,188966
16,14,214464
13,12,162409
13,11,208206
20,17,184732
14,12,185258
10,7,164279
12,9,187510
6,6,203869
8,7,185423
15,15,208649
17,16,224878
13,12,204369
9,8,197726
17,14,207724
15,15,225893
18,16,183436
17,16,199471
14,13,196203
4,4,172785
15,13,163982
12,12,169935
17,14,193347
10,10,200513
18,17,208214
8,8,174315
12,12,197459
14,14,180691
15,13,174685
12,10,196876
11,11,203117
11,10,169350
12,12,200476
15,14,188253
15,15,188984
15,14,226594
9,9,186605
18,17,180897
15,15,199804
18,18,170656
9,9,196608
12,10,191547
11,9,159919
9,8,185187
13,12,173345
10,10,205916
12,10,213344
17,14,185944
17,17,191208
5,2,178554
12,11,207867
16,12,210209
9,9,204979
11,10,195440
8,7,192769
12,12,193797
15,13,192063
11,11,170014
18,17,200708
18,15,196818
9,9,185108
11,10,184405
18,18,209683
11,10,175590
14,10,212425
10,10,183906
13,13,200535
10,8,183718
13,13,191111
11,10,190534
13,11,196816
8,8,178544
15,15,192860
9,9,185937
11,10,187998
17,16,212187
10,9,181994
12,11,179231
13,12,159276
8,6,218812
9,7,207270
10,9,179416
18,16,210034
12,11,206718
11,9,188037
16,14,214146
13,10,198361
12,10,174970
11,10,190330
11,9,193356
17,16,225393
9,7,196810
17,15,199187
12,9,207908
6,6,199552
16,15,171436
10,9,183447
12,10,220804
17,17,206810
14,13,194236
16,13,180424
18,16,196007
10,7,171250
15,13,191500
11,11,222659
12,12,210749
16,16,186151
15,13,182401
14,13,212538
19,18,204915
12,11,188865
10,7,171547
6,6,167708
17,13,222621
12,10,228994
17,16,221488
12,11,189947
13,10,191747
17,16,176640
8,8,167112
13,12,207955
15,14,163549
10,9,172172
11,10,172156
21,16,192969
10,10,200220
7,7,161770
15,15,186122
10,10,199973
7,6,180557
13,12,204183
15,15,190573
13,12,207287
14,14,203246
12,11,188834
18,18,207698
9,9,183334
14,12,195930
8,8,193682
10,9,174748
15,15,206097
12,11,175973
12,10,201543
11,11,225021
12,12,193924
7,7,162414
11,11,191866
16,14,174709
12,12,194330
11,9,196007
23,20,216483
13,12,157342
14,14,176780
21,18,193588
8,8,182647
11,10,208015
12,10,181600
11,11,186338
13,11,186990
17,17,219003
15,15,185211
15,14,216075
13,13,205243
13,13,188012
15,13,204976
13,11,194205
6,6,196566
10,10,170657
8,8,199263
11,11,223210
12,12,174893
7,7,218568
16,16,207520
15,13,201524
19,17,208293
23,19,232846
13,12,186602
7,7,197392
15,13,207715
18,18,189254
16,14,184308
21,20,193305
18,16,200815
14,12,190459
14,12,161237
10,9,192010
11,11,187549
11,9,180531
17,16,193191
7,7,202605
11,11,222179
8,7,228993
13,12,169943
16,13,199404
8,7,189003
12,10,183388
15,13,184470
18,17,207558
13,13,194179
15,14,166737
12,12,194037
12,11,205928
18,18,206596
13,13,189432
12,11,187328
23,22,195260
22,18,201256
23,20,206569
17,16,193360
12,11,208176
12,11,174461
15,15,210639
7,6,187505
14,11,190441
16,16,218747
10,9,197429
10,8,185873
16,16,235402
15,14,207864
8,7,215904
10,10,205424
10,9,221353
18,17,216203
8,8,181876
10,10,209868
9,9,209219
11,11,193853
9,9,173014
15,14,207201
10,10,198191
11,11,182837
16,10,208298
10,10,186407
15,15,151273
8,7,169396
11,8,166869
13,12,180534
13,11,223714
18,18,207751
15,15,196361
6,5,187738
12,11,210885
15,11,161186
13,12,198787
19,17,196294
12,12,201799
8,8,212172
10,10,191015
15,14,204922
8,8,173463
21,17,192041
3,3,191842
12,11,213603
16,15,178863
9,7,227318
11,11,180751
9,9,175480
8,8,199996
21,18,214918
14,12,228199
11,11,222228
14,13,197121
8,8,200398
12,11,200187
10,10,186239
18,17,212114
15,14,200672
9,7,187528
19,17,204369
13,11,240150
14,10,228623
6,5,189018
21,19,172686
9,9,164080
17,17,192736
12,12,198451
8,6,217576
17,17,199388
8,6,163831
22,20,223265
15,14,188461
12,12,183242
9,9,193049
12,11,212845
18,17,222886
15,15,218482
16,16,195087
18,18,224211
9,9,177853
9,7,188987
13,12,201550
11,11,195403
15,14,205963
10,9,194796
15,15,198204
12,11,206953
9,8,182655
10,10,209714
17,16,201446
13,12,207454
16,15,174280
15,14,208215
6,5,209439
17,16,197501
14,14,180888
12,11,202449
18,17,192621
22,22,226290
14,12,205167
10,8,218216
16,15,197326
13,12,214143
11,11,213221
15,15,215814
18,16,179839
12,11,210273
9,9,185163
15,12,192273
9,9,155178
10,8,211424
11,11,169044
10,10,208575
14,14,223673
13,9,178611
12,12,189852
19,19,190623
7,7,204812
12,11,178140
12,11,185810
14,14,188285
17,14,173918
16,13,190613
14,12,209150
12,11,200883
10,10,183479
15,14,219523
8,8,196182
12,12,180305
16,15,208854
14,12,221609
13,12,179694
10,10,192391
14,14,199219
14,14,209147
17,15,201755
8,6,181438
12,11,209672
18,14,206895
11,10,157773
17,14,214523
11,11,236256
14,13,214988
16,14,200437
7,7,210516
12,12,174127
15,13,200066
12,12,227370
12,12,199843
18,16,216758
15,15,206741
14,13,174690
22,20,214221
7,7,202286
14,13,216680
17,16,199064
10,9,192208
9,8,163634
14,11,173891
11,11,179152
8,5,166077
12,11,186275
6,6,202460
11,11,178397
17,16,208545
14,13,179152
13,13,191829
14,14,217479
5,5,178472
6,6,179907
13,12,224632
12,10,210291
13,12,173004
11,10,188135
13,11,202395
12,11,185537
13,10,187556
10,8,198941
6,6,185422
17,17,223476
12,11,176919
18,17,199518
18,16,207961
6,5,204361
9,9,197935
17,16,216452
15,14,197133
11,11,165423
7,6,163927
14,13,181757
12,12,192347
11,10,202210
15,15,182777
12,12,206879
12,12,197721
8,7,210893
15,15,185388
9,8,184075
12,11,199204
10,10,185940
12,12,192588
12,11,180824
16,14,200781
14,13,193029
13,12,215549
12,11,169304
13,11,204447
13,12,192779
6,6,214334
13,12,195387
19,18,234177
16,15,196645
13,13,209606
23,21,186822
10,10,190032
16,15,190322
16,15,213402
9,9,202682
15,15,196032
15,15,202604
7,5,199902
12,12,196576
24,21,187810
10,10,196449
12,10,176616
9,9,172638
17,15,184904
16,14,193363
12,11,213054
13,12,195432
14,13,211602
11,11,205682
10,10,188202
16,15,201880
17,14,181160
8,5,209333
9,7,180279
10,9,210185
14,12,205931
12,9,205640
13,12,186367
13,11,179303
12,11,208044
7,6,181930
21,21,230824
13,13,216958
7,5,221245
11,10,202865
10,10,187016
14,13,180241
6,6,191880
15,13,234646
6,6,188904
22,22,215394
12,11,210018
12,11,201233
11,10,197687
9,7,195476
15,14,191325
15,15,221276
12,11,210017
9,8,198331
6,6,201629
12,12,175963
12,11,204975
15,14,185190
11,11,202762
11,10,197103
11,10,214093
15,14,214902
10,8,193006
8,8,200652
14,14,202337
12,11,197055
16,16,212724
17,17,229817
15,13,211064
8,6,190063
10,8,180270
17,14,189554
10,9,174542
8,7,199484
14,13,224224
14,14,179837
17,15,196739
12,11,173701
17,16,201447
10,10,160532
13,11,174761
15,15,179113
11,10,196033
17,15,189603
15,15,196009
15,14,203800
16,16,186379
11,11,201064
10,9,192021
10,10,187100
8,8,203078
10,10,182625
12,12,204878
19,16,171943
20,18,197036
10,8,176945
17,15,187559
12,10,185158
11,10,190123
11,10,175814
19,18,201531
8,5,165721
9,9,191343
8,7,183216
12,12,223675
7,7,192619
14,10,188263
16,16,198553
10,8,166003
8,8,188174
14,13,182975
10,10,208028
23,22,204025
17,17,213843
8,7,182540
15,15,171154
12,12,194591
12,9,198713
15,11,206272
11,11,199098
14,13,176925
12,12,184590
13,13,179545
15,14,211647
15,15,201923
12,10,209285
16,13,173240
13,13,211949
15,15,183123
11,10,207283
25,24,190275
11,10,190390
12,10,191841
8,7,205836
9,8,198744
7,7,193769
8,8,207902
16,15,182924
20,17,190434
23,21,227618
7,7,179010
9,9,174885
10,10,222044
17,17,180126
16,16,209942
15,15,191747
13,12,192641
11,8,165119
11,8,213918
11,11,200470
6,6,173445
15,15,202165
9,9,181883
15,14,211959
12,11,248974
22,19,211707
13,12,187990
7,6,191280
11,11,172541
21,19,212841
15,13,184564
12,11,168350
14,12,201864
9,9,187511
12,8,191172
14,13,188937
13,12,197022
12,12,192399
12,12,201586
11,8,192582
7,7,182477
9,6,196164
11,11,199422
16,14,194714
11,9,180806
13,10,207042
14,14,207179
12,8,169894
13,13,187818
6,5,235254
8,8,182423
11,10,184257
11,9,212167
9,8,173937
9,7,178681
12,11,215411
15,15,189697
16,12,212196
7,6,188349
13,12,224084
12,11,189312
11,11,196059
10,8,172699
20,19,221751
18,16,227967
15,13,180774
11,10,188550
13,11,180098
13,11,203962
11,10,181790
13,10,176863
16,14,186107
11,11,200883
12,9,188346
13,13,210145
13,10,194631
10,9,184187
16,15,192941
17,15,187278
12,11,202397
12,11,199319
9,9,217018
16,15,208502
6,4,206676
12,12,217870
12,11,196308
11,11,158839
18,17,214864
16,14,208945
20,17,179614
21,21,235805
17,14,215094
18,18,176063
16,15,216032
12,12,188476
15,13,216129
16,14,208046
13,12,175995
13,10,204073
12,12,209114
12,12,203002
19,18,212748
10,9,224543
12,11,166555
17,17,214120
15,13,226668
18,16,199833
14,13,195932
10,10,222239
13,12,188128
16,14,196940
21,19,213502
12,11,190614
12,9,190961
9,7,197717
9,9,174232
14,13,216542
15,14,206081
16,14,199771
13,11,194103
24,20,215432
9,9,200054
15,13,195428
15,13,225376
11,11,200054
16,15,207227
8,7,171620
14,14,216962
16,16,187464
15,14,199324
15,15,189796
13,12,190217
17,15,215992
18,17,205122
17,15,243021
11,11,202602
14,12,206299
14,14,186049
16,15,210765
9,8,198442
9,9,179383
14,12,196128
15,13,184699
12,12,189272
15,14,195427
8,7,194120
14,13,205235
9,8,205221
13,13,179166
17,16,197274
14,14,219553
11,10,183736
11,9,203810
14,12,218543
9,9,189933
5,5,198936
11,11,169104
17,14,197280
13,11,179548
15,14,176887
12,11,204447
8,8,222787
9,8,177384
11,11,213238
8,8,177836
17,16,233776
19,18,243265
11,10,213133
14,13,200542
18,18,196940
14,13,191428
12,9,219962
12,10,194986
13,13,186020
13,13,226695
13,13,209189
13,12,194990
11,11,162371
5,5,196961
10,10,199018
15,12,208553
10,9,195971
9,9,209147
9,9,175992
19,19,229030
16,16,181113
12,12,212502
12,12,190947
12,12,201790
8,8,197554
10,9,200318
10,9,210973
12,12,203820
8,7,171257
11,11,171967
12,12,197836
11,8,185336
13,12,175746
13,12,197137
9,8,172152
13,11,209032
10,9,169291
19,17,211395
11,10,175613
18,16,184632
14,12,186420
14,14,166972
11,11,224360
11,10,184067
23,19,204931
18,17,237369
12,12,190696
12,12,189838
12,11,194348
5,5,180455
15,13,180467
17,16,187446
12,11,208879
12,12,173593
17,16,215019
11,10,193293
14,14,205740
21,18,234542
15,12,177342
5,5,177235
7,5,169871
11,11,212516
16,16,194247
12,12,225933
10,6,224398
14,13,200194
10,9,184375
6,6,190544
14,12,223542
10,9,197799
11,9,190649
9,8,168715
16,16,212823
7,5,195420
12,11,196565
18,18,184957
10,10,172426
16,13,204809
14,13,180966
15,13,196522
7,6,212747
12,12,209619
12,10,204707
12,11,196008
11,9,174871
25,23,216775
16,16,204044
14,14,215108
14,14,182253
13,12,203313
13,11,231449
14,14,206621
10,9,179384
9,8,195455
17,14,188067
18,16,214065
17,17,210383
10,10,176554
10,9,174886
15,14,219060
9,9,192337
8,6,185281
10,9,201647
15,12,233214
11,8,182644
13,12,216617
15,15,186801
10,9,198704
18,16,225347
15,12,196860
20,20,242836
15,12,199098
17,17,176304
13,13,189272
9,9,200043
6,6,188349
15,13,225185
10,8,189382
16,15,172249
13,13,164945
13,12,208199
10,10,187307
21,19,190854
13,12,257094
18,18,205013
16,16,217775
12,12,183103
13,13,194685
14,14,233620
16,15,213779
19,15,182585
20,20,204738
12,11,182386
16,15,173555
19,17,190545
16,16,213009
16,15,193042
20,16,194708
14,12,209893
16,13,174081
9,9,171838
14,14,192151
22,19,202738
16,16,202162
15,12,204534
13,12,204646
10,8,238725
15,13,180556
11,10,163111
12,11,195955
14,14,209689
12,10,175800
16,15,219472
12,10,197228
15,15,177986
11,11,179410
18,17,222600
6,5,175526
16,15,180180
10,10,229831
11,11,208125
16,15,194230
14,14,197026
14,14,190478
9,9,205227
18,17,196261
23,21,197748
13,12,202584
15,12,178317
18,16,190190
23,23,199119
18,16,201866
18,16,207122
15,13,207848
10,8,203889
16,16,165189
9,7,162583
17,15,215502
9,9,183041
16,15,201871
14,14,204003
14,14,189477
14,12,188080
8,7,188294
14,13,205140
5,4,168266
14,13,204707
10,8,173384
7,7,191175
10,7,179563
19,17,212434
12,11,188967
17,16,201664
18,17,211139
14,13,180792
15,15,206469
6,6,173253
12,9,178541
14,13,197862
7,7,198798
22,21,207451
18,16,185274
15,15,192618
21,20,191830
18,15,183781
11,10,173222
17,14,223636
17,14,180434
11,11,204769
13,13,198367
16,13,192995
18,16,214378
14,12,207518
18,18,210797
15,13,209167
18,16,215489
16,13,180276
15,15,185500
13,13,196421
10,9,183383
9,9,175472
8,8,188131
16,15,171362
16,15,161270
11,10,183836
14,13,183159
15,14,223083
16,16,246205
10,10,212083
13,13,206282
11,11,237744
14,12,203204
14,11,202244
8,7,186051
11,10,200983
10,8,196943
11,10,160145
11,9,204739
17,15,197200
11,10,220589
18,17,210186
16,16,216275
12,12,192024
10,10,210015
12,10,204822
15,15,221972
15,15,183622
19,18,224313
17,16,217671
17,15,216038
12,12,210226
15,13,204715
11,11,170339
12,11,192903
16,14,207010
13,13,181738
15,13,192742
16,15,208771
9,9,179006
10,10,165612
8,7,224341
13,13,213259
16,14,202438
12,10,212274
13,11,195216
14,13,205810
11,10,195523
11,11,189815
11,10,186300
14,12,190419
16,15,179466
13,12,195536
14,14,223493
10,9,193646
14,14,209631
7,5,181363
15,11,204401
13,13,221323
17,17,194183
9,6,188302
13,11,190691
16,16,221883
14,14,203555
12,11,188044
12,12,189887
13,12,188463
15,13,199842
17,16,201376
13,11,220387
10,10,208915
15,14,179143
12,11,190885
13,12,172391
10,10,176473
1,1,176267
14,12,205740
17,15,232265
11,10,207737
12,11,203512
14,12,210768
16,14,183134
12,12,196947
9,8,177566
12,12,163170
10,9,197849
12,10,182858
17,15,248975
11,8,175244
8,8,180999
9,7,208218
9,9,209349
8,7,190385
12,12,194161
17,16,203472
18,16,182110
13,13,203154
11,9,214966
17,15,189550
10,8,177884
9,9,208582
18,14,205642
18,17,199615
10,9,182539
14,13,217831
18,18,225587
13,13,188909
11,8,200282
19,14,191477
12,12,221314
16,13,206931
14,14,174375
15,13,207679
15,13,190546
21,21,201748
19,19,214383
9,8,172005
13,12,186515
14,13,199644
17,17,203157
12,11,198994
13,12,165018
14,12,184430
6,5,212144
10,9,183617
21,20,200281
13,13,193564
17,16,220267
12,11,224631
14,13,169185
7,7,175745
11,10,189716
18,17,213056
13,12,181889
13,11,206466
16,14,186029
8,8,183769
11,10,184575
16,15,223445
13,13,196881
17,17,192072
12,12,195128
11,11,204290
9,9,197447
21,21,202509
10,10,191801
13,13,158862
16,15,203882
11,10,220081
11,8,192786
8,7,213165
8,8,183441
9,9,213547
6,6,185616
9,7,184276
6,6,175068
20,17,205064
15,15,184241
17,17,200472
11,10,193730
10,10,207372
14,14,204076
19,18,192099
18,16,203375
13,12,207193
18,18,219487
21,20,195204
12,11,192298
4,4,195199
23,22,208067
13,12,186305
12,11,186871
17,16,185093
12,11,212398
7,7,184787
14,13,213903
11,11,183966
12,12,190315
19,19,180559
15,14,199237
8,8,203970
15,15,210163
17,15,197419
15,15,184617
14,13,194766
11,10,188329
15,13,182065
12,11,206133
15,13,168818
15,15,189457
14,14,208845
15,14,211454
6,5,195765
15,14,200971
15,13,194562
9,9,214485
12,12,196301
11,10,194585
12,12,170305
10,8,162929
11,11,211187
14,14,189064
12,12,187369
14,12,207143
8,7,179858
19,19,213244
11,11,184829
16,15,215525
7,6,183954
14,12,181123
19,19,178931
14,12,204219
9,7,177870
15,14,223421
16,15,184703
10,10,219284
11,10,189712
9,8,171085
12,11,169573
11,9,173493
13,12,201589
13,12,211432
12,12,216965
16,14,236066
9,9,182784
10,10,197028
12,10,207667
7,7,198107
7,6,187734
16,13,204014
12,11,210800
12,11,197367
11,11,193023
13,12,210932
20,18,219474
14,13,187129
17,15,202243
11,9,200685
12,10,172278
14,14,202958
14,13,200216
12,12,184508
14,13,187396
9,8,208041
5,5,220991
14,11,194681
13,13,210646
10,9,174349
15,14,211771
12,12,204468
14,14,213213
13,11,187191
13,11,157924
13,11,192316
8,7,189763
16,13,204778
8,8,182847
12,11,203679
13,13,165834
13,12,188307
9,9,177987
11,10,202575
10,8,178545
13,13,213711
13,12,200601
12,12,187884
15,13,177973
12,11,188942
6,6,159754
17,15,216260
11,11,184232
17,16,202918
18,18,168059
15,15,209026
17,15,205245
15,13,179529
15,15,200921
11,11,208311
12,10,200866
12,11,220585
12,12,193810
20,17,228602
8,7,179827
15,13,188335
15,13,186836
21,20,209545
7,6,186803
7,7,210612
16,15,169142
11,11,190690
9,9,201574
12,12,196959
12,11,157393
13,12,187313
9,9,213504
11,11,199345
14,12,209579
11,10,163040
19,18,187188
7,7,177126
10,10,190351
12,11,186460
13,13,192273
16,16,208433
6,6,195077
19,17,205983
18,15,201332
10,10,144073
18,18,218540
16,15,198509
18,16,205822
15,11,204993
11,8,198178
19,17,212238
13,9,191839
9,9,191207
12,10,197117
17,16,221268
11,11,200380
11,9,198094
14,12,201171
19,17,217233
13,11,176444
8,8,193100
6,6,170974
18,17,188900
10,9,179997
14,12,200433
13,12,190858
11,9,196431
14,13,178152
17,14,210263
12,11,203928
14,13,197022
12,10,202076
13,13,217654
11,10,207183
16,14,204982
16,16,214366
14,12,163685
14,11,207482
10,10,207527
14,12,184138
11,11,173059
11,11,204185
21,20,214934
10,9,190141
19,19,197637
7,7,176679
17,12,212149
9,7,174730
7,6,187171
17,15,219488
14,12,204666
7,7,182777
17,17,183952
13,13,199348
18,16,199693
8,6,186444
11,9,197011
12,10,201445
18,18,196542
8,8,216514
8,7,211166
10,9,198052
19,16,200710
9,7,180327
15,14,198128
16,12,223394
10,10,165491
9,9,188462
18,17,205401
13,13,209386
4,4,189662
9,9,199286
14,13,215885
11,11,178857
11,11,200349
16,15,193061
11,9,178978
11,10,208479
15,15,193458
8,7,175644
10,10,178382
10,9,191524
14,13,191254
6,6,207906
10,9,199394
15,11,197674
9,9,193833
15,13,185455
14,14,200175
12,11,187511
14,11,178660
16,15,191119
19,18,190993
17,17,195121
9,7,202035
15,15,203804
5,5,198610
14,14,202492
6,6,178153
15,14,218543
17,16,190782
24,23,225718
7,7,186323
14,12,148890
11,11,192533
10,10,184809
17,16,191863
16,15,198550
10,8,186021
14,12,206803
13,12,186373
19,16,176357
12,11,222318
16,16,185430
13,13,207255
12,11,216009
15,14,201794
9,8,199845
14,14,184378
17,16,196801
11,10,164655
17,17,198108
11,9,214036
10,9,168652
9,9,177105
16,16,204653
14,14,188955
13,12,179839
16,16,198578
18,17,205003
11,10,173980
12,11,176103
11,11,223701
9,9,207001
10,9,212118
10,9,211219
16,16,202699
15,14,204903
16,15,230809
13,11,176807
12,11,188042
17,14,193667
18,15,197299
12,9,200160
17,17,197707
14,12,207992
8,8,183813
15,15,199310
12,12,183121
7,7,168435
12,12,199719
14,12,217047
12,11,181435
13,13,179344
12,11,195563
14,13,196067
16,14,191213
9,8,195809
15,13,216941
4,4,191498
14,14,225572
15,13,206173
15,15,196701
15,15,186786
10,10,163344
8,6,184501
8,8,178201
15,15,181180
8,6,217664
11,10,166197
13,12,224935
6,6,179069
12,12,197654
16,15,190178
10,10,174662
10,10,197371
6,6,205937
5,5,167123
18,18,190079
15,13,209480
10,9,207286
17,14,220349
21,20,222820
14,14,218798
16,15,241731
13,13,178844
12,12,200827
12,12,184422
10,10,191972
11,9,180966
15,12,183008
8,8,204723
18,18,224231
19,16,206141
10,10,178592
13,12,190596
21,20,206719
10,10,182421
16,15,170547
14,12,204012
13,12,198275
8,7,180398
10,10,174822
18,18,211512
7,7,202610
17,15,228348
18,17,194061
12,11,184141
12,12,196350
17,16,200187
16,14,179263
13,13,185952
15,14,211929
12,11,179074
18,18,194743
14,13,209497
16,14,190455
11,11,189846
13,11,171699
13,12,212423
14,12,208123
11,11,201204
6,5,182271
15,13,199330
19,18,206571
15,15,203709
13,11,200129
19,17,191493
12,12,188567
13,13,180291
14,13,195648
19,19,220432
11,11,189267
13,13,229138
19,19,199961
15,14,220305
15,14,187076
16,14,190573
13,12,178663
14,14,226827
14,13,206072
11,9,187507
18,18,190701
15,14,209319
12,12,182031
18,16,193718
15,12,196487
15,14,190563
16,14,199985
17,17,192568
13,11,186605
10,9,172850
13,10,182824
11,10,186271
17,14,234973
10,9,227357
19,16,211705
11,11,230783
22,21,209711
10,9,190790
15,13,183617
13,12,206008
16,16,197849
10,10,185266
15,14,219575
11,9,207621
9,9,174141
19,17,206312
6,5,186654
7,7,203251
11,10,187156
20,20,202251
11,11,194094
8,6,193298
7,4,190514
18,16,213463
13,11,177502
11,11,197479
16,15,206732
12,11,187239
10,10,186498
9,6,196176
5,5,202468
12,11,194691
11,9,187954
8,8,185807
10,10,172151
15,15,205159
11,11,183039
7,6,197759
12,12,202630
10,10,197474
19,17,202396
11,10,182512
17,16,176741
11,9,205987
18,15,199173
14,11,158753
12,12,190100
9,7,206893
10,9,208554
19,19,204033
13,10,203337
10,10,192860
16,14,210619
7,7,208371
15,14,180231
17,16,214796
13,12,182076
14,14,218324
17,15,209977
10,6,183600
10,10,207325
13,11,182458
12,12,212027
17,17,205211
12,12,181569
15,14,227063
14,11,196014
16,15,205898
13,12,205433
14,13,209792
18,17,217742
13,12,217572
17,16,213021
14,11,172010
10,10,183556
13,13,175848
14,11,167582
15,12,168572
9,6,207724
17,14,183390
9,8,178579
7,6,197995
19,16,209748
15,13,230961
5,5,164001
19,18,195673
15,15,179144
13,12,192701
10,10,196558
14,14,200186
18,18,197250
13,13,221100
16,14,204837
12,11,204613
12,12,190278
13,11,205326
10,10,198889
10,9,171469
15,15,216299
19,17,175417
16,15,221129
11,11,206224
12,12,197147
11,11,179664
16,16,201919
17,16,221596
8,7,193715
13,11,183740
15,11,187580
11,10,194222
6,6,213531
10,8,178881
10,10,192333
11,11,216458
12,11,210471
15,14,215246
15,14,200197
20,16,192418
11,10,168802
6,5,181066
16,14,217423
16,15,228682
17,16,196196
10,8,197505
11,11,199168
13,13,220643
12,11,190859
15,13,184035
12,10,209059
18,18,194439
15,13,197305
13,10,206635
16,14,203014
20,18,217185
14,13,178165
10,10,185503
16,16,214160
17,16,216352
16,16,226134
16,14,186272
15,15,244603
14,13,218443
13,13,178638
12,12,189652
10,9,184600
10,10,195738
7,5,181098
18,17,190768
16,15,185243
12,11,206909
9,9,190528
19,15,217367
14,14,204393
14,14,169168
7,7,191449
15,14,187702
8,7,179694
19,18,188109
9,8,180271
12,12,184252
10,9,208250
13,12,207859
12,12,235152
14,13,197382
16,15,162107
12,11,177886
13,11,199118
8,8,202984
9,7,177336
13,13,205350
17,17,199719
11,10,174556
14,13,185880
14,13,196987
14,12,195196
15,10,198530
9,9,212744
16,15,197955
14,12,194372
14,14,190922
15,14,195717
19,19,237268
16,14,180158
7,7,180873
14,12,202150
17,16,208265
6,5,213809
11,8,192866
11,10,206143
16,15,221508
11,10,172530
7,5,175764
10,9,182045
16,16,190219
16,14,198204
15,11,189173
20,20,211630
16,15,203772
11,10,197503
11,10,197202
14,13,191397
13,13,182258
12,12,184407
11,11,201297
9,7,228332
10,10,172151
12,12,201225
16,15,216847
13,12,195242
14,12,163834
12,11,209914
14,13,177063
10,10,209714
11,10,148319
15,15,197938
16,16,192200
14,12,191117
11,9,192705
8,7,237481
14,13,194639
11,8,192221
15,14,211098
16,15,201580
17,15,186948
17,15,182270
8,8,192089
15,15,202107
17,16,221365
11,11,180436
12,11,211778
14,12,193433
15,14,180668
12,11,205529
16,15,212823
14,14,206066
12,11,205195
12,10,183114
8,8,187256
18,16,204306
15,14,174910
11,10,183371
18,17,206832
14,11,170250
10,7,193584
18,18,176349
18,17,189695
12,12,197360
13,13,215318
12,11,201472
17,14,195947
10,9,197440
12,11,192003
12,11,175609
7,7,202280
13,12,189495
18,16,175680
12,11,169998
15,14,207959
8,8,204360
8,5,194585
14,14,228651
10,9,205049
14,13,187884
15,15,211486
11,11,215080
14,14,219441
10,9,194696
22,20,196199
10,10,187680
12,12,209531
22,19,187084
17,17,179564
15,12,216603
12,11,172294
16,16,202343
17,16,196990
8,8,193804
15,14,180071
7,6,166837
13,12,198458
11,8,201818
14,14,186781
12,12,200205
16,15,198912
15,13,181631
16,14,209110
18,15,192270
13,13,190361
18,16,191500
14,14,195641
11,10,167674
13,12,225363
11,9,187817
18,18,194364
11,11,214548
6,4,177049
15,15,185596
18,17,185986
10,9,176887
11,11,163093
15,14,178869
11,10,187260
13,13,196681
12,12,167141
16,16,202959
13,12,211881
12,10,181920
16,13,173482
15,12,183141
14,13,222800
10,8,180678
20,19,201616
18,17,189587
13,12,201952
14,12,220362
14,13,213433
12,12,203888
8,7,194795
19,16,173443
15,14,206491
10,10,174147
16,16,187648
10,10,225054
11,11,183951
12,11,185538
12,11,211092
11,10,198290
14,13,216600
10,10,173585
18,16,211816
5,5,179951
7,7,180795
14,14,226405
17,16,215747
15,14,195053
12,10,173561
12,10,191794
13,11,209636
9,7,162367
11,11,187193
12,10,216373
11,10,203707
12,11,204865
10,8,205848
12,12,199410
15,13,205840
17,14,241095
11,10,199973
18,18,223779
12,12,196471
9,8,217755
15,15,195910
12,11,206246
12,10,197504
12,12,190787
11,10,186860
12,12,196577
10,10,188243
13,13,203604
18,18,184696
19,18,195064
11,11,179940
12,12,188374
14,13,223621
16,15,187025
20,20,200406
11,10,187850
9,8,191177
19,18,187807
9,8,168988
16,13,186767
20,18,202958
16,14,175809
8,7,192861
15,14,228654
10,10,219723
9,9,212434
5,5,230613
13,12,197981
12,12,193425
15,13,201870
12,12,213194
7,6,198280
13,12,232980
12,12,185792
10,10,186340
12,10,183966
14,13,173173
13,13,215121
9,8,187423
17,15,206404
14,14,178919
14,14,202532
14,13,195496
19,18,218637
16,16,182461
8,7,199556
7,7,183359
11,10,180080
11,9,213961
8,7,199482
11,10,181708
17,17,211295
17,14,176866
10,10,171314
15,13,183981
17,17,206779
10,9,183614
13,12,199701
10,10,218952
12,10,179525
13,12,180689
9,7,186086
18,18,215225
22,21,183596
18,18,181514
13,11,220413
12,10,192049
12,11,206060
14,13,210588
10,8,218714
9,9,215301
10,9,189585
11,10,194154
16,12,210223
13,13,196116
8,8,186925
11,11,184528
18,17,201900
15,13,168229
9,7,218841
17,16,214502
19,18,221291
18,15,209975
17,15,198937
15,14,206063
20,19,204169
12,12,175761
11,10,207584
20,16,211927
9,9,171963
16,15,204215
17,17,183639
15,13,198515
13,13,216670
20,18,191976
16,16,192933
7,7,196668
16,14,211610
13,12,207054
12,10,219728
13,11,201073
10,9,200393
11,10,186065
17,16,204514
14,14,189317
16,15,206105
14,14,208268
14,11,176290
14,11,233695
21,18,197348
11,9,195171
17,16,206430
17,15,195686
11,9,210515
12,12,209754
13,12,199876
12,11,191287
13,13,177458
11,10,184370
12,11,214832
13,13,205854
9,8,202134
14,11,204147
16,15,200450
7,7,209158
15,14,234107
7,6,186117
19,19,206503
7,7,183568
18,16,185668
14,12,192092
23,21,206681
16,15,235744
16,13,199939
15,14,215965
9,9,190149
16,16,177681
18,17,211609
16,14,181044
25,25,224726
14,13,197830
8,7,185234
19,18,194939
9,8,202508
18,16,180678
9,7,207768
11,10,194027
10,10,206546
18,18,209444
13,13,187890
17,17,206062
13,10,212893
16,15,230742
17,14,208987
9,8,218414
13,12,173119
18,15,199949
8,7,194321
10,10,168198
16,14,199224
16,16,207338
12,11,169056
16,13,157144
12,11,207490
7,7,203318
11,8,165241
19,19,222778
14,11,216647
14,13,214574
19,17,170699
20,19,184827
20,17,223902
18,17,208471
11,10,183260
8,7,208460
8,8,191185
14,13,219752
15,14,218644
16,12,202352
14,13,184826
19,19,227658
15,13,206112
7,7,191612
11,10,200532
7,6,179926
8,7,195645
8,8,213166
6,5,177585
20,19,190488
16,14,213253
17,16,199992
17,15,188304
12,10,225016
6,6,208144
10,7,196290
6,6,195624
9,9,210787
21,18,188096
14,13,196361
9,7,205181
11,9,188750
22,21,202723
9,9,193799
12,11,193878
18,17,192944
19,16,188885
15,13,221921
14,13,195702
8,8,216502
15,15,198481
11,11,200222
14,12,188194
11,10,196989
12,11,208647
10,8,207108
15,14,178980
16,12,188586
18,17,217794
15,15,197875
22,19,221497
6,6,193245
5,4,169877
13,12,204439
9,8,228816
15,14,217577
17,16,209538
9,8,202939
16,15,189652
14,11,174897
17,15,199281
12,11,216203
9,9,167663
10,9,194823
13,12,185616
13,12,203549
19,17,188053
11,11,173667
7,6,191340
13,12,217172
4,4,185238
19,19,206304
17,15,190088
14,13,211896
14,13,200448
16,16,205565
12,12,195889
18,16,214422
7,7,208398
11,11,190541
11,11,216234
18,15,215297
12,12,178469
24,23,212132
15,15,194733
21,20,202324
12,10,186953
15,13,206291
14,12,188252
5,5,185972
12,10,204980
6,6,182953
17,17,197238
7,7,197406
11,9,203057
17,16,186302
11,9,206732
11,11,194988
15,13,199519
8,8,179606
15,14,199653
17,16,194894
17,16,204876
13,12,194320
10,10,167649
9,9,189985
14,14,220060
13,12,191251
12,11,201366
9,8,186023
15,15,195370
11,9,179376
11,11,192253
9,8,200190
19,15,206664
12,12,192776
13,12,190827
19,18,208874
14,14,203178
19,19,222998
10,10,198809
14,14,212711
18,18,206032
12,10,181380
10,10,202677
15,15,187315
15,13,197014
8,8,193162
11,10,198926
9,9,205840
11,11,193659
14,14,216133
11,9,215781
12,11,207557
10,10,179027
11,10,200917
14,14,194483
21,21,228295
16,16,196943
12,11,201700
12,12,180183
14,14,200620
22,21,191126
9,6,191480
16,14,188888
16,14,198945
15,14,198552
14,13,222964
16,15,188559
11,11,223627
17,16,207341
9,8,177060
13,12,214483
8,5,190489
14,14,181086
13,10,190204
12,12,183733
10,9,207672
17,16,227852
16,15,175022
13,12,192066
12,10,200957
8,7,211669
14,13,194925
18,17,193753
12,10,195081
16,15,205146
14,13,191805
7,7,189204
7,7,188978
14,12,188186
17,13,157692
18,17,204770
11,11,181176
11,11,176300
10,10,211134
10,10,180581
15,15,210307
8,6,159110
11,10,193094
15,15,210261
13,12,180242
15,15,209709
10,8,169657
9,9,180403
18,18,214782
16,15,201469
19,19,216418
17,16,163909
8,8,206205
10,9,169867
9,8,170101
12,11,198784
12,11,195824
8,8,178897
14,12,193118
9,9,205295
13,11,184813
18,16,204652
14,13,194197
7,7,184705
15,14,180244
13,13,204662
17,16,209824
14,13,210167
9,8,201868
15,15,221452
10,10,187691
11,11,212615
15,13,209922
9,8,171416
13,13,208334
18,17,200434
14,14,233711
13,12,183449
11,11,193425
16,16,184789
17,17,199039
22,22,214473
11,8,180891
5,5,193972
12,12,173447
17,16,210045
15,14,183032
20,19,204263
16,15,183637
10,10,201655
12,12,213450
13,12,213208
9,8,181391
14,14,204217
15,15,199309
13,13,211250
12,11,224387
14,13,206504
7,7,164897
17,16,211324
14,12,214646
21,20,198118
11,10,203424
6,6,193879
15,15,216263
8,8,183568
14,13,170360
9,9,208469
8,5,179199
12,9,197144
6,5,181124
14,11,198274
13,13,200479
14,13,228266
16,13,229462
14,13,216813
17,16,165679
13,12,219112
15,14,200655
19,19,196585
18,17,196382
11,10,191002
11,10,209541
14,13,221278
8,8,167770
15,15,184491
20,20,205163
16,16,180538
9,9,189877
16,15,220891
12,10,182632
10,8,190282
20,19,215920
13,12,200594
10,10,171174
17,17,189967
12,11,196531
12,11,191254
18,16,196846
12,10,196357
17,16,209376
17,15,187980
16,15,175849
6,6,177699
16,16,188645
20,18,184929
14,13,203085
12,11,193187
16,15,211321
18,18,216513
12,9,165826
10,10,212554
15,14,217100
13,13,205942
26,23,199578
18,18,204235
11,10,185012
13,12,199323
24,23,214594
10,10,171247
10,10,195327
9,9,201985
15,13,225760
16,16,194229
12,12,199432
15,13,188055
14,13,182352
18,16,209462
10,10,186443
20,19,195624
12,11,195414
12,12,221783
11,11,213622
8,8,189952
11,11,219600
12,10,213334
19,18,205375
10,10,196358
16,15,205923
16,16,217748
9,8,182935
13,12,218470
13,9,196468
14,14,190594
7,7,183090
10,9,204052
12,12,183970
16,15,199152
17,17,203449
15,13,202102
15,14,191331
21,20,191643
13,13,197516
12,11,178716
8,8,192541
9,9,196256
13,13,206307
4,4,186652
10,10,172673
14,12,202400
15,15,171820
9,7,206394
9,8,142496
16,16,200685
15,15,185211
13,13,201940
15,13,171671
14,14,190508
14,14,212522
18,16,213621
12,11,191331
9,8,165331
12,8,210520
17,16,214940
11,6,196921
12,12,208378
11,10,189855
13,10,222297
11,10,204826
14,13,197043
17,16,230738
15,13,198736
16,14,200934
13,12,172560
14,14,203651
10,9,189469
8,7,178688
10,9,189168
11,11,230344
11,8,212403
14,13,190684
14,12,185828
15,14,187482
13,13,222447
11,11,193539
9,9,193714
14,13,210737
11,11,188495
14,13,212325
11,11,186319
10,8,190081
9,8,189905
14,13,191152
11,10,193431
11,10,234062
12,12,190982
17,17,220716
10,9,195850
13,12,226732
14,14,182688
13,11,184980
13,11,194279
11,11,179145
13,11,196831
13,13,187136
11,10,175035
11,11,175853
11,11,182010
10,9,202632
20,17,192114
11,10,196373
13,12,187359
18,17,196162
11,11,195512
9,8,186559
20,19,195257
13,13,214094
13,12,203474
19,18,228404
16,15,180297
16,16,194340
12,12,171443
15,12,226731
14,12,205434
7,6,185402
16,13,181542
10,9,211232
15,14,191569
13,12,186854
9,9,194653
15,15,182006
7,6,207761
15,13,191350
14,13,199266
18,16,204259
12,12,204103
10,10,166772
15,15,197171
12,12,221915
14,14,173181
11,9,213045
15,12,192986
15,12,192804
9,9,192525
10,8,176599
18,14,210378
13,13,174162
10,9,199447
8,8,187661
9,9,169555
19,17,213378
12,12,204257
13,11,186620
16,15,183165
10,9,190362
7,7,198661
14,14,200009
11,11,187033
14,13,204074
15,14,210249
9,8,198058
12,10,195834
19,16,220104
11,11,221003
10,10,197063
9,9,190964
12,10,227165
10,9,211416
11,10,166111
17,15,213117
11,10,224349
15,13,212316
10,10,173113
14,14,216362
8,8,167317
11,11,208135
12,12,187767
12,12,213638
14,13,215635
23,20,210734
7,5,184644
13,12,218151
3,3,158280
16,15,193805
20,20,209777
12,12,199023
21,19,227605
11,9,193004
14,11,182972
10,9,185542
14,13,189871
16,14,192318
12,11,182418
17,17,236929
17,15,215296
13,13,185186
10,9,202287
10,10,182883
21,21,201212
6,6,180697
8,8,183458
14,13,194528
14,14,184690
12,11,160460
7,6,194611
18,18,231975
15,15,193629
8,8,167967
7,6,184055
15,13,182427
10,9,216889
9,8,209932
10,10,181350
12,11,190470
11,11,197426
8,8,195063
9,9,190128
9,9,224358
8,6,177468
13,12,209849
17,17,212358
16,16,203897
14,14,200264
17,17,202724
15,15,209529
12,11,161381
10,9,205638
9,7,191042
11,11,192708
12,12,218233
18,17,215083
13,13,191266
12,11,200123
18,14,193771
19,19,187298
12,11,191154
12,11,185301
11,11,176917
13,13,201646
15,13,174902
16,15,203568
14,12,185023
18,15,214832
4,4,189364
13,13,185381
10,8,190013
11,11,199909
16,15,195092
11,8,194936
11,11,199194
11,10,186050
11,11,212705
15,13,196707
11,8,182544
12,11,230487
13,13,200235
14,12,198229
6,6,207356
17,16,174709
16,14,201776
11,10,203441
14,14,195766
18,17,194046
13,12,200584
9,8,205346
14,13,188861
20,20,222656
12,11,166069
9,9,202577
15,13,169447
16,14,232427
12,11,196703
19,18,226049
16,15,207294
12,12,187271
13,13,211371
11,11,187537
7,6,180195
9,9,176852
16,14,206690
9,9,187234
16,16,198458
14,14,201644
11,9,166346
5,5,185547
10,10,210838
10,10,166406
19,18,223989
17,15,200142
15,15,197856
5,5,198330
12,10,194181
11,11,203561
17,16,170317
12,11,183894
16,15,203928
12,11,160106
11,11,208606
16,16,184621
15,14,204459
11,10,190013
15,15,203866
14,12,187884
14,13,169595
15,15,234857
11,10,181803
14,14,169945
10,10,216191
10,8,200318
21,19,220682
10,9,186622
13,13,205551
9,8,205826
9,8,158050
16,16,198222
16,14,188444
18,18,227065
12,11,194782
12,12,158042
9,9,205441
13,11,182949
16,14,219603
10,10,232304
12,10,191404
14,14,198632
10,7,204896
12,11,196271
12,9,201042
4,3,187028
16,12,195553
10,10,204102
9,9,216067
14,12,217332
18,16,211597
5,5,195891
10,10,185069
11,8,192864
11,9,213546
13,13,171412
20,20,204425
12,12,188969
14,14,201215
15,14,196533
14,12,204580
8,8,198502
9,9,211218
15,13,191975
11,11,208804
14,12,242693
11,11,182518
16,15,204118
16,16,216412
7,6,196365
15,13,187894
12,11,187352
12,12,179177
13,11,222697
13,12,185309
16,15,189521
11,10,201671
11,11,205373
15,13,183617
15,13,205626
15,14,192624
17,16,184320
13,12,199108
15,13,228741
10,10,198627
6,5,188636
21,20,217203
8,8,188029
10,8,194464
13,13,169780
16,13,179386
19,18,207205
11,11,194182
19,15,225697
10,10,186990
11,11,199422
14,14,208073
11,11,202378
9,9,202053
15,14,165985
10,9,155158
17,16,213209
12,12,223557
19,19,208499
15,13,179439
11,10,184349
13,11,198513
9,8,165660
12,10,227173
9,9,203659
12,10,186434
11,11,222629
17,16,192274
10,9,183953
15,14,179210
23,21,213267
21,20,194951
15,14,188965
23,22,236456
13,13,175936
15,15,175678
15,14,203938
19,19,218650
16,13,199578
14,14,196904
8,7,180627
14,12,191530
17,15,200952
8,8,177337
15,12,214539
10,10,201582
14,13,205646
11,8,171216
11,10,186932
12,12,216661
13,12,218767
7,6,172251
17,15,198470
14,12,205668
16,15,216726
14,14,182011
13,13,202095
9,9,222789
18,18,194971
10,9,197280
11,11,186885
15,14,210802
19,17,203843
13,13,185488
11,11,217124
13,13,226478
13,12,232466
21,16,212398
12,10,212151
19,19,220180
11,10,209979
15,14,225323
9,7,166880
6,5,181144
15,10,203215
15,14,191222
10,9,187387
8,6,198002
11,11,188756
18,18,191580
6,6,183836
11,10,191475
14,14,204046
14,12,169445
15,13,174400
15,13,225993
11,11,193832
11,10,181155
12,10,207869
18,17,201893
9,7,200506
14,14,191345
11,11,211052
17,16,185487
11,10,205056
18,17,185683
14,12,211567
11,9,207369
15,12,210671
11,10,200870
7,7,192678
13,12,203339
14,13,207327
14,14,209409
10,10,195396
13,13,167562
19,17,190153
14,13,212052
13,13,214154
11,11,179959
13,11,222050
18,17,210216
12,11,194607
10,10,205152
10,10,196159
9,9,180869
12,11,177483
11,11,208959
9,9,219199
13,11,206675
11,10,161918
10,9,163856
16,10,194863
8,8,184780
12,10,188650
13,10,186645
15,13,189816
10,9,185215
14,14,207009
11,11,186716
17,17,190287
9,9,172147
15,12,227332
7,6,205680
16,15,213816
14,12,196498
15,13,213205
16,15,216172
11,10,175275
14,11,193254
13,12,196075
9,9,201459
23,19,187363
11,9,204984
19,17,201470
11,9,173849
18,18,223924
18,17,200950
9,5,184147
7,6,158874
10,9,198831
18,17,212620
14,13,190231
11,10,194421
14,13,191310
12,12,190883
14,11,219675
9,9,207531
12,12,204193
16,15,206022
9,7,198756
11,11,199014
12,12,195928
12,12,184510
20,20,185370
13,9,194407
10,9,200324
21,18,170721
7,6,204070
19,18,243600
6,5,155673
13,11,194552
17,15,210487
13,12,193316
11,10,187266
11,11,187643
8,8,191820
7,7,195068
24,22,217554
13,11,198668
17,17,159255
11,11,174253
12,11,201591
11,11,203584
9,8,210944
23,21,234776
14,11,176554
11,10,171308
12,11,207335
14,13,213086
14,14,205739
16,16,226181
14,14,203392
13,13,212930
14,13,205090
18,16,217461
14,11,197183
14,12,188426
14,14,199783
9,9,189826
12,12,197036
9,8,197248
6,5,185973
13,13,172207
15,13,205203
12,12,197695
23,18,187997
14,14,173481
21,21,208360
15,14,166398
13,12,179879
5,4,186589
9,9,194079
15,15,203530
9,9,192853
10,10,208476
20,18,197332
19,17,180867
17,15,220481
11,11,192890
11,9,190624
16,15,229161
12,11,164400
9,8,191862
19,18,196130
9,8,189176
13,12,211847
12,12,196991
14,13,215386
11,11,210115
16,16,207792
18,18,181111
7,7,186509
12,10,182786
19,18,187312
11,9,176378
13,12,220597
5,5,172337
8,8,184600
6,4,151095
8,8,200613
11,9,179242
11,11,190874
14,13,200349
11,10,191290
17,16,213147
13,11,189811
15,12,189552
17,16,171729
12,11,185921
16,14,232172
8,8,164824
8,7,170519
20,17,183963
15,13,217007
8,8,174052
13,11,197682
14,14,193232
15,15,193175
10,7,181697
8,7,212278
17,15,202818
4,4,178083
14,13,207988
8,8,186680
11,11,213928
23,22,203030
13,12,224265
19,16,209590
7,7,202230
12,11,169051
12,12,188278
13,12,200309
9,8,191443
14,13,199507
8,8,169044
15,15,171052
15,14,192823
13,13,202440
24,24,222118
13,12,156117
11,10,217619
16,14,234401
12,11,192391
15,15,189941
17,15,183920
11,9,177251
19,14,214195
15,12,200232
10,10,178549
20,20,206875
13,12,193692
17,17,199069
13,13,184026
8,8,182576
18,18,224366
8,7,153900
7,6,178354
12,11,202773
11,10,192257
12,11,208311
13,11,207865
8,8,187350
12,11,176831
9,8,213024
9,7,199093
17,15,213893
10,9,190592
14,12,204026
16,15,197009
13,12,211918
21,19,200523
10,10,165864
13,12,182301
12,10,196162
9,6,168317
19,17,212542
12,12,206100
12,10,207197
12,10,214073
19,17,229153
11,10,223269
14,13,195243
13,12,190676
5,5,206481
10,9,194227
18,16,204324
11,9,211600
22,21,210174
10,10,174726
14,14,209479
10,10,212638
9,6,197608
13,11,183144
5,4,215178
9,9,202608
14,14,205517
21,19,187570
16,15,183544
12,12,219347
13,13,178892
12,12,191824
14,14,210778
16,14,214622
14,13,212051
11,11,165332
11,10,220451
16,14,198013
17,14,194073
11,11,174376
13,11,182115
11,11,199980
8,7,218788
18,18,183783
23,22,194819
15,13,215149
13,10,182170
10,9,160633
12,10,217020
10,9,171976
15,15,205389
14,12,203046
8,8,204664
21,20,188891
14,14,206061
20,17,187040
17,16,191774
13,12,188666
16,14,170833
17,15,213765
11,10,192665
11,10,211044
14,14,198216
11,10,176934
12,11,198571
20,20,201883
10,8,213506
13,11,196907
9,9,202823
7,6,192019
13,12,211367
16,15,214362
10,9,203914
15,14,187930
15,14,180698
7,6,167757
14,12,166636
14,11,196597
11,11,226253
13,10,184394
17,16,211732
15,14,177641
20,20,208669
14,13,191153
12,12,191592
15,15,174168
11,10,200289
11,11,158145
15,13,190626
12,12,194437
10,8,164653
15,13,178103
8,7,161953
15,15,191307
14,12,203080
11,11,186776
12,11,214626
18,16,225344
9,9,193411
10,8,201687
