7,1,2,0,0,28.05,1,38.56,1,21.64,6,2
9,0,6,0,1,8.91,1,18.06,1,32.06,9,6
5,0,7,1,0,15.39,1,28.47,1,25.96,5,6
4,0,6,0,1,21.21,1,34.24,1,23.70,4,6
4,0,4,0,1,29.43,1,42.15,1,23.23,4,4
5,0,5,0,1,20.71,1,34.03,1,22.87,5,5
5,0,3,0,1,30.06,1,42.05,1,21.57,5,3
6,0,3,0,1,23.46,1,37.67,1,21.42,6,3
3,1,8,1,0,19.21,1,30.97,1,22.72,2,7
3,1,2,1,0,42.67,1,53.71,0,19.08,2,1
4,1,6,1,0,21.12,1,34.43,1,23.20,3,5
10,1,3,0,0,-inf,1,24.96,1,22.12,9,3
4,0,3,1,0,34.25,1,46.27,1,19.73,4,2
3,0,3,0,1,38.23,1,49.82,1,19.30,3,3
1,0,7,1,0,30.35,1,41.21,0,-86.22,1,6
7,1,2,0,0,24.40,1,37.64,1,17.30,6,2
9,0,7,0,1,3.91,1,12.40,1,26.70,9,7
3,0,8,1,0,-inf,1,30.43,1,22.90,3,7
4,1,4,0,0,29.05,1,41.71,1,20.32,3,4
7,0,2,0,1,27.21,1,37.98,1,21.03,7,2
10,0,7,0,1,3.58,1,11.36,1,27.27,10,7
5,0,2,0,1,34.34,1,45.94,1,22.55,5,2
2,0,3,0,1,42.50,1,53.63,1,15.77,2,3
2,0,5,0,1,34.23,1,45.99,1,21.61,2,5
12,1,3,0,0,-inf,1,25.12,1,23.44,11,3
3,0,3,0,1,38.50,1,50.05,1,20.10,3,3
6,0,6,0,1,12.24,1,25.83,1,24.68,6,6
3,0,4,0,1,34.36,1,46.35,1,19.27,3,4
8,0,4,1,0,15.97,1,26.93,1,23.62,8,3
10,1,5,0,0,-inf,1,20.30,1,31.24,9,5
6,0,9,0,1,9.40,1,20.16,1,29.55,6,9
5,0,6,0,1,16.76,1,30.31,1,22.47,5,6
0,0,2,0,1,55.49,1,60.70,0,-92.09,0,2
5,0,6,1,0,18.76,1,30.73,1,24.88,5,5
7,1,2,0,0,25.50,1,37.83,1,20.95,6,2
5,2,4,0,0,25.45,0,38.19,1,19.41,3,4
3,0,5,0,1,29.84,1,42.08,1,22.45,3,5
4,0,10,0,1,16.57,1,25.99,1,27.22,4,10
9,2,7,2,0,-inf,0,12.23,1,28.83,7,5
3,0,8,0,1,22.90,1,34.56,1,27.78,3,8
4,0,4,0,1,31.90,1,43.66,1,26.56,4,4
4,1,8,0,0,16.22,1,28.66,1,26.99,3,8
4,0,2,0,1,38.34,1,49.74,1,18.82,4,2
5,0,3,1,0,29.70,1,42.01,1,21.37,5,2
3,0,6,3,0,24.76,0,38.10,1,22.10,3,3
3,0,8,1,0,-inf,1,31.68,1,24.75,3,7
9,0,3,0,1,20.05,1,30.23,1,24.10,9,3
2,0,3,0,1,42.78,1,53.73,1,14.62,2,3
6,1,7,2,0,7.63,0,21.83,1,24.30,5,5
2,0,3,1,0,42.27,1,53.49,1,20.42,2,2
7,0,5,0,1,10.64,1,26.21,1,23.98,7,5
6,0,3,0,1,26.66,1,39.37,1,23.93,6,3
4,0,6,1,0,20.46,1,34.18,1,21.99,4,5
9,0,3,0,1,20.13,1,29.28,1,26.18,9,3
2,0,4,1,0,38.61,1,50.02,1,20.76,2,3
4,0,4,0,1,30.31,1,42.49,1,21.77,4,4
2,0,5,0,1,34.44,1,46.04,1,19.16,2,5
6,1,5,0,0,16.87,1,30.22,1,25.68,5,5
5,1,4,0,0,25.91,1,38.28,1,23.04,4,4
2,0,4,1,0,37.99,1,49.69,1,16.91,2,3
7,0,7,1,0,5.58,1,18.58,1,25.69,7,6
2,0,5,0,1,34.01,1,45.66,1,20.07,2,5
4,1,5,1,0,25.74,1,38.30,1,21.76,3,4
4,0,1,0,1,42.88,1,53.18,0,-87.52,4,1
4,0,5,0,1,25.80,1,38.39,1,24.00,4,5
7,1,7,0,0,4.00,1,18.98,1,25.59,6,7
3,1,8,2,0,21.87,0,33.09,1,24.87,2,6
11,0,6,2,0,6.75,0,13.35,1,26.04,11,4
7,0,8,0,1,3.00,1,13.81,1,25.11,7,8
7,1,3,0,1,19.47,1,33.44,1,23.81,6,3
4,0,5,0,1,28.12,1,39.99,1,26.84,4,5
5,0,10,2,0,-inf,0,-inf,1,24.64,5,8
5,0,3,0,1,29.30,1,42.04,1,22.32,5,3
2,0,3,1,0,42.53,1,53.60,1,19.48,2,2
4,0,5,2,0,27.56,0,39.75,1,26.11,4,3
7,0,4,1,0,20.87,1,32.95,1,23.98,7,3
7,1,6,1,0,-inf,1,22.87,1,26.01,6,5
1,0,1,0,1,55.34,1,64.00,0,-198.00,1,1
3,0,3,0,1,38.31,1,49.96,1,21.40,3,3
10,1,4,0,0,-inf,1,21.00,1,24.41,9,4
5,0,5,2,0,21.78,0,34.38,1,22.30,5,3
4,0,4,1,0,29.85,1,42.33,1,20.90,4,3
6,1,8,0,0,8.04,1,20.51,1,27.44,5,8
7,1,6,0,0,12.07,1,24.56,1,28.11,6,6
2,0,4,0,1,38.58,1,49.88,1,18.71,2,4
2,1,2,0,0,46.82,1,57.37,0,14.73,1,2
3,1,4,0,0,34.29,1,46.26,1,20.16,2,4
9,0,6,1,0,8.49,1,18.57,1,29.78,9,5
5,0,4,0,1,27.47,1,39.73,1,24.95,5,4
7,0,7,1,0,4.00,1,18.82,1,25.99,7,6
3,0,2,1,0,42.41,1,53.64,0,17.21,3,1
3,0,3,0,1,38.04,1,49.84,1,19.00,3,3
5,0,3,0,1,30.02,1,42.46,1,19.74,5,3
6,1,4,0,0,20.62,1,33.97,1,22.60,5,4
5,0,5,0,1,21.90,1,34.62,1,23.14,5,5
2,0,12,1,0,-inf,1,28.63,1,23.88,2,11
4,0,3,1,0,34.20,1,46.10,1,20.92,4,2
2,1,1,0,0,51.13,1,60.70,0,-92.14,1,1
8,1,3,1,0,-inf,1,31.53,1,22.14,7,2
7,1,3,0,0,22.62,1,34.41,1,21.33,6,3
3,0,7,0,1,21.89,1,34.21,1,23.73,3,7
5,0,8,0,1,12.59,1,23.83,1,24.22,5,8
1,0,4,0,1,42.86,1,53.13,0,-87.46,1,4
4,0,3,0,1,33.75,1,45.89,1,20.22,4,3
4,0,6,0,1,22.32,1,34.56,1,23.56,4,6
3,0,2,0,1,42.65,1,53.66,1,19.20,3,2
8,1,2,0,0,24.48,1,34.78,1,23.76,7,2
5,1,8,0,0,12.82,1,24.38,1,26.08,4,8
6,2,2,1,0,29.71,1,42.18,0,18.62,4,1
4,0,6,0,1,21.43,1,34.02,1,25.50,4,6
2,0,5,0,1,34.26,1,45.96,1,19.86,2,5
5,1,3,1,0,29.93,1,42.31,1,20.53,4,2
7,1,4,1,0,17.70,1,29.97,1,22.57,6,3
2,0,6,0,1,29.10,1,41.86,1,21.07,2,6
3,0,1,0,1,46.64,1,56.81,0,-91.03,3,1
5,1,5,1,0,21.38,1,34.33,1,23.50,4,4
3,1,11,1,0,-inf,1,24.97,1,24.03,2,10
12,1,4,1,0,-inf,1,23.53,1,30.24,11,3
6,2,3,0,0,24.99,0,38.30,1,21.47,4,3
3,0,4,0,1,34.32,1,46.36,1,20.98,3,4
2,0,5,0,1,34.37,1,45.93,1,20.84,2,5
4,0,9,1,0,-inf,1,24.71,1,25.82,4,8
4,0,7,2,0,19.09,0,31.07,1,22.50,4,5
2,0,5,1,0,33.83,1,45.68,1,20.79,2,4
6,0,2,0,1,30.40,1,42.20,1,21.03,6,2
3,0,6,0,1,25.44,1,37.92,1,23.51,3,6
1,0,8,0,1,29.37,1,38.29,0,-85.26,1,8
9,2,6,1,0,-inf,1,16.37,1,24.24,7,5
5,0,5,0,1,22.03,1,34.56,1,22.97,5,5
4,0,6,1,1,21.33,1,34.38,1,24.18,4,5
1,0,2,0,1,51.26,1,60.71,0,-94.00,1,2
4,0,3,0,1,33.66,1,45.93,1,19.67,4,3
3,0,8,0,1,19.11,1,30.82,1,22.85,3,8
6,1,9,0,0,6.27,1,15.29,1,26.83,5,9
11,1,1,0,0,-inf,1,32.00,0,-85.17,10,1
4,1,6,1,0,22.42,1,34.93,1,22.31,3,5
6,1,1,0,0,33.34,1,44.96,0,-86.89,5,1
4,0,7,1,0,16.61,1,29.77,1,22.31,4,6
5,0,5,1,0,21.94,1,34.61,1,24.02,5,4
3,0,2,1,0,42.75,1,53.72,0,17.42,3,1
5,1,5,0,0,23.40,1,36.02,1,27.47,4,5
4,2,5,0,0,25.17,0,38.36,1,23.37,2,5
4,0,8,0,1,16.11,1,28.77,1,27.92,4,8
2,2,3,1,0,42.26,0,53.49,0,12.90,0,2
6,1,6,1,0,10.13,1,26.39,1,24.11,5,5
2,0,5,0,1,33.74,1,45.45,1,17.87,2,5
6,0,6,0,1,14.26,1,27.45,1,26.97,6,6
8,2,4,2,0,-inf,0,26.07,1,23.92,6,2
4,1,3,0,0,33.60,1,45.85,1,19.79,3,3
10,0,9,1,0,-inf,1,1.00,1,26.76,10,8
3,0,3,0,1,38.27,1,49.98,1,18.66,3,3
3,0,5,0,1,29.91,1,42.20,1,20.45,3,5
3,0,2,0,1,42.97,1,53.82,1,17.57,3,2
4,0,5,0,1,25.30,1,38.07,1,22.04,4,5
4,0,3,1,0,34.09,1,46.26,1,18.07,4,2
3,1,3,0,1,37.94,1,49.73,1,19.99,2,3
3,0,5,0,1,28.56,1,41.81,1,21.63,3,5
5,1,7,1,0,-inf,1,25.69,1,23.85,4,6
2,0,5,0,1,34.02,1,45.79,1,19.21,2,5
1,0,6,2,0,35.05,0,45.39,0,-86.93,1,4
8,0,4,0,1,15.57,1,26.85,1,22.51,8,4
1,0,2,0,1,51.25,1,60.72,0,-91.27,1,2
6,1,3,1,0,26.15,1,38.38,1,21.79,5,2
3,0,6,0,1,25.56,1,38.15,1,20.29,3,6
9,2,5,0,0,-inf,0,19.63,1,24.56,7,5
4,0,7,0,1,15.87,1,30.07,1,23.57,4,7
3,1,3,0,0,37.87,1,49.83,1,17.70,2,3
6,0,8,1,0,-inf,1,19.03,1,26.21,6,7
4,0,2,0,1,38.27,1,49.75,1,19.21,4,2
6,1,4,0,0,23.54,1,35.93,1,25.31,5,4
3,1,7,0,0,19.14,1,33.90,1,23.93,2,7
3,0,8,1,0,-inf,1,30.55,1,25.00,3,7
4,1,4,2,0,29.59,1,42.00,1,20.78,3,2
7,1,6,0,0,8.92,1,22.43,1,24.95,6,6
5,0,6,0,1,17.49,1,30.36,1,25.07,5,6
4,0,7,0,1,16.99,1,30.23,1,23.94,4,7
7,0,4,0,1,15.13,1,30.28,1,23.94,7,4
5,0,4,0,1,28.03,1,39.98,1,27.28,5,4
6,0,7,0,1,10.81,1,24.41,1,29.10,6,7
4,1,4,0,1,29.63,1,42.07,1,21.28,3,4
7,0,3,0,1,21.26,1,33.97,1,24.65,7,3
7,1,2,0,0,-inf,1,37.14,1,22.14,6,2
10,1,6,0,0,-inf,1,13.06,1,26.53,9,6
4,0,2,0,1,40.70,1,51.24,1,24.48,4,2
7,0,5,0,1,13.60,1,27.84,1,27.81,7,5
7,0,5,0,1,14.08,1,26.85,1,27.44,7,5
3,1,6,0,0,25.31,1,38.32,1,21.13,2,6
6,0,2,0,1,29.73,1,42.08,1,17.38,6,2
3,0,5,0,1,29.85,1,42.24,1,20.90,3,5
3,0,6,0,1,25.67,1,38.08,1,21.51,3,6
8,0,12,0,1,1.00,1,6.30,1,27.26,8,12
2,1,3,0,0,42.35,1,53.57,0,19.04,1,3
2,0,2,1,0,46.92,1,57.41,0,14.95,2,1
6,0,7,0,1,8.58,1,22.39,1,26.21,6,7
3,0,5,0,1,29.64,1,42.18,1,20.90,3,5
4,1,3,0,0,34.41,1,46.26,1,20.17,3,3
1,0,4,0,1,42.88,1,53.08,0,-88.25,1,4
5,0,4,0,1,24.78,1,37.81,1,21.66,5,4
3,0,6,0,1,26.04,1,38.78,1,22.09,3,6
4,0,4,0,1,29.60,1,42.16,1,22.33,4,4
6,0,6,0,1,13.65,1,26.34,1,25.46,6,6
5,0,3,0,1,30.00,1,42.24,1,22.43,5,3
5,0,5,1,0,22.56,1,35.82,1,27.40,5,4
6,0,1,0,1,34.00,1,45.11,0,-86.80,6,1
3,0,4,0,1,34.08,1,46.24,1,20.95,3,4
1,0,4,1,0,42.53,1,53.03,0,-88.61,1,3
9,0,7,0,1,3.58,1,12.83,1,26.02,9,7
4,0,5,0,1,25.68,1,38.38,1,24.00,4,5
11,1,7,0,0,-inf,1,9.77,1,26.95,10,7
4,0,7,1,0,16.24,1,30.17,1,24.01,4,6
5,0,3,0,1,30.10,1,42.37,1,22.74,5,3
2,0,5,0,1,34.28,1,45.92,1,20.74,2,5
5,0,3,1,0,30.53,1,42.21,1,18.95,5,2
5,1,0,0,0,42.64,1,49.17,0,-87.89,4,0
5,0,3,0,1,30.15,1,42.23,1,20.45,5,3
9,0,5,0,1,10.50,1,20.26,1,24.66,9,5
5,1,6,0,0,17.80,1,30.22,1,24.63,4,6
7,0,6,0,1,7.17,1,22.28,1,24.66,7,6
4,0,4,0,1,29.72,1,42.34,1,19.51,4,4
3,1,5,0,0,29.29,1,42.11,1,21.13,2,5
4,1,6,0,0,21.00,1,34.15,1,23.93,3,6
9,1,6,0,0,-inf,1,15.59,1,25.40,8,6
7,0,6,1,0,8.64,1,22.66,1,24.78,7,5
3,0,5,0,1,29.86,1,42.30,1,19.69,3,5
7,1,5,1,0,12.45,1,26.12,1,24.48,6,4
6,0,4,0,1,19.51,1,33.76,1,23.55,6,4
7,1,5,2,0,16.74,0,28.10,1,27.32,6,3
8,1,4,0,0,-inf,1,26.90,1,24.07,7,4
5,1,5,1,0,20.98,1,34.43,1,22.59,4,4
2,0,2,0,1,46.80,1,57.30,1,14.88,2,2
3,0,4,0,1,34.32,1,46.26,1,20.79,3,4
6,0,2,0,1,27.92,1,41.68,1,21.63,6,2
5,1,2,0,0,33.72,1,45.72,1,20.34,4,2
8,1,9,0,0,-inf,1,7.61,1,25.83,7,9
5,1,2,1,0,33.75,1,45.73,0,18.05,4,1
3,0,2,0,1,42.67,1,53.76,1,17.47,3,2
5,0,4,0,1,24.73,1,37.88,1,20.15,5,4
6,1,8,0,0,5.61,1,17.60,1,25.92,5,8
5,0,5,0,1,19.92,1,33.84,1,23.93,5,5
4,1,5,2,0,25.35,0,38.16,1,21.28,3,3
3,0,5,1,0,30.02,1,42.36,1,22.52,3,4
8,0,4,0,1,14.86,1,26.28,1,24.48,8,4
2,0,3,0,1,42.71,1,53.69,1,16.18,2,3
6,0,4,0,1,27.57,1,38.81,1,26.56,6,4
5,0,10,2,0,-inf,1,18.78,1,26.74,5,8
6,0,6,0,1,13.49,1,26.74,1,25.74,6,6
6,0,7,1,0,13.30,1,25.64,1,30.76,6,6
3,1,4,0,0,33.54,1,45.88,1,22.55,2,4
5,0,0,0,1,42.18,1,49.05,0,-86.46,5,0
4,0,4,0,1,28.89,1,41.82,1,22.85,4,4
9,1,2,0,0,-inf,1,30.27,1,20.97,8,2
3,0,9,0,1,20.10,1,28.85,1,22.91,3,9
0,0,9,0,1,32.00,1,34.58,0,-84.89,0,9
5,2,3,0,0,29.92,0,42.11,1,21.65,3,3
3,0,9,2,0,-inf,0,-inf,1,22.30,3,7
8,0,5,0,1,14.05,1,26.15,1,31.74,8,5
8,0,7,0,1,7.91,1,17.66,1,28.06,8,7
5,0,4,1,0,25.82,1,38.20,1,22.54,5,3
3,0,6,0,1,25.44,1,38.22,1,22.17,3,6
2,0,4,2,0,38.33,0,49.77,1,20.83,2,2
7,1,5,1,0,10.34,1,25.52,1,22.91,6,4
6,1,6,1,0,15.77,1,28.19,1,28.31,5,5
7,0,2,0,1,27.14,1,38.30,1,20.39,7,2
3,1,10,0,0,19.42,1,25.09,1,24.96,2,10
5,1,4,1,0,27.63,1,39.70,1,24.25,4,3
5,0,7,1,0,11.49,1,26.35,1,26.54,5,6
3,0,7,2,0,22.77,0,34.50,1,23.05,3,5
4,0,5,0,1,25.10,1,37.99,1,23.74,4,5
2,0,10,0,1,23.38,1,29.68,1,23.90,2,10
3,0,7,0,1,21.39,1,33.52,1,23.02,3,7
5,0,3,1,1,29.61,1,42.14,1,18.97,5,2
6,0,4,0,1,23.57,1,35.83,1,25.61,6,4
6,0,4,1,0,20.72,1,34.35,1,22.22,6,3
5,0,2,1,0,33.93,1,45.58,0,17.34,5,1
9,1,6,0,0,-inf,1,14.54,1,26.62,8,6
1,0,5,0,1,38.78,1,49.39,0,-88.22,1,5
10,2,2,0,0,-inf,0,-inf,1,22.95,8,2
3,0,3,1,0,38.60,1,50.08,1,17.99,3,2
7,0,5,1,0,14.56,1,27.02,1,21.75,7,4
5,0,4,1,0,27.64,1,39.78,1,23.93,5,3
6,0,6,0,1,14.62,1,27.80,1,28.53,6,6
7,2,2,0,0,24.46,0,37.80,1,20.13,5,2
3,0,7,0,1,20.67,1,33.06,1,21.52,3,7
5,0,6,1,0,15.47,1,30.03,1,23.92,5,5
5,1,6,0,0,17.22,1,30.35,1,23.15,4,6
3,0,2,0,1,42.34,1,53.49,1,16.77,3,2
2,0,4,1,0,38.44,1,49.92,1,16.77,2,3
8,0,7,0,1,3.58,1,14.96,1,25.17,8,7
5,1,0,0,0,43.09,1,49.22,0,-88.00,4,0
4,0,0,0,1,46.50,1,52.97,0,-88.20,4,0
5,1,5,0,0,20.89,1,34.04,1,22.53,4,5
3,0,5,0,1,29.09,1,42.00,1,21.79,3,5
4,0,2,0,1,37.43,1,49.46,1,18.47,4,2
7,0,5,0,1,16.04,1,28.49,1,27.67,7,5
3,0,4,0,1,33.40,1,45.89,1,19.42,3,4
4,0,8,1,1,15.38,1,27.05,1,25.10,4,7
4,1,3,0,0,33.77,1,45.91,1,20.58,3,3
6,0,5,1,0,16.87,1,30.35,1,25.03,6,4
2,0,8,1,0,24.38,1,34.92,1,22.05,2,7
3,0,8,1,0,-inf,1,28.98,1,22.78,3,7
5,0,3,0,1,29.63,1,42.19,1,20.52,5,3
3,0,4,0,1,33.76,1,45.97,1,19.31,3,4
6,1,6,0,0,13.70,1,27.70,1,27.47,5,6
3,0,6,0,1,25.71,1,38.33,1,21.83,3,6
1,0,7,1,0,29.77,1,40.97,0,-86.13,1,6
4,0,5,0,1,24.66,1,38.05,1,24.14,4,5
4,0,8,0,1,17.62,1,27.24,1,24.30,4,8
0,0,4,0,1,46.56,1,53.03,0,-88.19,0,4
4,0,5,0,1,26.04,1,38.48,1,22.86,4,5
3,0,7,1,0,21.53,1,34.01,1,23.64,3,6
4,0,2,0,1,38.14,1,49.66,1,19.92,4,2
3,0,7,1,0,23.26,1,34.46,1,23.98,3,6
6,1,1,0,0,33.02,1,44.84,0,-87.65,5,1
4,0,4,0,1,30.61,1,42.77,1,22.26,4,4
4,1,11,1,0,-inf,1,22.30,1,24.51,3,10
7,0,7,0,1,3.58,1,17.66,1,25.79,7,7
3,0,4,1,0,33.95,1,46.14,1,21.39,3,3
3,0,3,0,1,40.85,1,51.23,1,23.69,3,3
3,0,2,0,1,42.66,1,53.70,1,19.33,3,2
3,0,3,0,1,38.44,1,50.07,1,19.06,3,3
11,1,3,0,0,-inf,1,25.07,1,23.45,10,3
6,0,3,0,1,25.71,1,38.39,1,22.79,6,3
7,2,3,0,0,21.68,0,34.27,1,21.13,5,3
5,1,5,0,0,24.58,1,36.44,1,26.99,4,5
6,1,7,0,0,9.74,1,22.32,1,25.43,5,7
8,0,6,0,1,7.04,1,18.42,1,25.97,8,6
4,0,4,0,1,32.22,1,43.70,1,26.51,4,4
2,0,8,1,0,-inf,1,34.67,1,20.45,2,7
8,0,1,0,1,29.39,1,38.27,0,-85.77,8,1
2,0,7,1,0,-inf,1,37.24,1,20.49,2,6
7,0,5,1,0,12.38,1,26.37,1,23.88,7,4
4,1,3,1,0,33.98,1,45.98,1,20.80,3,2
6,0,6,0,1,13.30,1,26.54,1,24.83,6,6
3,0,9,1,0,-inf,1,28.49,1,25.80,3,8
5,0,7,0,1,14.23,1,27.11,1,24.40,5,7
1,0,3,0,1,46.88,1,56.98,0,-88.04,1,3
6,0,8,1,0,-inf,1,17.51,1,25.36,6,7
6,0,3,0,1,25.21,1,38.52,1,24.50,6,3
1,1,4,0,0,42.06,1,52.92,0,-87.58,0,4
1,1,4,1,0,42.43,1,53.10,0,-88.55,0,3
2,0,4,0,1,38.18,1,49.76,1,19.91,2,4
5,0,2,0,1,34.76,1,45.98,1,20.07,5,2
2,1,9,1,0,23.61,1,33.09,0,21.12,1,8
4,0,3,1,0,34.25,1,46.06,1,20.46,4,2
3,1,4,1,0,34.21,1,46.14,1,18.74,2,3
1,0,10,0,1,27.69,1,32.00,0,-84.95,1,10
9,1,4,1,0,-inf,1,23.18,1,24.31,8,3
3,0,2,1,0,42.72,1,53.71,0,16.62,3,1
3,0,8,0,1,20.79,1,30.47,1,23.75,3,8
2,0,7,0,1,26.65,1,38.31,1,21.79,2,7
6,0,3,1,0,26.02,1,38.56,1,24.23,6,2
3,0,5,0,1,30.22,1,42.31,1,21.59,3,5
7,1,4,0,0,-inf,1,30.84,1,23.20,6,4
9,3,6,0,0,-inf,0,13.21,1,25.87,6,6
6,0,5,0,1,19.83,1,32.26,1,27.52,6,5
1,0,4,0,1,42.57,1,53.14,0,-87.97,1,4
7,1,6,0,0,12.72,1,24.42,1,28.68,6,6
3,0,2,0,1,42.69,1,53.70,1,15.99,3,2
4,0,3,1,0,33.64,1,45.94,1,19.00,4,2
3,0,1,0,1,46.76,1,56.89,0,-88.69,3,1
8,0,9,0,1,0.00,1,8.09,1,27.00,8,9
7,1,3,1,0,21.43,1,33.74,1,21.62,6,2
4,1,7,1,0,17.14,1,30.64,1,23.13,3,6
4,0,5,0,1,26.11,1,38.42,1,22.62,4,5
3,0,1,0,1,46.88,1,57.03,0,-90.11,3,1
3,0,5,1,0,29.46,1,42.28,1,22.55,3,4
5,1,4,2,0,25.57,1,38.32,1,22.23,4,2
4,1,5,1,0,24.67,1,38.10,1,21.12,3,4
4,0,5,1,0,25.05,1,38.41,1,22.37,4,4
2,0,2,0,1,46.85,1,57.41,1,15.22,2,2
5,1,3,0,0,29.02,1,41.88,1,20.29,4,3
4,1,5,0,0,25.27,1,38.04,1,23.51,3,5
6,1,4,1,0,21.45,1,34.54,1,20.74,5,3
4,1,9,0,0,15.89,1,25.32,1,25.28,3,9
5,0,6,1,0,17.73,1,30.01,1,23.97,5,5
6,0,4,0,1,20.73,1,34.07,1,21.33,6,4
2,0,0,0,1,55.47,1,60.70,0,-88.94,2,0
4,0,4,1,0,29.85,1,42.22,1,22.38,4,3
5,1,3,0,0,30.19,1,42.16,1,21.28,4,3
7,0,3,0,1,23.14,1,34.41,1,24.42,7,3
4,0,4,0,1,32.29,1,43.84,1,25.23,4,4
7,1,5,1,0,13.42,1,28.08,1,26.96,6,4
2,0,4,0,1,38.69,1,50.04,1,18.12,2,4
8,0,3,1,0,20.90,1,31.65,1,23.06,8,2
5,0,4,1,0,25.02,1,37.99,1,22.26,5,3
4,0,5,0,1,25.17,1,38.30,1,21.97,4,5
6,0,5,1,0,17.68,1,30.26,1,24.41,6,4
3,0,6,0,1,26.01,1,37.78,1,19.91,3,6
3,0,3,1,0,38.28,1,49.98,1,18.73,3,2
4,1,7,0,0,17.24,1,31.55,1,25.82,3,7
8,0,0,0,1,38.00,1,44.48,0,-78.44,8,0
4,0,4,1,0,30.37,1,42.64,1,20.10,4,3
3,0,5,0,1,29.03,1,41.84,1,23.08,3,5
3,0,6,0,1,25.98,1,38.22,1,22.07,3,6
3,1,6,0,1,24.64,1,37.89,1,21.65,2,6
2,0,8,0,1,24.49,1,35.26,1,19.98,2,8
6,2,8,0,0,8.08,0,20.16,1,25.32,4,8
4,0,7,1,0,20.62,1,32.67,1,25.80,4,6
4,1,8,1,0,-inf,1,28.14,1,25.85,3,7
3,0,5,0,1,29.12,1,42.01,1,22.81,3,5
1,0,4,0,1,42.51,1,53.05,0,-89.04,1,4
4,1,1,0,0,42.74,1,53.27,0,-87.94,3,1
6,1,5,0,0,18.20,1,31.62,1,27.43,5,5
3,0,7,1,0,23.72,1,35.81,1,25.93,3,6
4,0,8,0,1,18.34,1,29.05,1,25.72,4,8
3,0,4,0,1,33.76,1,45.89,1,21.92,3,4
4,0,3,0,1,33.96,1,46.17,1,21.53,4,3
4,0,9,0,1,15.19,1,24.88,1,24.22,4,9
3,0,6,0,1,25.93,1,38.38,1,21.37,3,6
4,0,7,0,1,17.53,1,30.54,1,23.59,4,7
2,0,7,0,1,28.39,1,39.76,1,21.40,2,7
2,1,3,0,0,42.49,1,53.66,0,16.57,1,3
7,0,4,0,1,17.03,1,29.89,1,24.18,7,4
4,0,4,0,1,30.04,1,42.30,1,22.03,4,4
4,1,4,0,0,29.73,1,42.33,1,21.81,3,4
2,0,4,0,1,38.41,1,49.76,1,22.26,2,4
2,0,9,0,1,23.12,1,32.34,1,23.69,2,9
8,1,2,0,1,25.26,1,34.61,1,20.44,7,2
3,0,7,1,0,21.22,1,34.39,1,20.91,3,6
6,0,5,0,1,17.59,1,30.41,1,23.37,6,5
5,0,6,0,1,18.43,1,30.71,1,23.72,5,6
2,0,3,0,1,42.67,1,53.70,1,16.93,2,3
3,0,4,0,1,34.04,1,46.04,1,20.06,3,4
6,0,6,1,0,16.81,1,28.88,1,27.87,6,5
2,0,5,0,1,34.05,1,45.90,1,20.28,2,5
6,0,3,0,1,25.14,1,37.95,1,21.28,6,3
8,0,4,0,1,15.44,1,26.70,1,24.59,8,4
8,2,3,0,0,-inf,0,29.68,1,21.02,6,3
6,1,6,0,0,12.83,1,26.44,1,24.97,5,6
8,0,5,1,0,10.85,1,23.17,1,23.69,8,4
6,0,2,0,1,32.06,1,43.63,1,21.09,6,2
6,1,5,0,0,18.19,1,30.96,1,24.11,5,5
6,0,7,1,0,10.44,1,24.07,1,27.17,6,6
5,0,7,0,1,13.66,1,26.97,1,24.81,5,7
7,0,6,0,1,8.08,1,22.34,1,24.34,7,6
6,1,2,0,0,30.05,1,41.75,1,17.54,5,2
5,0,9,1,0,-inf,1,18.34,1,25.24,5,8
6,1,6,0,0,13.56,1,26.34,1,24.90,5,6
8,1,6,2,0,-inf,0,18.37,1,24.85,7,4
5,0,8,0,1,14.90,1,24.92,1,28.53,5,8
5,0,2,0,1,35.53,1,47.11,1,22.16,5,2
5,0,5,0,1,21.12,1,34.13,1,23.23,5,5
10,1,3,2,0,-inf,0,25.01,0,22.44,9,1
8,0,4,0,1,15.27,1,27.03,1,23.67,8,4
6,0,5,1,0,20.69,1,33.65,1,30.89,6,4
7,0,8,1,0,-inf,1,14.50,1,25.79,7,7
6,0,3,0,1,25.45,1,37.99,1,23.07,6,3
5,1,3,0,0,29.03,1,41.91,1,20.42,4,3
2,0,3,0,1,42.74,1,53.70,1,17.29,2,3
8,0,1,0,1,28.73,1,39.65,0,-83.79,8,1
10,0,4,0,1,15.77,1,24.85,1,27.14,10,4
4,0,3,0,1,34.12,1,46.13,1,20.00,4,3
2,0,6,2,0,30.71,0,42.09,1,20.85,2,4
3,0,3,0,1,38.15,1,49.88,1,18.99,3,3
7,0,3,1,0,23.18,1,34.62,1,21.10,7,2
3,0,5,0,1,29.64,1,42.18,1,18.78,3,5
7,0,11,2,0,-inf,0,-inf,1,27.10,7,9
6,0,2,0,1,30.88,1,42.06,1,23.33,6,2
7,1,4,0,0,18.27,1,30.42,1,22.89,6,4
3,0,5,1,0,30.39,1,42.42,1,22.29,3,4
3,0,2,0,1,42.53,1,53.63,1,18.27,3,2
10,0,6,2,0,6.17,1,13.94,1,25.44,10,4
1,0,1,0,1,55.41,1,64.00,0,-198.00,1,1
3,0,4,0,1,34.04,1,45.98,1,20.91,3,4
4,2,7,0,0,17.21,0,30.28,1,22.02,2,7
6,0,5,1,0,17.43,1,30.55,1,23.96,6,4
8,1,4,1,0,-inf,1,26.05,1,21.15,7,3
7,1,6,0,0,-inf,1,22.05,1,24.06,6,6
5,1,11,1,0,-inf,1,17.66,1,25.76,4,10
8,0,5,1,0,11.45,1,24.10,1,27.08,8,4
4,0,4,0,1,29.61,1,42.02,1,22.54,4,4
9,0,3,0,1,18.96,1,29.49,1,24.28,9,3
6,1,6,1,0,13.56,1,26.33,1,24.43,5,5
4,1,4,0,0,29.64,1,42.14,1,23.75,3,4
6,0,5,0,1,15.84,1,30.17,1,23.74,6,5
1,0,5,0,1,38.04,1,49.05,0,-87.57,1,5
4,0,10,1,0,-inf,1,23.08,1,25.79,4,9
3,0,1,1,0,46.92,1,56.97,0,-89.10,3,0
3,0,8,1,0,-inf,1,29.13,1,27.93,3,7
5,0,5,1,1,21.24,1,34.17,1,23.79,5,4
4,0,6,1,0,21.18,1,34.42,1,24.21,4,5
2,0,4,0,1,38.41,1,49.85,1,19.41,2,4
4,0,2,1,0,38.91,1,50.18,0,16.29,4,1
4,0,4,0,1,30.19,1,42.43,1,22.55,4,4
1,0,4,0,1,42.50,1,53.10,0,-88.64,1,4
4,0,4,0,1,29.62,1,42.14,1,22.23,4,4
8,1,2,0,0,23.38,1,33.97,1,24.38,7,2
3,0,2,0,1,42.64,1,53.73,1,20.30,3,2
4,0,5,1,0,25.66,1,38.20,1,22.29,4,4
1,0,6,0,1,33.85,1,45.10,0,-86.48,1,6
8,1,8,0,0,0.00,1,13.38,1,28.57,7,8
8,2,2,0,0,-inf,0,35.16,1,25.42,6,2
6,0,1,0,1,34.87,1,45.54,0,-86.99,6,1
5,2,6,0,0,18.47,0,30.51,1,24.28,3,6
2,1,7,0,0,30.52,1,41.58,0,22.93,1,7
6,0,5,0,1,18.07,1,30.54,1,24.43,6,5
6,0,4,0,1,22.65,1,34.50,1,23.70,6,4
7,0,2,1,0,24.68,1,37.79,0,18.81,7,1
2,1,6,0,0,30.65,1,41.92,0,20.01,1,6
6,0,5,1,0,19.92,1,32.58,1,25.81,6,4
4,1,5,1,0,25.62,1,38.32,1,22.72,3,4
5,1,7,1,0,11.87,1,26.45,1,25.50,4,6
3,0,6,0,1,28.75,1,40.12,1,26.75,3,6
12,1,8,0,0,-inf,1,4.52,1,27.29,11,8
1,1,10,2,0,-inf,0,-inf,0,-84.80,0,8
4,0,6,1,0,22.03,1,34.53,1,23.54,4,5
3,0,7,2,0,19.00,0,33.74,1,21.73,3,5
5,1,4,1,0,26.36,1,38.86,1,21.48,4,3
5,0,5,0,1,21.49,1,34.11,1,24.01,5,5
6,0,5,1,0,19.73,1,31.94,1,27.02,6,4
7,0,4,0,1,16.63,1,30.23,1,23.83,7,4
7,1,5,0,1,13.40,1,26.66,1,23.92,6,5
10,0,2,0,1,23.41,1,32.67,1,25.04,10,2
8,0,5,0,1,10.62,1,21.75,1,25.13,8,5
7,0,1,0,1,30.74,1,41.61,0,-86.79,7,1
4,1,6,1,0,20.14,1,33.85,1,23.77,3,5
7,1,7,0,0,-inf,1,19.04,1,28.15,6,7
3,0,8,2,0,-inf,0,31.43,1,21.48,3,6
4,2,5,0,0,25.27,0,38.06,1,22.15,2,5
5,0,6,0,1,16.40,1,30.29,1,23.73,5,6
3,0,3,0,1,38.52,1,50.01,1,18.44,3,3
6,0,6,1,0,13.66,1,26.34,1,24.36,6,5
0,0,5,1,0,42.98,1,49.17,0,-86.84,0,4
9,0,3,1,0,19.26,1,27.84,1,23.67,9,2
2,0,6,0,1,30.40,1,42.28,1,20.96,2,6
6,0,10,0,1,9.32,1,18.71,1,30.06,6,10
3,1,5,0,0,29.95,1,42.11,1,20.78,2,5
3,0,5,1,0,29.64,1,42.14,1,20.68,3,4
2,0,2,1,0,47.20,1,57.52,0,15.84,2,1
5,0,4,0,1,25.15,1,38.21,1,23.50,5,4
2,0,3,0,1,44.90,1,54.76,1,17.66,2,3
1,0,3,0,1,46.93,1,57.00,0,-89.53,1,3
5,1,2,1,0,33.77,1,45.82,0,19.36,4,1
5,2,4,0,0,25.48,0,38.08,1,21.88,3,4
4,1,5,0,0,25.98,1,38.31,1,20.74,3,5
5,0,4,1,1,25.23,1,38.16,1,21.53,5,3
6,1,5,0,0,16.49,1,29.90,1,24.02,5,5
2,0,5,0,1,34.24,1,46.13,1,20.79,2,5
6,0,5,0,1,19.63,1,32.07,1,28.50,6,5
10,0,1,0,1,27.67,1,34.00,0,-85.90,10,1
5,1,3,0,1,30.36,1,42.30,1,22.17,4,3
6,1,3,0,0,25.16,1,38.17,1,21.48,5,3
3,1,8,0,0,20.79,1,31.11,1,22.87,2,8
4,0,6,0,1,22.54,1,34.83,1,23.42,4,6
5,1,3,0,0,29.37,1,42.08,1,20.33,4,3
2,0,3,0,1,42.93,1,53.83,1,19.05,2,3
3,0,8,1,0,20.33,1,31.66,1,23.27,3,7
1,0,4,0,1,42.93,1,53.06,0,-87.11,1,4
5,0,8,0,1,10.71,1,22.93,1,25.92,5,8
3,1,7,0,0,22.17,1,34.20,1,20.97,2,7
8,0,2,0,1,26.46,1,34.41,1,23.91,8,2
6,0,8,1,0,-inf,1,18.68,1,26.05,6,7
8,0,8,0,1,2.00,1,11.53,1,26.31,8,8
8,2,6,0,0,-inf,0,17.49,1,24.91,6,6
6,0,6,1,0,15.06,1,28.16,1,28.47,6,5
1,0,6,0,1,35.13,1,45.06,0,-86.25,1,6
5,1,3,0,0,30.21,1,42.44,1,22.86,4,3
7,1,7,1,0,-inf,1,18.30,1,26.42,6,6
5,1,4,0,0,26.89,1,39.34,1,26.33,4,4
7,1,3,0,0,20.27,1,33.82,1,23.68,6,3
4,0,4,0,1,30.19,1,42.39,1,22.05,4,4
2,0,8,0,1,24.95,1,36.46,1,23.79,2,8
8,0,3,1,0,21.15,1,30.97,1,24.11,8,2
5,0,11,3,0,-inf,0,-inf,1,26.47,5,8
0,0,1,1,1,59.77,1,64.00,0,-198.00,0,0
5,0,3,0,1,29.75,1,42.10,1,23.51,5,3
3,0,5,0,1,29.75,1,42.24,1,19.09,3,5
3,1,2,0,0,42.75,1,53.76,1,18.29,2,2
3,1,3,0,0,38.51,1,50.07,1,19.37,2,3
5,0,7,1,0,14.79,1,26.90,1,23.30,5,6
7,1,8,1,0,4.00,1,15.35,1,25.32,6,7
6,1,1,0,0,33.54,1,45.01,0,-86.69,5,1
3,0,3,0,1,38.48,1,50.06,1,18.60,3,3
4,0,5,1,0,25.74,1,38.72,1,22.34,4,4
11,0,6,0,1,4.91,1,13.84,1,28.04,11,6
3,0,3,0,1,38.61,1,50.13,1,17.43,3,3
3,1,1,0,0,47.13,1,57.06,0,-91.31,2,1
2,0,5,0,1,35.90,1,47.43,1,23.79,2,5
5,1,4,0,0,25.96,1,38.40,1,21.52,4,4
7,0,5,1,0,13.66,1,26.15,1,25.01,7,4
5,0,2,0,1,34.07,1,45.98,1,17.53,5,2
1,0,6,0,1,33.69,1,44.88,0,-86.78,1,6
9,1,8,1,0,-inf,1,6.79,1,26.15,8,7
3,0,0,0,1,51.09,1,56.97,0,-89.12,3,0
2,0,5,0,1,34.25,1,45.83,1,19.48,2,5
3,0,5,0,1,29.88,1,42.03,1,22.36,3,5
5,1,1,0,0,37.93,1,49.11,0,-87.77,4,1
4,0,5,1,0,25.21,1,38.36,1,23.69,4,4
7,1,3,0,0,-inf,1,34.29,1,24.39,6,3
5,1,2,0,0,36.77,1,47.60,1,19.46,4,2
7,1,7,2,0,4.17,0,18.20,1,26.35,6,5
9,1,7,1,0,-inf,1,13.21,1,30.27,8,6
5,0,6,1,0,16.66,1,29.82,1,23.34,5,5
3,0,9,0,1,19.16,1,27.04,1,24.55,3,9
2,0,7,2,0,25.70,1,38.19,1,19.47,2,5
7,1,5,1,0,11.70,1,26.80,1,23.77,6,4
1,0,4,1,0,42.73,1,53.17,0,-89.21,1,3
5,2,5,0,0,20.44,0,34.20,1,23.46,3,5
6,0,7,0,1,11.92,1,24.33,1,29.00,6,7
6,1,6,0,0,16.33,1,28.45,1,29.77,5,6
5,0,8,0,1,10.26,1,21.50,1,25.46,5,8
5,0,3,1,0,29.40,1,42.08,1,19.87,5,2
6,0,5,0,1,16.12,1,30.23,1,24.48,6,5
4,0,1,0,1,42.95,1,53.22,0,-87.60,4,1
6,1,8,0,0,7.64,1,19.74,1,28.34,5,8
11,0,7,0,1,3.58,1,11.35,1,29.17,11,7
3,0,2,0,1,42.74,1,53.74,1,16.29,3,2
1,0,7,0,1,32.34,1,41.87,0,-86.01,1,7
2,1,3,0,0,42.71,1,53.67,0,17.30,1,3
5,0,3,0,1,30.07,1,42.06,1,22.32,5,3
4,0,2,0,1,38.48,1,49.79,1,19.22,4,2
5,1,8,2,0,-inf,0,22.72,1,24.02,4,6
9,0,2,0,1,23.48,1,32.04,1,22.35,9,2
2,0,1,0,1,51.26,1,60.71,0,-90.60,2,1
8,0,4,1,0,16.70,1,27.01,1,22.69,8,3
4,0,4,1,1,31.61,1,43.36,1,25.33,4,3
2,0,8,0,1,23.56,1,34.65,1,22.46,2,8
5,0,2,0,1,34.43,1,45.96,1,21.28,5,2
5,0,5,0,1,23.00,1,35.84,1,26.47,5,5
2,0,5,0,1,34.09,1,45.84,1,22.21,2,5
3,0,3,0,1,38.66,1,50.18,1,18.90,3,3
5,0,4,0,1,25.43,1,38.13,1,22.94,5,4
6,0,6,1,0,15.27,1,28.20,1,27.71,6,5
4,1,4,0,0,29.80,1,42.20,1,21.35,3,4
3,0,3,0,1,38.47,1,50.15,1,16.47,3,3
5,0,4,0,1,25.59,1,38.21,1,22.27,5,4
3,0,4,0,1,34.01,1,46.00,1,19.47,3,4
10,0,9,0,1,0.00,1,5.17,1,28.37,10,9
8,0,3,0,1,22.33,1,32.96,1,23.30,8,3
1,0,4,0,1,42.91,1,53.27,0,-88.47,1,4
2,0,3,0,1,42.73,1,53.74,1,19.61,2,3
8,2,6,0,0,-inf,0,16.11,1,25.08,6,6
2,1,5,1,0,34.35,1,45.91,0,18.49,1,4
7,0,3,0,1,22.36,1,34.83,1,23.19,7,3
4,0,5,0,1,25.78,1,38.42,1,23.78,4,5
1,0,6,0,1,33.70,1,44.99,0,-86.99,1,6
5,1,4,1,0,25.44,1,38.44,1,22.29,4,3
6,0,3,0,1,25.76,1,38.15,1,21.90,6,3
3,0,5,0,1,30.12,1,42.31,1,19.54,3,5
5,0,8,2,0,11.97,0,23.84,1,25.31,5,6
2,0,3,0,1,42.59,1,53.70,1,17.01,2,3
1,0,3,0,1,47.02,1,57.05,0,-87.69,1,3
4,1,2,0,0,38.38,1,49.86,1,17.79,3,2
6,0,5,0,1,16.73,1,29.91,1,24.52,6,5
8,2,2,0,0,-inf,0,32.68,1,19.16,6,2
2,1,8,0,0,24.84,1,34.80,0,20.81,1,8
6,2,8,1,0,-inf,0,18.63,1,23.87,4,7
5,1,8,0,0,11.46,1,23.15,1,27.51,4,8
5,1,6,0,1,17.86,1,30.52,1,23.89,4,6
6,0,7,1,0,10.21,1,24.55,1,28.08,6,6
2,1,2,0,0,46.82,1,57.32,0,15.39,1,2
3,0,5,1,0,29.74,1,42.29,1,21.00,3,4
4,1,3,0,0,34.41,1,46.25,1,21.65,3,3
6,0,9,1,0,-inf,1,15.40,1,24.79,6,8
8,0,5,1,0,10.61,1,23.05,1,25.87,8,4
6,0,8,0,1,10.71,1,21.08,1,28.88,6,8
8,0,4,1,0,16.77,1,27.47,1,25.74,8,3
4,0,6,0,1,23.06,1,35.64,1,25.29,4,6
4,1,4,0,0,30.04,1,42.39,1,20.89,3,4
8,2,6,2,0,-inf,0,18.02,1,23.89,6,4
6,0,3,1,0,27.02,1,38.42,1,22.30,6,2
6,0,9,1,0,-inf,1,15.98,1,25.93,6,8
5,0,3,1,0,30.02,1,42.12,1,22.44,5,2
7,0,5,0,1,12.72,1,26.57,1,25.86,7,5
3,1,6,0,0,25.78,1,38.53,1,22.87,2,6
4,1,3,0,0,34.21,1,46.13,1,21.30,3,3
3,1,5,1,0,30.07,1,42.14,1,18.97,2,4
6,0,2,1,0,29.29,1,41.81,0,21.68,6,1
6,0,1,0,1,33.90,1,45.05,0,-86.61,6,1
1,0,3,0,1,47.13,1,57.09,0,-87.82,1,3
9,1,3,0,0,-inf,1,26.55,1,23.25,8,3
4,0,3,0,1,33.79,1,45.94,1,22.39,4,3
7,0,4,0,1,19.51,1,30.90,1,24.13,7,4
5,2,5,1,0,21.71,0,34.54,1,22.93,3,4
6,2,5,0,0,16.76,1,30.01,1,22.63,4,5
3,1,5,1,0,29.89,1,42.31,1,19.53,2,4
9,3,4,0,0,-inf,0,23.37,1,24.71,6,4
2,0,3,0,1,42.98,1,53.85,1,16.45,2,3
3,0,6,0,1,24.35,1,37.83,1,22.33,3,6
8,0,5,1,0,12.80,1,23.50,1,24.72,8,4
8,1,4,0,0,-inf,1,25.13,1,24.12,7,4
2,0,4,0,1,37.96,1,49.54,1,19.28,2,4
6,0,4,0,1,23.46,1,36.32,1,25.69,6,4
4,0,6,0,1,19.50,1,34.03,1,24.54,4,6
5,0,9,1,0,-inf,1,18.13,1,25.30,5,8
5,1,6,1,0,17.71,1,30.39,1,23.25,4,5
7,1,9,0,0,1.00,1,12.42,1,26.02,6,9
8,1,8,0,0,-inf,1,11.09,1,26.42,7,8
4,0,3,0,1,33.75,1,46.05,1,20.29,4,3
6,0,6,0,1,14.73,1,27.32,1,24.32,6,6
5,1,4,1,0,-inf,1,36.40,1,21.41,4,3
4,1,7,0,0,20.22,1,32.42,1,26.45,3,7
2,0,5,0,1,34.26,1,45.81,1,20.44,2,5
1,0,4,0,1,42.44,1,52.96,0,-87.73,1,4
3,0,4,0,1,33.98,1,46.07,1,21.16,3,4
8,2,6,0,0,-inf,0,19.28,1,28.73,6,6
5,1,7,0,0,15.71,1,27.40,1,24.25,4,7
6,0,1,0,1,33.90,1,45.31,0,-86.90,6,1
1,0,9,0,1,29.30,1,35.17,0,-84.95,1,9
9,1,10,2,0,-inf,0,4.58,1,29.36,8,8
0,0,2,0,1,55.36,1,60.62,0,-89.01,0,2
5,1,5,1,0,19.89,1,33.67,1,22.01,4,4
5,0,6,0,1,16.73,1,30.28,1,25.18,5,6
3,1,3,0,0,40.13,1,50.68,1,25.04,2,3
5,0,7,1,0,11.57,1,26.08,1,25.01,5,6
3,0,2,0,1,42.51,1,53.62,1,18.89,3,2
4,0,2,0,1,38.38,1,49.80,1,20.98,4,2
5,2,3,1,0,31.89,0,43.30,1,25.90,3,2
4,0,5,0,1,25.93,1,38.39,1,24.98,4,5
2,0,4,0,1,37.90,1,49.63,1,18.23,2,4
4,0,4,0,1,31.91,1,43.52,1,25.75,4,4
6,0,8,2,0,-inf,0,17.18,1,24.41,6,6
4,0,5,1,0,26.15,1,38.67,1,24.48,4,4
3,0,8,1,1,21.59,1,31.42,1,23.35,3,7
3,1,5,0,0,30.59,1,42.52,1,21.30,2,5
4,0,7,2,0,16.96,0,30.37,1,24.18,4,5
6,0,5,0,1,16.65,1,30.29,1,24.16,6,5
3,0,8,1,0,-inf,1,30.41,1,22.58,3,7
8,1,3,0,0,-inf,1,30.73,1,21.68,7,3
6,1,0,0,0,38.00,1,44.87,0,-87.07,5,0
8,1,6,2,0,-inf,1,19.53,1,25.44,7,4
3,0,4,0,1,34.41,1,46.23,1,20.57,3,4
5,0,3,0,1,30.10,1,42.20,1,22.66,5,3
3,0,6,0,1,26.89,1,38.53,1,21.77,3,6
3,0,5,0,1,29.94,1,42.28,1,19.96,3,5
6,0,6,0,1,16.58,1,29.37,1,30.11,6,6
3,0,5,1,0,30.09,1,42.47,1,23.40,3,4
5,1,10,0,0,10.94,1,20.04,1,26.51,4,10
5,0,6,1,0,16.80,1,30.39,1,25.39,5,5
7,0,11,0,1,1.00,1,9.06,1,28.47,7,11
3,0,4,1,0,34.08,1,46.16,1,21.28,3,3
7,1,7,2,0,-inf,0,18.59,1,25.33,6,5
5,0,4,0,1,25.97,1,38.58,1,23.72,5,4
4,0,5,0,1,25.20,1,38.20,1,21.61,4,5
4,1,5,0,0,28.47,1,39.89,1,26.52,3,5
7,0,5,0,1,15.59,1,28.21,1,26.14,7,5
3,0,4,0,1,34.42,1,46.29,1,19.47,3,4
5,0,7,0,1,14.04,1,27.25,1,24.57,5,7
2,0,3,0,1,42.77,1,53.75,1,16.83,2,3
4,0,12,0,1,14.92,1,21.16,1,25.13,4,12
6,0,2,0,1,29.83,1,42.01,1,22.03,6,2
6,0,2,0,1,30.58,1,42.33,1,22.17,6,2
2,0,4,0,1,38.23,1,49.75,1,19.46,2,4
3,1,3,0,0,38.25,1,49.86,1,18.82,2,3
7,1,6,1,0,8.75,1,22.71,1,25.32,6,5
3,1,2,0,0,42.74,1,53.74,1,18.74,2,2
3,1,3,0,0,38.44,1,50.04,1,18.49,2,3
6,0,8,0,1,5.75,1,18.60,1,26.64,6,8
2,0,3,0,1,42.80,1,53.74,1,16.39,2,3
0,0,4,0,1,48.92,1,54.48,0,-83.58,0,4
6,1,4,0,0,20.00,1,34.01,1,22.67,5,4
8,0,3,0,1,22.40,1,31.81,1,24.54,8,3
9,2,6,0,0,-inf,0,13.53,1,26.76,7,6
6,0,11,1,1,6.98,1,13.13,1,26.88,6,10
7,0,4,1,0,18.47,1,30.78,1,24.28,7,3
7,1,4,0,0,-inf,1,29.79,1,22.61,6,4
8,0,8,0,1,3.58,1,13.62,1,29.56,8,8
3,0,8,0,1,19.22,1,29.81,1,23.89,3,8
5,1,2,0,0,34.04,1,45.94,1,18.05,4,2
6,0,6,0,1,14.49,1,27.82,1,28.52,6,6
5,1,4,0,0,25.75,1,38.17,1,20.19,4,4
4,0,7,0,1,19.21,1,30.58,1,23.85,4,7
6,0,4,0,1,21.89,1,34.41,1,23.01,6,4
4,0,2,0,1,37.91,1,49.52,1,17.53,4,2
3,0,5,0,1,29.60,1,42.23,1,22.32,3,5
6,1,2,0,0,33.72,1,43.21,1,30.49,5,2
4,0,4,0,1,30.06,1,42.34,1,23.11,4,4
5,0,7,0,1,15.06,1,26.81,1,25.11,5,7
3,0,9,1,0,-inf,1,27.57,1,23.49,3,8
5,2,7,1,0,11.85,0,26.16,1,23.65,3,6
4,1,7,2,0,18.42,0,30.50,1,22.40,3,5
7,0,3,0,1,22.56,1,34.28,1,24.38,7,3
3,1,4,0,0,33.98,1,46.04,1,20.75,2,4
10,0,7,0,1,2.58,1,11.20,1,29.33,10,7
4,0,4,0,1,29.88,1,42.17,1,22.66,4,4
4,1,4,2,0,30.40,0,42.49,1,19.61,3,2
6,0,6,0,1,16.50,1,28.44,1,26.25,6,6
3,0,6,0,1,25.00,1,37.99,1,20.60,3,6
4,0,7,2,0,16.75,0,30.28,1,24.84,4,5
3,0,2,0,1,42.70,1,53.71,1,16.60,3,2
5,0,2,0,1,33.79,1,45.84,1,19.68,5,2
8,1,5,0,0,13.66,1,25.63,1,28.68,7,5
7,1,4,3,0,19.76,0,32.48,0,25.28,6,1
4,0,3,1,0,33.77,1,45.89,1,18.88,4,2
9,1,5,1,0,10.96,1,20.63,1,25.39,8,4
1,0,4,0,1,42.73,1,53.13,0,-86.95,1,4
6,1,3,0,1,24.87,1,37.92,1,24.06,5,3
4,0,6,0,1,23.85,1,35.96,1,25.46,4,6
3,0,3,0,1,38.23,1,49.89,1,19.46,3,3
5,0,6,0,1,19.62,1,31.80,1,27.30,5,6
4,1,3,0,0,34.02,1,45.94,1,21.82,3,3
9,0,10,2,0,-inf,0,-inf,1,29.04,9,8
5,0,3,0,1,30.83,1,42.53,1,21.04,5,3
10,1,3,0,0,-inf,1,26.04,1,26.55,9,3
8,1,4,2,0,-inf,0,26.48,1,24.29,7,2
5,0,7,1,0,12.53,1,26.72,1,22.67,5,6
4,0,3,1,0,33.91,1,46.09,1,20.02,4,2
3,0,5,1,0,29.57,1,42.02,1,22.82,3,4
7,0,4,0,1,15.83,1,29.72,1,22.90,7,4
4,1,0,0,0,46.67,1,53.13,0,-89.39,3,0
6,0,7,2,0,9.46,0,22.80,1,25.33,6,5
4,0,6,0,1,22.00,1,34.58,1,24.19,4,6
6,1,7,0,0,8.39,1,22.75,1,23.94,5,7
7,0,4,1,0,18.51,1,31.07,1,24.55,7,3
1,0,5,0,1,38.57,1,49.37,0,-87.48,1,5
3,0,4,0,1,34.30,1,46.16,1,22.63,3,4
8,1,6,1,0,-inf,1,16.88,1,26.22,7,5
1,0,6,2,0,33.81,0,45.21,0,-86.98,1,4
8,1,6,0,0,6.75,1,18.64,1,25.60,7,6
7,1,6,0,0,7.78,1,22.35,1,25.66,6,6
8,1,3,0,0,-inf,1,31.03,1,23.82,7,3
1,0,9,1,0,-inf,1,35.32,0,-85.95,1,8
3,0,5,0,1,29.60,1,42.21,1,18.89,3,5
3,0,8,3,0,-inf,0,29.78,1,23.82,3,5
8,0,4,0,1,18.31,1,29.80,1,27.91,8,4
4,0,7,0,1,17.11,1,30.05,1,24.32,4,7
8,0,7,0,1,6.58,1,15.72,1,25.32,8,7
4,0,3,2,0,36.26,0,47.56,0,19.93,4,1
5,1,2,0,1,34.31,1,45.89,1,17.61,4,2
8,0,5,0,1,12.66,1,23.03,1,25.33,8,5
7,0,9,1,1,5.17,1,13.25,1,29.49,7,8
8,0,4,0,1,16.31,1,27.05,1,23.99,8,4
7,0,7,0,1,6.58,1,18.72,1,26.09,7,7
4,0,4,0,1,29.97,1,42.35,1,22.39,4,4
9,0,5,0,1,10.95,1,20.04,1,24.00,9,5
5,0,5,0,1,20.85,1,34.10,1,22.70,5,5
7,0,4,0,1,21.77,1,34.07,1,27.99,7,4
8,0,5,0,1,12.01,1,23.46,1,25.09,8,5
2,0,9,1,0,-inf,1,29.70,1,20.36,2,8
7,2,5,0,0,-inf,0,27.85,1,27.80,5,5
8,1,4,0,0,-inf,1,28.30,1,27.45,7,4
5,0,6,0,1,19.14,1,31.92,1,27.39,5,6
3,0,8,2,0,-inf,0,30.33,1,24.63,3,6
6,0,2,0,1,28.73,1,41.65,1,21.45,6,2
6,0,3,0,1,25.88,1,37.82,1,20.14,6,3
12,0,3,1,0,19.87,1,25.88,1,24.78,12,2
2,0,3,1,0,42.62,1,53.68,1,18.36,2,2
1,0,3,1,0,46.84,1,57.01,0,-86.36,1,2
6,0,6,0,1,13.25,1,26.57,1,24.17,6,6
3,0,2,0,1,42.66,1,53.70,1,14.67,3,2
4,1,2,0,0,38.22,1,49.76,1,21.28,3,2
2,0,8,0,1,24.40,1,33.97,1,23.01,2,8
4,0,4,1,1,29.95,1,42.46,1,20.55,4,3
5,0,3,1,0,30.13,1,42.28,1,19.29,5,2
8,0,2,0,1,24.25,1,34.34,1,21.59,8,2
2,0,7,1,0,25.54,1,37.91,1,19.93,2,6
2,0,6,1,0,30.01,1,41.72,1,21.65,2,5
5,1,8,1,0,13.43,1,24.94,1,28.91,4,7
4,0,5,0,1,27.04,1,39.21,1,27.08,4,5
7,0,2,0,1,25.08,1,37.78,1,20.86,7,2
7,1,6,0,0,8.81,1,22.63,1,27.35,6,6
5,0,6,0,1,18.50,1,30.84,1,24.43,5,6
3,0,5,0,1,29.86,1,42.20,1,22.75,3,5
5,0,4,0,1,25.54,1,38.45,1,22.47,5,4
3,1,5,0,0,29.43,1,42.08,1,19.94,2,5
5,1,6,2,0,16.46,0,29.64,1,23.46,4,4
8,1,4,1,0,15.03,1,26.72,1,22.71,7,3
7,0,0,0,1,33.00,1,41.11,0,-85.93,7,0
9,0,4,0,1,14.80,1,24.51,1,24.27,9,4
5,0,4,1,0,27.73,1,40.16,1,26.49,5,3
6,0,6,0,1,14.25,1,27.74,1,28.73,6,6
4,2,4,2,0,29.62,0,42.23,1,20.61,2,2
4,1,3,1,0,34.30,1,46.19,1,21.26,3,2
3,2,12,1,0,-inf,0,25.14,0,19.84,1,11
3,0,3,0,1,37.88,1,49.66,1,18.27,3,3
1,0,6,0,1,37.10,1,46.93,0,-83.65,1,6
3,0,3,1,0,38.37,1,49.96,1,17.60,3,2
2,0,6,0,1,30.85,1,42.19,1,20.49,2,6
7,1,2,0,0,25.39,1,37.93,1,21.23,6,2
12,2,2,0,0,-inf,0,-inf,1,23.44,10,2
7,1,7,1,0,-inf,1,19.73,1,26.57,6,6
2,0,5,0,1,34.44,1,46.03,1,19.81,2,5
5,0,4,0,1,25.67,1,38.27,1,22.84,5,4
6,1,6,1,0,14.33,1,26.48,1,25.39,5,5
3,0,4,0,1,33.67,1,45.92,1,19.65,3,4
3,0,3,0,1,38.55,1,50.16,1,17.68,3,3
7,1,2,0,0,27.00,1,38.13,1,21.96,6,2
5,0,5,1,0,21.51,1,34.52,1,22.40,5,4
4,0,2,0,1,38.21,1,49.67,1,20.65,4,2
1,1,3,0,1,47.06,1,57.06,0,-89.46,0,3
3,0,7,0,1,21.33,1,34.66,1,22.86,3,7
4,0,3,1,0,33.72,1,45.88,1,20.48,4,2
9,2,4,0,0,-inf,0,23.61,1,24.76,7,4
10,1,3,0,0,-inf,1,26.55,1,22.88,9,3
6,0,3,0,1,28.64,1,40.09,1,26.72,6,3
3,0,5,0,1,29.67,1,42.02,1,21.17,3,5
7,1,2,1,0,25.38,1,37.18,0,20.13,6,1
6,0,3,1,0,26.00,1,38.55,1,20.09,6,2
2,0,4,2,0,38.23,0,49.70,1,18.61,2,2
2,0,5,0,1,35.06,1,46.13,1,20.59,2,5
3,1,0,0,0,51.25,1,57.01,0,-89.85,2,0
3,0,7,0,1,21.26,1,33.68,1,22.36,3,7
6,2,7,2,0,-inf,0,21.96,1,24.10,4,5
2,0,7,0,1,27.46,1,38.42,1,22.70,2,7
6,0,3,1,0,25.82,1,38.43,1,22.10,6,2
6,0,5,0,1,18.11,1,30.64,1,24.53,6,5
4,1,5,2,0,24.91,0,38.10,1,22.25,3,3
4,1,7,1,0,-inf,1,30.18,1,23.92,3,6
6,0,3,0,1,25.55,1,38.30,1,23.81,6,3
5,0,3,0,1,29.94,1,42.08,1,21.58,5,3
7,0,8,2,0,-inf,0,12.97,1,25.34,7,6
6,0,3,0,1,26.27,1,38.16,1,22.40,6,3
6,0,7,0,1,10.13,1,24.33,1,27.67,6,7
6,0,3,0,1,25.59,1,38.33,1,20.51,6,3
2,0,5,1,0,34.08,1,45.83,1,17.77,2,4
4,0,7,0,1,19.95,1,32.23,1,25.28,4,7
5,0,3,0,1,30.31,1,42.34,1,20.67,5,3
8,0,4,1,0,14.84,1,28.43,1,26.77,8,3
1,0,2,0,1,51.37,1,60.73,0,-90.80,1,2
3,1,5,1,0,29.28,1,41.96,1,21.98,2,4
2,0,3,0,1,42.59,1,53.68,1,16.46,2,3
1,0,2,1,0,51.13,1,60.68,0,-92.17,1,1
5,0,4,1,0,25.17,1,38.35,1,22.96,5,3
4,1,4,1,0,29.92,1,42.27,1,22.63,3,3
4,0,2,0,1,38.42,1,49.77,1,20.50,4,2
5,0,8,1,0,-inf,1,24.35,1,27.13,5,7
3,0,5,0,1,29.72,1,42.38,1,18.99,3,5
3,0,5,1,0,30.62,1,42.58,1,21.30,3,4
5,1,5,0,0,21.18,1,34.29,1,22.25,4,5
3,0,7,2,0,22.63,0,34.54,1,22.99,3,5
6,1,5,0,0,17.18,1,30.45,1,24.87,5,5
4,0,4,2,0,32.09,0,43.78,1,26.04,4,2
13,0,8,1,0,-inf,1,4.32,1,28.34,13,7
3,0,2,1,0,42.90,1,53.82,0,-87.87,3,1
4,0,6,0,1,19.02,1,33.72,1,21.44,4,6
5,0,4,0,1,25.19,1,38.10,1,22.71,5,4
9,0,9,1,0,-inf,1,4.32,1,26.59,9,8
6,0,3,0,1,25.66,1,38.26,1,19.97,6,3
1,0,0,0,1,59.91,1,64.00,0,-198.00,1,0
5,0,5,1,0,20.72,1,34.03,1,23.92,5,4
2,0,7,0,1,27.33,1,38.18,1,22.86,2,7
5,0,7,1,0,14.12,1,26.73,1,24.54,5,6
1,0,10,2,0,-inf,0,-inf,0,-83.36,1,8
3,0,4,1,0,34.07,1,46.07,1,18.89,3,3
6,0,5,0,1,17.38,1,30.52,1,23.44,6,5
3,0,5,1,0,29.42,1,42.04,1,21.83,3,4
2,0,4,1,0,38.05,1,49.74,1,16.32,2,3
7,0,3,0,1,21.94,1,34.88,1,24.02,7,3
6,0,8,1,0,-inf,1,20.29,1,29.08,6,7
4,0,3,0,1,33.96,1,46.20,1,19.33,4,3
4,0,6,3,0,23.92,0,36.29,1,25.23,4,3
5,0,7,2,0,-inf,0,25.49,1,24.83,5,5
4,0,6,1,0,19.48,1,33.48,1,22.64,4,5
3,0,3,0,1,38.56,1,50.12,1,20.26,3,3
4,0,6,0,1,22.99,1,34.51,1,23.95,4,6
8,0,3,0,1,19.05,1,30.82,1,23.26,8,3
2,0,7,0,1,27.09,1,38.34,1,19.28,2,7
7,0,4,1,0,18.12,1,30.45,1,23.76,7,3
10,2,2,0,0,-inf,0,-inf,1,21.56,8,2
0,0,4,0,1,47.24,1,53.35,0,-87.59,0,4
8,1,7,0,0,-inf,1,14.58,1,26.44,7,7
2,0,6,2,0,29.88,0,41.74,1,18.61,2,4
4,0,3,0,1,33.95,1,46.05,1,22.06,4,3
7,0,4,1,0,19.29,1,31.28,1,22.53,7,3
5,1,6,0,0,16.28,1,30.49,1,24.56,4,6
6,0,7,0,1,10.08,1,22.84,1,25.23,6,7
4,1,3,0,0,33.82,1,46.00,1,18.58,3,3
9,0,6,0,1,7.51,1,16.55,1,25.99,9,6
4,0,2,0,1,37.95,1,49.48,1,21.49,4,2
5,0,5,0,1,22.36,1,34.65,1,23.92,5,5
6,0,9,1,0,5.98,1,16.72,1,28.97,6,8
3,1,7,1,0,-inf,1,34.03,1,23.16,2,6
11,1,3,0,0,-inf,1,24.85,1,23.34,10,3
4,0,2,0,1,38.62,1,49.93,1,20.67,4,2
1,0,4,1,0,42.73,1,53.13,0,-87.94,1,3
6,2,6,1,0,13.40,1,26.08,1,22.67,4,5
1,0,3,1,0,46.69,1,56.99,0,-88.69,1,2
4,1,6,0,0,21.98,1,34.38,1,22.19,3,6
3,0,5,1,0,29.98,1,42.12,1,21.91,3,4
6,0,1,0,1,32.29,1,44.64,0,-86.63,6,1
4,0,7,0,1,18.31,1,30.83,1,24.35,4,7
2,0,3,1,0,42.68,1,53.68,1,18.78,2,2
5,1,4,0,0,25.29,1,38.11,1,23.29,4,4
11,1,7,2,0,-inf,1,8.78,1,27.27,10,5
1,0,3,0,1,47.29,1,57.11,0,-88.83,1,3
7,0,5,1,0,15.34,1,26.73,1,24.10,7,4
6,0,5,0,1,18.33,1,30.92,1,24.67,6,5
8,0,6,1,0,8.49,1,19.57,1,25.71,8,5
5,1,5,0,0,19.98,1,34.13,1,23.35,4,5
4,0,5,2,0,25.72,0,38.33,1,21.49,4,3
10,0,2,1,0,23.61,1,30.34,0,19.53,10,1
6,0,6,0,1,12.56,1,27.49,1,26.42,6,6
7,0,6,0,1,15.75,1,28.01,1,28.14,7,6
5,1,4,0,0,25.95,1,38.53,1,23.55,4,4
5,0,7,1,0,13.47,1,26.48,1,24.64,5,6
4,2,5,0,0,27.69,0,39.81,1,28.13,2,5
9,1,5,0,0,-inf,1,18.16,1,26.28,8,5
2,0,3,0,1,42.43,1,53.52,1,19.27,2,3
3,1,4,2,0,34.43,0,46.20,1,19.50,2,2
6,0,6,0,1,15.28,1,27.90,1,26.60,6,6
2,0,3,1,0,42.65,1,53.66,1,17.33,2,2
4,0,4,0,1,30.45,1,42.59,1,21.27,4,4
3,0,4,0,1,34.14,1,46.13,1,23.51,3,4
2,0,2,1,0,46.76,1,57.30,0,15.55,2,1
2,1,5,1,0,34.55,1,46.35,0,15.26,1,4
6,1,8,1,0,5.39,1,18.16,1,25.60,5,7
5,2,1,0,0,38.23,0,49.05,0,-88.21,3,1
5,1,5,0,0,25.96,1,37.81,1,29.17,4,5
1,0,5,0,1,38.94,1,49.38,0,-86.82,1,5
3,0,2,1,0,42.88,1,53.78,0,16.57,3,1
6,1,3,1,0,24.35,1,37.76,1,22.02,5,2
8,0,4,0,1,17.58,1,27.61,1,23.63,8,4
7,0,7,1,0,2.58,1,17.78,1,25.47,7,6
5,0,7,2,0,13.59,0,27.94,1,28.49,5,5
1,0,6,0,1,33.92,1,45.05,0,-87.00,1,6
6,1,7,0,0,10.39,1,22.67,1,24.42,5,7
4,1,2,0,0,38.30,1,49.87,1,18.06,3,2
6,0,11,1,1,5.75,1,13.09,1,26.86,6,10
3,0,3,0,1,40.51,1,51.10,1,22.84,3,3
2,0,5,0,1,36.24,1,47.43,1,22.48,2,5
6,0,5,1,0,15.81,1,30.03,1,23.70,6,4
4,1,2,0,0,38.39,1,49.83,1,20.73,3,2
5,1,3,0,0,29.51,1,42.21,1,22.53,4,3
5,0,4,1,0,25.10,1,37.88,1,20.37,5,3
5,0,4,2,0,27.94,0,40.11,1,26.24,5,2
4,0,3,0,1,34.05,1,46.19,1,20.99,4,3
5,0,6,2,0,19.22,0,32.09,1,24.95,5,4
4,0,2,0,1,38.30,1,49.65,1,18.15,4,2
5,0,5,0,1,21.93,1,34.60,1,23.22,5,5
2,0,5,0,1,34.00,1,45.91,1,20.29,2,5
5,0,6,1,0,16.33,1,29.89,1,24.69,5,5
7,0,2,0,1,24.33,1,37.23,1,22.60,7,2
3,0,7,0,1,19.08,1,33.76,1,22.42,3,7
6,0,2,0,1,33.17,1,43.58,1,25.89,6,2
3,1,7,0,1,21.32,1,34.43,1,22.43,2,7
7,0,6,1,0,8.17,1,22.44,1,25.16,7,5
3,0,11,1,0,-inf,1,25.01,1,26.90,3,10
3,1,4,1,0,34.06,1,45.94,1,18.01,2,3
8,0,3,1,0,18.95,1,31.05,1,23.09,8,2
7,0,2,0,1,27.24,1,39.71,1,24.54,7,2
2,0,8,0,1,23.53,1,34.48,1,22.26,2,8
2,0,4,1,0,38.34,1,49.86,1,20.41,2,3
2,1,3,0,0,42.94,1,53.87,0,19.88,1,3
5,0,3,0,1,29.92,1,42.36,1,22.68,5,3
2,0,10,0,1,24.51,1,32.00,1,24.24,2,10
3,0,4,1,0,33.98,1,46.22,1,19.23,3,3
4,0,5,1,0,24.79,1,37.84,1,22.07,4,4
9,1,4,0,0,-inf,1,24.15,1,24.45,8,4
3,0,10,1,0,-inf,1,24.95,1,26.15,3,9
5,2,3,0,0,30.13,1,42.33,1,22.40,3,3
7,0,5,0,1,14.63,1,26.49,1,24.11,7,5
7,1,0,0,0,34.00,1,41.44,0,-87.35,6,0
2,0,6,0,1,31.70,1,43.15,1,25.35,2,6
3,0,5,0,1,29.98,1,42.41,1,19.65,3,5
3,0,5,1,0,29.25,1,41.95,1,22.37,3,4
8,0,3,0,1,22.35,1,31.68,1,28.50,8,3
7,0,1,0,1,29.77,1,40.70,0,-85.95,7,1
5,1,11,0,1,10.13,1,17.85,1,25.84,4,11
6,1,7,2,0,-inf,0,21.59,1,23.69,5,5
7,0,9,1,0,-inf,1,10.12,1,26.64,7,8
4,0,4,1,0,30.35,1,42.57,1,21.31,4,3
4,0,6,2,0,20.30,0,33.91,1,22.02,4,4
3,0,4,0,1,33.79,1,45.95,1,21.46,3,4
6,1,10,0,0,6.17,1,14.17,1,26.30,5,10
3,0,4,2,0,34.45,0,46.25,1,20.60,3,2
3,1,6,0,0,25.00,1,38.15,1,24.49,2,6
4,0,1,0,1,43.14,1,53.35,0,-88.15,4,1
8,0,5,1,0,10.78,1,22.38,1,24.47,8,4
2,0,6,0,1,30.62,1,42.00,1,22.84,2,6
3,1,2,0,0,42.74,1,53.80,1,17.39,2,2
5,0,8,0,1,11.75,1,22.81,1,23.47,5,8
5,0,7,0,1,14.92,1,27.95,1,27.81,5,7
10,0,3,1,0,19.00,1,25.82,1,25.63,10,2
9,1,5,1,0,10.88,1,21.88,1,27.97,8,4
5,0,3,0,1,29.67,1,41.81,1,21.51,5,3
6,0,6,0,1,11.71,1,26.21,1,25.03,6,6
6,2,4,1,0,21.60,0,34.24,1,21.88,4,3
6,0,9,2,0,-inf,0,15.01,1,26.33,6,7
4,1,5,1,0,25.47,1,38.49,1,23.41,3,4
8,2,6,0,0,-inf,0,19.27,1,26.65,6,6
7,1,4,0,0,-inf,1,29.47,1,24.06,6,4
3,0,7,0,1,24.08,1,35.81,1,26.05,3,7
3,0,5,1,0,29.79,1,42.02,1,20.88,3,4
7,0,3,0,1,22.91,1,34.37,1,22.85,7,3
8,0,6,0,1,6.63,1,19.24,1,26.57,8,6
2,1,8,0,0,24.46,1,34.57,0,20.94,1,8
5,1,0,0,0,42.88,1,49.02,0,-85.20,4,0
4,1,8,1,0,-inf,1,25.88,1,23.94,3,7
4,0,2,1,0,38.69,1,49.97,0,19.77,4,1
6,1,5,0,0,16.84,1,30.09,1,23.45,5,5
4,0,0,0,1,46.87,1,53.18,0,-88.02,4,0
7,1,3,0,0,22.01,1,33.55,1,22.89,6,3
3,0,4,0,1,36.07,1,47.53,1,24.16,3,4
7,0,3,0,1,21.51,1,34.51,1,21.28,7,3
9,0,7,0,1,3.58,1,13.47,1,26.82,9,7
5,0,3,0,1,30.24,1,42.24,1,20.37,5,3
8,0,4,0,1,16.93,1,28.29,1,25.41,8,4
2,0,3,0,1,42.45,1,53.58,1,19.53,2,3
7,0,2,0,1,31.12,1,41.88,1,25.47,7,2
9,1,9,1,0,-inf,1,4.75,1,29.80,8,8
3,0,4,0,1,34.31,1,46.33,1,21.17,3,4
4,1,4,0,0,29.61,1,42.05,1,21.81,3,4
3,0,6,0,1,26.55,1,38.55,1,21.50,3,6
5,1,3,0,0,28.78,1,41.74,1,21.02,4,3
5,0,3,0,1,30.23,1,42.47,1,21.21,5,3
1,0,4,0,1,42.48,1,53.16,0,-88.97,1,4
10,1,4,0,0,-inf,1,21.24,1,25.34,9,4
2,1,7,0,0,27.46,1,38.13,0,19.36,1,7
7,0,7,0,1,5.75,1,18.70,1,26.30,7,7
3,0,6,1,0,25.33,1,38.06,1,19.70,3,5
4,0,4,1,0,32.41,1,43.87,1,26.38,4,3
11,0,3,0,1,19.08,1,25.95,1,25.09,11,3
4,1,8,2,0,-inf,0,24.80,1,24.42,3,6
4,0,6,0,1,21.51,1,34.29,1,22.84,4,6
3,0,3,0,1,38.36,1,49.89,1,19.91,3,3
7,1,6,0,0,13.02,1,24.37,1,26.55,6,6
4,1,5,1,0,25.75,1,38.34,1,21.24,3,4
7,1,2,0,0,28.31,1,39.86,1,22.25,6,2
6,0,3,0,1,27.96,1,40.00,1,25.32,6,3
1,0,5,0,1,38.65,1,49.23,0,-86.80,1,5
5,0,4,1,1,25.25,1,38.30,1,20.47,5,3
9,0,1,0,1,27.75,1,35.00,0,-85.07,9,1
3,0,3,0,1,38.46,1,50.08,1,19.71,3,3
6,1,2,0,0,29.95,1,41.56,1,20.57,5,2
10,0,3,1,0,19.26,1,28.07,1,23.67,10,2
6,0,2,1,0,31.18,1,42.28,0,17.35,6,1
5,0,3,1,0,29.57,1,42.22,1,21.08,5,2
7,2,5,0,0,13.76,1,26.56,1,23.96,5,5
4,0,6,1,0,24.01,1,35.69,1,26.22,4,5
5,0,6,0,1,16.16,1,30.26,1,24.07,5,6
3,0,4,0,1,34.08,1,46.00,1,20.37,3,4
4,0,7,0,1,17.83,1,30.22,1,25.79,4,7
8,0,8,1,0,-inf,1,13.94,1,29.73,8,7
7,1,5,1,0,12.81,1,26.75,1,25.07,6,4
1,0,8,0,1,28.79,1,38.46,0,-85.59,1,8
4,1,7,1,0,18.72,1,30.68,1,22.75,3,6
6,0,5,0,1,19.51,1,32.28,1,27.12,6,5
4,0,7,2,0,19.20,0,30.77,1,23.14,4,5
1,0,1,0,1,55.34,1,64.00,0,-198.00,1,1
5,1,3,0,0,29.49,1,42.18,1,22.11,4,3
7,0,7,0,1,7.37,1,20.56,1,27.54,7,7
4,0,3,1,0,33.92,1,46.08,1,19.40,4,2
8,0,7,0,1,3.46,1,16.28,1,28.96,8,7
7,1,5,0,1,13.58,1,26.56,1,24.20,6,5
3,0,5,0,1,29.28,1,41.98,1,22.58,3,5
4,0,4,1,0,30.00,1,42.37,1,21.65,4,3
2,0,6,0,1,30.48,1,41.70,1,21.06,2,6
4,0,5,1,0,25.86,1,38.47,1,22.49,4,4
3,1,2,0,0,42.42,1,53.62,1,19.23,2,2
3,0,7,0,1,21.67,1,34.00,1,22.02,3,7
2,0,3,0,1,42.93,1,53.84,1,19.07,2,3
8,2,4,0,0,-inf,0,25.11,1,24.57,6,4
5,0,2,0,1,33.78,1,45.76,1,19.57,5,2
3,0,6,1,0,25.56,1,38.06,1,20.70,3,5
2,0,7,0,1,27.00,1,38.38,1,23.60,2,7
4,1,3,0,0,33.71,1,45.92,1,22.56,3,3
6,0,5,2,0,16.00,0,29.98,1,25.24,6,3
4,0,2,1,0,38.13,1,49.62,0,17.77,4,1
4,0,5,0,1,25.68,1,38.39,1,20.72,4,5
5,0,8,3,0,-inf,0,21.66,1,24.60,5,5
6,0,6,0,1,14.21,1,27.57,1,28.60,6,6
10,0,2,0,1,23.47,1,29.70,1,22.38,10,2
9,1,5,0,0,-inf,1,19.45,1,25.64,8,5
3,0,4,0,1,36.22,1,47.22,1,28.06,3,4
2,0,3,0,1,42.58,1,53.64,1,18.91,2,3
10,0,2,1,0,23.39,1,31.25,0,22.38,10,1
6,1,7,2,0,-inf,0,22.22,1,25.27,5,5
8,1,6,0,0,-inf,1,17.46,1,24.83,7,6
6,1,3,1,0,25.82,1,38.14,1,23.18,5,2
7,1,4,1,0,19.55,1,30.91,1,25.21,6,3
6,1,8,1,0,7.13,1,19.01,1,26.94,5,7
4,0,5,2,0,24.39,0,37.90,1,21.14,4,3
6,0,6,1,0,15.63,1,28.27,1,27.28,6,5
5,0,4,0,1,25.51,1,38.20,1,22.58,5,4
8,1,8,0,0,-inf,1,11.08,1,25.94,7,8
4,1,7,0,0,19.59,1,30.96,1,23.35,3,7
7,2,8,0,0,8.83,0,19.45,1,30.44,5,8
4,0,2,0,1,38.76,1,49.87,1,19.16,4,2
2,0,2,0,1,46.89,1,57.38,1,20.39,2,2
7,0,5,0,1,13.79,1,26.49,1,26.23,7,5
8,1,2,1,0,-inf,1,34.34,0,21.94,7,1
6,1,2,0,0,31.62,1,43.33,1,24.55,5,2
6,3,4,0,0,21.40,0,34.33,1,24.11,3,4
7,1,5,1,0,14.30,1,26.31,1,24.01,6,4
4,0,4,1,0,31.80,1,43.52,1,25.63,4,3
3,0,2,0,1,42.92,1,53.82,1,17.28,3,2
5,0,6,2,0,17.05,0,30.20,1,24.51,5,4
4,0,3,0,1,33.53,1,45.71,1,19.15,4,3
7,0,3,0,1,22.35,1,34.51,1,27.23,7,3
6,0,5,0,1,17.43,1,29.95,1,25.21,6,5
4,0,5,0,1,26.03,1,38.31,1,22.71,4,5
3,0,2,0,1,42.54,1,53.64,1,18.41,3,2
6,0,5,1,0,16.63,1,30.34,1,22.63,6,4
5,0,4,0,1,25.47,1,38.26,1,21.68,5,4
4,0,6,1,0,20.98,1,34.02,1,22.28,4,5
4,0,4,0,1,30.10,1,42.47,1,21.80,4,4
6,2,9,1,0,-inf,0,14.76,1,26.11,4,8
7,0,7,0,1,8.17,1,19.35,1,25.89,7,7
5,1,5,1,0,21.30,1,34.27,1,24.82,4,4
9,3,5,0,0,-inf,0,19.39,1,23.86,6,5
3,0,5,0,1,29.64,1,42.18,1,22.19,3,5
2,0,5,0,1,34.51,1,45.96,1,19.21,2,5
5,0,5,0,1,21.06,1,34.08,1,22.25,5,5
2,1,5,0,0,34.66,1,46.12,0,18.35,1,5
3,0,9,0,1,19.17,1,28.70,1,22.75,3,9
3,0,0,0,1,51.04,1,56.95,0,-88.87,3,0
3,0,2,0,1,42.52,1,53.67,1,19.73,3,2
4,0,6,1,1,20.84,1,33.96,1,22.75,4,5
7,2,0,0,0,37.17,0,43.71,0,-81.30,5,0
8,0,7,0,1,2.58,1,13.49,1,25.36,8,7
3,0,5,0,1,29.41,1,42.30,1,19.31,3,5
3,0,5,1,0,29.97,1,42.19,1,21.27,3,4
6,0,9,1,0,-inf,1,16.15,1,27.37,6,8
3,0,11,0,1,19.13,1,26.56,1,24.57,3,11
6,1,8,1,0,-inf,1,18.73,1,24.84,5,7
1,0,3,0,1,46.96,1,57.00,0,-89.17,1,3
3,0,6,0,1,25.45,1,38.18,1,21.71,3,6
4,0,8,0,1,17.57,1,27.89,1,23.29,4,8
5,2,5,0,0,21.13,0,34.33,1,23.42,3,5
5,0,1,0,1,38.29,1,49.13,0,-87.19,5,1
5,0,3,0,1,29.56,1,42.09,1,21.80,5,3
4,0,4,0,1,29.64,1,42.25,1,22.75,4,4
2,0,5,0,1,33.71,1,45.85,1,19.24,2,5
5,0,4,1,0,25.55,1,38.28,1,22.36,5,3
2,0,3,0,1,42.60,1,53.68,1,16.76,2,3
5,0,2,1,0,34.31,1,45.99,0,19.88,5,1
3,0,1,0,1,46.84,1,57.00,0,-88.53,3,1
3,0,13,0,1,19.21,1,25.02,1,25.64,3,13
5,3,5,0,0,20.97,0,34.38,1,23.81,2,5
6,0,4,0,1,21.39,1,34.48,1,22.90,6,4
6,0,6,0,1,16.70,1,28.46,1,25.32,6,6
4,1,6,0,0,23.92,1,35.59,1,27.18,3,6
6,1,10,1,0,-inf,1,13.21,1,26.61,5,9
7,0,8,0,1,3.58,1,15.70,1,26.40,7,8
3,0,4,0,1,33.89,1,45.87,1,19.97,3,4
6,0,7,1,0,8.49,1,24.02,1,27.25,6,6
5,0,3,0,1,32.31,1,43.34,1,27.90,5,3
3,0,6,3,0,26.16,0,38.21,1,20.55,3,3
4,0,7,0,1,19.83,1,31.37,1,24.80,4,7
5,0,4,1,0,25.96,1,38.43,1,22.24,5,3
3,1,6,0,0,26.41,1,38.14,1,23.55,2,6
0,0,4,0,1,46.91,1,53.08,0,-88.06,0,4
5,0,11,0,1,11.05,1,18.21,1,27.51,5,11
8,0,7,0,1,4.75,1,15.70,1,28.73,8,7
11,1,0,0,0,-inf,1,32.00,0,-84.63,10,0
5,0,3,0,1,29.76,1,42.14,1,22.24,5,3
5,0,10,3,0,-inf,0,-inf,1,24.33,5,7
4,1,6,1,0,21.89,1,34.22,1,22.78,3,5
2,0,5,0,1,34.05,1,45.76,1,19.67,2,5
7,0,7,2,0,4.58,0,20.12,1,27.76,7,5
4,1,3,0,1,34.04,1,46.13,1,21.18,3,3
3,0,2,1,0,42.59,1,53.60,0,11.54,3,1
5,0,4,0,1,25.75,1,38.36,1,22.82,5,4
5,0,9,0,1,10.73,1,20.92,1,25.51,5,9
5,0,6,0,1,17.09,1,30.61,1,23.92,5,6
4,0,3,1,0,34.06,1,46.11,1,20.85,4,2
6,1,5,0,0,19.57,1,31.90,1,28.94,5,5
2,0,5,2,0,36.48,0,47.50,1,23.03,2,3
8,1,3,1,0,-inf,1,29.42,1,23.52,7,2
4,0,6,2,0,20.88,0,34.23,1,23.45,4,4
6,0,8,0,1,7.29,1,19.51,1,26.15,6,8
1,0,1,0,1,55.51,1,64.00,0,-198.00,1,1
5,0,5,0,1,20.84,1,34.13,1,24.03,5,5
2,0,8,0,1,24.55,1,33.56,1,20.43,2,8
1,0,6,0,1,34.19,1,45.34,0,-86.06,1,6
7,0,8,1,0,-inf,1,16.23,1,28.75,7,7
5,0,6,0,1,20.78,1,32.11,1,26.07,5,6
4,0,3,0,1,34.14,1,46.14,1,22.27,4,3
1,0,6,0,1,33.41,1,44.87,0,-86.35,1,6
4,0,1,0,1,42.37,1,52.92,0,-87.92,4,1
7,0,2,0,1,24.35,1,37.47,1,20.35,7,2
2,0,8,1,0,-inf,1,35.89,1,25.01,2,7
6,1,2,0,0,28.05,1,41.54,1,21.49,5,2
6,0,6,1,0,12.81,1,26.35,1,25.06,6,5
6,0,8,0,1,6.23,1,18.59,1,25.09,6,8
5,0,2,0,1,33.53,1,45.68,1,20.53,5,2
3,1,6,0,0,25.39,1,38.39,1,21.26,2,6
3,1,4,0,0,34.58,1,46.47,1,19.93,2,4
5,0,6,0,1,18.43,1,30.69,1,24.78,5,6
3,1,4,1,0,33.94,1,46.08,1,18.95,2,3
6,0,2,0,1,29.95,1,42.01,1,19.91,6,2
1,0,7,2,0,30.82,0,41.16,0,-87.16,1,5
4,1,5,0,0,26.11,1,38.68,1,22.68,3,5
2,0,4,1,0,38.18,1,49.86,1,17.24,2,3
3,0,4,1,0,33.84,1,46.06,1,20.41,3,3
10,0,4,0,1,14.72,1,22.07,1,24.82,10,4
2,0,1,0,1,51.15,1,60.63,0,-88.19,2,1
3,2,5,0,0,29.89,0,42.15,0,21.83,1,5
4,0,4,0,1,30.14,1,42.30,1,21.79,4,4
3,1,4,0,0,34.00,1,45.97,1,20.83,2,4
7,1,6,0,0,11.85,1,23.45,1,24.41,6,6
5,0,4,0,1,25.80,1,38.54,1,21.73,5,4
6,0,5,1,0,19.57,1,32.04,1,28.07,6,4
8,0,2,0,1,25.49,1,36.58,1,24.21,8,2
3,2,7,0,0,20.28,0,34.22,0,22.64,1,7
5,1,11,2,0,-inf,0,-inf,1,28.72,4,9
2,0,7,0,1,26.55,1,37.60,1,20.78,2,7
2,0,4,0,1,38.12,1,49.60,1,17.04,2,4
5,1,3,0,0,29.50,1,41.98,1,22.91,4,3
4,0,4,0,1,29.69,1,42.21,1,23.37,4,4
2,0,7,0,1,25.36,1,37.75,1,20.24,2,7
8,1,5,0,0,-inf,1,21.63,1,24.62,7,5
8,0,7,1,0,4.58,1,15.29,1,26.12,8,6
3,1,4,1,0,33.46,1,45.87,1,21.88,2,3
8,0,6,0,1,6.17,1,18.96,1,25.59,8,6
2,1,3,0,0,42.23,1,53.47,0,16.90,1,3
2,0,4,0,1,38.35,1,49.85,1,19.21,2,4
7,0,4,1,0,19.48,1,31.68,1,27.12,7,3
3,1,4,0,0,33.38,1,45.77,1,19.43,2,4
8,0,2,0,1,26.43,1,36.53,1,23.28,8,2
4,1,4,0,0,29.93,1,42.29,1,21.23,3,4
5,1,5,0,0,21.81,1,34.49,1,22.69,4,5
3,0,6,0,1,26.87,1,39.39,1,25.44,3,6
3,0,7,0,1,20.46,1,33.20,1,22.95,3,7
5,0,7,1,0,17.90,1,29.88,1,31.65,5,6
7,0,1,0,1,31.74,1,41.48,0,-85.75,7,1
5,0,6,0,1,17.03,1,30.45,1,24.56,5,6
4,0,2,0,1,38.24,1,49.74,1,18.67,4,2
8,1,6,1,0,-inf,1,17.17,1,24.70,7,5
0,0,3,0,1,51.28,1,57.04,0,-89.23,0,3
3,0,1,0,1,46.65,1,56.78,0,-90.59,3,1
5,1,6,0,0,18.15,1,30.51,1,25.58,4,6
5,0,6,1,0,16.50,1,30.33,1,24.35,5,5
3,0,4,0,1,34.45,1,46.48,1,21.37,3,4
5,0,1,0,1,38.24,1,49.05,0,-86.11,5,1
8,3,5,0,0,-inf,0,23.28,1,25.91,5,5
5,0,4,0,1,26.07,1,38.43,1,22.75,5,4
5,1,6,0,0,17.17,1,30.48,1,24.89,4,6
6,1,8,3,0,-inf,0,18.22,1,24.76,5,5
3,0,2,0,1,42.72,1,53.82,1,17.05,3,2
5,2,6,1,0,16.66,0,30.16,1,24.34,3,5
3,0,8,2,0,-inf,0,28.92,1,23.65,3,6
1,0,6,0,1,34.35,1,45.22,0,-86.76,1,6
3,0,3,0,1,38.12,1,49.89,1,20.11,3,3
6,1,2,0,0,29.64,1,41.57,1,21.93,5,2
2,0,6,0,1,29.77,1,41.62,1,18.62,2,6
8,0,2,0,1,25.20,1,35.66,1,20.62,8,2
2,0,5,1,0,33.86,1,45.58,1,21.50,2,4
6,0,5,0,1,17.28,1,30.37,1,25.05,6,5
7,0,4,0,1,19.96,1,31.93,1,25.89,7,4
7,0,3,0,1,22.85,1,34.62,1,23.19,7,3
3,0,1,0,1,47.01,1,57.02,0,-88.29,3,1
4,1,6,0,0,23.41,1,35.82,1,25.05,3,6
5,0,3,0,1,29.60,1,41.90,1,21.69,5,3
4,0,3,0,1,33.72,1,46.14,1,19.49,4,3
3,0,4,2,0,33.96,0,45.98,1,19.98,3,2
3,0,4,1,0,34.27,1,46.18,1,21.44,3,3
6,0,7,1,1,10.37,1,22.86,1,27.25,6,6
5,2,6,0,0,18.68,0,31.99,1,27.07,3,6
9,1,8,0,0,-inf,1,7.93,1,26.80,8,8
8,0,2,0,1,26.80,1,35.50,1,23.55,8,2
3,2,0,0,0,51.05,0,56.92,0,-93.00,1,0
2,0,6,1,0,29.58,1,41.87,1,21.18,2,5
4,1,9,2,0,-inf,0,24.47,1,22.86,3,7
1,0,5,0,1,37.83,1,48.96,0,-88.14,1,5
3,0,4,2,0,-inf,1,44.10,1,20.85,3,2
9,1,3,0,0,18.87,1,29.06,1,25.98,8,3
9,2,5,1,0,-inf,1,19.09,1,26.74,7,4
9,0,6,1,0,6.63,1,15.55,1,25.58,9,5
5,2,2,0,0,33.07,0,45.50,1,17.92,3,2
2,0,3,1,0,42.32,1,53.53,1,13.98,2,2
5,0,4,0,1,25.69,1,38.54,1,23.04,5,4
4,0,4,0,1,30.02,1,42.27,1,22.39,4,4
2,0,3,0,1,42.37,1,53.55,1,17.22,2,3
3,0,4,1,0,33.73,1,45.82,1,20.71,3,3
4,2,3,0,0,34.17,0,46.15,1,19.39,2,3
7,1,5,3,0,-inf,0,27.04,1,25.06,6,2
4,1,5,1,0,25.48,1,38.29,1,20.94,3,4
9,1,3,0,0,19.15,1,28.04,1,25.01,8,3
4,0,3,0,1,34.17,1,46.10,1,18.99,4,3
3,0,5,0,1,29.51,1,42.10,1,20.95,3,5
6,0,3,0,1,27.41,1,39.73,1,26.28,6,3
4,0,6,0,1,21.65,1,34.24,1,22.20,4,6
5,0,6,0,1,17.43,1,30.72,1,24.52,5,6
4,1,6,2,0,20.94,1,34.43,1,22.64,3,4
6,0,2,0,1,31.21,1,42.09,1,20.40,6,2
1,0,3,1,0,46.85,1,56.99,0,-88.81,1,2
7,0,2,0,1,27.76,1,38.50,1,19.14,7,2
2,0,2,1,0,46.91,1,57.39,0,15.38,2,1
8,0,2,0,1,23.35,1,33.83,1,22.79,8,2
3,0,3,0,1,37.92,1,49.67,1,20.23,3,3
5,0,4,0,1,27.60,1,39.71,1,27.70,5,4
3,0,9,1,0,-inf,1,27.60,1,22.95,3,8
3,0,2,0,1,42.60,1,53.66,1,20.42,3,2
7,0,3,0,1,21.10,1,33.47,1,23.11,7,3
5,0,5,0,1,21.59,1,34.20,1,23.45,5,5
9,1,5,0,0,-inf,1,20.53,1,25.05,8,5
5,0,2,0,1,33.90,1,45.54,1,18.69,5,2
4,0,5,1,0,25.24,1,38.24,1,22.49,4,4
5,1,2,1,0,33.90,1,45.95,0,16.09,4,1
4,0,5,0,1,25.23,1,38.16,1,23.60,4,5
2,0,7,1,0,26.54,1,37.83,1,19.04,2,6
6,1,6,1,0,14.14,1,27.57,1,22.25,5,5
3,0,4,0,1,33.88,1,46.01,1,23.03,3,4
0,0,4,0,1,47.07,1,53.11,0,-86.83,0,4
5,0,5,1,0,21.11,1,33.85,1,23.61,5,4
3,0,5,1,0,32.36,1,43.90,1,25.20,3,4
10,0,7,1,0,1.00,1,14.11,1,29.82,10,6
3,0,3,0,1,38.16,1,49.85,1,18.97,3,3
9,0,5,0,1,10.84,1,20.67,1,25.80,9,5
4,1,6,0,0,21.94,1,34.48,1,20.00,3,6
9,1,3,0,0,-inf,1,27.89,1,22.18,8,3
2,0,10,0,1,23.35,1,30.26,1,25.31,2,10
8,0,4,0,1,17.04,1,27.65,1,24.83,8,4
5,1,4,1,0,25.23,1,38.27,1,22.01,4,3
4,0,7,0,1,19.61,1,31.46,1,23.25,4,7
5,1,5,0,0,21.51,1,34.34,1,23.25,4,5
4,0,5,1,0,25.19,1,38.34,1,23.10,4,4
7,1,6,0,0,10.02,1,22.61,1,24.67,6,6
3,1,2,0,0,42.71,1,53.74,1,16.36,2,2
6,0,3,2,0,25.50,0,38.36,0,20.30,6,1
4,0,8,0,1,14.83,1,26.47,1,23.86,4,8
5,0,2,0,1,36.30,1,47.36,1,24.74,5,2
5,1,9,1,0,-inf,1,19.21,1,25.72,4,8
4,0,6,0,1,22.43,1,34.49,1,23.39,4,6
6,0,4,0,1,21.07,1,34.27,1,22.62,6,4
2,0,1,0,1,51.23,1,60.71,0,-91.48,2,1
4,0,3,0,1,33.86,1,45.91,1,22.96,4,3
6,0,8,0,1,7.91,1,20.46,1,27.54,6,8
5,0,7,0,1,11.07,1,25.97,1,24.83,5,7
3,0,6,0,1,25.77,1,37.78,1,20.94,3,6
3,0,7,0,1,23.89,1,34.89,1,25.31,3,7
4,0,6,1,0,21.68,1,34.38,1,23.31,4,5
5,1,4,0,0,26.46,1,39.39,1,27.78,4,4
7,0,2,0,1,24.54,1,37.92,1,20.98,7,2
7,1,5,0,0,17.64,1,29.03,1,27.75,6,5
5,1,5,0,0,21.83,1,34.43,1,24.17,4,5
1,0,10,0,1,27.59,1,33.00,0,-85.32,1,10
4,0,6,1,0,19.24,1,33.98,1,22.40,4,5
4,1,3,0,0,36.25,1,47.52,1,25.74,3,3
5,1,4,0,0,27.72,1,39.73,1,25.18,4,4
6,0,5,1,0,18.70,1,31.73,1,26.34,6,4
8,0,5,0,1,11.66,1,23.00,1,25.90,8,5
4,0,8,0,1,14.92,1,27.45,1,23.04,4,8
9,0,6,0,1,7.71,1,17.09,1,26.60,9,6
7,0,6,0,1,12.09,1,23.89,1,27.88,7,6
5,0,11,2,0,-inf,0,-inf,1,27.79,5,9
4,0,4,0,1,29.50,1,42.03,1,21.84,4,4
5,1,4,0,0,25.94,1,38.33,1,21.99,4,4
3,0,1,0,1,47.01,1,57.03,0,-90.83,3,1
5,1,5,0,0,21.46,1,34.39,1,22.99,4,5
3,1,8,1,0,-inf,1,31.06,1,23.01,2,7
2,0,5,0,1,34.06,1,45.90,1,20.76,2,5
6,1,1,0,0,35.25,1,45.29,0,-87.43,5,1
1,0,4,0,1,42.60,1,53.04,0,-88.09,1,4
2,1,6,0,0,30.08,1,41.76,0,20.64,1,6
6,0,6,0,1,11.91,1,26.30,1,24.31,6,6
3,0,6,1,0,25.23,1,38.22,1,22.67,3,5
3,1,5,1,0,29.16,1,42.00,1,20.56,2,4
10,0,2,0,1,23.39,1,30.68,1,23.87,10,2
2,1,10,0,0,23.32,1,29.64,0,-84.98,1,10
5,0,6,0,1,20.14,1,32.38,1,28.35,5,6
5,0,11,1,0,-inf,1,17.03,1,26.88,5,10
10,1,2,0,0,-inf,1,30.98,1,25.65,9,2
8,0,7,0,1,2.58,1,14.18,1,26.13,8,7
1,0,7,1,0,29.26,1,41.20,0,-86.35,1,6
2,0,2,0,1,46.82,1,57.35,1,14.32,2,2
6,1,1,0,0,36.13,1,47.20,0,-84.23,5,1
1,0,4,1,0,42.59,1,53.00,0,-88.96,1,3
5,1,4,0,0,25.54,1,38.17,1,21.09,4,4
5,1,5,0,0,21.03,1,34.15,1,23.64,4,5
7,1,9,1,0,-inf,1,12.70,1,30.66,6,8
5,0,5,1,0,21.38,1,34.24,1,20.98,5,4
9,1,1,0,0,-inf,1,34.32,0,-83.62,8,1
4,0,8,0,1,18.48,1,29.16,1,26.28,4,8
3,0,5,0,1,30.24,1,42.43,1,21.42,3,5
2,1,1,0,0,51.08,1,60.65,0,-91.84,1,1
7,0,7,1,0,7.75,1,20.14,1,28.89,7,6
8,1,4,0,0,-inf,1,25.32,1,24.35,7,4
2,0,7,0,1,27.69,1,37.87,1,18.58,2,7
5,1,4,0,0,27.68,1,39.41,1,23.28,4,4
3,1,3,0,0,38.62,1,50.16,1,17.89,2,3
4,0,3,0,1,34.03,1,46.13,1,20.57,4,3
3,0,3,0,1,38.05,1,49.87,1,20.84,3,3
5,0,5,1,0,20.90,1,34.20,1,23.44,5,4
6,3,3,0,0,25.17,0,38.14,1,22.96,3,3
3,0,3,0,1,38.53,1,50.08,1,21.01,3,3
4,0,3,0,1,34.19,1,46.10,1,21.22,4,3
4,1,5,1,0,25.09,1,38.15,1,23.44,3,4
3,0,2,0,1,42.68,1,53.64,1,18.45,3,2
2,0,2,0,1,47.03,1,57.44,1,16.00,2,2
3,0,5,0,1,29.29,1,42.13,1,21.63,3,5
3,0,5,1,0,29.51,1,42.26,1,19.95,3,4
7,1,3,0,0,20.98,1,33.51,1,21.60,6,3
3,0,2,0,1,42.51,1,53.61,1,17.10,3,2
3,1,7,1,0,24.03,1,36.74,1,23.35,2,6
6,0,5,0,1,19.35,1,32.05,1,29.75,6,5
7,0,0,0,1,33.00,1,40.43,0,-86.35,7,0
8,1,8,0,0,-inf,1,10.27,1,26.76,7,8
5,0,9,1,0,-inf,1,18.48,1,25.46,5,8
4,0,8,1,0,16.02,1,26.44,1,23.56,4,7
5,1,2,1,0,34.53,1,45.97,0,19.87,4,1
4,0,5,0,1,25.91,1,38.93,1,22.19,4,5
4,2,3,0,0,34.33,0,46.20,1,21.23,2,3
9,0,4,0,1,15.89,1,24.94,1,24.97,9,4
6,2,4,0,0,20.62,0,33.92,1,22.94,4,4
4,0,3,0,1,33.44,1,45.77,1,18.46,4,3
6,0,8,0,1,9.34,1,21.14,1,28.20,6,8
9,0,5,0,1,9.85,1,20.36,1,27.87,9,5
4,0,5,1,0,27.85,1,39.79,1,25.58,4,4
3,0,9,2,0,-inf,0,-inf,1,23.38,3,7
6,0,3,0,1,26.41,1,38.54,1,22.74,6,3
8,2,3,1,0,-inf,0,29.67,1,22.07,6,2
5,0,3,1,0,29.92,1,42.24,1,22.97,5,2
5,0,5,2,0,21.27,0,34.40,1,24.05,5,3
4,1,6,0,1,20.74,1,33.91,1,22.92,3,6
2,0,4,1,0,38.00,1,49.67,1,20.08,2,3
1,0,4,0,1,43.03,1,53.30,0,-87.52,1,4
5,1,6,0,0,19.64,1,32.30,1,25.99,4,6
4,0,7,0,1,17.84,1,30.18,1,24.44,4,7
7,0,6,0,1,11.46,1,22.54,1,25.06,7,6
4,0,4,0,1,29.40,1,42.11,1,19.96,4,4
7,0,2,0,1,27.31,1,38.26,1,20.16,7,2
3,0,6,0,1,26.24,1,38.11,1,24.10,3,6
4,0,5,0,1,24.86,1,38.05,1,23.53,4,5
1,0,2,0,1,51.19,1,60.70,0,-93.00,1,2
1,0,5,0,1,38.31,1,49.19,0,-87.38,1,5
4,1,4,2,0,29.75,0,42.13,1,20.76,3,2
5,1,7,2,0,14.19,0,27.99,1,26.04,4,5
2,1,7,0,0,28.89,1,40.30,0,22.28,1,7
1,0,6,0,1,33.63,1,45.29,0,-86.75,1,6
5,1,7,1,0,12.85,1,26.73,1,24.07,4,6
4,2,2,0,0,38.32,0,49.90,1,18.26,2,2
6,0,16,1,0,-inf,1,13.25,1,28.86,6,15
5,1,5,0,0,20.31,1,34.38,1,23.01,4,5
10,1,3,1,0,-inf,1,25.00,1,22.87,9,2
2,0,8,1,0,-inf,1,33.99,1,20.52,2,7
4,0,5,0,1,25.73,1,38.26,1,22.45,4,5
2,0,12,1,1,23.51,1,28.69,1,22.06,2,11
2,0,3,0,1,42.52,1,53.62,1,17.06,2,3
5,0,6,0,1,16.51,1,30.23,1,23.67,5,6
3,0,3,0,1,38.40,1,49.99,1,18.14,3,3
5,1,3,0,0,34.30,1,45.54,1,26.09,4,3
4,0,5,0,1,26.51,1,38.73,1,21.63,4,5
2,0,4,1,0,38.35,1,49.78,1,19.86,2,3
5,0,4,0,1,25.87,1,38.09,1,22.26,5,4
6,0,8,1,0,-inf,1,18.10,1,25.28,6,7
5,1,7,0,0,14.15,1,26.58,1,24.09,4,7
2,0,4,0,1,38.55,1,49.94,1,20.76,2,4
7,1,4,2,0,15.07,1,30.69,1,22.31,6,2
6,0,6,1,0,10.41,1,26.28,1,23.45,6,5
3,0,3,1,0,38.37,1,49.91,1,19.32,3,2
3,0,4,1,0,33.94,1,45.98,1,20.18,3,3
9,0,8,0,1,3.58,1,13.80,1,32.50,9,8
2,0,6,0,1,31.63,1,43.61,1,25.30,2,6
8,1,5,0,0,-inf,1,22.03,1,24.21,7,5
6,1,6,0,0,12.08,1,25.97,1,23.73,5,6
5,1,3,1,0,29.63,1,42.01,1,20.67,4,2
4,0,5,0,1,25.99,1,38.65,1,23.02,4,5
1,0,7,2,0,29.76,1,41.65,0,-87.95,1,5
3,0,5,0,1,30.33,1,42.44,1,21.28,3,5
6,0,3,0,1,25.71,1,38.12,1,21.80,6,3
6,0,9,1,0,-inf,1,14.43,1,27.00,6,8
2,0,4,0,1,38.59,1,49.94,1,19.80,2,4
3,1,2,0,0,42.56,1,53.64,1,17.63,2,2
1,0,4,0,1,42.80,1,53.15,0,-87.66,1,4
6,1,3,0,0,29.64,1,41.11,1,26.80,5,3
4,0,3,0,1,33.98,1,46.06,1,20.46,4,3
3,2,3,0,0,38.04,0,49.82,0,18.46,1,3
5,0,4,1,0,26.55,1,38.73,1,24.38,5,3
3,1,6,1,0,23.05,1,37.73,1,19.87,2,5
4,0,7,2,0,17.07,0,30.43,1,24.08,4,5
4,0,5,0,1,25.05,1,38.17,1,23.77,4,5
3,0,5,0,1,28.78,1,41.58,1,21.53,3,5
7,1,5,0,0,10.95,1,25.03,1,24.01,6,5
8,0,7,1,0,4.00,1,17.28,1,28.55,8,6
4,1,8,0,0,15.84,1,28.44,1,27.26,3,8
4,1,3,0,0,34.32,1,46.23,1,21.92,3,3
4,0,9,2,0,-inf,0,-inf,1,24.16,4,7
8,0,5,0,1,10.56,1,23.31,1,25.13,8,5
3,0,3,0,1,38.20,1,49.92,1,20.20,3,3
5,0,6,1,0,18.72,1,32.16,1,27.02,5,5
4,0,3,0,1,34.15,1,46.09,1,19.47,4,3
4,0,8,0,1,17.04,1,28.13,1,26.58,4,8
1,0,4,0,1,43.02,1,53.32,0,-87.61,1,4
5,0,2,0,1,34.38,1,45.96,1,19.85,5,2
2,0,5,1,0,34.16,1,45.81,1,18.55,2,4
8,1,3,0,0,-inf,1,30.20,1,23.27,7,3
4,0,4,0,1,30.08,1,42.46,1,22.81,4,4
8,2,4,0,0,-inf,0,26.13,1,23.28,6,4
5,0,4,1,0,25.56,1,38.04,1,20.63,5,3
3,0,4,1,0,33.70,1,45.91,1,19.96,3,3
6,1,11,0,0,6.91,1,14.98,1,28.51,5,11
4,1,7,0,0,19.50,1,32.28,1,24.50,3,7
8,1,4,0,0,-inf,1,27.24,1,23.88,7,4
4,0,7,1,0,-inf,1,29.91,1,23.95,4,6
3,2,2,0,0,42.61,0,53.66,0,16.41,1,2
5,1,2,0,0,36.27,1,47.42,1,23.14,4,2
6,1,6,0,0,13.75,1,27.78,1,28.67,5,6
4,0,5,0,1,24.93,1,38.13,1,22.99,4,5
5,0,3,0,1,32.11,1,43.82,1,26.87,5,3
3,0,8,0,1,20.00,1,30.92,1,23.07,3,8
3,1,5,0,0,30.84,1,43.03,1,20.92,2,5
6,1,7,1,0,8.49,1,22.85,1,24.89,5,6
6,0,5,0,1,19.23,1,31.20,1,23.31,6,5
10,3,10,0,0,-inf,0,-inf,1,28.38,7,10
2,0,3,0,1,42.08,1,53.47,1,14.58,2,3
5,1,4,0,0,26.30,1,38.59,1,23.34,4,4
6,1,3,0,0,24.06,1,37.49,1,21.63,5,3
3,1,7,0,0,22.96,1,34.65,1,21.90,2,7
1,0,4,0,1,42.74,1,53.07,0,-88.50,1,4
7,0,3,0,1,20.16,1,34.25,1,24.45,7,3
4,0,4,0,1,29.87,1,42.42,1,21.53,4,4
7,0,6,1,0,7.46,1,22.16,1,24.76,7,5
6,1,5,0,0,17.96,1,30.66,1,24.27,5,5
6,0,6,1,0,11.81,1,25.49,1,26.30,6,5
10,1,3,0,0,-inf,1,26.10,1,23.26,9,3
2,0,7,0,1,27.43,1,38.47,1,20.73,2,7
4,0,5,0,1,25.48,1,38.28,1,21.53,4,5
4,0,5,0,1,27.70,1,39.87,1,25.54,4,5
5,0,4,3,0,25.26,0,38.00,0,22.43,5,1
6,0,4,0,1,21.53,1,34.54,1,21.65,6,4
3,0,3,0,1,38.16,1,49.89,1,19.11,3,3
5,1,4,0,0,25.96,1,38.57,1,22.38,4,4
3,1,5,0,0,29.82,1,42.10,1,20.62,2,5
1,0,5,0,1,38.23,1,48.99,0,-87.53,1,5
5,0,6,0,1,17.34,1,30.70,1,23.88,5,6
7,0,1,0,1,30.63,1,40.82,0,-85.79,7,1
3,1,3,1,0,38.29,1,50.00,1,18.22,2,2
2,0,2,0,1,47.16,1,57.49,1,15.51,2,2
5,0,4,0,1,27.44,1,39.64,1,26.01,5,4
4,0,4,2,0,32.17,0,43.71,1,26.46,4,2
1,0,1,0,1,55.57,1,64.00,0,-198.00,1,1
7,0,2,0,1,27.81,1,39.67,1,22.22,7,2
9,3,8,1,0,-inf,0,-inf,1,26.03,6,7
5,2,4,0,0,25.04,1,38.16,1,21.27,3,4
9,1,2,0,0,-inf,1,29.72,1,22.17,8,2
0,0,3,0,1,51.04,1,56.89,0,-88.53,0,3
5,1,7,0,0,15.92,1,28.18,1,28.39,4,7
2,1,4,0,0,38.48,1,49.84,0,17.39,1,4
3,0,1,0,1,46.83,1,56.92,0,-89.55,3,1
7,1,1,0,0,28.77,1,41.08,0,-86.18,6,1
5,2,0,0,0,42.34,0,48.98,0,-89.09,3,0
8,0,6,0,1,9.13,1,19.90,1,26.07,8,6
10,3,7,0,0,-inf,0,-inf,1,28.72,7,7
3,0,6,0,1,24.65,1,38.11,1,20.69,3,6
7,1,9,0,0,2.58,1,13.26,1,27.50,6,9
4,1,2,1,0,38.40,1,49.84,0,16.97,3,1
7,1,3,0,0,22.20,1,34.20,1,24.18,6,3
3,0,6,0,1,25.44,1,38.33,1,20.10,3,6
6,0,7,1,0,-inf,1,23.65,1,27.53,6,6
7,1,4,0,0,15.54,1,30.20,1,24.07,6,4
2,1,2,0,0,46.88,1,57.37,0,13.45,1,2
11,0,5,1,0,12.39,1,18.70,1,30.32,11,4
0,0,2,0,1,55.63,1,60.88,0,-93.00,0,2
6,0,5,0,1,16.59,1,30.09,1,23.69,6,5
7,0,7,1,0,7.95,1,21.20,1,30.04,7,6
4,0,5,1,0,26.51,1,39.28,1,26.18,4,4
5,0,3,1,0,29.68,1,42.29,1,20.32,5,2
5,0,6,2,0,16.71,1,29.90,1,23.88,5,4
3,0,4,0,1,33.94,1,46.15,1,23.22,3,4
11,0,4,1,0,14.76,1,21.08,1,25.62,11,3
2,0,12,0,1,23.41,1,28.64,1,26.74,2,12
4,0,2,0,1,40.16,1,51.02,1,22.85,4,2
4,0,7,1,0,18.22,1,30.89,1,22.83,4,6
4,1,2,0,0,38.50,1,49.70,1,18.77,3,2
5,1,2,0,0,33.29,1,45.64,1,20.55,4,2
3,0,5,0,1,29.01,1,41.70,1,21.05,3,5
0,0,5,1,0,42.37,1,49.08,0,-87.49,0,4
4,1,11,1,0,14.84,1,22.70,1,25.72,3,10
6,0,4,0,1,20.64,1,34.34,1,23.70,6,4
6,0,8,0,1,8.53,1,19.86,1,26.19,6,8
3,0,6,0,1,25.44,1,37.96,1,22.21,3,6
7,0,6,0,1,8.29,1,21.92,1,25.25,7,6
3,0,7,1,0,21.94,1,34.13,1,22.19,3,6
4,0,4,0,1,30.05,1,42.29,1,22.63,4,4
6,1,8,1,0,-inf,1,18.79,1,25.40,5,7
4,0,2,0,1,38.19,1,49.75,1,20.11,4,2
6,1,3,0,0,25.62,1,38.39,1,21.74,5,3
5,0,6,0,1,17.74,1,30.27,1,25.31,5,6
2,0,6,1,0,31.01,1,43.24,1,22.71,2,5
5,0,4,0,1,25.63,1,38.09,1,21.27,5,4
3,0,11,0,1,19.24,1,25.06,1,23.56,3,11
8,1,6,0,0,-inf,1,20.15,1,27.50,7,6
3,0,6,2,0,24.64,0,37.64,1,20.68,3,4
10,0,4,1,0,14.80,1,22.06,1,24.27,10,3
3,0,5,0,1,29.85,1,42.27,1,22.23,3,5
8,0,5,0,1,13.90,1,24.45,1,29.06,8,5
6,0,7,0,1,10.49,1,24.09,1,29.13,6,7
5,1,3,0,0,30.00,1,42.30,1,19.65,4,3
6,1,6,1,0,15.53,1,28.49,1,26.59,5,5
3,1,3,0,0,38.53,1,50.08,1,20.77,2,3
2,0,5,0,1,33.78,1,45.72,1,19.74,2,5
3,0,8,1,0,-inf,1,28.95,1,21.98,3,7
5,0,7,0,1,12.29,1,25.92,1,23.43,5,7
8,1,9,1,0,-inf,1,5.86,1,26.82,7,8
8,2,4,0,0,-inf,0,25.74,1,24.87,6,4
3,0,1,0,1,46.90,1,56.94,0,-90.11,3,1
9,1,10,0,1,0.00,1,5.17,1,29.63,8,10
5,0,4,1,0,25.32,1,38.27,1,21.92,5,3
4,0,5,1,0,25.61,1,38.25,1,24.23,4,4
4,0,2,1,0,38.34,1,49.87,0,18.12,4,1
5,0,2,0,1,34.17,1,46.02,1,19.37,5,2
6,1,2,0,0,30.72,1,41.96,1,19.92,5,2
4,1,5,0,1,28.29,1,40.41,1,25.58,3,5
7,1,5,0,0,12.89,1,26.46,1,23.40,6,5
8,2,3,0,0,-inf,0,30.24,1,22.62,6,3
2,0,10,1,0,-inf,1,28.68,1,24.28,2,9
4,0,3,0,1,33.82,1,45.93,1,21.16,4,3
4,0,6,1,0,21.72,1,34.47,1,22.99,4,5
3,0,3,0,1,38.25,1,49.86,1,20.45,3,3
6,0,2,0,1,30.25,1,41.90,1,21.34,6,2
7,1,2,1,0,27.77,1,38.19,0,19.20,6,1
6,0,8,2,0,-inf,0,19.96,1,27.57,6,6
8,1,8,1,0,-inf,1,10.32,1,27.29,7,7
4,0,3,0,1,34.22,1,46.15,1,20.53,4,3
9,1,6,0,0,7.98,1,20.11,1,27.39,8,6
6,0,6,2,0,13.27,0,26.36,1,25.86,6,4
7,0,10,1,1,3.17,1,12.15,1,27.78,7,9
6,1,4,1,0,23.69,1,36.46,1,25.90,5,3
7,0,5,0,1,13.44,1,27.16,1,24.85,7,5
5,0,4,0,1,25.72,1,38.22,1,22.19,5,4
3,0,8,0,1,19.19,1,30.56,1,24.51,3,8
2,0,5,0,1,34.14,1,45.95,1,16.99,2,5
5,1,2,1,0,33.94,1,45.83,0,19.47,4,1
4,1,6,0,0,22.89,1,35.51,1,27.67,3,6
8,0,7,0,1,5.58,1,18.34,1,30.92,8,7
12,1,5,2,0,-inf,0,17.20,1,25.59,11,3
8,1,6,3,0,5.46,0,18.47,1,24.46,7,3
3,0,5,2,0,30.18,0,42.08,1,21.67,3,3
2,2,3,0,0,42.26,0,53.47,0,17.40,0,3
1,0,9,0,1,27.70,1,35.32,0,-85.17,1,9
3,0,5,0,1,28.90,1,41.71,1,19.94,3,5
5,1,8,1,0,-inf,1,21.34,1,24.70,4,7
0,0,3,0,1,51.11,1,56.99,0,-90.30,0,3
3,0,2,0,1,44.74,1,54.70,1,24.00,3,2
1,0,3,0,1,47.03,1,57.07,0,-89.47,1,3
4,0,5,0,1,25.01,1,38.18,1,23.28,4,5
6,0,2,0,1,32.77,1,41.89,1,27.44,6,2
4,0,1,1,1,42.57,1,52.99,0,-88.88,4,0
6,0,5,0,1,18.03,1,30.61,1,24.84,6,5
3,0,6,2,0,25.72,0,38.12,1,21.29,3,4
7,1,2,0,0,25.52,1,37.82,1,22.57,6,2
5,0,7,1,0,13.17,1,26.62,1,25.10,5,6
4,1,4,0,0,29.65,1,42.10,1,21.04,3,4
9,0,7,0,1,2.32,1,13.23,1,27.26,9,7
2,0,5,0,1,34.44,1,45.96,1,21.46,2,5
6,1,5,0,0,15.74,1,30.13,1,24.04,5,5
7,0,2,0,1,26.33,1,39.27,1,20.30,7,2
3,0,4,0,1,35.87,1,46.93,1,24.05,3,4
7,0,3,0,1,22.00,1,34.62,1,23.21,7,3
5,1,7,1,0,11.88,1,25.87,1,24.09,4,6
4,0,5,0,1,25.04,1,37.80,1,23.44,4,5
5,1,2,1,0,34.23,1,45.90,0,19.55,4,1
2,0,6,1,0,30.05,1,41.50,1,19.75,2,5
4,0,7,1,0,16.38,1,30.54,1,23.11,4,6
3,0,0,0,1,51.16,1,57.01,0,-87.87,3,0
6,0,5,0,1,16.09,1,30.02,1,24.28,6,5
9,0,5,0,1,10.65,1,20.33,1,28.18,9,5
6,1,7,0,0,9.71,1,22.99,1,24.11,5,7
2,0,3,0,1,42.54,1,53.58,1,18.89,2,3
7,0,3,0,1,22.01,1,34.16,1,22.71,7,3
11,1,4,0,0,-inf,1,21.17,1,25.00,10,4
5,0,3,0,1,29.31,1,42.04,1,22.18,5,3
4,0,5,1,0,25.33,1,38.12,1,23.25,4,4
1,1,4,0,0,42.47,1,53.21,0,-89.15,0,4
7,0,3,0,1,23.11,1,34.64,1,23.27,7,3
9,0,3,0,1,19.00,1,29.39,1,24.87,9,3
3,0,3,1,0,38.22,1,49.92,1,21.61,3,2
3,0,3,0,1,38.48,1,50.09,1,19.97,3,3
6,1,8,1,0,9.17,1,20.27,1,26.97,5,7
6,0,5,0,1,16.94,1,30.41,1,22.67,6,5
2,0,9,0,1,23.27,1,30.61,1,19.78,2,9
3,1,2,0,0,42.62,1,53.65,1,17.65,2,2
2,0,2,0,1,46.97,1,57.38,1,16.34,2,2
6,1,5,0,0,17.82,1,31.88,1,27.73,5,5
6,1,4,1,0,20.79,1,34.45,1,24.59,5,3
8,2,5,1,0,-inf,0,21.28,1,26.76,6,4
4,1,9,0,0,14.78,1,24.81,1,25.92,3,9
5,0,5,1,0,21.45,1,34.50,1,24.33,5,4
4,0,4,0,1,29.64,1,42.16,1,20.41,4,4
3,0,8,1,0,-inf,1,30.50,1,22.32,3,7
6,2,4,0,0,20.77,1,34.32,1,23.01,4,4
5,1,2,0,0,33.84,1,45.56,1,18.41,4,2
4,0,4,0,1,31.98,1,43.70,1,26.01,4,4
2,1,11,1,0,23.45,1,29.70,0,21.30,1,10
14,1,11,1,0,-inf,1,1.00,1,32.07,13,10
6,0,3,0,1,25.73,1,38.23,1,22.25,6,3
5,0,5,2,0,21.83,0,34.60,1,23.36,5,3
8,1,0,0,1,33.00,1,37.73,0,-86.12,7,0
5,0,1,0,1,37.93,1,48.96,0,-86.10,5,1
3,0,6,0,1,25.79,1,38.09,1,22.60,3,6
3,0,4,0,1,34.01,1,46.15,1,20.88,3,4
6,0,8,0,1,9.38,1,20.39,1,28.43,6,8
5,0,6,1,0,17.80,1,30.57,1,22.68,5,5
4,0,4,0,1,30.01,1,42.33,1,21.43,4,4
0,0,6,0,1,37.98,1,44.76,0,-85.46,0,6
2,0,3,0,1,44.75,1,53.56,1,24.13,2,3
9,0,5,1,0,10.64,1,20.36,1,24.78,9,4
2,0,2,0,1,47.01,1,57.37,1,15.61,2,2
6,1,7,1,0,-inf,1,21.76,1,24.55,5,6
5,0,3,1,0,30.28,1,42.48,1,20.89,5,2
2,0,7,0,1,26.54,1,37.81,1,21.24,2,7
3,1,6,0,0,26.95,1,39.72,1,24.62,2,6
3,0,7,0,1,23.73,1,34.78,1,22.77,3,7
5,0,10,0,1,9.95,1,18.86,1,24.74,5,10
6,0,6,1,0,11.58,1,26.09,1,25.88,6,5
4,0,5,0,1,25.71,1,38.53,1,23.26,4,5
4,0,8,1,0,-inf,1,25.93,1,24.95,4,7
5,0,10,2,0,-inf,0,-inf,1,29.22,5,8
3,0,7,0,1,21.03,1,34.33,1,23.39,3,7
4,0,7,1,0,17.12,1,30.11,1,23.60,4,6
2,0,5,0,1,33.99,1,45.70,1,18.73,2,5
4,0,4,0,1,31.89,1,43.70,1,25.79,4,4
7,1,4,0,0,17.08,1,30.10,1,23.01,6,4
2,0,4,0,1,40.22,1,51.12,1,24.15,2,4
2,0,7,2,0,-inf,0,38.37,1,22.26,2,5
3,1,3,0,0,38.51,1,50.02,1,18.86,2,3
4,1,10,0,0,14.99,1,23.49,1,24.99,3,10
0,0,6,0,1,38.00,1,45.04,0,-86.10,0,6
5,0,5,0,1,21.79,1,34.64,1,23.44,5,5
5,0,4,0,1,26.99,1,39.40,1,26.26,5,4
5,1,7,0,0,13.36,1,26.76,1,24.62,4,7
9,0,4,2,0,15.94,0,24.52,1,24.15,9,2
8,1,3,0,0,-inf,1,30.64,1,24.84,7,3
5,2,5,0,0,22.10,1,34.32,1,24.17,3,5
6,0,7,0,1,9.21,1,22.85,1,24.32,6,7
1,0,8,1,0,-inf,1,36.81,0,-85.78,1,7
0,0,4,0,1,47.18,1,53.29,0,-88.01,0,4
5,0,3,0,1,29.50,1,42.03,1,19.85,5,3
6,0,7,0,1,10.78,1,24.40,1,28.71,6,7
2,0,6,0,1,30.33,1,42.04,1,21.48,2,6
3,0,2,0,1,42.52,1,53.62,1,15.80,3,2
5,0,9,0,1,11.08,1,21.53,1,28.73,5,9
7,1,5,0,1,13.56,1,27.84,1,28.15,6,5
3,0,3,0,1,38.22,1,49.95,1,18.65,3,3
4,0,3,0,1,34.01,1,46.08,1,19.94,4,3
5,0,4,1,0,25.26,1,37.82,1,22.16,5,3
2,0,4,0,1,40.75,1,51.35,1,24.80,2,4
2,0,1,0,1,51.23,1,60.74,0,-91.59,2,1
7,1,6,0,1,9.37,1,22.89,1,24.79,6,6
3,0,9,0,1,19.06,1,28.65,1,23.26,3,9
1,0,9,0,1,27.75,1,35.32,0,-85.32,1,9
6,0,2,0,1,29.75,1,41.69,1,22.19,6,2
8,1,3,0,0,20.11,1,31.12,1,23.49,7,3
6,0,2,0,1,30.64,1,41.97,1,20.58,6,2
2,0,1,1,0,51.22,1,60.70,0,-92.09,2,0
6,1,5,1,0,19.10,1,31.56,1,26.01,5,4
5,0,4,0,1,25.69,1,38.34,1,24.26,5,4
1,0,4,1,0,42.90,1,53.21,0,-88.99,1,3
6,0,7,0,1,10.46,1,22.46,1,24.33,6,7
3,0,5,1,0,29.88,1,42.37,1,23.14,3,4
3,0,4,0,1,33.85,1,46.01,1,18.35,3,4
5,0,3,0,1,30.57,1,42.47,1,21.77,5,3
3,0,5,1,0,29.99,1,42.21,1,21.09,3,4
4,0,7,0,1,17.62,1,30.34,1,21.88,4,7
4,0,9,0,1,16.06,1,23.81,1,25.68,4,9
5,1,6,0,0,16.95,1,30.56,1,23.33,4,6
6,2,4,2,0,22.62,0,35.83,1,25.20,4,2
11,2,6,0,0,-inf,1,13.27,1,26.57,9,6
12,0,3,0,1,18.74,1,24.68,1,26.30,12,3
5,1,4,0,0,25.58,1,38.44,1,23.99,4,4
6,1,6,1,0,14.04,1,28.01,1,28.12,5,5
7,1,0,0,0,-inf,1,40.46,0,-86.59,6,0
10,3,4,0,0,-inf,0,-inf,1,25.03,7,4
5,1,1,1,0,38.56,1,49.31,0,-87.01,4,0
3,2,3,0,0,38.26,0,49.94,0,18.91,1,3
8,1,8,2,0,-inf,0,11.78,1,25.76,7,6
4,0,5,2,0,25.57,0,38.31,1,21.59,4,3
4,0,6,1,0,21.78,1,34.17,1,24.51,4,5
9,0,3,0,1,18.92,1,28.58,1,20.58,9,3
4,0,6,1,0,20.97,1,33.89,1,22.61,4,5
8,1,5,0,0,10.22,1,22.75,1,24.06,7,5
2,1,5,0,0,33.76,1,45.75,0,20.72,1,5
4,1,6,1,0,21.71,1,34.58,1,22.53,3,5
6,0,6,1,0,12.30,1,26.17,1,25.15,6,5
4,0,2,1,0,38.48,1,49.92,0,18.13,4,1
3,0,4,1,0,34.07,1,46.10,1,17.99,3,3
4,1,1,0,0,42.80,1,53.15,0,-88.53,3,1
7,1,3,0,0,20.26,1,33.91,1,23.68,6,3
3,0,4,2,0,33.96,0,46.04,1,19.46,3,2
7,0,6,0,1,9.30,1,22.24,1,25.71,7,6
3,0,2,1,0,42.65,1,53.72,0,17.76,3,1
1,1,8,0,0,31.06,1,39.40,0,-83.54,0,8
4,0,6,0,1,25.78,1,37.38,1,26.85,4,6
5,1,6,1,0,17.63,1,31.09,1,24.58,4,5
2,0,5,0,1,34.05,1,45.90,1,19.26,2,5
2,0,3,1,0,42.98,1,53.84,1,14.93,2,2
0,0,4,0,1,47.52,1,53.34,0,-88.13,0,4
4,0,10,0,1,14.96,1,22.13,1,26.33,4,10
3,0,4,0,1,33.95,1,46.00,1,19.88,3,4
0,0,0,0,1,64.00,1,64.00,0,-198.00,0,0
5,0,6,1,0,19.72,1,32.17,1,28.35,5,5
5,1,4,0,1,26.20,1,38.32,1,22.06,4,4
2,0,1,1,0,51.19,1,60.69,0,-88.90,2,0
6,0,5,0,1,19.29,1,32.19,1,24.71,6,5
2,0,9,1,0,-inf,1,31.29,1,23.63,2,8
5,0,4,0,1,25.57,1,38.27,1,21.75,5,4
4,0,7,0,1,19.04,1,30.40,1,24.34,4,7
6,1,5,1,0,14.42,1,29.53,1,23.63,5,4
5,1,3,1,0,29.53,1,42.01,1,19.96,4,2
4,0,5,0,1,25.39,1,38.32,1,22.93,4,5
6,1,2,1,0,30.38,1,43.08,0,20.90,5,1
6,1,6,0,0,14.70,1,28.18,1,28.12,5,6
4,0,3,0,1,34.03,1,46.01,1,19.27,4,3
6,0,7,0,1,10.91,1,23.16,1,26.13,6,7
4,0,7,3,0,18.39,0,30.48,1,25.30,4,4
4,0,5,1,0,25.33,1,38.23,1,22.37,4,4
4,0,3,0,1,36.32,1,47.58,1,26.40,4,3
3,0,10,1,0,-inf,1,25.06,1,24.92,3,9
5,0,7,0,1,13.84,1,26.06,1,25.08,5,7
4,1,4,0,0,29.87,1,42.14,1,21.02,3,4
5,0,5,1,0,21.43,1,34.44,1,22.40,5,4
7,0,3,0,1,22.48,1,34.73,1,23.49,7,3
8,1,6,0,0,-inf,1,17.41,1,25.81,7,6
2,0,5,1,0,33.99,1,45.74,1,20.81,2,4
2,0,6,0,1,30.32,1,41.92,1,21.86,2,6
5,0,9,1,0,-inf,1,20.41,1,26.62,5,8
3,1,4,0,0,34.12,1,46.17,1,20.99,2,4
7,0,4,1,0,16.85,1,30.26,1,23.17,7,3
8,2,3,0,0,21.13,1,31.39,1,24.04,6,3
3,0,2,0,1,42.55,1,53.61,1,18.61,3,2
6,0,7,0,1,13.05,1,25.77,1,30.53,6,7
6,1,8,1,0,-inf,1,17.79,1,25.62,5,7
5,0,5,1,0,21.28,1,34.47,1,22.93,5,4
6,0,3,0,1,24.41,1,38.13,1,24.03,6,3
5,1,5,0,0,22.15,1,34.55,1,21.55,4,5
4,0,9,0,1,14.96,1,25.09,1,25.36,4,9
4,1,9,2,0,-inf,0,22.56,1,26.04,3,7
4,0,6,0,1,21.88,1,34.55,1,22.60,4,6
9,2,3,1,0,-inf,0,24.97,1,24.10,7,2
3,1,5,1,0,29.02,1,41.81,1,20.10,2,4
1,0,1,0,1,55.49,1,64.00,0,-198.00,1,1
6,1,4,0,0,20.94,1,34.23,1,22.06,5,4
8,0,10,1,0,-inf,1,7.01,1,30.78,8,9
7,1,11,0,0,2.58,1,10.96,1,28.75,6,11
5,0,7,0,1,13.43,1,27.80,1,27.99,5,7
3,1,2,0,0,42.87,1,53.76,1,15.86,2,2
7,1,4,1,0,18.27,1,30.28,1,23.18,6,3
4,1,7,0,0,17.81,1,30.49,1,23.63,3,7
5,0,4,1,0,25.55,1,38.20,1,20.44,5,3
4,1,7,0,0,19.24,1,31.46,1,23.59,3,7
8,1,6,0,0,-inf,1,21.32,1,30.93,7,6
4,0,4,0,1,29.83,1,42.29,1,22.38,4,4
8,0,8,0,1,1.58,1,12.39,1,29.46,8,8
2,0,6,0,1,30.21,1,42.10,1,19.54,2,6
7,0,4,1,0,17.82,1,31.85,1,28.35,7,3
9,2,4,0,0,-inf,0,23.38,1,24.75,7,4
4,0,2,1,0,38.05,1,49.65,0,16.18,4,1
4,0,5,1,0,25.28,1,38.17,1,22.87,4,4
2,0,9,0,1,24.35,1,32.56,1,26.14,2,9
5,1,6,1,0,17.38,1,30.23,1,24.85,4,5
3,0,8,1,0,21.69,1,32.82,1,24.52,3,7
7,0,3,1,0,22.80,1,33.51,1,21.98,7,2
4,0,4,1,1,29.83,1,42.33,1,22.69,4,3
7,2,10,0,0,1.00,0,11.23,1,26.24,5,10
7,0,5,0,1,13.85,1,26.98,1,24.49,7,5
8,0,5,0,1,14.08,1,24.67,1,28.16,8,5
3,0,6,0,1,25.20,1,38.24,1,23.39,3,6
9,1,7,0,0,-inf,1,12.44,1,26.34,8,7
4,0,4,0,1,30.14,1,42.38,1,20.96,4,4
4,0,8,2,0,-inf,0,23.58,1,23.98,4,6
2,0,2,1,0,46.99,1,57.42,0,16.04,2,1
5,0,5,0,1,21.60,1,34.46,1,23.80,5,5
3,0,8,1,0,-inf,1,28.64,1,23.41,3,7
2,0,3,0,1,42.76,1,53.73,1,16.64,2,3
2,0,6,0,1,29.79,1,42.10,1,23.17,2,6
3,1,3,0,0,38.24,1,49.92,1,17.43,2,3
7,0,2,0,1,25.02,1,37.74,1,20.53,7,2
5,1,5,0,0,22.24,1,35.44,1,27.30,4,5
2,0,1,0,1,50.95,1,60.65,0,-91.91,2,1
4,0,3,0,1,34.33,1,46.24,1,20.85,4,3
6,2,6,1,0,11.66,0,26.04,1,23.84,4,5
1,0,8,1,0,27.69,1,37.93,0,-84.99,1,7
4,0,4,0,1,30.02,1,42.21,1,22.33,4,4
5,2,8,0,0,12.51,0,24.59,1,25.10,3,8
7,1,2,0,0,27.46,1,38.33,1,18.85,6,2
5,1,4,0,0,25.96,1,38.58,1,21.95,4,4
5,0,5,0,1,21.14,1,34.16,1,22.72,5,5
2,0,4,0,1,38.46,1,49.91,1,17.77,2,4
2,0,4,2,0,38.00,0,49.73,1,18.29,2,2
8,0,4,0,1,15.85,1,27.54,1,24.98,8,4
4,1,3,0,0,34.10,1,46.16,1,20.49,3,3
3,0,5,1,0,28.98,1,41.95,1,19.81,3,4
11,2,6,0,0,-inf,0,-inf,1,26.24,9,6
7,1,4,1,0,-inf,1,30.03,1,23.77,6,3
3,0,4,0,1,33.71,1,45.96,1,20.93,3,4
6,0,9,1,0,-inf,1,15.26,1,25.17,6,8
5,0,7,0,1,13.93,1,26.22,1,24.43,5,7
7,1,8,0,0,3.00,1,15.20,1,25.73,6,8
3,2,9,0,0,19.06,0,28.90,0,23.40,1,9
6,2,7,0,0,11.56,1,24.36,1,28.72,4,7
5,1,8,2,0,12.57,0,23.75,1,24.94,4,6
7,0,5,2,0,15.84,0,27.18,1,25.94,7,3
5,1,3,0,0,29.84,1,42.19,1,21.67,4,3
6,1,3,0,0,25.56,1,38.33,1,20.66,5,3
5,0,3,0,1,29.69,1,42.27,1,21.47,5,3
6,1,4,0,0,22.60,1,34.92,1,22.92,5,4
7,0,3,0,1,22.37,1,34.54,1,23.96,7,3
7,2,7,0,0,-inf,0,17.79,1,25.89,5,7
4,0,8,0,1,15.83,1,27.90,1,25.75,4,8
7,1,8,1,0,-inf,1,15.34,1,27.45,6,7
4,0,3,0,1,34.31,1,46.24,1,19.93,4,3
6,1,6,1,0,11.73,1,26.40,1,23.61,5,5
10,1,7,0,0,-inf,1,8.89,1,25.96,9,7
3,0,1,1,0,46.36,1,56.81,0,-90.30,3,0
1,0,4,0,1,42.54,1,53.13,0,-88.38,1,4
6,1,4,0,0,22.10,1,34.87,1,22.60,5,4
5,0,8,1,0,-inf,1,23.38,1,26.01,5,7
5,0,4,1,0,25.58,1,38.24,1,21.06,5,3
1,0,4,1,0,43.11,1,53.32,0,-88.85,1,3
4,0,9,0,1,14.81,1,24.36,1,23.77,4,9
4,0,5,0,1,24.57,1,37.96,1,23.02,4,5
2,0,3,1,0,42.34,1,53.55,1,17.38,2,2
7,0,2,1,0,28.48,1,38.85,0,-86.77,7,1
5,0,2,0,1,34.24,1,45.76,1,20.76,5,2
5,0,6,0,1,17.65,1,30.34,1,23.74,5,6
4,1,1,0,0,42.87,1,53.25,0,-88.26,3,1
3,0,6,0,1,25.47,1,38.28,1,22.06,3,6
3,0,4,0,1,33.87,1,46.03,1,20.46,3,4
6,0,3,0,1,25.50,1,38.28,1,21.98,6,3
4,0,2,0,1,38.44,1,49.86,1,20.84,4,2
6,1,5,0,0,18.42,1,30.45,1,24.00,5,5
3,0,4,1,0,33.75,1,45.93,1,19.03,3,3
3,2,3,1,0,38.42,0,49.97,0,19.40,1,2
4,0,5,1,0,27.88,1,39.81,1,27.34,4,4
4,0,4,0,1,32.00,1,43.66,1,27.00,4,4
2,1,7,0,0,25.06,1,37.78,0,23.25,1,7
4,1,8,1,0,-inf,1,24.65,1,24.32,3,7
6,1,6,0,0,13.21,1,26.61,1,24.44,5,6
3,1,3,0,1,38.16,1,49.90,1,17.61,2,3
7,0,6,0,1,12.34,1,24.64,1,27.52,7,6
5,1,5,0,0,23.26,1,36.08,1,26.77,4,5
5,1,8,2,0,-inf,0,23.73,1,28.10,4,6
1,0,7,0,1,33.66,1,43.27,0,-82.76,1,7
3,0,6,1,0,26.36,1,38.64,1,21.79,3,5
7,0,6,1,0,8.49,1,21.94,1,25.52,7,5
2,0,6,0,1,28.58,1,41.93,1,19.37,2,6
8,1,2,0,0,-inf,1,34.24,1,22.46,7,2
4,0,8,0,1,17.14,1,26.91,1,24.96,4,8
12,0,5,1,0,12.10,1,19.31,1,27.92,12,4
7,1,5,0,1,14.38,1,26.79,1,24.60,6,5
3,0,2,0,1,42.20,1,53.45,1,18.93,3,2
5,1,7,1,0,13.09,1,26.41,1,24.72,4,6
4,2,2,0,0,38.49,0,49.78,1,18.76,2,2
2,0,5,0,1,33.81,1,45.72,1,20.36,2,5
3,0,6,1,0,25.37,1,38.27,1,22.48,3,5
8,1,4,0,1,17.07,1,29.00,1,26.87,7,4
9,1,5,0,0,-inf,1,17.98,1,25.62,8,5
12,1,5,0,0,-inf,1,17.22,1,26.70,11,5
1,0,4,0,1,42.35,1,52.97,0,-87.53,1,4
4,0,4,0,1,30.42,1,42.54,1,21.58,4,4
3,0,11,1,0,-inf,1,25.03,1,25.68,3,10
3,0,4,0,1,33.89,1,45.93,1,21.27,3,4
2,0,4,0,1,38.00,1,49.62,1,18.44,2,4
6,1,2,0,0,30.00,1,41.91,1,20.92,5,2
7,0,6,0,1,10.80,1,23.94,1,28.17,7,6
5,0,3,0,1,30.12,1,42.22,1,21.75,5,3
4,0,2,0,1,38.22,1,49.79,1,17.38,4,2
4,1,2,1,0,38.46,1,49.82,0,19.90,3,1
9,0,1,0,1,27.51,1,35.81,0,-84.92,9,1
4,0,4,0,1,29.99,1,42.27,1,23.04,4,4
1,0,1,1,0,55.70,1,64.00,0,-198.00,1,0
6,0,3,0,1,25.93,1,38.10,1,21.61,6,3
6,0,1,0,1,35.47,1,45.72,0,-87.04,6,1
7,1,5,0,0,15.29,1,28.10,1,26.75,6,5
4,0,3,1,0,34.17,1,46.23,1,22.47,4,2
8,0,6,0,1,6.98,1,18.56,1,26.09,8,6
14,1,4,1,0,-inf,1,21.13,1,26.30,13,3
4,1,5,0,0,25.24,1,38.21,1,22.03,3,5
3,1,6,0,0,26.44,1,38.35,1,23.30,2,6
6,1,5,1,0,15.84,1,29.58,1,23.37,5,4
7,0,6,0,1,10.15,1,23.58,1,28.08,7,6
6,1,7,0,0,10.63,1,23.10,1,25.28,5,7
6,0,3,0,1,29.24,1,40.51,1,25.65,6,3
5,1,4,1,0,25.19,1,38.06,1,21.66,4,3
4,1,5,0,1,27.04,1,39.50,1,24.23,3,5
3,1,9,2,0,-inf,0,26.14,1,20.74,2,7
5,0,6,1,0,17.47,1,30.27,1,24.63,5,5
6,0,9,2,0,-inf,0,14.81,1,28.29,6,7
4,0,13,1,0,-inf,1,20.98,1,25.89,4,12
4,0,6,0,1,21.15,1,33.99,1,23.14,4,6
6,1,5,0,0,16.64,1,30.18,1,23.12,5,5
7,0,6,1,0,8.17,1,21.62,1,24.49,7,5
9,0,4,0,1,14.74,1,25.72,1,25.37,9,4
3,1,5,0,0,29.33,1,41.68,1,20.24,2,5
6,0,6,1,0,11.45,1,25.89,1,24.43,6,5
6,0,3,0,1,24.25,1,37.80,1,23.22,6,3
6,0,6,0,1,11.94,1,26.11,1,25.55,6,6
4,0,5,0,1,25.28,1,38.30,1,22.36,4,5
6,0,5,0,1,16.92,1,30.19,1,24.85,6,5
1,0,10,1,0,-inf,1,33.00,0,-84.44,1,9
0,0,4,0,1,46.85,1,52.98,0,-88.06,0,4
5,1,2,0,0,33.53,1,45.77,1,20.16,4,2
3,0,3,1,1,38.50,1,50.04,1,19.47,3,2
3,1,2,0,0,42.61,1,53.66,1,16.32,2,2
6,0,9,0,1,7.27,1,16.53,1,25.84,6,9
5,0,8,0,1,12.76,1,22.77,1,25.65,5,8
5,1,5,0,0,20.91,1,34.38,1,23.19,4,5
9,0,7,0,1,4.00,1,13.90,1,28.01,9,7
3,1,3,0,0,38.30,1,50.06,1,16.94,2,3
5,1,4,0,0,24.24,1,38.02,1,22.10,4,4
6,1,9,1,0,-inf,1,16.12,1,26.01,5,8
9,0,3,0,1,19.04,1,29.05,1,22.34,9,3
6,0,4,2,0,20.02,0,34.09,1,23.01,6,2
5,1,6,0,0,18.83,1,31.53,1,26.91,4,6
2,0,3,0,1,42.61,1,53.58,1,17.25,2,3
3,0,6,0,1,26.96,1,39.27,1,25.06,3,6
1,0,2,0,1,51.27,1,60.68,0,-90.97,1,2
5,0,8,1,1,11.23,1,22.77,1,25.11,5,7
1,0,7,0,1,30.91,1,41.28,0,-86.17,1,7
4,0,4,1,0,30.28,1,42.60,1,21.19,4,3
2,0,5,0,1,34.52,1,46.03,1,19.36,2,5
2,1,9,1,0,-inf,1,29.77,0,20.97,1,8
5,0,3,0,1,30.02,1,42.28,1,21.81,5,3
7,1,6,0,0,9.71,1,22.87,1,24.53,6,6
1,0,6,1,0,32.69,1,44.68,0,-86.49,1,5
3,0,2,1,0,42.73,1,53.67,0,15.78,3,1
5,0,2,0,1,33.81,1,45.85,1,21.16,5,2
5,1,3,0,0,30.41,1,42.50,1,22.36,4,3
6,0,4,0,1,20.55,1,34.29,1,22.28,6,4
5,1,5,1,0,20.96,1,34.06,1,21.05,4,4
7,0,3,1,1,23.59,1,35.71,1,24.70,7,2
7,0,3,0,1,21.59,1,33.97,1,23.01,7,3
8,0,3,0,1,20.13,1,30.71,1,23.36,8,3
7,0,10,1,0,2.32,1,12.48,1,25.92,7,9
4,0,9,0,1,16.53,1,26.15,1,25.84,4,9
10,0,2,0,1,23.54,1,31.07,1,23.74,10,2
4,0,2,1,0,38.54,1,49.88,0,17.70,4,1
3,0,4,0,1,34.01,1,46.03,1,21.45,3,4
3,0,5,1,0,29.20,1,41.78,1,22.43,3,4
1,0,10,0,1,27.72,1,32.00,0,-83.69,1,10
5,0,5,2,0,21.37,0,34.33,1,23.55,5,3
3,1,6,1,0,25.15,1,38.00,1,22.15,2,5
6,1,1,0,0,34.34,1,44.73,0,-87.11,5,1
4,1,4,0,0,29.32,1,41.77,1,19.98,3,4
5,0,2,1,0,33.51,1,45.65,0,20.89,5,1
7,1,5,0,1,15.67,1,27.24,1,24.49,6,5
6,2,7,0,0,7.71,0,22.29,1,25.51,4,7
3,0,5,0,1,30.20,1,42.37,1,21.16,3,5
4,0,5,2,0,25.94,0,38.54,1,21.90,4,3
4,1,5,1,0,26.13,1,38.30,1,21.82,3,4
5,1,4,0,0,25.55,1,38.26,1,21.36,4,4
7,0,7,0,1,7.17,1,18.81,1,24.45,7,7
8,2,6,0,0,-inf,0,17.27,1,25.71,6,6
3,2,6,0,0,25.21,0,37.86,0,19.95,1,6
3,0,8,0,1,22.20,1,32.41,1,26.91,3,8
7,0,5,0,1,12.16,1,26.29,1,24.51,7,5
7,0,6,0,1,10.93,1,22.70,1,24.69,7,6
3,1,6,1,0,27.76,1,39.84,1,26.17,2,5
6,0,6,0,1,17.17,1,29.48,1,30.81,6,6
2,0,5,1,0,33.48,1,45.66,1,19.00,2,4
8,0,3,0,1,20.25,1,31.20,1,22.97,8,3
5,0,7,1,1,14.65,1,26.60,1,23.98,5,6
5,0,5,1,0,21.58,1,34.38,1,23.51,5,4
5,0,4,0,1,26.27,1,38.41,1,23.40,5,4
1,1,6,1,0,32.95,1,44.86,0,-86.79,0,5
4,0,4,1,0,30.30,1,42.37,1,19.93,4,3
7,2,9,1,0,1.00,0,13.19,1,29.88,5,8
6,1,5,0,0,15.21,1,29.81,1,24.18,5,5
3,0,5,0,1,29.62,1,41.98,1,22.00,3,5
6,1,5,0,0,17.94,1,30.39,1,23.52,5,5
6,1,6,0,0,13.88,1,26.82,1,24.02,5,6
3,0,6,0,1,26.40,1,39.61,1,23.32,3,6
5,0,6,1,0,15.79,1,30.15,1,25.14,5,5
5,1,8,0,0,9.89,1,21.51,1,24.55,4,8
2,0,2,0,1,46.72,1,57.30,1,16.54,2,2
7,0,3,0,1,26.86,1,38.10,1,26.74,7,3
7,0,8,0,1,5.58,1,16.43,1,26.58,7,8
5,1,3,0,0,29.77,1,42.10,1,20.70,4,3
7,0,4,1,0,19.10,1,31.27,1,25.34,7,3
3,0,6,1,0,25.47,1,38.20,1,21.50,3,5
7,0,4,0,1,18.96,1,30.88,1,22.51,7,4
9,0,4,0,1,15.19,1,25.84,1,26.89,9,4
4,1,2,0,0,40.56,1,49.63,1,25.49,3,2
10,0,5,1,0,10.33,1,18.59,1,24.97,10,4
4,0,8,1,0,16.79,1,27.23,1,23.39,4,7
3,0,8,0,1,20.54,1,30.83,1,21.17,3,8
5,0,2,1,0,34.70,1,45.99,0,-87.54,5,1
7,1,6,1,0,-inf,1,21.04,1,29.05,6,5
8,1,3,0,0,-inf,1,29.79,1,22.82,7,3
7,0,7,1,0,2.58,1,17.90,1,25.89,7,6
4,0,8,0,1,14.85,1,25.97,1,24.11,4,8
6,1,5,0,0,17.63,1,30.27,1,21.87,5,5
4,0,6,0,1,21.03,1,34.27,1,23.48,4,6
6,1,5,0,0,17.75,1,30.39,1,23.07,5,5
6,0,4,1,0,20.88,1,34.13,1,23.08,6,3
6,1,9,1,0,-inf,1,15.02,1,26.38,5,8
3,0,2,0,1,42.49,1,53.60,1,18.12,3,2
5,0,4,0,1,26.18,1,38.27,1,21.12,5,4
4,0,4,0,1,30.01,1,42.34,1,21.77,4,4
4,0,0,0,1,46.88,1,53.10,0,-88.79,4,0
6,1,6,0,0,16.15,1,30.05,1,31.36,5,6
5,0,6,1,0,17.75,1,30.58,1,23.43,5,5
6,1,7,1,0,7.39,1,22.16,1,24.95,5,6
1,0,5,0,1,40.70,1,50.89,0,-83.62,1,5
5,1,1,0,0,39.18,1,49.38,0,-87.07,4,1
6,0,5,1,1,18.97,1,30.90,1,22.77,6,4
4,1,4,0,0,31.54,1,43.62,1,26.37,3,4
6,1,5,0,1,16.57,1,30.77,1,23.80,5,5
5,0,5,1,0,22.74,1,34.64,1,23.66,5,4
3,0,6,0,1,25.55,1,38.27,1,21.05,3,6
5,0,3,0,1,30.31,1,42.16,1,20.62,5,3
3,0,3,1,0,38.38,1,50.03,1,20.65,3,2
4,0,3,1,0,34.33,1,46.25,1,20.43,4,2
7,1,6,0,0,9.34,1,24.14,1,28.56,6,6
5,1,8,0,0,13.11,1,25.28,1,27.81,4,8
6,0,5,1,0,16.20,1,30.06,1,23.35,6,4
3,0,2,0,1,42.77,1,53.74,1,16.29,3,2
7,0,4,0,1,17.05,1,30.24,1,24.46,7,4
5,1,4,0,0,27.31,1,39.52,1,26.11,4,4
8,3,8,0,0,0.00,0,10.67,1,25.89,5,8
5,0,1,0,1,38.39,1,49.17,0,-88.02,5,1
8,0,4,1,0,15.38,1,27.58,1,23.13,8,3
2,0,4,0,1,38.46,1,49.88,1,14.88,2,4
3,0,3,2,0,38.46,0,50.13,0,18.54,3,1
6,2,3,1,0,24.44,0,38.00,1,22.53,4,2
10,1,1,0,0,-inf,1,32.00,0,-85.15,9,1
1,0,7,0,1,32.36,1,42.68,0,-83.10,1,7
3,0,5,0,1,29.93,1,42.15,1,20.62,3,5
4,1,3,0,0,34.43,1,46.40,1,20.39,3,3
5,0,5,0,1,21.41,1,34.23,1,24.13,5,5
6,1,9,0,0,5.61,1,16.33,1,25.69,5,9
5,0,6,0,1,16.79,1,30.72,1,25.14,5,6
5,0,9,2,0,-inf,0,18.24,1,25.79,5,7
5,0,9,1,0,-inf,1,18.28,1,25.60,5,8
7,0,5,1,0,15.02,1,27.93,1,26.54,7,4
7,0,4,0,1,17.78,1,30.07,1,25.36,7,4
6,0,10,0,1,7.71,1,17.80,1,29.61,6,10
4,1,5,2,0,24.49,0,37.88,1,20.51,3,3
7,1,8,0,0,-inf,1,16.51,1,27.09,6,8
7,0,4,0,1,19.50,1,31.35,1,23.46,7,4
5,1,3,0,0,29.73,1,41.99,1,19.21,4,3
4,1,6,0,1,21.37,1,34.42,1,21.81,3,6
1,0,5,0,1,38.16,1,49.17,0,-87.28,1,5
7,2,4,0,0,19.25,0,32.16,1,24.18,5,4
5,0,6,0,1,16.23,1,30.28,1,24.14,5,6
4,1,3,1,0,33.34,1,45.87,1,18.06,3,2
6,2,6,0,0,13.38,0,26.93,1,25.54,4,6
4,0,1,0,1,42.85,1,53.17,0,-87.80,4,1
3,0,5,1,0,29.80,1,42.32,1,23.44,3,4
3,0,6,1,0,28.35,1,40.30,1,24.79,3,5
7,1,6,1,0,8.91,1,21.97,1,26.09,6,5
9,0,4,0,1,16.08,1,24.42,1,24.84,9,4
3,0,10,0,1,19.16,1,25.97,1,24.77,3,10
7,0,3,0,1,21.29,1,34.39,1,20.74,7,3
4,0,5,0,1,25.52,1,38.34,1,23.19,4,5
3,0,9,0,1,19.26,1,29.47,1,26.11,3,9
6,0,4,0,1,20.46,1,34.13,1,22.61,6,4
8,0,2,0,1,25.10,1,34.72,1,21.81,8,2
3,1,3,1,0,38.17,1,49.90,1,19.00,2,2
3,1,2,0,0,42.55,1,53.63,1,17.65,2,2
1,0,5,1,0,38.64,1,49.42,0,-88.22,1,4
1,0,7,0,1,30.68,1,41.37,0,-86.00,1,7
2,0,9,1,0,-inf,1,32.40,1,22.84,2,8
12,2,3,0,0,-inf,0,-inf,1,23.94,10,3
4,0,8,0,1,16.86,1,27.60,1,23.19,4,8
6,0,4,1,0,21.91,1,34.41,1,23.04,6,3
7,0,2,0,1,29.04,1,39.74,1,22.30,7,2
4,0,6,0,1,20.99,1,34.23,1,22.40,4,6
3,0,2,0,1,42.65,1,53.70,1,18.04,3,2
7,0,1,0,1,29.73,1,40.71,0,-87.07,7,1
8,2,10,0,0,-inf,0,7.91,1,30.54,6,10
9,0,5,0,1,10.73,1,19.25,1,25.86,9,5
4,0,4,0,1,29.70,1,42.09,1,22.41,4,4
7,2,6,1,0,9.30,0,24.05,1,27.84,5,5
6,0,5,1,0,17.62,1,30.62,1,23.72,6,4
2,0,5,0,1,34.40,1,45.98,1,21.05,2,5
8,0,3,0,1,21.06,1,31.03,1,23.06,8,3
2,0,2,0,1,46.90,1,57.37,1,16.49,2,2
4,0,7,0,1,17.49,1,30.23,1,22.87,4,7
5,0,5,0,1,21.56,1,34.07,1,23.92,5,5
7,0,9,1,0,-inf,1,11.23,1,25.97,7,8
2,0,5,0,1,33.35,1,45.58,1,17.94,2,5
2,1,7,1,0,26.88,1,38.58,0,19.43,1,6
7,0,3,1,0,23.80,1,35.04,1,22.69,7,2
1,0,5,0,1,38.40,1,49.14,0,-87.41,1,5
3,0,4,0,1,33.91,1,46.09,1,20.03,3,4
5,1,3,1,0,29.46,1,41.94,1,20.69,4,2
4,0,1,0,1,42.73,1,53.06,0,-89.23,4,1
3,0,3,1,0,37.85,1,49.71,1,20.20,3,2
6,2,3,0,0,26.19,0,38.19,1,21.48,4,3
9,2,7,1,0,-inf,1,11.77,1,24.89,7,6
7,1,7,1,0,4.58,1,18.48,1,26.09,6,6
5,1,7,0,0,13.31,1,26.41,1,25.20,4,7
5,0,5,1,1,21.72,1,34.47,1,24.19,5,4
4,1,4,0,1,29.96,1,42.23,1,21.77,3,4
2,0,4,0,1,38.21,1,49.77,1,15.74,2,4
5,0,3,0,1,29.45,1,42.00,1,22.16,5,3
2,0,4,0,1,38.76,1,50.05,1,20.49,2,4
5,0,5,0,1,20.82,1,34.12,1,24.07,5,5
3,0,9,0,1,20.34,1,28.80,1,24.50,3,9
3,0,8,1,0,-inf,1,30.07,1,24.61,3,7
5,2,3,0,0,29.75,0,42.21,1,22.16,3,3
6,0,7,0,1,9.97,1,23.79,1,27.65,6,7
5,0,3,0,1,29.26,1,41.98,1,23.50,5,3
4,0,3,0,1,33.95,1,46.10,1,20.13,4,3
3,1,4,0,0,34.27,1,46.12,1,21.29,2,4
7,0,4,0,1,18.06,1,30.21,1,23.91,7,4
3,0,4,1,0,33.67,1,45.84,1,18.71,3,3
8,2,5,0,0,-inf,1,21.43,1,25.15,6,5
2,0,1,0,1,51.36,1,60.76,0,-90.16,2,1
6,0,3,0,1,25.91,1,38.03,1,22.29,6,3
7,0,7,1,0,6.32,1,19.22,1,26.35,7,6
4,0,9,1,0,-inf,1,24.86,1,26.39,4,8
6,0,6,1,0,12.01,1,26.21,1,24.20,6,5
8,0,4,1,0,15.78,1,26.90,1,23.85,8,3
6,0,3,0,1,26.13,1,38.33,1,22.05,6,3
2,0,7,0,1,26.91,1,38.12,1,21.07,2,7
3,0,7,0,1,21.52,1,33.97,1,23.04,3,7
8,0,8,1,0,4.32,1,14.16,1,31.50,8,7
3,0,11,0,1,18.99,1,25.89,1,24.36,3,11
4,0,4,0,1,29.71,1,42.28,1,23.29,4,4
5,2,7,0,0,13.06,0,27.67,1,27.64,3,7
3,0,6,0,1,26.28,1,38.25,1,20.51,3,6
4,0,3,0,1,36.24,1,47.50,1,22.66,4,3
4,1,3,1,0,33.73,1,45.94,1,19.15,3,2
7,0,6,0,1,8.91,1,22.74,1,25.56,7,6
2,0,5,0,1,34.71,1,45.84,1,18.33,2,5
4,0,3,0,1,33.75,1,46.00,1,20.65,4,3
3,0,7,0,1,19.17,1,33.73,1,24.98,3,7
1,1,4,2,0,43.14,1,53.20,0,-88.14,0,2
6,0,6,1,0,10.85,1,25.59,1,24.68,6,5
3,0,3,1,0,38.35,1,49.99,1,20.44,3,2
4,0,6,0,1,19.87,1,33.75,1,25.19,4,6
3,0,8,0,1,19.18,1,32.98,1,26.47,3,8
2,0,3,0,1,42.56,1,53.66,1,17.37,2,3
4,0,3,1,0,33.99,1,46.10,1,22.34,4,2
4,0,8,1,0,-inf,1,26.97,1,24.29,4,7
7,0,8,1,0,-inf,1,14.24,1,26.38,7,7
5,1,5,0,0,22.83,1,36.04,1,26.06,4,5
5,1,8,1,0,-inf,1,22.66,1,23.78,4,7
3,0,4,0,1,33.72,1,45.87,1,22.08,3,4
3,0,5,1,0,31.61,1,43.58,1,24.49,3,4
6,0,4,0,1,21.59,1,34.22,1,21.87,6,4
5,1,2,1,0,33.58,1,45.73,0,17.87,4,1
5,0,6,0,1,17.06,1,30.29,1,24.39,5,6
6,1,6,1,0,13.76,1,27.78,1,27.06,5,5
4,0,3,0,1,34.31,1,46.15,1,20.75,4,3
8,0,6,0,1,5.58,1,18.65,1,26.43,8,6
6,1,5,2,0,16.82,0,30.52,1,24.77,5,3
4,1,5,0,0,25.53,1,38.07,1,22.78,3,5
1,0,4,0,1,42.70,1,53.28,0,-87.58,1,4
7,0,4,0,1,18.13,1,30.78,1,24.61,7,4
5,0,3,1,0,29.92,1,42.18,1,22.20,5,2
6,1,2,1,0,30.13,1,42.43,0,19.21,5,1
7,0,4,0,1,18.27,1,30.76,1,22.83,7,4
1,0,2,0,1,51.69,1,60.70,0,-91.85,1,2
4,1,3,0,0,33.90,1,45.93,1,20.60,3,3
1,0,3,0,1,47.00,1,56.99,0,-88.90,1,3
6,0,7,0,1,8.23,1,21.79,1,25.61,6,7
0,0,3,0,1,51.23,1,56.96,0,-89.04,0,3
5,0,9,0,1,10.60,1,20.72,1,27.10,5,9
3,1,5,0,0,32.30,1,43.33,1,27.14,2,5
2,1,7,1,0,26.52,1,38.66,0,19.30,1,6
5,0,5,0,1,20.93,1,34.42,1,22.61,5,5
1,0,4,0,1,42.49,1,53.06,0,-87.47,1,4
6,0,4,0,1,19.57,1,33.80,1,22.29,6,4
4,0,6,0,1,21.23,1,34.25,1,24.33,4,6
4,0,10,2,0,-inf,0,-inf,1,25.89,4,8
3,0,7,1,0,19.32,1,33.90,1,23.37,3,6
6,0,10,1,0,-inf,1,14.69,1,26.87,6,9
4,3,5,0,0,28.07,0,40.06,0,25.27,1,5
5,1,6,0,1,17.05,1,29.97,1,24.00,4,6
4,0,3,0,1,34.06,1,46.23,1,21.87,4,3
5,0,9,2,0,-inf,0,17.34,1,24.04,5,7
3,0,4,0,1,34.22,1,46.32,1,21.21,3,4
5,0,4,1,0,27.24,1,39.26,1,21.30,5,3
6,0,5,1,0,17.08,1,30.33,1,23.83,6,4
8,0,5,1,0,13.14,1,23.67,1,23.66,8,4
8,0,1,0,1,28.69,1,38.52,0,-83.43,8,1
4,0,4,0,1,34.16,1,45.27,1,30.66,4,4
6,0,6,0,1,15.57,1,28.57,1,28.17,6,6
3,0,7,1,0,21.21,1,33.74,1,20.85,3,6
5,1,2,0,0,34.16,1,46.02,1,21.34,4,2
10,0,7,1,0,-inf,1,12.82,1,30.00,10,6
6,1,11,3,0,-inf,0,-inf,1,26.72,5,8
4,0,8,1,0,15.81,1,26.97,1,23.35,4,7
4,1,8,0,0,16.33,1,27.57,1,27.51,3,8
5,0,2,0,1,34.06,1,45.76,1,24.23,5,2
10,0,7,0,1,2.58,1,10.82,1,26.96,10,7
4,0,3,0,1,34.22,1,46.20,1,20.89,4,3
2,0,6,0,1,30.25,1,41.85,1,18.70,2,6
6,0,3,0,1,25.68,1,37.95,1,21.64,6,3
7,0,5,1,0,13.65,1,26.58,1,22.90,7,4
4,0,4,0,1,29.79,1,42.13,1,23.89,4,4
3,1,3,0,0,38.19,1,49.95,1,16.85,2,3
5,0,3,0,1,31.29,1,43.55,1,26.70,5,3
2,0,3,0,1,42.48,1,53.58,1,19.94,2,3
7,2,5,1,0,14.48,0,26.67,1,24.13,5,4
2,0,4,1,0,38.02,1,49.52,1,17.48,2,3
2,0,4,0,1,38.34,1,49.77,1,21.74,2,4
4,1,7,1,0,15.95,1,30.52,1,21.80,3,6
7,1,2,0,0,24.34,1,37.34,1,18.20,6,2
4,0,9,1,0,-inf,1,21.92,1,26.74,4,8
3,0,8,1,0,-inf,1,29.32,1,22.81,3,7
4,1,3,1,0,36.12,1,47.16,1,24.49,3,2
4,1,5,0,0,24.36,1,37.99,1,20.77,3,5
9,0,3,0,1,19.24,1,28.67,1,22.78,9,3
5,0,4,0,1,25.79,1,38.36,1,22.37,5,4
8,1,5,1,0,14.66,1,25.74,1,26.81,7,4
8,0,9,0,1,2.00,1,8.67,1,27.26,8,9
6,0,6,0,1,13.17,1,26.14,1,24.89,6,6
3,0,4,1,0,34.29,1,46.22,1,21.09,3,3
7,0,8,1,0,-inf,1,14.14,1,26.83,7,7
8,0,6,1,0,10.49,1,20.08,1,24.31,8,5
7,2,6,0,0,10.08,1,22.93,1,24.71,5,6
4,0,7,0,1,18.64,1,30.56,1,23.06,4,7
7,0,4,1,0,18.14,1,30.36,1,23.51,7,3
5,0,3,0,1,30.04,1,42.42,1,22.32,5,3
4,0,7,1,0,17.50,1,29.51,1,23.83,4,6
5,0,7,0,1,12.56,1,26.42,1,24.24,5,7
5,1,3,0,0,30.41,1,42.38,1,19.92,4,3
3,0,9,2,0,-inf,1,26.44,1,24.27,3,7
6,0,1,0,1,32.58,1,44.91,0,-86.07,6,1
3,0,2,0,1,44.74,1,54.71,1,22.02,3,2
4,0,11,2,0,-inf,0,-inf,1,25.11,4,9
3,1,3,0,0,38.14,1,49.88,1,18.52,2,3
4,1,4,1,0,30.25,1,42.46,1,22.32,3,3
6,0,3,0,1,27.05,1,39.70,1,26.55,6,3
3,0,5,1,0,29.75,1,42.09,1,19.94,3,4
1,0,5,0,1,39.98,1,50.43,0,-84.27,1,5
3,0,8,0,1,20.15,1,31.19,1,23.06,3,8
8,1,1,1,0,29.55,1,39.55,0,-83.08,7,0
6,1,4,1,0,21.30,1,34.78,1,22.97,5,3
4,0,10,0,1,14.98,1,21.05,1,25.63,4,10
4,1,6,1,0,21.89,1,34.40,1,24.03,3,5
2,1,7,3,0,-inf,0,37.67,0,20.36,1,4
4,1,5,0,0,27.86,1,39.77,1,24.91,3,5
10,1,7,0,0,-inf,1,13.32,1,30.39,9,7
7,2,3,0,0,21.85,0,33.97,1,21.35,5,3
3,0,4,0,1,34.17,1,46.22,1,22.43,3,4
6,0,9,3,0,-inf,0,14.82,1,25.53,6,6
6,0,4,1,0,20.01,1,33.93,1,21.49,6,3
5,1,2,0,0,34.59,1,46.16,1,21.82,4,2
4,1,3,0,0,34.57,1,46.41,1,20.56,3,3
11,1,5,1,0,-inf,1,18.82,1,27.96,10,4
3,0,3,0,1,38.58,1,50.16,1,18.95,3,3
1,0,4,0,1,42.58,1,53.11,0,-87.51,1,4
1,0,7,0,1,32.48,1,43.02,0,-83.57,1,7
3,0,4,2,0,34.02,0,46.01,1,21.75,3,2
5,0,4,1,0,25.22,1,37.95,1,22.43,5,3
8,2,7,1,0,-inf,0,13.20,1,25.08,6,6
5,0,9,1,0,-inf,1,20.69,1,25.25,5,8
6,0,1,0,1,34.42,1,45.35,0,-86.79,6,1
5,0,5,0,1,21.27,1,34.24,1,24.53,5,5
3,0,7,1,0,-inf,1,34.13,1,22.45,3,6
4,0,7,0,1,18.81,1,30.37,1,22.85,4,7
8,0,3,1,0,19.87,1,30.70,1,22.78,8,2
2,0,4,0,1,38.27,1,49.74,1,20.40,2,4
6,1,2,0,0,30.26,1,42.01,1,17.01,5,2
9,0,7,1,0,2.58,1,12.71,1,27.06,9,6
5,1,5,1,0,21.64,1,34.52,1,22.19,4,4
4,0,2,0,1,38.66,1,50.02,1,18.93,4,2
8,1,7,1,0,-inf,1,15.33,1,26.09,7,6
6,1,4,0,0,21.48,1,34.37,1,23.48,5,4
7,0,4,0,1,22.77,1,32.68,1,27.98,7,4
3,0,6,0,1,26.03,1,38.24,1,18.98,3,6
4,0,5,0,1,25.55,1,38.36,1,23.31,4,5
7,0,9,1,0,-inf,1,9.74,1,25.85,7,8
3,0,2,0,1,42.89,1,53.84,1,16.97,3,2
10,1,6,1,0,-inf,1,13.63,1,25.14,9,5
6,0,9,1,0,-inf,1,15.43,1,26.30,6,8
2,0,3,0,1,42.69,1,53.77,1,19.09,2,3
4,0,8,1,0,-inf,1,24.74,1,24.27,4,7
5,0,3,0,1,30.45,1,42.41,1,24.05,5,3
7,0,4,0,1,19.38,1,31.06,1,25.46,7,4
3,1,6,2,0,25.38,0,38.25,1,19.00,2,4
2,1,2,0,1,46.62,1,57.21,0,15.27,1,2
3,1,2,0,0,44.76,1,53.55,1,25.76,2,2
1,0,5,0,1,38.12,1,49.08,0,-86.88,1,5
4,1,5,1,0,26.36,1,38.53,1,22.04,3,4
6,0,4,0,1,22.60,1,34.57,1,21.06,6,4
2,0,2,0,1,46.85,1,57.34,1,15.32,2,2
6,1,4,1,0,22.33,1,34.62,1,23.64,5,3
7,0,0,0,1,34.00,1,40.89,0,-85.40,7,0
3,0,5,0,1,29.80,1,42.11,1,22.91,3,5
8,1,5,2,0,-inf,0,22.00,1,25.63,7,3
5,0,6,0,1,22.43,1,34.03,1,30.20,5,6
6,0,4,0,1,21.12,1,33.95,1,23.86,6,4
5,0,3,1,0,30.37,1,42.25,1,21.68,5,2
9,3,3,0,0,-inf,0,26.60,1,23.06,6,3
4,0,4,0,1,29.96,1,42.25,1,21.25,4,4
7,0,4,0,1,20.35,1,31.91,1,25.34,7,4
3,1,5,2,0,30.48,0,42.33,1,19.82,2,3
5,0,5,1,0,21.61,1,34.59,1,22.16,5,4
4,0,2,0,1,38.75,1,50.09,1,20.55,4,2
6,2,1,0,0,34.40,0,45.04,0,-86.68,4,1
4,0,7,1,0,14.64,1,29.72,1,23.67,4,6
1,0,8,0,1,29.31,1,39.15,0,-82.50,1,8
4,0,7,0,1,18.36,1,30.79,1,25.19,4,7
6,0,7,0,1,10.13,1,22.03,1,26.01,6,7
4,0,3,1,0,34.21,1,46.19,1,20.78,4,2
4,0,6,0,1,23.38,1,35.37,1,28.53,4,6
7,0,7,2,0,3.58,0,17.71,1,25.61,7,5
6,0,3,0,1,28.68,1,40.13,1,24.88,6,3
2,0,5,1,0,34.41,1,45.88,1,19.65,2,4
6,0,5,0,1,17.37,1,30.17,1,24.29,6,5
3,0,4,0,1,33.82,1,45.99,1,20.27,3,4
7,1,4,0,0,18.73,1,31.83,1,28.00,6,4
2,0,6,1,0,32.21,1,43.82,1,23.36,2,5
5,0,2,0,1,33.87,1,45.86,1,19.90,5,2
5,1,1,0,0,38.76,1,49.19,0,-86.24,4,1
6,0,6,1,0,10.02,1,25.98,1,24.80,6,5
7,1,3,0,0,-inf,1,34.84,1,28.62,6,3
7,0,4,1,1,20.82,1,33.81,1,26.67,7,3
5,1,6,2,0,17.61,0,30.50,1,23.91,4,4
6,3,5,1,0,16.31,0,30.37,1,22.40,3,4
10,3,5,0,0,-inf,0,-inf,1,25.60,7,5
2,0,2,1,0,46.88,1,57.37,0,17.12,2,1
3,1,1,0,0,46.63,1,56.94,0,-89.65,2,1
6,0,7,1,0,12.60,1,25.72,1,29.77,6,6
2,0,5,1,0,36.34,1,47.46,1,19.36,2,4
8,1,7,1,0,2.58,1,15.11,1,25.23,7,6
5,0,4,0,1,25.78,1,38.49,1,22.89,5,4
8,0,4,0,1,16.86,1,26.89,1,23.33,8,4
4,0,2,0,1,38.35,1,49.80,1,18.72,4,2
4,0,3,0,1,34.18,1,46.14,1,20.58,4,3
3,0,4,0,1,33.78,1,45.99,1,18.12,3,4
8,0,6,1,0,6.91,1,18.96,1,24.67,8,5
5,1,7,0,0,16.14,1,27.80,1,28.27,4,7
4,0,4,2,0,29.85,0,42.24,1,20.18,4,2
2,0,6,1,0,30.32,1,41.72,1,22.72,2,5
7,1,1,0,0,29.77,1,41.71,0,-86.40,6,1
4,0,3,0,1,34.52,1,46.24,1,21.87,4,3
1,0,4,0,1,42.48,1,52.99,0,-86.51,1,4
5,2,7,0,0,16.86,0,28.71,1,27.20,3,7
4,0,5,0,1,25.96,1,38.28,1,23.32,4,5
6,0,6,1,0,14.30,1,28.10,1,28.54,6,5
5,2,4,0,0,25.15,0,38.19,1,21.05,3,4
4,1,5,1,0,25.23,1,38.06,1,22.43,3,4
3,0,2,2,0,42.45,0,53.55,0,17.79,3,0
5,1,9,1,0,10.92,1,22.84,1,25.81,4,8
4,1,5,0,0,25.16,1,37.84,1,21.84,3,5
5,0,6,0,1,20.07,1,32.26,1,28.05,5,6
4,0,8,1,0,-inf,1,24.56,1,24.58,4,7
5,0,3,0,1,29.49,1,42.14,1,22.46,5,3
6,0,8,0,1,5.81,1,18.76,1,25.71,6,8
3,0,5,0,1,29.62,1,42.14,1,20.56,3,5
8,1,5,0,0,13.03,1,25.00,1,27.41,7,5
6,0,3,0,1,27.53,1,39.73,1,22.96,6,3
3,0,6,0,1,26.63,1,38.83,1,22.59,3,6
3,1,2,0,0,42.68,1,53.69,1,17.95,2,2
3,1,3,1,0,38.15,1,49.88,1,17.02,2,2
5,0,3,1,0,29.91,1,42.07,1,20.97,5,2
5,1,4,1,0,25.55,1,38.31,1,22.78,4,3
2,0,3,1,0,42.21,1,53.47,1,16.66,2,2
5,0,4,0,1,28.12,1,39.90,1,27.99,5,4
1,0,3,0,1,47.14,1,57.06,0,-88.80,1,3
5,0,3,1,0,30.42,1,42.35,1,22.45,5,2
6,2,8,2,0,-inf,0,20.05,1,25.46,4,6
3,0,2,0,1,42.75,1,53.76,1,17.13,3,2
5,0,7,0,1,15.32,1,28.37,1,27.30,5,7
4,2,4,1,0,29.64,0,42.37,1,20.80,2,3
6,1,4,0,0,22.18,1,34.41,1,24.48,5,4
7,0,2,1,0,27.05,1,37.66,0,16.79,7,1
5,2,6,2,0,16.87,0,30.36,1,23.47,3,4
4,0,3,0,1,33.95,1,46.02,1,22.03,4,3
7,2,3,0,0,-inf,0,33.85,1,24.53,5,3
3,0,5,0,1,29.49,1,41.94,1,20.79,3,5
9,0,4,0,1,17.02,1,25.53,1,29.65,9,4
1,0,10,0,1,28.54,1,34.32,0,-85.17,1,10
5,0,5,1,0,20.89,1,34.24,1,26.16,5,4
4,0,5,1,0,26.34,1,38.60,1,21.99,4,4
5,1,6,0,0,17.99,1,31.46,1,27.35,4,6
4,1,2,1,0,37.71,1,49.52,0,13.36,3,1
3,0,7,1,0,20.77,1,33.97,1,23.70,3,6
3,0,3,1,0,38.37,1,49.94,1,20.41,3,2
9,1,6,0,0,-inf,1,13.22,1,25.26,8,6
3,0,5,0,1,30.02,1,41.94,1,22.84,3,5
2,0,7,1,0,25.06,1,37.60,1,18.50,2,6
4,1,10,2,0,-inf,0,20.98,1,26.31,3,8
5,0,5,0,1,21.65,1,34.34,1,23.63,5,5
7,1,8,0,0,-inf,1,14.34,1,25.48,6,8
5,0,3,0,1,29.59,1,42.04,1,21.86,5,3
9,2,6,1,0,-inf,0,16.48,1,25.01,7,5
3,0,6,0,1,25.02,1,37.72,1,22.56,3,6
10,0,2,0,1,23.26,1,30.25,1,25.26,10,2
5,0,5,0,1,20.45,1,34.34,1,23.63,5,5
9,0,3,0,1,19.45,1,30.06,1,26.12,9,3
7,1,2,0,0,-inf,1,38.13,1,22.88,6,2
3,0,4,0,1,33.85,1,46.02,1,19.80,3,4
8,0,3,0,1,20.24,1,30.82,1,24.25,8,3
4,0,3,0,1,33.84,1,46.03,1,21.09,4,3
7,0,7,2,0,-inf,0,18.35,1,26.61,7,5
6,0,9,0,1,6.91,1,16.98,1,28.69,6,9
7,1,8,2,0,-inf,0,17.14,1,28.83,6,6
4,0,6,1,0,20.92,1,34.09,1,23.49,4,5
5,0,7,1,0,12.25,1,26.16,1,23.35,5,6
3,0,3,0,1,38.11,1,49.77,1,18.30,3,3
7,0,2,0,1,26.67,1,37.83,1,20.20,7,2
3,0,7,0,1,23.53,1,34.28,1,21.42,3,7
2,0,6,0,1,28.15,1,41.64,1,20.53,2,6
2,0,7,1,0,28.85,1,39.92,1,24.72,2,6
6,1,3,0,0,27.64,1,39.68,1,25.38,5,3
7,2,7,1,0,6.39,0,19.33,1,27.78,5,6
7,0,4,1,1,17.67,1,30.28,1,22.92,7,3
8,0,3,0,1,20.01,1,31.93,1,24.62,8,3
5,0,5,0,1,20.34,1,34.31,1,23.63,5,5
3,0,4,1,0,33.76,1,45.91,1,21.70,3,3
2,0,9,1,0,-inf,1,31.27,1,23.56,2,8
5,2,5,0,0,21.78,0,34.60,1,21.95,3,5
5,0,3,0,1,28.88,1,42.01,1,20.96,5,3
4,0,1,0,1,44.76,1,54.47,0,-84.12,4,1
8,1,5,1,0,10.46,1,22.94,1,25.12,7,4
6,1,3,1,0,25.88,1,38.25,1,20.84,5,2
5,1,1,1,0,38.78,1,49.29,0,-87.70,4,0
6,0,7,0,1,9.23,1,22.17,1,25.36,6,7
5,0,7,0,1,13.60,1,26.62,1,23.71,5,7
7,0,7,1,1,7.32,1,20.53,1,28.35,7,6
3,1,5,0,0,29.63,1,42.02,1,21.98,2,5
4,1,5,0,0,25.50,1,38.33,1,22.43,3,5
5,0,2,1,0,34.47,1,45.89,0,19.81,5,1
6,1,5,0,0,17.24,1,30.25,1,25.52,5,5
5,0,3,0,1,29.53,1,41.88,1,19.79,5,3
3,0,5,0,1,30.09,1,42.27,1,23.65,3,5
2,1,9,0,0,24.63,1,34.39,0,23.44,1,9
4,0,7,0,1,17.17,1,30.72,1,24.43,4,7
4,1,11,2,0,-inf,1,21.06,1,24.39,3,9
2,0,2,0,1,46.98,1,57.42,1,17.39,2,2
6,0,4,1,0,21.96,1,34.53,1,23.70,6,3
3,0,7,0,1,24.48,1,36.04,1,25.59,3,7
4,0,7,0,1,17.98,1,29.98,1,23.26,4,7
4,0,8,0,1,15.08,1,26.23,1,23.26,4,8
3,0,2,0,1,42.88,1,53.81,1,14.52,3,2
8,0,4,1,0,14.88,1,26.65,1,25.24,8,3
5,0,6,0,1,19.45,1,32.05,1,27.02,5,6
5,0,7,0,1,13.00,1,26.39,1,24.90,5,7
3,0,6,0,1,25.95,1,38.09,1,21.11,3,6
5,0,9,1,0,-inf,1,21.16,1,28.31,5,8
5,1,4,0,0,25.24,1,38.31,1,21.80,4,4
3,0,0,0,1,51.02,1,56.96,0,-89.25,3,0
3,0,7,0,1,21.86,1,34.12,1,23.43,3,7
2,0,6,0,1,28.25,1,41.31,1,17.99,2,6
6,0,1,0,1,34.04,1,45.05,0,-87.84,6,1
4,0,5,0,1,25.72,1,38.41,1,22.08,4,5
4,0,3,0,1,33.87,1,45.96,1,21.03,4,3
8,0,6,2,0,7.51,0,18.66,1,25.67,8,4
2,0,3,0,1,42.48,1,53.61,1,20.98,2,3
6,0,7,0,1,10.08,1,24.10,1,27.34,6,7
2,0,4,1,0,38.37,1,49.82,1,20.44,2,3
3,0,2,0,1,42.66,1,53.64,1,18.13,3,2
2,0,3,0,1,42.10,1,53.46,1,16.95,2,3
3,0,5,0,1,29.83,1,42.25,1,19.93,3,5
5,1,8,0,0,12.67,1,24.86,1,27.78,4,8
10,1,5,0,0,-inf,1,17.23,1,26.60,9,5
6,0,5,1,0,19.16,1,32.18,1,27.87,6,4
5,0,1,1,0,38.41,1,49.11,0,-86.07,5,0
4,0,1,0,1,42.54,1,53.01,0,-88.42,4,1
3,0,3,0,1,38.47,1,50.01,1,17.56,3,3
4,1,2,0,0,38.14,1,49.67,1,17.78,3,2
4,2,4,0,0,29.89,0,42.20,1,20.84,2,4
6,0,5,0,1,18.24,1,31.55,1,26.79,6,5
7,1,4,0,0,16.28,1,30.49,1,22.39,6,4
5,0,6,0,1,16.12,1,30.28,1,24.92,5,6
7,0,5,0,1,14.07,1,26.55,1,24.17,7,5
11,1,5,0,0,-inf,1,17.21,1,25.36,10,5
3,1,3,1,0,38.39,1,50.01,1,18.01,2,2
7,0,6,0,1,8.17,1,22.89,1,25.88,7,6
5,0,6,0,1,17.77,1,30.62,1,25.65,5,6
5,0,1,0,1,38.26,1,48.91,0,-86.64,5,1
6,0,4,1,0,23.33,1,36.05,1,24.95,6,3
5,0,3,1,0,29.90,1,42.26,1,20.15,5,2
9,1,7,0,0,-inf,1,10.84,1,26.94,8,7
6,1,6,0,1,14.45,1,28.20,1,26.81,5,6
3,0,2,0,1,42.88,1,53.80,1,19.01,3,2
2,0,5,1,0,36.34,1,47.46,1,22.56,2,4
7,1,5,0,0,13.70,1,27.46,1,28.44,6,5
6,1,5,0,0,14.69,1,30.04,1,24.72,5,5
10,0,6,0,1,6.32,1,14.31,1,26.63,10,6
5,0,4,0,1,25.49,1,38.39,1,22.75,5,4
2,0,2,0,1,46.77,1,57.31,1,15.85,2,2
6,0,6,0,1,14.87,1,26.77,1,23.70,6,6
3,0,6,1,0,24.38,1,38.19,1,22.52,3,5
1,0,5,0,1,38.26,1,49.08,0,-87.86,1,5
7,1,4,1,0,16.31,1,30.21,1,22.86,6,3
0,0,4,0,1,46.92,1,53.13,0,-89.11,0,4
2,0,5,0,1,34.94,1,46.05,1,18.89,2,5
5,1,5,0,0,20.23,1,34.01,1,22.70,4,5
6,0,6,2,0,-inf,0,23.49,1,23.41,6,4
5,0,3,0,1,30.02,1,42.13,1,23.55,5,3
4,0,3,0,1,33.88,1,45.88,1,22.45,4,3
9,3,5,0,0,-inf,0,17.06,1,25.09,6,5
6,0,1,0,1,34.92,1,45.11,0,-85.90,6,1
2,0,5,1,0,33.89,1,45.82,1,19.60,2,4
3,0,2,0,1,42.81,1,53.77,1,18.87,3,2
8,1,1,0,0,28.73,1,38.07,0,-84.81,7,1
4,0,5,0,1,25.65,1,38.23,1,21.41,4,5
8,0,4,0,1,18.90,1,29.70,1,24.86,8,4
2,0,2,0,1,46.92,1,57.38,1,15.60,2,2
5,0,2,0,1,33.34,1,45.88,1,19.74,5,2
3,0,6,1,0,28.28,1,40.04,1,22.15,3,5
4,0,8,0,1,14.94,1,27.04,1,24.45,4,8
7,0,3,1,0,22.87,1,35.56,1,23.95,7,2
4,0,4,0,1,29.70,1,42.20,1,20.00,4,4
4,0,2,0,1,38.72,1,49.94,1,19.50,4,2
2,0,4,0,1,38.48,1,49.85,1,19.50,2,4
7,1,1,0,0,32.53,1,41.67,0,-86.44,6,1
2,0,4,1,0,38.20,1,49.69,1,19.11,2,3
4,0,3,0,1,35.82,1,47.20,1,26.28,4,3
7,0,3,1,0,23.01,1,34.34,1,20.54,7,2
5,0,6,1,0,18.03,1,31.47,1,28.03,5,5
5,0,0,0,1,43.04,1,49.13,0,-87.77,5,0
2,0,8,1,0,24.30,1,34.87,1,21.64,2,7
4,0,2,0,1,38.26,1,49.77,1,20.07,4,2
3,0,7,0,1,24.28,1,36.09,1,23.29,3,7
5,0,5,1,0,22.36,1,34.55,1,22.17,5,4
4,1,2,1,0,38.35,1,49.88,0,16.08,3,1
3,0,2,0,1,42.04,1,53.34,1,18.83,3,2
5,0,6,0,1,16.56,1,30.53,1,25.25,5,6
5,1,10,0,0,10.67,1,18.26,1,25.96,4,10
8,0,3,0,1,20.62,1,31.82,1,25.19,8,3
4,1,1,0,0,42.69,1,53.17,0,-88.14,3,1
3,0,5,0,1,29.33,1,42.00,1,22.38,3,5
6,1,5,0,0,17.26,1,30.15,1,24.07,5,5
3,0,8,3,0,-inf,0,30.95,1,22.47,3,5
5,0,2,0,1,34.01,1,45.92,1,20.38,5,2
8,0,4,0,1,14.84,1,26.46,1,25.40,8,4
5,1,9,1,0,-inf,1,20.27,1,24.88,4,8
3,0,1,0,1,46.68,1,56.92,0,-89.74,3,1
4,0,3,0,1,34.38,1,46.27,1,22.09,4,3
3,0,3,0,1,38.34,1,50.01,1,18.74,3,3
3,0,5,0,1,30.01,1,42.28,1,22.84,3,5
7,2,4,0,0,-inf,0,30.11,1,23.01,5,4
4,0,5,1,0,25.57,1,38.29,1,21.35,4,4
5,1,3,1,0,29.22,1,42.05,1,19.42,4,2
4,0,4,0,1,30.04,1,42.31,1,22.05,4,4
5,2,7,2,0,10.25,0,25.93,1,22.95,3,5
3,0,6,0,1,25.60,1,38.22,1,23.37,3,6
8,1,5,1,0,10.30,1,22.23,1,24.44,7,4
2,1,3,0,0,42.58,1,53.68,0,15.55,1,3
6,0,3,0,1,25.45,1,38.32,1,22.54,6,3
5,0,4,2,0,25.18,0,38.07,1,22.28,5,2
7,1,6,1,0,9.21,1,22.40,1,24.97,6,5
6,0,6,2,0,14.52,0,26.53,1,23.67,6,4
5,0,5,0,1,23.85,1,36.14,1,27.38,5,5
7,1,7,2,0,5.91,0,18.41,1,25.94,6,5
3,0,2,0,1,42.68,1,53.67,1,17.59,3,2
8,1,10,1,0,-inf,1,6.91,1,28.82,7,9
8,1,3,1,0,19.06,1,30.58,1,23.62,7,2
5,1,5,1,0,21.25,1,34.41,1,22.19,4,4
3,0,2,0,1,42.73,1,53.76,1,21.00,3,2
2,1,5,0,0,36.47,1,47.46,0,21.36,1,5
5,0,7,1,0,13.01,1,26.55,1,22.53,5,6
5,1,4,1,0,25.24,1,37.99,1,21.96,4,3
6,1,4,0,0,20.44,1,34.24,1,21.69,5,4
4,1,7,1,0,20.08,1,32.20,1,25.78,3,6
1,0,5,2,0,-inf,0,46.53,0,-88.42,1,3
3,0,5,2,0,31.63,0,43.13,1,27.24,3,3
5,0,3,1,0,29.85,1,42.37,1,21.03,5,2
3,0,5,0,1,29.86,1,42.12,1,20.76,3,5
4,1,0,0,0,46.67,1,53.00,0,-88.00,3,0
8,0,2,1,0,24.38,1,34.48,0,22.48,8,1
3,1,7,1,0,20.14,1,33.84,1,22.67,2,6
7,1,4,1,0,17.67,1,30.19,1,24.12,6,3
2,0,8,2,0,-inf,0,34.85,1,22.28,2,6
8,0,7,0,1,3.58,1,15.22,1,26.42,8,7
3,1,4,0,0,34.37,1,46.12,1,19.66,2,4
4,0,6,1,0,20.17,1,33.96,1,22.56,4,5
6,0,6,0,1,13.99,1,26.64,1,25.63,6,6
2,0,6,0,1,29.47,1,41.54,1,21.52,2,6
6,1,6,0,0,13.76,1,27.87,1,26.93,5,6
4,1,4,0,0,29.75,1,42.29,1,20.88,3,4
7,2,3,1,0,23.88,0,36.10,1,24.06,5,2
5,0,4,0,1,25.73,1,38.41,1,22.92,5,4
2,1,7,0,1,26.43,1,37.91,0,20.66,1,7
5,0,8,0,1,14.73,1,25.53,1,28.00,5,8
2,1,5,0,0,34.22,1,45.96,0,18.14,1,5
5,0,7,1,0,17.96,1,30.06,1,27.13,5,6
2,0,8,0,1,25.80,1,36.35,1,22.19,2,8
8,1,3,0,0,-inf,1,31.33,1,26.16,7,3
4,0,8,0,1,14.72,1,26.57,1,23.37,4,8
7,0,5,0,1,11.75,1,26.43,1,25.51,7,5
6,0,4,1,0,24.35,1,35.96,1,26.58,6,3
3,0,6,0,1,25.20,1,38.12,1,23.20,3,6
2,0,1,1,0,51.06,1,60.60,0,-91.77,2,0
4,0,8,0,1,15.79,1,26.87,1,23.34,4,8
4,0,3,0,1,33.61,1,45.81,1,20.34,4,3
4,0,4,1,0,29.41,1,42.26,1,22.50,4,3
5,0,8,0,1,11.74,1,23.17,1,24.77,5,8
9,1,9,0,0,-inf,1,5.58,1,28.00,8,9
4,0,5,0,1,25.57,1,38.33,1,22.31,4,5
2,0,1,1,1,51.12,1,60.67,0,-91.79,2,0
4,0,1,0,1,42.76,1,53.11,0,-87.91,4,1
5,0,5,0,1,22.67,1,35.59,1,27.44,5,5
3,0,7,0,1,22.78,1,34.05,1,23.81,3,7
6,0,3,0,1,24.91,1,38.20,1,22.05,6,3
4,0,4,1,0,29.40,1,41.93,1,19.53,4,3
4,0,6,1,0,19.66,1,34.08,1,22.83,4,5
5,0,4,0,1,25.51,1,38.31,1,24.92,5,4
2,0,9,2,0,-inf,1,28.69,1,20.17,2,7
6,0,2,1,0,29.45,1,41.91,0,18.96,6,1
8,2,4,0,0,-inf,0,27.74,1,29.49,6,4
4,0,4,1,0,30.07,1,42.26,1,21.18,4,3
7,1,5,0,0,11.94,1,25.95,1,24.78,6,5
4,0,5,0,1,25.58,1,38.13,1,23.60,4,5
5,0,1,0,1,38.41,1,49.19,0,-87.38,5,1
9,1,3,1,0,-inf,1,28.08,1,23.54,8,2
0,0,5,0,1,42.64,1,49.18,0,-87.14,0,5
4,2,3,0,0,34.24,0,46.16,1,19.35,2,3
7,0,6,1,0,11.54,1,24.51,1,26.72,7,5
7,2,6,0,0,9.02,0,22.57,1,25.57,5,6
9,0,1,0,1,27.69,1,34.81,0,-85.42,9,1
6,2,9,1,0,7.98,0,17.83,1,26.94,4,8
6,0,11,1,0,-inf,1,14.91,1,31.27,6,10
4,0,4,1,0,29.44,1,42.25,1,20.42,4,3
3,0,2,0,1,42.87,1,53.79,1,16.98,3,2
7,3,4,1,0,17.71,0,30.59,1,24.35,4,3
2,0,5,1,0,34.25,1,46.03,1,19.68,2,4
5,0,8,0,1,13.51,1,26.10,1,28.60,5,8
4,0,4,0,1,30.48,1,42.62,1,22.40,4,4
8,0,3,1,0,19.16,1,30.82,1,24.73,8,2
8,0,5,0,1,14.75,1,25.11,1,28.77,8,5
4,0,4,0,1,30.56,1,42.77,1,21.11,4,4
6,2,5,0,0,17.09,0,30.08,1,23.18,4,5
3,1,5,0,0,30.20,1,42.37,1,19.50,2,5
3,1,6,0,0,25.88,1,38.28,1,20.71,2,6
3,0,4,0,1,33.53,1,45.96,1,19.14,3,4
4,0,4,0,1,32.06,1,43.72,1,26.86,4,4
5,2,12,0,0,10.99,0,17.15,1,27.04,3,12
3,1,6,0,0,26.15,1,38.08,1,22.05,2,6
0,0,3,0,1,51.00,1,56.87,0,-87.90,0,3
4,0,5,0,1,25.89,1,38.41,1,22.99,4,5
4,0,5,1,0,25.41,1,38.13,1,20.33,4,4
4,1,6,1,0,22.63,1,35.64,1,25.97,3,5
6,0,9,0,1,7.23,1,17.48,1,28.44,6,9
5,0,4,1,0,25.20,1,38.27,1,22.47,5,3
4,0,6,1,0,20.96,1,34.19,1,23.33,4,5
10,0,7,1,0,4.00,1,10.99,1,26.60,10,6
6,1,5,0,0,15.74,1,30.29,1,24.72,5,5
8,1,3,1,0,-inf,1,30.07,1,22.63,7,2
6,1,7,0,0,7.75,1,21.85,1,26.07,5,7
7,0,7,1,0,7.63,1,19.85,1,27.64,7,6
4,0,3,1,0,33.86,1,46.05,1,21.11,4,2
2,1,7,0,0,28.59,1,39.88,0,21.73,1,7
8,0,7,0,1,5.91,1,17.23,1,26.82,8,7
4,0,5,0,1,27.91,1,39.62,1,27.25,4,5
5,0,6,2,0,17.74,0,31.52,1,27.05,5,4
4,0,2,0,1,38.84,1,50.07,1,20.88,4,2
7,2,5,0,0,-inf,0,25.70,1,23.50,5,5
10,0,3,0,1,19.23,1,27.03,1,23.97,10,3
5,0,2,0,1,33.65,1,45.73,1,19.32,5,2
6,2,6,1,0,11.52,0,26.10,1,22.62,4,5
8,1,2,0,0,-inf,1,35.17,1,23.04,7,2
7,0,4,0,1,18.60,1,30.52,1,24.63,7,4
6,0,7,1,0,10.21,1,22.41,1,25.09,6,6
2,0,9,0,1,24.31,1,33.26,1,23.00,2,9
2,0,2,0,1,47.00,1,57.43,1,19.14,2,2
6,0,5,0,1,17.68,1,30.31,1,24.18,6,5
3,1,5,0,0,29.97,1,42.22,1,20.92,2,5
3,0,7,2,0,21.60,0,34.02,1,24.00,3,5
6,0,4,0,1,21.15,1,34.12,1,22.90,6,4
1,0,7,0,1,29.35,1,41.38,0,-86.44,1,7
3,0,5,0,1,29.62,1,42.10,1,22.73,3,5
3,0,4,0,1,33.76,1,45.88,1,19.77,3,4
2,0,5,0,1,34.30,1,45.95,1,19.45,2,5
4,0,8,0,1,15.20,1,26.24,1,25.04,4,8
4,0,4,0,1,29.83,1,42.22,1,23.20,4,4
7,1,8,0,0,2.00,1,14.57,1,26.70,6,8
4,0,2,0,1,38.15,1,49.76,1,17.34,4,2
8,3,2,0,0,-inf,0,33.89,1,22.63,5,2
5,0,5,0,1,23.08,1,35.08,1,22.54,5,5
7,2,1,0,0,32.44,0,41.48,0,-85.50,5,1
9,1,11,1,0,-inf,1,2.58,1,29.44,8,10
2,0,6,0,1,32.27,1,43.60,1,20.91,2,6
2,0,2,0,1,47.12,1,57.48,1,14.87,2,2
2,0,5,2,0,34.20,0,45.90,1,20.55,2,3
5,1,5,1,0,21.31,1,34.46,1,22.35,4,4
5,1,9,3,0,-inf,0,-inf,1,27.56,4,6
4,0,3,0,1,33.75,1,46.10,1,21.00,4,3
3,1,2,0,0,42.49,1,53.61,1,17.23,2,2
3,0,4,0,1,34.56,1,46.23,1,21.08,3,4
6,1,4,0,0,22.26,1,34.65,1,22.93,5,4
3,0,4,1,0,36.31,1,47.20,1,24.01,3,3
8,0,5,0,1,10.23,1,21.78,1,24.60,8,5
9,0,3,1,0,20.20,1,28.60,1,23.88,9,2
8,1,2,0,0,24.62,1,34.79,1,17.04,7,2
4,0,5,1,0,25.13,1,38.27,1,24.50,4,4
5,1,4,1,0,25.33,1,38.38,1,22.96,4,3
5,0,6,0,1,19.97,1,32.03,1,28.44,5,6
4,1,6,1,0,20.86,1,34.20,1,22.68,3,5
1,0,5,0,1,38.41,1,49.27,0,-86.61,1,5
7,1,5,1,0,13.68,1,27.64,1,27.48,6,4
9,2,4,0,0,-inf,0,-inf,1,26.77,7,4
3,1,4,0,1,34.26,1,46.17,1,17.89,2,4
10,0,3,0,1,19.17,1,26.01,1,24.15,10,3
6,0,7,1,0,8.81,1,22.43,1,25.18,6,6
5,0,4,0,1,25.04,1,38.18,1,22.33,5,4
2,0,5,0,1,34.03,1,45.86,1,21.68,2,5
5,0,5,0,1,22.08,1,34.68,1,23.32,5,5
5,1,5,0,0,23.34,1,35.61,1,26.62,4,5
6,0,4,0,1,22.68,1,34.62,1,23.57,6,4
6,1,3,0,0,23.92,1,37.52,1,22.53,5,3
2,1,3,1,0,42.34,1,53.49,0,15.58,1,2
4,1,8,0,0,15.98,1,27.08,1,24.33,3,8
6,1,4,1,0,21.41,1,34.04,1,21.77,5,3
5,0,4,0,1,28.33,1,39.82,1,27.64,5,4
4,2,6,1,0,23.36,0,35.77,1,25.39,2,5
9,2,5,1,0,-inf,0,-inf,1,26.09,7,4
6,1,3,0,0,25.22,1,38.04,1,22.00,5,3
6,0,7,0,1,9.91,1,22.82,1,24.46,6,7
9,1,5,1,0,10.30,1,19.21,1,24.42,8,4
5,0,5,2,0,21.37,0,33.98,1,21.39,5,3
3,1,2,0,0,42.47,1,53.65,1,17.65,2,2
5,0,5,0,1,20.36,1,33.86,1,23.15,5,5
7,1,8,0,0,1.00,1,13.68,1,25.72,6,8
3,0,6,1,0,28.29,1,40.09,1,26.06,3,5
2,0,7,0,1,29.23,1,39.95,1,21.72,2,7
5,1,6,1,0,15.28,1,29.96,1,22.91,4,5
3,1,3,0,0,38.29,1,49.94,1,19.90,2,3
2,0,3,0,1,42.63,1,53.60,1,17.35,2,3
3,0,4,0,1,34.17,1,46.06,1,21.90,3,4
4,0,8,1,0,18.37,1,28.60,1,29.29,4,7
4,0,5,0,1,27.94,1,40.02,1,26.47,4,5
2,0,6,1,0,30.02,1,42.12,1,16.24,2,5
1,0,3,1,0,46.91,1,57.02,0,-88.91,1,2
5,1,8,0,0,13.44,1,24.10,1,25.56,4,8
3,0,5,1,0,29.52,1,42.18,1,21.17,3,4
5,2,8,1,0,-inf,0,23.26,1,24.11,3,7
8,1,6,0,0,-inf,1,18.43,1,23.93,7,6
9,1,6,0,0,-inf,1,14.53,1,26.46,8,6
4,0,6,0,1,22.97,1,34.86,1,23.25,4,6
2,0,3,0,1,42.86,1,53.76,1,17.57,2,3
2,0,7,3,0,27.60,0,38.26,1,19.87,2,4
5,0,2,1,0,34.05,1,45.81,0,17.87,5,1
2,0,7,0,1,27.66,1,38.40,1,21.68,2,7
4,2,1,0,0,42.41,0,52.97,0,-88.81,2,1
4,1,6,0,0,24.37,1,35.90,1,27.39,3,6
7,1,2,0,1,25.18,1,37.79,1,19.85,6,2
5,0,3,0,1,31.91,1,43.35,1,27.28,5,3
3,0,3,0,1,38.30,1,49.99,1,20.09,3,3
4,1,7,0,0,18.24,1,30.41,1,25.03,3,7
5,1,6,0,0,17.42,1,30.23,1,22.82,4,6
2,1,5,0,0,34.59,1,45.96,0,21.78,1,5
5,0,8,0,1,10.74,1,22.92,1,24.35,5,8
5,0,5,0,1,20.70,1,33.91,1,22.68,5,5
8,1,5,1,0,-inf,1,23.35,1,23.80,7,4
5,0,6,1,1,19.94,1,32.04,1,27.88,5,5
8,0,5,0,1,17.99,1,28.72,1,30.18,8,5
3,0,4,1,0,33.72,1,45.94,1,21.87,3,3
3,0,3,0,1,38.36,1,49.91,1,17.44,3,3
8,1,5,0,0,-inf,1,22.12,1,25.42,7,5
5,1,8,0,0,10.92,1,23.43,1,24.48,4,8
5,3,4,0,0,25.37,0,38.24,1,22.47,2,4
2,1,7,1,0,24.41,1,37.14,0,21.01,1,6
7,2,8,1,0,-inf,1,15.09,1,26.04,5,7
6,1,6,0,0,12.09,1,26.46,1,24.35,5,6
6,0,2,0,1,30.37,1,42.01,1,21.23,6,2
1,0,7,0,1,31.32,1,41.49,0,-85.96,1,7
7,1,6,1,0,10.71,1,24.00,1,26.85,6,5
2,0,4,0,1,38.40,1,49.73,1,21.05,2,4
4,1,3,1,0,34.19,1,46.22,1,21.23,3,2
6,1,5,1,0,17.47,1,31.43,1,27.16,5,4
5,1,6,1,0,18.50,1,30.76,1,24.00,4,5
2,1,3,0,0,42.77,1,53.77,0,18.38,1,3
4,0,10,2,0,-inf,0,-inf,1,25.28,4,8
3,0,6,0,1,27.73,1,39.61,1,26.33,3,6
4,0,3,1,0,33.78,1,45.88,1,22.50,4,2
8,0,5,0,1,12.66,1,23.43,1,25.28,8,5
5,1,7,1,0,-inf,1,24.95,1,23.93,4,6
2,1,3,0,0,43.05,1,54.00,0,15.70,1,3
11,1,7,0,0,-inf,1,9.79,1,30.41,10,7
2,0,5,0,1,33.69,1,45.62,1,19.39,2,5
4,0,2,1,0,39.17,1,50.24,0,17.59,4,1
8,1,4,0,0,17.10,1,29.81,1,26.38,7,4
3,0,1,0,1,46.92,1,56.98,0,-88.94,3,1
8,0,3,0,1,18.89,1,30.02,1,23.39,8,3
6,3,1,0,0,34.48,0,45.31,0,-86.81,3,1
5,0,6,0,1,17.87,1,31.61,1,26.71,5,6
4,0,4,0,1,30.37,1,42.54,1,22.28,4,4
9,1,6,0,0,-inf,1,14.89,1,25.80,8,6
5,0,2,0,1,34.31,1,45.97,1,20.66,5,2
3,1,4,0,0,34.60,1,46.28,1,20.04,2,4
6,0,3,0,1,26.07,1,38.11,1,22.32,6,3
6,0,4,0,1,22.68,1,35.43,1,26.01,6,4
9,2,5,0,0,-inf,0,19.02,1,27.09,7,5
3,0,7,0,1,22.26,1,34.34,1,23.27,3,7
8,0,3,1,0,18.95,1,30.08,1,19.61,8,2
6,0,6,0,1,11.42,1,25.96,1,25.51,6,6
2,0,8,0,1,24.33,1,34.19,1,20.38,2,8
5,0,0,0,1,42.92,1,49.40,0,-87.31,5,0
7,0,9,1,0,-inf,1,12.03,1,28.46,7,8
7,1,7,0,0,5.00,1,18.38,1,26.16,6,7
7,0,6,0,1,7.39,1,22.09,1,24.06,7,6
6,1,2,0,0,30.69,1,42.09,1,22.62,5,2
4,0,3,0,1,34.23,1,46.21,1,21.49,4,3
5,2,9,1,0,-inf,0,20.42,1,27.28,3,8
6,0,6,1,0,12.88,1,27.78,1,29.01,6,5
5,1,1,0,0,38.12,1,49.11,0,-86.64,4,1
5,1,7,1,0,11.92,1,26.16,1,24.99,4,6
5,0,4,0,1,25.31,1,38.21,1,22.20,5,4
5,0,3,0,1,30.13,1,42.19,1,20.50,5,3
3,1,1,0,0,46.95,1,56.98,0,-91.22,2,1
6,0,7,1,0,8.23,1,22.54,1,25.18,6,6
3,0,4,1,0,34.43,1,46.25,1,22.61,3,3
3,0,4,2,0,33.99,0,46.18,1,18.87,3,2
4,0,4,0,1,29.58,1,42.02,1,22.40,4,4
2,0,3,0,1,42.41,1,53.59,1,17.04,2,3
3,1,4,0,0,34.56,1,46.41,1,22.23,2,4
5,0,5,0,1,21.62,1,34.35,1,22.47,5,5
2,0,4,1,1,38.36,1,49.81,1,20.00,2,3
6,1,4,1,0,20.48,1,34.32,1,23.44,5,3
8,0,2,0,1,28.39,1,38.34,1,23.83,8,2
2,0,4,0,1,38.35,1,49.79,1,22.68,2,4
4,0,3,0,1,34.05,1,46.09,1,21.60,4,3
3,1,2,1,0,42.72,1,53.71,0,17.46,2,1
4,1,5,0,0,25.41,1,38.24,1,21.66,3,5
4,0,3,1,1,34.41,1,46.16,1,20.22,4,2
7,0,5,1,0,13.50,1,26.99,1,23.82,7,4
6,0,4,1,1,21.46,1,34.22,1,22.99,6,3
7,1,7,0,0,3.58,1,18.48,1,26.09,6,7
6,0,6,0,1,13.92,1,26.79,1,24.37,6,6
4,1,4,0,0,29.96,1,42.39,1,21.77,3,4
5,0,5,1,0,21.46,1,34.44,1,23.92,5,4
13,0,4,0,1,16.88,1,22.46,1,30.98,13,4
6,0,8,1,0,-inf,1,18.50,1,26.11,6,7
8,1,4,0,0,-inf,1,26.44,1,23.17,7,4
4,0,2,0,1,38.26,1,49.71,1,20.00,4,2
2,0,4,1,0,38.56,1,49.90,1,19.00,2,3
3,1,2,1,0,42.58,1,53.72,0,15.66,2,1
4,1,7,0,0,19.89,1,33.46,1,26.43,3,7
1,0,1,0,1,55.37,1,64.00,0,-198.00,1,1
2,0,6,0,1,30.15,1,42.16,1,21.58,2,6
4,0,5,0,1,25.74,1,38.28,1,22.35,4,5
5,1,6,0,0,19.31,1,31.90,1,26.02,4,6
8,0,4,0,1,15.89,1,27.75,1,23.43,8,4
6,0,4,0,1,22.08,1,34.50,1,23.06,6,4
5,0,4,0,1,25.82,1,38.49,1,22.97,5,4
7,0,3,0,1,21.77,1,35.89,1,23.66,7,3
4,0,9,1,0,-inf,1,22.67,1,23.80,4,8
5,0,5,0,1,23.06,1,35.68,1,27.58,5,5
3,0,6,0,1,25.74,1,38.32,1,22.79,3,6
4,1,6,2,0,-inf,0,31.58,1,19.24,3,4
6,1,3,0,0,24.71,1,38.05,1,22.00,5,3
5,0,6,0,1,17.22,1,30.22,1,23.43,5,6
6,0,2,0,1,30.67,1,42.43,1,22.62,6,2
8,0,3,0,1,19.97,1,30.96,1,20.93,8,3
2,1,10,0,0,23.56,1,31.31,0,20.35,1,10
3,0,2,1,0,42.56,1,53.61,0,19.71,3,1
4,0,3,0,1,34.17,1,46.19,1,21.21,4,3
2,0,7,0,1,25.42,1,38.06,1,22.07,2,7
3,0,3,0,1,38.23,1,49.87,1,19.93,3,3
5,0,4,1,0,25.82,1,38.51,1,21.55,5,3
3,0,6,0,1,26.35,1,38.41,1,23.28,3,6
6,1,8,1,0,-inf,1,17.94,1,24.88,5,7
6,1,3,1,0,25.75,1,38.28,1,20.70,5,2
6,2,8,0,0,9.78,0,21.26,1,30.31,4,8
7,1,6,0,0,9.95,1,22.22,1,25.44,6,6
5,1,3,0,0,30.16,1,42.41,1,19.97,4,3
10,1,7,0,1,2.58,1,10.56,1,28.18,9,7
6,0,2,1,1,30.29,1,41.98,0,20.65,6,1
7,0,8,1,0,1.58,1,14.54,1,24.80,7,7
6,1,4,1,0,21.17,1,33.72,1,20.25,5,3
4,0,5,2,0,24.99,0,38.26,1,22.68,4,3
2,0,9,0,1,23.40,1,30.98,1,21.09,2,9
5,2,5,0,0,20.22,1,34.10,1,23.16,3,5
8,1,4,2,0,-inf,0,25.19,1,23.48,7,2
4,0,3,1,0,34.38,1,46.26,1,20.49,4,2
5,0,5,1,1,21.63,1,34.66,1,23.94,5,4
7,0,4,1,0,22.04,1,33.43,1,30.32,7,3
2,0,3,0,1,42.42,1,53.52,1,17.19,2,3
2,0,1,0,1,51.27,1,60.67,0,-91.30,2,1
4,0,9,1,0,-inf,1,24.94,1,23.93,4,8
7,0,6,0,1,10.09,1,23.33,1,25.02,7,6
3,0,1,1,0,46.74,1,56.96,0,-88.82,3,0
6,0,2,1,0,30.56,1,41.96,0,19.61,6,1
5,0,5,1,0,21.57,1,34.58,1,22.07,5,4
3,1,1,0,0,46.89,1,57.00,0,-90.26,2,1
3,0,5,0,1,29.87,1,42.14,1,21.63,3,5
5,0,5,0,1,21.57,1,34.30,1,23.53,5,5
9,1,3,0,0,-inf,1,27.75,1,24.65,8,3
7,1,5,2,0,14.10,0,28.06,1,27.54,6,3
3,0,5,1,0,29.17,1,42.16,1,19.94,3,4
4,0,4,0,1,29.74,1,42.14,1,22.86,4,4
3,0,2,0,1,42.58,1,53.68,1,18.99,3,2
4,0,1,0,1,42.55,1,53.05,0,-88.78,4,1
1,0,2,0,1,51.17,1,60.67,0,-88.91,1,2
8,0,1,0,1,28.71,1,37.36,0,-85.31,8,1
4,1,5,0,0,25.56,1,38.33,1,22.64,3,5
4,0,3,0,1,34.22,1,46.16,1,20.36,4,3
3,1,6,1,0,25.20,1,38.27,1,21.02,2,5
5,0,7,1,0,13.59,1,26.60,1,23.34,5,6
0,0,4,0,1,46.93,1,53.19,0,-87.92,0,4
7,1,4,0,0,16.65,1,30.29,1,24.31,6,4
6,0,4,1,0,24.12,1,35.96,1,26.29,6,3
11,4,3,1,0,-inf,0,-inf,1,23.22,7,2
8,0,4,0,1,14.85,1,26.65,1,25.43,8,4
4,0,4,1,0,30.01,1,42.38,1,21.80,4,3
5,1,4,1,0,25.09,1,38.20,1,23.25,4,3
6,0,6,1,0,11.81,1,25.73,1,23.79,6,5
7,1,6,1,0,-inf,1,21.70,1,25.91,6,5
9,0,6,0,1,9.23,1,19.12,1,28.33,9,6
7,0,9,0,1,5.67,1,14.50,1,29.44,7,9
6,0,3,1,0,24.43,1,38.10,1,22.57,6,2
5,0,8,0,1,12.64,1,24.38,1,26.28,5,8
5,0,7,1,0,13.38,1,26.34,1,25.01,5,6
7,0,4,0,1,17.50,1,29.96,1,24.59,7,4
4,0,5,1,0,28.00,1,39.91,1,26.51,4,4
5,0,6,0,1,17.19,1,29.97,1,24.31,5,6
4,0,6,0,1,21.51,1,34.21,1,23.32,4,6
1,0,7,1,0,31.30,1,41.61,0,-86.26,1,6
1,0,4,1,0,42.64,1,53.10,0,-88.68,1,3
7,0,8,1,0,3.32,1,15.02,1,26.87,7,7
3,0,6,0,1,24.69,1,37.91,1,21.52,3,6
9,1,5,0,0,-inf,1,18.10,1,25.49,8,5
5,0,5,1,0,23.07,1,35.73,1,23.35,5,4
7,1,5,0,0,11.18,1,25.82,1,22.80,6,5
7,1,3,0,0,-inf,1,33.74,1,22.32,6,3
2,0,3,0,1,44.84,1,54.80,1,24.50,2,3
5,0,4,0,1,25.32,1,38.21,1,21.68,5,4
6,1,3,0,0,27.27,1,39.92,1,24.55,5,3
5,1,4,0,0,25.49,1,38.77,1,21.91,4,4
2,1,2,0,0,47.04,1,57.45,0,14.34,1,2
6,0,2,0,1,31.04,1,42.23,1,21.15,6,2
8,0,6,1,0,6.32,1,19.11,1,25.61,8,5
8,2,6,0,0,-inf,0,18.07,1,25.39,6,6
3,0,3,0,1,38.26,1,49.88,1,19.28,3,3
8,0,10,2,0,-inf,0,-inf,1,28.43,8,8
6,2,4,1,0,20.99,0,34.26,1,22.32,4,3
5,1,8,2,0,-inf,1,24.14,1,28.42,4,6
7,2,2,0,0,26.25,0,38.34,1,21.75,5,2
6,0,4,1,0,21.65,1,34.44,1,23.52,6,3
7,2,4,0,0,19.43,0,30.74,1,24.32,5,4
7,0,3,0,1,22.43,1,34.23,1,23.17,7,3
4,0,1,0,1,42.50,1,53.08,0,-87.81,4,1
8,0,6,0,1,7.08,1,19.24,1,24.61,8,6
9,0,10,0,1,0.00,1,5.67,1,29.66,9,10
6,1,6,1,0,13.33,1,26.32,1,24.68,5,5
4,0,3,0,1,38.43,1,48.54,1,30.64,4,3
2,1,7,1,0,24.67,1,37.47,0,22.65,1,6
6,0,5,1,0,19.39,1,32.07,1,27.45,6,4
4,0,3,0,1,34.19,1,46.19,1,22.63,4,3
5,0,5,0,1,21.48,1,34.72,1,24.57,5,5
2,0,3,0,1,42.78,1,53.73,1,19.64,2,3
3,0,4,0,1,34.10,1,45.97,1,19.34,3,4
2,0,4,1,0,38.40,1,49.94,1,17.82,2,3
7,0,5,1,0,12.49,1,26.43,1,24.12,7,4
4,1,2,0,0,38.64,1,49.86,1,20.01,3,2
3,2,1,0,0,47.03,0,57.05,0,-89.56,1,1
5,0,2,0,1,33.46,1,45.48,1,19.32,5,2
9,1,4,0,0,-inf,1,24.41,1,26.21,8,4
3,0,2,0,1,42.66,1,53.65,1,16.87,3,2
6,2,2,0,0,29.47,0,42.16,1,22.57,4,2
2,0,8,1,1,23.52,1,34.17,1,20.12,2,7
3,0,1,0,1,47.00,1,56.98,0,-87.92,3,1
9,0,2,0,1,26.23,1,33.53,1,23.72,9,2
7,0,7,0,1,4.58,1,18.30,1,25.90,7,7
4,0,3,1,0,33.90,1,45.98,1,22.35,4,2
2,0,4,0,1,38.39,1,49.85,1,17.51,2,4
8,0,6,0,1,8.17,1,19.55,1,25.69,8,6
2,0,3,0,1,42.64,1,53.71,1,17.19,2,3
5,1,3,1,0,30.24,1,42.28,1,21.19,4,2
9,1,1,0,0,-inf,1,34.00,0,-82.16,8,1
3,1,2,0,0,42.74,1,53.72,1,17.43,2,2
5,0,3,0,1,31.79,1,43.83,1,24.31,5,3
5,1,4,0,0,25.41,1,38.13,1,21.34,4,4
5,1,10,0,0,10.67,1,18.25,1,28.05,4,10
6,1,8,0,0,8.46,1,20.25,1,28.62,5,8
4,0,2,0,1,40.39,1,49.61,1,26.69,4,2
6,0,2,0,1,28.90,1,41.72,1,20.27,6,2
6,0,5,0,1,16.69,1,30.22,1,23.83,6,5
7,0,4,0,1,20.72,1,32.15,1,27.41,7,4
3,0,4,0,1,34.16,1,46.10,1,19.45,3,4
3,1,8,0,0,21.12,1,31.15,1,23.49,2,8
1,0,5,1,0,38.17,1,49.11,0,-86.36,1,4
7,0,1,0,1,30.24,1,41.14,0,-86.23,7,1
4,1,3,0,0,34.08,1,46.14,1,20.06,3,3
6,0,2,0,1,30.66,1,42.05,1,22.07,6,2
9,0,4,0,1,17.10,1,27.50,1,32.35,9,4
4,0,2,0,1,38.74,1,50.03,1,20.77,4,2
4,1,1,0,0,42.56,1,53.18,0,-88.99,3,1
4,0,6,0,1,23.05,1,35.46,1,26.77,4,6
5,0,5,0,1,21.15,1,34.40,1,22.65,5,5
6,0,8,0,1,9.37,1,19.54,1,26.70,6,8
5,0,3,0,1,30.18,1,42.30,1,21.41,5,3
7,0,6,0,1,11.02,1,24.10,1,28.08,7,6
7,1,4,0,0,15.81,1,29.77,1,24.42,6,4
4,1,8,1,0,-inf,1,25.93,1,23.11,3,7
2,0,6,0,1,30.58,1,41.97,1,20.92,2,6
4,0,6,1,0,22.40,1,34.75,1,22.88,4,5
6,0,2,0,1,30.50,1,41.84,1,22.13,6,2
4,0,9,1,0,-inf,1,23.15,1,25.29,4,8
5,1,5,1,0,20.25,1,34.07,1,23.41,4,4
7,1,7,0,0,6.49,1,18.99,1,25.18,6,7
8,1,8,1,0,-inf,1,10.42,1,26.95,7,7
3,0,6,0,1,26.97,1,38.45,1,24.41,3,6
6,0,4,0,1,23.57,1,36.12,1,25.45,6,4
5,1,3,0,0,29.59,1,42.08,1,21.41,4,3
3,1,8,0,0,23.50,1,34.49,1,25.19,2,8
7,0,4,1,0,18.52,1,30.24,1,23.46,7,3
6,2,4,0,0,19.11,0,33.50,1,21.25,4,4
4,0,0,0,1,46.58,1,53.07,0,-88.20,4,0
4,0,1,0,1,42.50,1,53.15,0,-86.97,4,1
6,1,6,0,1,13.29,1,26.59,1,24.83,5,6
5,0,4,0,1,24.75,1,37.97,1,22.43,5,4
3,0,3,0,1,38.37,1,49.99,1,20.31,3,3
4,0,1,0,1,45.09,1,54.62,0,-83.96,4,1
8,1,9,0,0,-inf,1,11.19,1,32.10,7,9
1,0,3,0,1,46.90,1,57.00,0,-88.29,1,3
1,0,3,0,1,46.83,1,56.88,0,-88.70,1,3
6,1,6,0,0,11.42,1,26.06,1,24.59,5,6
4,0,6,1,0,21.27,1,34.01,1,24.70,4,5
8,1,4,0,0,-inf,1,28.26,1,25.75,7,4
4,1,4,0,1,29.71,1,42.13,1,20.59,3,4
6,1,6,2,0,11.78,0,26.47,1,24.22,5,4
3,0,4,0,1,34.04,1,46.12,1,18.04,3,4
6,1,3,0,0,26.17,1,38.11,1,19.89,5,3
4,1,5,0,0,27.66,1,39.84,1,26.31,3,5
5,1,2,0,0,34.16,1,45.92,1,18.35,4,2
5,1,5,0,0,21.45,1,34.28,1,22.35,4,5
2,1,5,0,0,34.24,1,46.06,0,19.02,1,5
2,1,2,0,0,46.86,1,57.34,0,15.66,1,2
6,0,4,0,1,20.73,1,34.37,1,23.70,6,4
4,0,6,2,0,-inf,0,32.12,1,24.65,4,4
4,0,5,0,1,25.69,1,38.15,1,22.12,4,5
2,0,2,1,0,47.17,1,57.52,0,15.80,2,1
4,0,3,0,1,34.06,1,46.01,1,18.86,4,3
5,1,4,0,0,25.81,1,38.62,1,21.41,4,4
9,1,3,1,0,-inf,1,29.48,1,25.40,8,2
2,0,5,0,1,34.46,1,45.92,1,22.10,2,5
5,1,4,2,0,24.94,0,38.15,1,21.86,4,2
2,1,4,2,0,38.57,0,49.86,0,17.72,1,2
2,0,1,0,1,51.00,1,60.62,0,-91.30,2,1
6,1,5,2,0,17.64,0,30.51,1,25.00,5,3
5,0,5,0,1,20.80,1,34.22,1,24.65,5,5
6,0,4,0,1,23.22,1,35.73,1,27.61,6,4
4,0,1,0,1,43.09,1,53.34,0,-88.93,4,1
4,1,9,2,0,-inf,0,21.24,1,26.76,3,7
4,1,3,0,0,33.98,1,46.10,1,21.18,3,3
5,1,2,0,0,36.76,1,47.78,1,22.53,4,2
9,1,8,0,0,-inf,1,10.68,1,27.85,8,8
4,0,1,0,1,43.00,1,53.24,0,-86.94,4,1
2,1,5,0,0,34.49,1,45.97,0,22.27,1,5
5,1,3,0,0,29.71,1,42.26,1,21.79,4,3
6,1,3,0,0,25.70,1,38.42,1,23.48,5,3
4,0,2,0,1,38.43,1,49.81,1,19.16,4,2
2,0,4,1,0,38.65,1,49.97,1,21.75,2,3
6,1,5,2,0,18.11,0,30.73,1,23.08,5,3
3,0,3,0,1,38.45,1,50.05,1,19.85,3,3
5,1,4,1,0,27.65,1,39.88,1,25.29,4,3
2,0,3,0,1,42.36,1,53.53,1,18.13,2,3
6,0,6,0,1,13.77,1,26.49,1,25.38,6,6
4,1,6,0,1,21.50,1,34.70,1,22.39,3,6
5,0,6,0,1,18.98,1,32.00,1,26.78,5,6
6,0,6,0,1,12.74,1,26.43,1,25.71,6,6
5,0,3,0,1,29.36,1,42.16,1,19.62,5,3
4,2,6,0,0,22.88,0,34.99,1,21.81,2,6
5,0,2,0,1,33.34,1,45.54,1,17.83,5,2
4,0,5,0,1,25.62,1,38.35,1,22.62,4,5
0,0,5,0,1,42.30,1,49.24,0,-87.04,0,5
4,0,6,1,0,20.67,1,33.82,1,21.90,4,5
5,0,8,0,1,14.87,1,26.53,1,26.99,5,8
7,1,5,0,0,14.30,1,28.05,1,27.19,6,5
6,2,4,0,0,22.77,0,35.78,1,26.60,4,4
8,0,5,0,1,12.67,1,22.77,1,23.62,8,5
3,0,8,0,1,21.24,1,30.35,1,22.26,3,8
6,0,4,0,1,20.84,1,34.43,1,21.62,6,4
3,0,4,0,1,36.54,1,47.54,1,26.50,3,4
2,0,5,0,1,34.27,1,45.85,1,18.43,2,5
3,0,4,0,1,33.97,1,46.05,1,19.70,3,4
3,1,4,1,0,36.17,1,47.33,1,25.33,2,3
7,1,3,0,0,22.27,1,34.69,1,23.73,6,3
3,0,4,0,1,34.32,1,46.21,1,21.94,3,4
3,0,3,0,1,38.34,1,50.05,1,21.84,3,3
8,1,7,0,0,-inf,1,14.98,1,29.27,7,7
1,0,6,0,1,34.46,1,45.13,0,-87.55,1,6
3,0,6,0,1,25.80,1,38.14,1,22.36,3,6
6,1,5,1,0,18.90,1,31.94,1,28.01,5,4
6,1,5,0,0,16.71,1,30.07,1,23.78,5,5
4,0,5,1,0,25.69,1,38.32,1,22.85,4,4
6,1,9,1,0,-inf,1,16.01,1,26.29,5,8
4,0,2,0,1,38.29,1,49.79,1,18.68,4,2
3,0,8,1,0,20.25,1,32.29,1,26.33,3,7
2,0,6,0,1,31.06,1,43.18,1,22.09,2,6
4,0,3,1,0,34.19,1,46.03,1,19.51,4,2
2,0,5,1,0,36.05,1,47.29,1,22.03,2,4
2,0,6,0,1,29.49,1,41.57,1,18.65,2,6
8,0,5,1,0,12.12,1,23.55,1,25.87,8,4
8,1,9,0,0,-inf,1,8.08,1,27.79,7,9
3,1,3,1,0,37.85,1,49.65,1,18.70,2,2
3,0,3,0,1,38.58,1,50.02,1,19.31,3,3
4,0,7,0,1,20.47,1,33.07,1,29.09,4,7
8,0,6,1,0,10.61,1,23.84,1,30.51,8,5
3,0,6,1,1,26.13,1,38.80,1,23.26,3,5
3,0,11,0,1,19.20,1,25.00,1,23.30,3,11
5,1,3,0,0,31.55,1,43.71,1,23.96,4,3
6,0,4,0,1,21.44,1,34.24,1,24.01,6,4
4,0,5,1,0,27.02,1,39.70,1,25.21,4,4
7,0,2,0,1,27.19,1,38.36,1,20.16,7,2
3,1,5,0,0,32.56,1,44.05,1,25.61,2,5
7,1,6,1,0,8.91,1,23.00,1,25.27,6,5
3,0,3,0,1,38.75,1,50.14,1,21.12,3,3
0,0,0,0,1,64.00,1,64.00,0,-198.00,0,0
6,1,8,1,0,6.58,1,17.94,1,26.27,5,7
2,0,3,0,1,42.71,1,53.72,1,18.19,2,3
1,0,8,1,0,-inf,1,37.81,0,-86.19,1,7
4,1,9,1,0,-inf,1,22.19,1,25.16,3,8
5,0,7,0,1,15.89,1,28.35,1,28.84,5,7
8,2,4,1,0,-inf,0,26.34,1,24.64,6,3
7,1,1,0,0,34.16,1,44.63,0,-84.93,6,1
4,0,4,2,0,29.83,0,42.30,1,21.28,4,2
5,0,5,0,1,21.22,1,34.22,1,22.10,5,5
7,0,5,0,1,13.53,1,26.87,1,25.42,7,5
3,1,5,0,0,29.71,1,42.00,1,21.27,2,5
5,1,4,0,0,25.25,1,37.98,1,23.21,4,4
7,1,3,1,0,-inf,1,30.72,1,23.61,6,2
6,0,7,0,1,8.39,1,22.81,1,24.20,6,7
4,2,5,0,0,26.68,0,39.32,1,21.32,2,5
8,2,7,0,0,-inf,1,15.18,1,26.88,6,7
6,0,7,0,1,8.09,1,21.66,1,25.49,6,7
3,0,2,0,1,42.69,1,53.70,1,19.60,3,2
3,0,3,0,1,38.70,1,50.17,1,18.97,3,3
5,0,3,0,1,29.96,1,42.21,1,22.67,5,3
2,0,2,0,1,46.90,1,57.37,1,17.73,2,2
3,1,6,1,0,27.71,1,39.95,1,23.22,2,5
3,0,11,1,0,-inf,1,24.81,1,22.77,3,10
4,0,4,0,1,29.78,1,42.33,1,21.50,4,4
4,0,5,1,0,25.45,1,38.37,1,22.27,4,4
6,0,2,0,1,29.57,1,41.90,1,22.01,6,2
5,0,6,1,0,18.37,1,30.82,1,23.93,5,5
8,0,1,0,1,29.15,1,39.41,0,-83.29,8,1
3,1,8,1,0,18.90,1,30.36,1,22.39,2,7
6,0,6,3,0,14.61,0,28.11,1,27.47,6,3
7,1,3,0,0,23.43,1,34.47,1,21.97,6,3
5,1,7,0,0,17.34,1,28.98,1,25.91,4,7
10,2,5,2,0,-inf,0,-inf,1,25.80,8,3
4,0,4,0,1,29.76,1,42.27,1,22.92,4,4
2,0,7,0,1,28.04,1,39.42,1,23.08,2,7
5,0,4,0,1,25.36,1,38.27,1,21.94,5,4
6,2,3,0,0,25.32,0,38.31,1,22.14,4,3
5,0,5,0,1,21.45,1,34.43,1,23.27,5,5
6,2,6,0,0,12.12,0,26.36,1,25.77,4,6
4,1,4,0,0,29.71,1,42.29,1,20.19,3,4
4,0,3,0,1,34.01,1,46.06,1,21.30,4,3
7,2,8,0,0,-inf,0,14.76,1,25.39,5,8
5,0,4,0,1,27.92,1,40.13,1,25.42,5,4
5,0,3,1,0,29.75,1,41.94,1,20.73,5,2
10,0,6,2,0,6.64,0,17.04,1,28.34,10,4
4,0,9,1,0,-inf,1,23.04,1,23.16,4,8
3,1,3,0,0,38.34,1,49.97,1,19.64,2,3
6,1,4,1,0,20.68,1,34.43,1,22.70,5,3
4,1,5,0,0,26.03,1,38.60,1,22.00,3,5
5,2,3,0,0,28.52,0,41.97,1,21.91,3,3
2,0,7,1,0,26.11,1,38.18,1,20.52,2,6
4,0,8,0,1,15.12,1,26.50,1,25.81,4,8
4,1,7,0,0,19.46,1,31.02,1,23.56,3,7
3,0,7,1,1,21.11,1,34.53,1,21.26,3,6
8,0,3,1,0,20.20,1,31.56,1,25.54,8,2
3,0,3,0,1,38.14,1,49.90,1,21.93,3,3
9,2,6,0,0,-inf,0,-inf,1,26.68,7,6
9,0,8,1,0,-inf,1,9.79,1,28.94,9,7
2,0,4,0,1,38.26,1,49.71,1,23.07,2,4
7,0,3,0,1,22.31,1,35.86,1,24.91,7,3
2,0,5,1,0,33.94,1,45.74,1,21.65,2,4
7,0,4,0,1,18.40,1,30.87,1,23.69,7,4
5,1,5,0,0,21.54,1,34.33,1,23.87,4,5
2,0,4,1,0,38.40,1,49.93,1,17.56,2,3
4,0,7,0,1,19.82,1,31.35,1,23.78,4,7
3,1,6,0,0,25.27,1,37.88,1,23.83,2,6
2,0,2,0,1,47.23,1,57.57,1,13.75,2,2
5,1,7,0,0,14.85,1,26.79,1,24.93,4,7
5,0,5,0,1,20.95,1,34.37,1,26.61,5,5
2,0,9,1,1,24.45,1,32.14,1,21.89,2,8
6,1,3,0,0,25.30,1,38.03,1,21.51,5,3
4,0,2,0,1,42.69,1,51.14,1,31.21,4,2
8,1,8,0,0,-inf,1,12.23,1,29.16,7,8
3,0,3,0,1,38.67,1,50.22,1,19.28,3,3
7,1,7,0,0,-inf,1,18.59,1,25.24,6,7
6,0,4,2,0,21.88,0,34.28,1,21.20,6,2
6,0,5,0,1,19.58,1,32.11,1,27.96,6,5
7,0,4,1,0,18.19,1,30.67,1,23.02,7,3
8,0,5,0,1,10.95,1,21.96,1,25.50,8,5
10,0,4,1,0,14.92,1,23.46,1,27.00,10,3
7,0,7,0,1,7.17,1,19.19,1,26.84,7,7
7,2,5,0,0,13.04,1,26.68,1,24.24,5,5
12,0,5,0,1,10.58,1,17.12,1,27.12,12,5
3,0,6,0,1,26.60,1,38.41,1,21.27,3,6
4,1,4,0,1,29.86,1,42.27,1,22.37,3,4
5,1,4,0,0,25.48,1,38.29,1,23.25,4,4
4,0,5,0,1,27.96,1,39.98,1,25.88,4,5
7,0,3,1,0,22.43,1,35.02,1,22.00,7,2
3,0,7,0,1,22.40,1,34.48,1,22.05,3,7
6,0,8,0,1,9.08,1,19.22,1,25.37,6,8
7,0,2,0,1,25.97,1,38.34,1,21.62,7,2
7,0,5,0,1,13.92,1,26.11,1,23.33,7,5
3,0,6,0,1,23.76,1,37.74,1,25.13,3,6
11,0,4,0,1,14.39,1,22.90,1,26.99,11,4
5,0,6,0,1,19.06,1,31.61,1,26.33,5,6
5,0,8,1,0,-inf,1,21.92,1,24.18,5,7
6,0,4,0,1,21.98,1,34.24,1,23.67,6,4
4,0,5,1,0,25.61,1,38.31,1,22.10,4,4
10,0,6,0,1,5.98,1,15.26,1,26.21,10,6
3,1,7,0,0,22.71,1,34.50,1,21.94,2,7
6,1,4,0,0,24.02,1,36.33,1,25.77,5,4
4,0,10,1,0,-inf,1,21.14,1,24.61,4,9
10,0,5,0,1,13.06,1,20.56,1,29.62,10,5
5,1,2,0,0,34.15,1,45.73,1,20.95,4,2
3,0,2,0,1,42.43,1,53.58,1,17.74,3,2
7,1,1,0,0,30.75,1,41.47,0,-86.74,6,1
1,0,4,0,1,42.62,1,53.18,0,-87.67,1,4
4,0,5,0,1,25.30,1,38.21,1,22.01,4,5
2,0,6,1,0,30.78,1,42.10,1,19.83,2,5
6,1,6,0,0,12.65,1,26.39,1,23.57,5,6
4,0,5,0,1,25.92,1,38.44,1,23.67,4,5
7,1,2,0,0,24.54,1,37.19,1,20.74,6,2
8,1,4,1,0,-inf,1,26.54,1,22.19,7,3
5,0,1,0,1,37.75,1,48.75,0,-87.22,5,1
4,0,6,0,1,20.96,1,34.32,1,23.38,4,6
5,1,7,0,0,12.67,1,26.42,1,24.59,4,7
4,0,5,0,1,25.54,1,38.21,1,24.03,4,5
5,0,9,0,1,11.17,1,21.30,1,24.82,5,9
1,0,1,0,1,55.44,1,64.00,0,-198.00,1,1
1,0,4,2,0,42.53,0,53.15,0,-87.97,1,2
6,1,6,0,0,13.93,1,26.45,1,24.39,5,6
3,0,5,1,0,30.18,1,42.22,1,20.16,3,4
8,0,7,0,1,7.49,1,18.60,1,31.15,8,7
4,0,10,0,1,15.11,1,22.31,1,26.33,4,10
8,1,0,0,0,-inf,1,37.36,0,-86.18,7,0
4,0,7,1,0,18.29,1,30.93,1,23.57,4,6
3,0,5,0,1,29.86,1,42.19,1,22.47,3,5
5,2,6,0,0,16.89,0,30.26,1,23.20,3,6
1,1,3,0,0,46.90,1,57.03,0,-87.98,0,3
6,0,5,0,1,17.07,1,30.53,1,23.45,6,5
6,0,5,0,1,17.94,1,30.32,1,23.24,6,5
7,1,3,1,0,21.79,1,34.42,1,22.02,6,2
1,1,7,1,0,29.38,1,41.20,0,-85.32,0,6
3,1,6,1,0,25.30,1,38.05,1,22.01,2,5
6,0,7,2,0,9.50,0,22.31,1,25.13,6,5
4,1,3,0,0,33.66,1,45.89,1,21.10,3,3
4,0,3,0,1,34.40,1,46.19,1,21.61,4,3
4,1,4,0,0,30.12,1,42.55,1,23.45,3,4
6,0,4,0,1,22.72,1,34.63,1,24.05,6,4
2,0,4,0,1,38.47,1,49.88,1,21.76,2,4
4,0,1,1,0,42.52,1,53.01,0,-87.65,4,0
8,0,5,0,1,14.69,1,24.77,1,30.49,8,5
3,2,4,0,0,33.17,0,45.70,0,19.72,1,4
7,1,3,1,0,19.29,1,34.06,1,22.64,6,2
5,0,2,0,1,34.20,1,45.76,1,17.23,5,2
2,0,6,1,0,30.29,1,42.21,1,19.45,2,5
7,0,5,0,1,12.22,1,26.76,1,26.24,7,5
6,1,8,2,0,8.04,0,19.77,1,24.73,5,6
4,0,7,0,1,17.84,1,30.33,1,24.03,4,7
3,1,5,0,0,30.60,1,42.29,1,19.89,2,5
2,0,9,0,1,23.46,1,32.86,1,22.89,2,9
4,1,2,0,0,38.42,1,49.88,1,16.77,3,2
5,0,4,0,1,25.87,1,38.29,1,22.94,5,4
4,0,7,1,0,17.49,1,30.25,1,24.34,4,6
6,1,4,0,0,22.77,1,35.66,1,25.08,5,4
12,0,3,0,1,18.91,1,24.86,1,24.36,12,3
3,0,5,2,0,31.29,0,43.60,1,25.58,3,3
6,0,5,1,1,16.15,1,30.07,1,21.44,6,4
5,1,7,0,0,13.44,1,26.03,1,23.61,4,7
3,0,6,1,0,25.77,1,38.23,1,23.52,3,5
7,1,3,1,0,23.26,1,34.77,1,21.45,6,2
7,0,4,0,1,19.75,1,31.94,1,26.15,7,4
1,0,1,0,1,55.65,1,64.00,0,-198.00,1,1
3,0,5,0,1,29.62,1,42.12,1,21.77,3,5
2,0,9,0,1,24.42,1,32.66,1,21.78,2,9
3,0,5,1,0,30.03,1,42.29,1,20.76,3,4
4,1,9,0,1,15.65,1,27.47,1,25.75,3,9
4,1,8,1,0,-inf,1,27.04,1,23.06,3,7
3,1,5,0,0,30.09,1,42.29,1,18.94,2,5
6,1,4,0,0,20.81,1,33.83,1,21.21,5,4
5,1,4,0,0,24.82,1,38.16,1,21.99,4,4
3,0,6,0,1,25.08,1,38.08,1,21.41,3,6
4,0,4,0,1,29.69,1,42.11,1,21.69,4,4
7,2,3,0,0,-inf,1,34.02,1,21.81,5,3
6,2,2,0,0,30.04,1,41.89,1,23.70,4,2
7,0,3,0,1,22.04,1,33.96,1,21.18,7,3
5,0,4,1,0,26.07,1,38.45,1,21.72,5,3
7,0,2,0,1,26.56,1,38.17,1,15.97,7,2
3,1,6,0,0,25.54,1,38.36,1,22.69,2,6
10,0,10,0,1,0.00,1,3.00,1,27.84,10,10
5,0,11,2,0,-inf,0,-inf,1,24.43,5,9
5,1,8,1,0,-inf,1,22.87,1,23.46,4,7
1,1,4,0,0,42.84,1,53.07,0,-89.18,0,4
3,0,4,1,0,34.18,1,46.20,1,22.06,3,3
9,0,4,1,0,16.73,1,28.50,1,29.59,9,3
5,0,6,2,0,16.16,0,29.95,1,23.41,5,4
3,0,3,0,1,38.07,1,49.81,1,20.18,3,3
5,0,4,0,1,29.67,1,41.33,1,26.19,5,4
5,1,6,0,0,19.23,1,31.69,1,25.67,4,6
5,0,6,2,0,15.91,0,30.47,1,23.47,5,4
5,0,6,0,1,18.24,1,30.62,1,25.05,5,6
7,1,8,0,0,5.17,1,15.73,1,25.48,6,8
5,1,2,0,0,34.06,1,45.73,1,19.59,4,2
4,2,4,0,0,30.24,0,42.46,1,22.19,2,4
4,0,5,0,1,25.67,1,38.37,1,21.49,4,5
3,0,8,2,0,21.92,0,32.60,1,26.46,3,6
5,2,3,0,0,29.87,0,42.00,1,20.42,3,3
4,2,10,0,0,14.72,0,22.57,1,25.43,2,10
9,0,5,1,0,12.60,1,23.13,1,27.75,9,4
3,0,5,0,1,30.49,1,42.32,1,22.14,3,5
3,0,7,0,1,21.69,1,34.23,1,22.72,3,7
2,0,7,0,1,26.65,1,38.02,1,17.67,2,7
9,0,2,0,1,23.43,1,33.39,1,25.00,9,2
3,2,9,0,0,20.44,0,29.11,0,21.97,1,9
5,0,8,1,0,-inf,1,22.86,1,25.90,5,7
5,1,3,0,0,30.34,1,42.44,1,19.31,4,3
6,0,4,0,1,22.87,1,35.97,1,27.01,6,4
4,0,7,3,0,-inf,0,30.13,1,21.95,4,4
3,0,4,0,1,34.17,1,46.12,1,20.38,3,4
5,0,4,1,0,26.00,1,38.64,1,22.78,5,3
4,1,8,2,0,-inf,0,24.98,1,24.22,3,6
5,1,5,1,0,22.32,1,34.76,1,22.90,4,4
6,0,5,1,0,19.13,1,32.27,1,26.08,6,4
3,0,4,0,1,34.09,1,46.16,1,19.84,3,4
4,1,5,0,0,25.63,1,38.24,1,21.42,3,5
4,0,8,1,1,15.25,1,26.85,1,26.19,4,7
2,0,5,0,1,33.80,1,45.84,1,21.63,2,5
1,1,1,0,0,55.55,1,64.00,0,-198.00,0,1
1,0,3,0,1,46.95,1,57.09,0,-90.21,1,3
3,0,3,0,1,38.33,1,49.99,1,19.51,3,3
5,0,6,1,0,15.99,1,30.01,1,22.87,5,5
1,0,6,0,1,34.46,1,45.25,0,-85.92,1,6
1,0,1,0,1,55.41,1,64.00,0,-198.00,1,1
9,0,6,0,1,7.34,1,16.74,1,28.56,9,6
4,0,5,0,1,27.83,1,39.99,1,27.26,4,5
4,0,5,1,0,26.46,1,38.59,1,22.21,4,4
7,0,5,1,0,15.28,1,28.36,1,25.93,7,4
8,1,5,1,0,-inf,1,22.38,1,24.71,7,4
2,0,3,0,1,42.71,1,53.77,1,19.01,2,3
5,0,7,0,1,12.50,1,26.25,1,24.00,5,7
4,2,2,1,0,38.57,0,49.91,0,17.58,2,1
7,2,7,1,0,4.58,0,18.47,1,25.40,5,6
3,1,6,2,0,27.22,1,38.72,1,21.52,2,4
3,1,3,0,1,38.18,1,49.88,1,20.19,2,3
3,0,5,0,1,29.88,1,42.23,1,21.86,3,5
2,0,4,0,1,38.66,1,49.91,1,21.23,2,4
4,0,7,1,1,16.01,1,30.49,1,25.12,4,6
5,0,5,3,0,23.38,0,35.74,1,26.60,5,2
6,0,2,0,1,28.21,1,41.51,1,19.64,6,2
5,0,5,1,0,21.28,1,34.41,1,24.21,5,4
4,1,5,1,0,25.08,1,38.20,1,23.58,3,4
1,0,4,0,1,43.33,1,53.23,0,-88.34,1,4
6,1,5,1,0,17.20,1,30.74,1,23.47,5,4
7,0,4,0,1,17.50,1,30.31,1,24.91,7,4
3,0,2,0,1,44.84,1,54.70,1,23.36,3,2
5,0,6,0,1,18.58,1,32.00,1,28.49,5,6
8,2,3,0,0,-inf,0,31.86,1,24.14,6,3
1,0,5,0,1,38.02,1,49.09,0,-86.83,1,5
4,0,3,0,1,34.22,1,46.14,1,20.45,4,3
3,1,4,0,0,33.75,1,45.99,1,18.35,2,4
4,0,2,1,0,38.21,1,49.81,0,18.13,4,1
7,0,4,0,1,17.24,1,30.64,1,23.61,7,4
4,0,5,0,1,25.81,1,38.36,1,22.36,4,5
5,1,4,0,0,25.72,1,38.44,1,21.73,4,4
3,0,11,2,0,-inf,0,-inf,1,23.73,3,9
3,0,3,1,0,38.38,1,50.03,1,19.53,3,2
3,0,6,0,1,25.77,1,38.13,1,19.80,3,6
2,0,2,0,1,46.82,1,57.37,1,13.55,2,2
4,0,3,0,1,33.69,1,45.93,1,21.25,4,3
2,0,5,0,1,33.64,1,45.61,1,20.21,2,5
8,1,7,0,0,-inf,1,14.37,1,26.40,7,7
3,0,3,0,1,37.94,1,49.85,1,18.92,3,3
5,1,5,0,0,22.18,1,34.66,1,23.21,4,5
4,1,4,1,0,30.24,1,42.49,1,19.89,3,3
4,0,7,0,1,17.91,1,29.92,1,22.24,4,7
8,0,3,0,1,20.36,1,31.18,1,24.49,8,3
3,0,8,0,1,19.02,1,29.68,1,22.64,3,8
3,1,4,1,0,34.15,1,45.96,1,18.36,2,3
5,0,3,1,0,29.25,1,41.91,1,20.90,5,2
2,0,8,4,0,-inf,0,34.36,1,22.19,2,4
8,0,4,0,1,17.74,1,27.72,1,24.62,8,4
9,1,7,1,0,-inf,1,9.45,1,25.90,8,6
3,0,7,0,1,22.85,1,34.62,1,21.63,3,7
6,1,9,0,0,6.49,1,15.76,1,25.78,5,9
3,0,7,0,1,20.18,1,33.84,1,21.64,3,7
7,0,6,0,1,10.04,1,23.01,1,25.29,7,6
4,0,4,0,1,29.73,1,42.22,1,23.27,4,4
3,0,2,0,1,42.68,1,53.66,1,16.85,3,2
2,0,3,0,1,42.56,1,53.73,1,17.30,2,3
5,1,4,0,0,27.08,1,39.57,1,24.69,4,4
5,0,4,1,0,25.53,1,38.25,1,20.48,5,3
6,1,4,0,0,21.34,1,34.18,1,24.91,5,4
5,0,3,1,0,30.06,1,42.28,1,19.12,5,2
3,0,3,0,1,38.32,1,49.98,1,20.00,3,3
5,1,5,2,0,21.67,0,34.44,1,22.84,4,3
8,0,2,0,1,23.44,1,34.85,1,20.25,8,2
5,0,8,0,1,14.70,1,25.60,1,28.52,5,8
5,0,3,0,1,30.33,1,42.08,1,22.12,5,3
3,0,6,0,1,25.63,1,38.38,1,22.62,3,6
1,0,5,0,1,38.30,1,49.36,0,-86.98,1,5
10,0,7,0,1,3.32,1,11.33,1,26.48,10,7
3,0,3,0,1,37.89,1,49.66,1,17.61,3,3
2,0,6,0,1,29.83,1,41.66,1,22.14,2,6
2,0,3,1,0,42.84,1,53.76,1,16.55,2,2
6,0,7,0,1,9.63,1,21.83,1,26.72,6,7
6,2,5,1,0,17.09,0,30.35,1,24.54,4,4
5,1,6,0,0,-inf,1,29.70,1,28.22,4,6
2,0,5,0,1,34.14,1,46.04,1,21.03,2,5
7,0,7,1,0,5.17,1,20.04,1,28.45,7,6
5,0,4,0,1,26.02,1,38.63,1,23.65,5,4
8,1,4,0,0,-inf,1,27.96,1,25.75,7,4
2,0,1,0,1,51.30,1,60.74,0,-90.36,2,1
2,0,2,0,1,49.23,1,57.29,1,23.98,2,2
5,0,4,1,0,25.47,1,38.36,1,21.89,5,3
3,0,2,0,1,42.77,1,53.76,1,20.78,3,2
7,1,4,1,0,16.67,1,30.07,1,23.44,6,3
8,1,3,0,0,19.34,1,31.05,1,22.17,7,3
1,0,6,0,1,34.53,1,45.16,0,-87.03,1,6
2,0,6,0,1,28.59,1,41.50,1,16.79,2,6
3,0,1,0,1,47.11,1,57.15,0,-90.06,3,1
2,0,3,0,1,42.54,1,53.56,1,19.67,2,3
1,0,4,0,1,42.55,1,53.03,0,-87.10,1,4
7,0,2,0,1,27.87,1,38.56,1,22.39,7,2
6,0,5,1,0,17.58,1,30.32,1,24.65,6,4
4,1,2,0,0,38.81,1,50.03,1,16.18,3,2
2,0,6,1,0,29.55,1,42.04,1,20.97,2,5
2,0,6,1,0,29.31,1,41.58,1,22.42,2,5
5,1,5,0,0,20.73,1,33.86,1,24.05,4,5
2,0,2,0,1,47.03,1,57.44,1,15.69,2,2
9,1,4,1,0,-inf,1,24.68,1,28.92,8,3
3,0,4,0,1,34.48,1,46.34,1,22.86,3,4
6,1,3,0,0,25.96,1,38.29,1,21.30,5,3
7,1,3,1,0,22.31,1,34.25,1,23.93,6,2
2,0,10,0,1,23.46,1,29.70,1,21.68,2,10
3,0,2,0,1,44.65,1,54.68,1,20.02,3,2
6,0,3,0,1,25.66,1,38.41,1,24.62,6,3
5,0,3,1,0,28.64,1,41.56,1,18.99,5,2
8,1,1,0,0,27.68,1,38.73,0,-82.84,7,1
4,0,5,0,1,25.25,1,38.16,1,21.83,4,5
6,0,4,0,1,21.67,1,34.00,1,24.34,6,4
7,0,4,0,1,17.31,1,30.38,1,23.71,7,4
5,0,5,1,0,23.25,1,35.96,1,25.48,5,4
5,0,7,0,1,12.91,1,26.41,1,24.86,5,7
6,1,2,0,0,30.02,1,41.62,1,21.45,5,2
4,0,4,0,1,29.76,1,42.24,1,22.71,4,4
3,0,3,1,0,38.50,1,50.05,1,19.62,3,2
3,1,0,0,0,50.93,1,56.79,0,-90.51,2,0
5,0,10,0,1,11.55,1,18.73,1,28.82,5,10
4,0,4,0,1,29.93,1,42.24,1,22.80,4,4
8,0,5,1,0,10.87,1,22.98,1,25.52,8,4
10,0,5,0,1,10.72,1,19.69,1,24.55,10,5
4,0,5,1,1,25.92,1,38.68,1,22.97,4,4
5,1,6,0,0,17.74,1,30.42,1,24.81,4,6
3,1,6,1,0,26.77,1,39.84,1,26.64,2,5
7,0,7,0,1,9.48,1,21.73,1,30.94,7,7
6,0,5,1,0,21.58,1,33.02,1,29.02,6,4
4,0,3,2,0,34.05,0,46.15,0,18.34,4,1
1,0,5,0,1,40.56,1,50.75,0,-83.98,1,5
3,0,6,1,0,24.62,1,37.96,1,22.11,3,5
4,1,4,0,0,28.93,1,41.93,1,20.45,3,4
3,2,3,0,0,38.54,0,50.04,0,17.64,1,3
5,0,3,0,1,29.33,1,41.80,1,22.40,5,3
4,0,1,0,1,42.68,1,53.20,0,-87.86,4,1
2,0,3,0,1,42.74,1,53.76,1,17.48,2,3
4,0,10,3,0,-inf,0,-inf,1,24.96,4,7
1,0,6,1,0,36.16,1,46.69,0,-84.54,1,5
2,0,3,0,1,42.96,1,53.81,1,17.99,2,3
4,0,3,0,1,34.02,1,46.02,1,21.71,4,3
7,0,2,0,1,28.48,1,39.66,1,21.65,7,2
5,1,3,1,0,30.64,1,42.37,1,20.81,4,2
3,0,4,1,1,34.02,1,46.16,1,20.95,3,3
5,2,4,1,0,25.00,0,38.17,1,22.30,3,3
6,1,4,0,0,23.79,1,36.00,1,27.12,5,4
5,0,4,0,1,27.65,1,39.99,1,25.70,5,4
3,0,5,0,1,29.90,1,42.24,1,23.77,3,5
4,0,4,0,1,31.83,1,43.61,1,26.22,4,4
6,1,7,0,0,7.49,1,21.93,1,24.51,5,7
4,1,3,0,0,33.50,1,45.88,1,20.36,3,3
10,0,5,0,1,10.87,1,19.51,1,27.86,10,5
3,0,2,0,1,42.52,1,53.64,1,17.98,3,2
5,0,6,0,1,19.28,1,31.93,1,26.61,5,6
5,0,4,0,1,25.54,1,38.21,1,22.20,5,4
4,1,9,0,0,14.87,1,24.77,1,23.05,3,9
3,0,1,0,1,46.94,1,57.03,0,-89.90,3,1
10,1,5,0,0,-inf,1,19.02,1,25.92,9,5
9,2,5,0,0,-inf,1,19.95,1,24.68,7,5
8,1,0,0,0,-inf,1,37.36,0,-85.94,7,0
5,0,5,0,1,22.35,1,34.71,1,22.36,5,5
6,1,5,0,0,17.17,1,30.42,1,23.47,5,5
4,1,5,0,1,25.20,1,37.90,1,23.06,3,5
1,0,4,0,1,42.70,1,53.27,0,-87.80,1,4
3,1,2,1,0,42.70,1,53.72,0,14.01,2,1
2,0,7,0,1,26.19,1,37.91,1,18.62,2,7
3,0,5,0,1,30.52,1,42.43,1,20.45,3,5
1,0,6,0,1,34.51,1,45.03,0,-86.99,1,6
4,1,3,0,0,36.19,1,47.49,1,24.87,3,3
4,0,4,1,0,29.08,1,41.77,1,22.18,4,3
3,0,8,0,1,22.70,1,32.16,1,25.22,3,8
8,3,6,0,0,-inf,0,18.81,1,25.29,5,6
5,0,4,0,1,25.37,1,38.47,1,23.72,5,4
3,0,2,0,1,42.65,1,53.66,1,18.37,3,2
5,0,3,1,0,30.38,1,42.30,1,20.44,5,2
8,0,5,0,1,13.92,1,25.94,1,27.58,8,5
2,0,6,1,0,29.38,1,41.64,1,20.21,2,5
1,1,3,0,1,46.51,1,56.80,0,-88.86,0,3
5,0,1,0,1,38.60,1,49.16,0,-88.92,5,1
6,0,3,0,1,26.63,1,38.54,1,22.98,6,3
4,0,7,0,1,18.00,1,30.78,1,23.55,4,7
9,0,3,1,0,20.15,1,29.20,1,25.06,9,2
3,1,4,0,1,34.29,1,46.14,1,20.78,2,4
6,1,5,2,0,17.00,0,30.42,1,23.37,5,3
7,1,3,0,0,22.08,1,34.16,1,22.55,6,3
7,1,3,0,0,25.01,1,36.00,1,25.62,6,3
5,0,5,0,1,23.49,1,35.87,1,26.99,5,5
4,0,4,1,0,29.61,1,42.14,1,21.36,4,3
3,0,4,0,1,34.06,1,46.24,1,18.59,3,4
6,2,6,0,0,12.78,0,26.54,1,25.05,4,6
4,0,2,0,1,38.42,1,49.74,1,18.05,4,2
8,1,1,0,0,-inf,1,37.46,0,-84.69,7,1
7,0,7,0,1,8.17,1,21.86,1,30.29,7,7
11,0,3,1,0,19.25,1,25.05,1,23.32,11,2
6,0,8,1,0,8.23,1,21.32,1,27.77,6,7
3,0,7,0,1,20.17,1,34.00,1,21.54,3,7
6,0,8,0,1,7.81,1,18.37,1,25.19,6,8
2,0,7,0,1,29.18,1,40.27,1,23.80,2,7
4,0,7,1,0,-inf,1,29.89,1,23.61,4,6
2,0,6,0,1,31.14,1,42.36,1,20.26,2,6
5,0,4,0,1,25.00,1,38.31,1,23.90,5,4
4,0,4,0,1,29.80,1,42.16,1,22.59,4,4
3,0,6,0,1,26.93,1,38.49,1,22.12,3,6
2,0,2,0,1,46.97,1,57.44,1,13.72,2,2
2,0,4,1,0,38.35,1,49.86,1,16.30,2,3
7,0,1,0,1,30.31,1,41.75,0,-85.37,7,1
5,0,2,0,1,33.76,1,45.67,1,19.83,5,2
5,1,5,1,0,21.31,1,34.33,1,24.12,4,4
4,0,6,1,0,20.53,1,34.34,1,23.50,4,5
6,0,3,0,1,27.89,1,40.04,1,25.61,6,3
4,0,1,0,1,42.21,1,52.83,0,-88.11,4,1
6,0,5,0,1,17.31,1,30.42,1,23.37,6,5
7,1,4,0,0,19.54,1,32.07,1,26.27,6,4
2,1,2,0,0,47.14,1,57.51,0,13.84,1,2
5,1,6,0,0,17.55,1,30.55,1,23.75,4,6
2,0,10,4,0,-inf,0,-inf,1,19.95,2,6
6,0,5,1,0,18.84,1,30.83,1,23.77,6,4
4,1,2,0,0,37.71,1,49.57,1,18.45,3,2
5,1,6,2,0,13.42,0,29.87,1,24.80,4,4
3,0,5,0,1,29.45,1,42.15,1,21.62,3,5
3,0,1,0,1,46.85,1,57.02,0,-89.52,3,1
10,0,6,0,1,8.85,1,16.66,1,29.91,10,6
4,0,8,1,0,16.69,1,27.60,1,23.58,4,7
5,0,2,0,1,34.73,1,46.17,1,21.55,5,2
6,1,5,0,0,16.74,1,30.10,1,24.04,5,5
5,0,4,0,1,25.07,1,38.19,1,23.14,5,4
3,0,2,0,1,42.65,1,53.70,1,17.33,3,2
2,0,1,0,1,51.14,1,60.72,0,-89.76,2,1
4,0,1,1,0,44.45,1,54.50,0,-82.56,4,0
7,1,3,1,0,20.20,1,33.57,1,24.13,6,2
8,0,1,0,1,31.37,1,39.47,0,-83.55,8,1
4,1,4,0,0,30.02,1,42.36,1,21.74,3,4
7,0,9,2,0,-inf,0,8.92,1,25.69,7,7
2,1,4,0,0,38.38,1,49.65,0,17.04,1,4
6,1,13,1,0,5.75,1,13.21,1,28.29,5,12
3,0,2,0,1,42.54,1,53.68,1,19.15,3,2
8,1,3,0,0,-inf,1,30.07,1,23.30,7,3
6,0,2,0,1,30.85,1,42.07,1,19.73,6,2
5,0,2,0,1,34.31,1,45.77,1,21.33,5,2
6,0,4,1,1,19.55,1,33.78,1,21.27,6,3
6,1,5,1,0,15.72,1,30.12,1,23.03,5,4
3,0,3,1,0,38.17,1,49.90,1,18.62,3,2
5,0,7,2,0,-inf,0,28.00,1,27.22,5,5
6,0,6,0,1,12.73,1,25.72,1,24.22,6,6
2,0,8,2,0,-inf,0,33.76,1,20.87,2,6
3,0,4,1,1,34.70,1,46.35,1,20.33,3,3
2,0,9,0,1,23.43,1,31.47,1,21.02,2,9
7,0,5,0,1,14.46,1,26.76,1,24.61,7,5
1,1,7,0,0,31.59,1,41.61,0,-85.01,0,7
4,0,7,1,0,15.18,1,30.09,1,24.76,4,6
4,0,3,0,1,33.99,1,46.03,1,20.72,4,3
11,0,6,0,1,6.63,1,14.24,1,27.95,11,6
5,0,2,0,1,34.15,1,45.95,1,20.25,5,2
8,0,2,0,1,24.46,1,34.60,1,20.02,8,2
6,0,5,0,1,18.22,1,30.56,1,23.64,6,5
6,0,2,0,1,29.74,1,41.80,1,21.70,6,2
6,0,3,0,1,25.38,1,38.25,1,24.01,6,3
6,1,4,0,0,21.87,1,34.21,1,24.46,5,4
4,0,10,0,1,14.89,1,22.21,1,26.97,4,10
4,0,3,0,1,34.14,1,46.14,1,22.51,4,3
8,1,3,0,0,-inf,1,30.41,1,22.21,7,3
3,0,9,1,0,-inf,1,26.12,1,23.96,3,8
8,0,9,1,0,-inf,1,7.08,1,27.46,8,8
3,0,3,0,1,38.49,1,50.10,1,19.32,3,3
8,2,2,0,0,-inf,0,33.26,1,22.11,6,2
4,1,4,1,0,29.44,1,42.09,1,21.30,3,3
3,0,4,0,1,33.87,1,45.91,1,18.84,3,4
6,1,4,0,0,24.00,1,36.10,1,26.10,5,4
5,0,9,0,1,11.60,1,21.44,1,25.24,5,9
3,0,4,0,1,33.84,1,46.07,1,23.10,3,4
5,0,6,0,1,16.58,1,30.29,1,24.95,5,6
3,1,2,0,1,42.67,1,53.69,1,19.98,2,2
3,0,4,1,0,34.30,1,46.35,1,21.73,3,3
3,0,8,2,0,21.47,1,31.35,1,29.83,3,6
3,2,6,0,0,23.14,0,37.90,0,21.29,1,6
3,0,8,0,1,20.79,1,31.39,1,22.51,3,8
5,0,6,1,0,16.77,1,30.28,1,24.67,5,5
4,1,5,0,0,28.02,1,39.82,1,25.07,3,5
7,1,6,0,0,9.49,1,22.43,1,25.38,6,6
5,0,2,0,1,36.12,1,47.51,1,23.40,5,2
6,0,5,1,0,19.55,1,31.79,1,27.28,6,4
6,1,4,0,0,20.15,1,33.88,1,23.48,5,4
2,0,4,0,1,38.35,1,49.95,1,20.25,2,4
5,1,4,0,0,27.48,1,39.32,1,27.37,4,4
4,0,4,0,1,30.08,1,42.28,1,23.41,4,4
7,0,5,1,0,14.43,1,26.58,1,25.98,7,4
3,0,3,0,1,38.66,1,50.16,1,20.26,3,3
2,1,6,0,0,30.40,1,41.78,0,18.18,1,6
4,0,10,2,0,-inf,0,-inf,1,24.59,4,8
5,1,5,1,1,21.38,1,34.38,1,23.15,4,4
5,0,5,1,0,20.66,1,33.99,1,23.67,5,4
4,1,7,0,0,19.60,1,30.96,1,23.46,3,7
2,0,3,0,1,42.33,1,53.55,1,15.67,2,3
3,1,5,0,0,29.35,1,42.12,1,21.54,2,5
6,1,5,1,0,17.12,1,30.24,1,24.71,5,4
6,1,1,0,0,34.03,1,45.31,0,-87.42,5,1
10,2,6,0,0,-inf,0,14.02,1,28.73,8,6
7,0,2,0,1,25.94,1,37.86,1,21.83,7,2
2,0,5,1,0,34.16,1,45.76,1,20.30,2,4
6,1,6,2,0,12.49,0,26.33,1,24.65,5,4
9,1,5,1,0,-inf,1,20.51,1,27.67,8,4
4,0,3,0,1,33.93,1,45.92,1,21.07,4,3
8,2,4,0,0,14.96,0,26.87,1,22.67,6,4
8,1,0,0,1,34.00,1,39.29,0,-85.94,7,0
5,1,9,2,0,-inf,0,-inf,1,24.25,4,7
5,1,4,0,1,25.61,1,38.29,1,21.98,4,4
7,0,3,0,1,22.29,1,34.71,1,22.71,7,3
5,1,5,0,0,20.65,1,34.23,1,23.35,4,5
3,0,4,0,1,34.02,1,46.09,1,19.92,3,4
6,0,5,0,1,18.95,1,31.18,1,24.43,6,5
7,1,0,0,0,34.58,1,40.85,0,-86.15,6,0
4,0,5,1,0,25.19,1,38.08,1,21.57,4,4
4,0,6,0,1,20.22,1,34.43,1,22.17,4,6
9,0,3,0,1,19.27,1,29.16,1,24.60,9,3
4,0,4,2,0,29.71,0,42.16,1,21.99,4,2
5,0,5,0,1,21.53,1,34.29,1,23.05,5,5
3,1,9,0,0,20.20,1,28.81,1,23.48,2,9
6,0,9,1,0,-inf,1,16.79,1,25.08,6,8
4,0,3,0,1,34.23,1,46.19,1,21.14,4,3
5,1,4,0,0,27.13,1,39.82,1,27.48,4,4
0,0,5,0,1,43.01,1,49.51,0,-87.80,0,5
6,0,3,1,0,26.52,1,38.29,1,21.56,6,2
2,0,8,1,0,-inf,1,33.91,1,22.74,2,7
2,0,4,0,1,38.18,1,49.61,1,18.39,2,4
5,0,1,0,1,38.48,1,49.36,0,-87.15,5,1
4,0,5,0,1,25.38,1,38.28,1,21.64,4,5
5,0,4,2,0,25.11,1,38.36,1,21.72,5,2
8,1,5,1,0,9.96,1,22.20,1,24.92,7,4
5,0,4,1,0,25.16,1,38.04,1,22.62,5,3
5,0,8,0,1,10.91,1,22.81,1,26.63,5,8
8,0,10,0,1,1.00,1,6.91,1,26.72,8,10
4,0,0,0,1,47.23,1,53.28,0,-88.76,4,0
3,0,5,1,0,30.16,1,42.41,1,22.43,3,4
4,1,5,0,0,27.64,1,39.87,1,25.27,3,5
3,0,2,1,0,42.61,1,53.65,0,16.17,3,1
6,0,3,0,1,26.54,1,38.57,1,22.87,6,3
8,3,1,0,0,-inf,0,36.17,0,-86.41,5,1
6,1,4,0,0,21.43,1,34.25,1,23.65,5,4
8,0,4,0,1,14.72,1,27.43,1,25.04,8,4
5,0,3,0,1,30.39,1,42.63,1,20.61,5,3
5,0,6,1,0,16.85,1,30.25,1,23.71,5,5
8,0,5,0,1,11.92,1,23.50,1,24.63,8,5
6,0,6,0,1,12.15,1,27.57,1,28.18,6,6
9,1,5,0,0,10.98,1,22.22,1,27.85,8,5
2,1,5,1,0,33.93,1,45.74,0,20.31,1,4
9,1,4,1,0,-inf,1,22.71,1,24.68,8,3
5,1,4,0,0,25.49,1,38.28,1,21.68,4,4
4,0,6,0,1,21.63,1,34.11,1,23.00,4,6
4,1,7,0,0,17.58,1,30.52,1,22.02,3,7
9,0,8,0,1,0.00,1,7.88,1,27.34,9,8
2,0,6,1,0,29.95,1,41.72,1,19.59,2,5
8,0,2,0,1,23.59,1,34.41,1,20.97,8,2
5,0,3,0,1,30.38,1,42.48,1,21.91,5,3
8,0,4,1,0,16.74,1,27.61,1,23.97,8,3
6,0,4,0,1,21.81,1,34.33,1,22.65,6,4
6,1,2,1,0,28.69,1,41.55,0,20.31,5,1
6,0,5,0,1,19.64,1,32.07,1,27.91,6,5
3,0,5,1,1,29.77,1,42.02,1,21.41,3,4
1,0,7,1,0,34.48,1,45.00,0,-82.43,1,6
6,0,5,0,1,16.05,1,30.33,1,25.31,6,5
3,0,12,1,0,-inf,1,24.86,1,23.46,3,11
4,0,4,0,1,30.12,1,42.52,1,21.93,4,4
4,0,6,1,0,23.06,1,35.77,1,26.98,4,5
8,1,5,0,0,-inf,1,21.65,1,22.58,7,5
6,1,6,1,0,11.61,1,25.52,1,24.53,5,5
0,0,3,0,1,51.11,1,56.91,0,-89.16,0,3
4,0,6,0,1,21.69,1,34.39,1,24.11,4,6
3,0,4,0,1,33.79,1,45.93,1,18.93,3,4
3,0,3,0,1,38.26,1,49.82,1,18.69,3,3
0,0,2,0,1,55.36,1,60.64,0,-92.68,0,2
6,0,7,0,1,9.71,1,22.65,1,25.33,6,7
5,0,5,0,1,22.49,1,34.82,1,23.24,5,5
5,1,3,0,0,29.83,1,42.09,1,23.15,4,3
4,0,6,0,1,21.30,1,34.11,1,22.74,4,6
9,2,3,0,0,-inf,0,26.10,1,22.65,7,3
4,0,5,0,1,27.54,1,39.82,1,26.62,4,5
5,2,5,1,0,21.06,0,34.12,1,21.49,3,4
4,0,8,0,1,16.62,1,28.15,1,24.57,4,8
4,1,2,1,0,38.46,1,49.85,0,17.76,3,1
2,0,5,0,1,34.47,1,45.84,1,17.98,2,5
3,0,6,0,1,25.64,1,37.92,1,22.34,3,6
4,1,3,0,0,34.22,1,46.08,1,21.07,3,3
10,0,5,1,0,10.64,1,19.02,1,25.45,10,4
6,0,7,2,0,9.23,0,22.21,1,23.93,6,5
4,1,3,0,0,34.51,1,46.22,1,20.24,3,3
4,0,10,3,0,-inf,0,-inf,1,24.48,4,7
5,0,3,0,1,29.64,1,42.16,1,22.35,5,3
3,0,4,0,1,33.81,1,45.90,1,19.11,3,4
3,1,7,1,0,20.05,1,33.81,1,22.04,2,6
6,2,3,0,0,25.21,0,38.09,1,21.95,4,3
4,1,7,1,0,17.58,1,30.41,1,23.07,3,6
2,0,9,1,0,-inf,1,32.14,1,21.33,2,8
4,0,4,0,1,29.83,1,42.19,1,20.52,4,4
7,0,6,1,0,12.99,1,24.33,1,26.71,7,5
11,2,2,0,0,-inf,0,-inf,1,22.95,9,2
2,0,3,0,1,42.57,1,53.60,1,17.06,2,3
4,0,2,0,1,38.74,1,50.00,1,20.45,4,2
8,1,6,1,0,-inf,1,19.47,1,24.99,7,5
10,2,6,0,0,-inf,0,-inf,1,26.24,8,6
6,1,2,1,0,30.21,1,41.95,0,19.97,5,1
5,0,4,0,1,24.65,1,37.98,1,21.34,5,4
2,0,5,0,1,34.07,1,45.95,1,19.95,2,5
4,1,6,0,0,22.22,1,34.52,1,22.49,3,6
4,0,8,1,0,15.87,1,28.70,1,24.85,4,7
6,1,7,1,0,8.98,1,22.49,1,25.42,5,6
6,0,6,0,1,12.95,1,26.45,1,24.29,6,6
4,1,5,2,0,25.81,0,38.24,1,21.61,3,3
8,0,2,0,1,24.58,1,34.89,1,21.54,8,2
6,0,4,0,1,21.16,1,34.37,1,23.42,6,4
4,0,8,0,1,15.89,1,27.16,1,24.24,4,8
4,0,5,1,0,26.12,1,38.38,1,20.77,4,4
5,0,3,0,1,29.56,1,41.97,1,17.48,5,3
4,0,4,0,1,32.17,1,43.88,1,25.89,4,4
2,0,3,0,1,42.62,1,53.74,1,15.64,2,3
3,0,1,0,1,46.54,1,56.93,0,-88.71,3,1
7,0,7,1,0,6.58,1,19.03,1,25.51,7,6
6,0,5,0,1,17.63,1,30.76,1,25.77,6,5
3,0,5,0,1,29.98,1,42.15,1,23.30,3,5
4,0,4,0,1,29.93,1,42.18,1,20.38,4,4
5,1,2,0,0,-inf,1,43.62,1,17.89,4,2
9,1,6,2,0,-inf,0,13.29,1,25.34,8,4
5,1,3,0,0,29.01,1,42.09,1,22.10,4,3
8,0,10,0,1,0.00,1,8.04,1,27.98,8,10
5,0,5,0,1,21.41,1,34.15,1,24.37,5,5
4,0,3,0,1,34.07,1,46.13,1,22.56,4,3
2,0,6,1,0,32.06,1,43.64,1,23.05,2,5
4,0,7,1,0,17.81,1,30.66,1,23.27,4,6
6,0,6,1,0,14.70,1,27.07,1,23.26,6,5
3,0,4,0,1,34.29,1,46.23,1,21.42,3,4
3,0,4,0,1,34.23,1,46.23,1,19.78,3,4
5,1,2,0,0,33.85,1,45.89,1,19.35,4,2
5,0,5,0,1,20.23,1,34.17,1,24.58,5,5
5,0,7,1,0,-inf,1,27.39,1,29.36,5,6
4,0,3,0,1,36.10,1,47.45,1,22.55,4,3
4,0,2,0,1,38.36,1,49.86,1,17.02,4,2
2,0,6,1,0,29.01,1,41.73,1,20.25,2,5
3,0,6,0,1,27.97,1,39.87,1,27.49,3,6
3,0,4,0,1,34.71,1,46.48,1,19.20,3,4
3,1,2,1,0,42.80,1,53.72,0,16.98,2,1
8,0,5,0,1,12.82,1,23.38,1,25.14,8,5
6,1,4,1,0,22.67,1,35.51,1,25.29,5,3
4,0,5,0,1,25.19,1,37.92,1,22.44,4,5
2,0,5,0,1,36.24,1,47.33,1,24.29,2,5
7,0,7,2,0,5.91,0,18.20,1,24.59,7,5
6,0,5,1,0,18.62,1,31.94,1,26.31,6,4
4,0,3,1,0,34.36,1,46.25,1,18.20,4,2
5,1,2,0,0,36.04,1,47.29,1,23.74,4,2
4,0,7,0,1,17.91,1,30.64,1,25.16,4,7
5,0,4,0,1,25.41,1,38.24,1,23.94,5,4
7,1,5,0,0,13.26,1,25.99,1,24.81,6,5
9,0,4,1,0,14.63,1,26.25,1,26.15,9,3
9,0,3,2,0,19.31,1,28.75,0,21.02,9,1
9,2,3,0,0,-inf,0,25.99,1,22.00,7,3
4,0,4,2,0,29.47,0,42.03,1,20.81,4,2
3,0,7,0,1,23.03,1,34.62,1,23.14,3,7
4,0,4,0,1,29.52,1,42.01,1,22.46,4,4
4,0,4,0,1,29.63,1,42.06,1,21.56,4,4
4,0,6,1,0,20.34,1,34.21,1,22.98,4,5
4,1,6,1,0,21.54,1,34.35,1,22.42,3,5
9,0,7,0,1,3.17,1,12.26,1,30.28,9,7
7,1,9,1,0,-inf,1,12.53,1,27.29,6,8
9,1,9,1,0,-inf,1,6.49,1,29.32,8,8
1,1,3,0,0,46.63,1,56.97,0,-87.23,0,3
8,0,6,0,1,9.01,1,20.30,1,28.96,8,6
8,3,5,0,0,-inf,0,23.65,1,27.27,5,5
4,0,5,0,1,25.20,1,38.28,1,22.09,4,5
2,0,3,1,0,42.59,1,53.59,1,18.91,2,2
5,0,9,0,1,10.41,1,21.85,1,25.47,5,9
4,0,4,1,0,29.21,1,42.09,1,21.39,4,3
1,0,3,1,0,46.99,1,57.07,0,-88.76,1,2
8,1,9,1,0,-inf,1,6.52,1,27.51,7,8
10,1,5,0,0,-inf,1,16.88,1,24.61,9,5
4,0,4,0,1,30.27,1,42.57,1,22.43,4,4
3,2,6,0,0,25.83,0,38.22,0,21.25,1,6
3,0,4,0,1,34.32,1,46.05,1,20.23,3,4
7,1,5,0,0,-inf,1,26.21,1,24.97,6,5
4,0,8,0,1,16.61,1,27.30,1,23.54,4,8
3,0,7,0,1,24.14,1,36.39,1,25.49,3,7
8,2,5,0,0,-inf,0,22.07,1,24.19,6,5
5,0,4,0,1,24.69,1,38.11,1,22.25,5,4
3,0,4,0,1,33.93,1,46.10,1,19.45,3,4
8,1,7,1,0,-inf,1,13.95,1,26.94,7,6
3,0,6,2,0,23.41,1,37.51,1,20.64,3,4
6,0,9,2,0,-inf,1,13.05,1,25.24,6,7
7,0,6,1,0,10.49,1,23.30,1,24.99,7,5
4,0,9,1,0,-inf,1,24.46,1,28.79,4,8
3,0,6,1,0,27.25,1,39.73,1,25.15,3,5
7,0,3,0,1,20.90,1,33.76,1,21.66,7,3
9,2,4,1,0,-inf,0,22.81,1,24.99,7,3
10,0,5,0,1,10.37,1,19.18,1,25.33,10,5
8,0,4,0,1,14.79,1,26.38,1,24.47,8,4
4,0,5,1,0,24.97,1,38.13,1,24.63,4,4
7,1,5,0,0,13.29,1,26.81,1,25.60,6,5
4,0,5,0,1,25.72,1,38.32,1,22.91,4,5
4,0,5,1,0,24.60,1,38.04,1,22.98,4,4
2,1,2,0,0,46.64,1,57.24,0,11.15,1,2
3,0,10,1,0,-inf,1,24.88,1,25.41,3,9
4,0,5,0,1,28.17,1,39.68,1,27.09,4,5
6,0,1,0,1,34.03,1,45.28,0,-86.52,6,1
7,0,6,1,0,10.97,1,22.88,1,24.35,7,5
3,1,6,0,0,27.04,1,38.50,1,21.87,2,6
4,0,5,0,1,26.29,1,38.41,1,24.16,4,5
2,0,6,2,0,29.17,0,41.71,1,20.02,2,4
3,1,5,0,0,29.52,1,42.11,1,21.28,2,5
0,0,2,0,1,55.38,1,60.66,0,-90.27,0,2
5,1,3,0,0,29.10,1,41.81,1,20.90,4,3
5,0,4,0,1,25.19,1,38.12,1,24.04,5,4
9,1,3,0,1,19.13,1,28.44,1,24.59,8,3
3,1,3,0,0,38.38,1,50.01,1,20.82,2,3
6,0,3,0,1,25.73,1,38.33,1,23.44,6,3
3,0,3,0,1,38.17,1,49.92,1,21.35,3,3
3,0,3,0,1,38.40,1,50.02,1,19.62,3,3
8,1,8,1,0,-inf,1,12.59,1,28.79,7,7
2,0,1,0,1,51.19,1,60.70,0,-91.33,2,1
4,1,6,1,0,21.58,1,34.59,1,22.23,3,5
1,0,2,0,1,51.24,1,60.73,0,-90.37,1,2
5,1,4,1,0,26.75,1,38.80,1,23.63,4,3
3,1,5,0,0,29.45,1,42.25,1,20.72,2,5
3,0,3,0,1,38.09,1,49.87,1,19.45,3,3
4,0,5,0,1,28.64,1,40.33,1,24.58,4,5
4,0,8,1,0,-inf,1,27.16,1,26.44,4,7
3,0,7,0,1,22.15,1,34.43,1,21.99,3,7
4,0,3,0,1,34.07,1,46.18,1,22.85,4,3
7,1,5,1,1,13.98,1,27.06,1,23.30,6,4
6,1,6,1,0,13.74,1,27.74,1,27.04,5,5
4,0,8,0,1,17.16,1,28.46,1,26.23,4,8
4,0,3,0,1,33.97,1,45.99,1,19.66,4,3
3,0,4,0,1,33.83,1,46.07,1,21.13,3,4
4,0,7,0,1,19.06,1,30.84,1,24.76,4,7
14,1,3,0,0,-inf,1,25.02,1,24.20,13,3
4,0,4,0,1,29.93,1,42.36,1,21.05,4,4
4,1,7,1,0,17.42,1,30.86,1,22.47,3,6
3,2,4,1,0,33.82,0,46.01,0,18.07,1,3
4,1,1,0,0,43.08,1,53.24,0,-89.11,3,1
4,0,4,0,1,29.88,1,42.23,1,22.75,4,4
6,0,2,0,1,32.34,1,43.50,1,22.21,6,2
3,0,6,0,1,25.20,1,38.35,1,20.33,3,6
3,0,4,0,1,34.30,1,46.13,1,21.19,3,4
5,0,5,1,0,21.43,1,34.13,1,23.48,5,4
2,0,5,1,0,33.95,1,45.94,1,20.10,2,4
5,0,8,1,0,-inf,1,21.78,1,24.31,5,7
2,0,3,0,1,42.60,1,53.65,1,18.41,2,3
5,0,2,0,1,33.89,1,45.83,1,19.52,5,2
4,0,5,1,0,25.77,1,38.34,1,23.43,4,4
5,0,3,1,0,28.95,1,41.82,1,19.92,5,2
3,0,3,0,1,38.42,1,49.97,1,19.94,3,3
3,0,3,0,1,38.41,1,50.07,1,22.17,3,3
6,1,5,0,0,15.74,1,30.23,1,23.38,5,5
3,1,9,0,0,20.25,1,28.80,1,22.94,2,9
2,0,4,0,1,38.39,1,49.82,1,19.61,2,4
0,0,3,0,1,51.06,1,56.94,0,-88.22,0,3
3,0,4,0,1,36.05,1,47.24,1,24.11,3,4
3,0,5,0,1,30.30,1,42.17,1,21.95,3,5
3,0,5,0,1,30.39,1,42.24,1,21.77,3,5
5,0,9,0,1,11.00,1,20.45,1,24.60,5,9
7,0,5,0,1,14.04,1,27.57,1,26.46,7,5
4,0,4,1,0,29.94,1,42.30,1,20.70,4,3
5,1,4,0,0,25.53,1,38.37,1,23.18,4,4
3,0,2,0,1,42.62,1,53.64,1,18.70,3,2
7,1,3,0,0,20.84,1,33.71,1,24.01,6,3
3,0,8,0,1,19.31,1,30.97,1,23.59,3,8
4,0,1,1,0,42.92,1,53.19,0,-88.82,4,0
4,0,6,0,1,21.47,1,34.25,1,23.46,4,6
2,0,2,0,1,47.01,1,57.45,1,18.36,2,2
5,1,7,0,0,12.29,1,26.60,1,25.67,4,7
5,3,2,0,0,34.20,0,46.12,1,18.42,2,2
7,1,8,0,0,6.17,1,17.03,1,27.94,6,8
2,0,6,0,1,32.66,1,43.61,1,22.37,2,6
5,1,4,0,0,25.62,1,38.28,1,23.65,4,4
2,0,4,1,0,38.23,1,49.73,1,18.21,2,3
1,0,5,0,1,38.74,1,49.38,0,-87.17,1,5
3,0,5,0,1,29.48,1,42.04,1,22.42,3,5
7,0,5,0,1,13.78,1,26.54,1,25.15,7,5
4,0,1,0,1,42.41,1,53.14,0,-88.19,4,1
7,1,4,2,0,18.37,1,30.56,1,21.97,6,2
4,0,4,0,1,29.74,1,42.23,1,21.75,4,4
2,0,8,2,0,-inf,0,31.92,1,20.09,2,6
6,0,4,0,1,22.19,1,34.22,1,24.83,6,4
3,1,7,2,0,20.61,0,33.96,1,23.79,2,5
2,0,8,1,0,-inf,1,34.84,1,25.13,2,7
3,0,5,0,1,29.89,1,42.20,1,20.94,3,5
6,0,6,0,1,15.12,1,28.20,1,29.27,6,6
5,0,5,0,1,21.75,1,34.40,1,23.70,5,5
5,0,4,0,1,27.41,1,39.41,1,25.46,5,4
8,0,5,1,0,10.71,1,22.83,1,25.37,8,4
2,0,4,0,1,38.57,1,49.96,1,17.13,2,4
2,0,5,0,1,34.00,1,45.80,1,21.21,2,5
6,1,7,1,0,7.13,1,22.16,1,25.65,5,6
4,0,3,0,1,33.97,1,46.05,1,19.51,4,3
3,0,6,0,1,27.63,1,38.53,1,22.30,3,6
3,0,2,1,0,44.72,1,54.72,0,22.01,3,1
7,1,4,0,0,19.10,1,30.70,1,24.18,6,4
4,0,2,0,1,38.04,1,49.69,1,20.90,4,2
5,0,5,0,1,21.03,1,34.64,1,22.25,5,5
1,0,2,0,1,50.94,1,60.55,0,-89.96,1,2
2,0,6,1,0,29.58,1,41.97,1,20.30,2,5
7,1,6,1,0,9.56,1,22.50,1,25.78,6,5
3,0,0,0,1,50.84,1,56.83,0,-89.79,3,0
3,0,8,2,0,21.48,0,31.44,1,28.63,3,6
5,0,10,1,0,-inf,1,18.15,1,25.81,5,9
7,1,3,1,0,23.94,1,35.84,1,26.17,6,2
8,1,4,0,0,-inf,1,26.18,1,25.08,7,4
10,2,4,1,0,-inf,0,-inf,1,22.80,8,3
5,0,3,0,1,29.86,1,41.97,1,21.20,5,3
7,1,2,1,0,23.49,1,37.26,0,20.03,6,1
4,0,5,0,1,27.49,1,39.65,1,25.28,4,5
3,0,5,1,0,29.74,1,42.18,1,22.45,3,4
4,0,4,0,1,30.01,1,42.40,1,23.21,4,4
5,1,11,1,0,-inf,1,17.17,1,26.06,4,10
9,1,2,0,0,-inf,1,33.57,1,26.85,8,2
2,0,7,2,0,24.37,1,37.19,1,22.73,2,5
5,0,2,0,1,33.90,1,45.77,1,19.39,5,2
4,0,6,1,0,20.85,1,33.99,1,24.58,4,5
7,0,3,0,1,22.61,1,34.31,1,21.87,7,3
6,0,2,0,1,29.63,1,42.03,1,20.41,6,2
3,2,11,0,0,19.04,0,26.88,0,24.58,1,11
8,1,1,0,0,-inf,1,36.25,0,-85.22,7,1
5,0,5,1,0,21.13,1,34.33,1,22.89,5,4
3,0,4,0,1,34.30,1,46.13,1,20.37,3,4
6,0,4,0,1,21.73,1,34.03,1,23.00,6,4
5,1,7,0,0,14.57,1,26.64,1,24.96,4,7
3,0,9,1,0,-inf,1,27.76,1,25.34,3,8
6,1,7,0,0,8.20,1,22.21,1,23.31,5,7
6,0,2,0,1,29.94,1,41.69,1,20.45,6,2
3,0,4,1,0,34.09,1,46.05,1,20.85,3,3
2,0,3,0,1,42.66,1,53.68,1,19.19,2,3
7,2,9,0,0,3.58,0,13.40,1,28.07,5,9
3,0,7,1,0,22.53,1,34.54,1,22.48,3,6
6,0,5,0,1,19.24,1,32.42,1,26.77,6,5
4,0,5,0,1,27.41,1,39.85,1,26.06,4,5
5,0,9,1,0,-inf,1,19.86,1,24.54,5,8
4,0,6,0,1,23.39,1,35.61,1,26.02,4,6
3,0,7,1,0,21.63,1,34.41,1,22.89,3,6
7,0,8,1,0,-inf,1,16.28,1,28.47,7,7
7,1,3,1,0,19.89,1,33.85,1,21.82,6,2
3,0,0,0,1,50.68,1,56.58,0,-89.50,3,0
8,1,5,0,0,12.70,1,24.74,1,27.81,7,5
2,1,1,0,0,51.21,1,60.69,0,-91.46,1,1
2,0,3,0,1,42.45,1,53.60,1,16.49,2,3
2,0,8,0,1,24.62,1,34.83,1,22.73,2,8
5,1,5,1,0,21.70,1,34.62,1,22.79,4,4
2,0,4,0,1,38.29,1,49.89,1,19.87,2,4
7,0,5,0,1,14.18,1,27.82,1,25.89,7,5
4,0,5,0,1,25.74,1,38.23,1,22.78,4,5
2,0,5,0,1,33.82,1,45.71,1,19.42,2,5
7,0,6,0,1,10.20,1,22.34,1,25.04,7,6
6,0,6,0,1,14.96,1,28.14,1,28.37,6,6
4,0,6,0,1,21.43,1,34.21,1,23.57,4,6
3,0,3,0,1,38.20,1,49.84,1,19.96,3,3
6,1,2,1,0,29.03,1,41.76,0,21.03,5,1
5,0,1,0,1,37.83,1,49.17,0,-86.89,5,1
6,0,11,2,0,-inf,0,-inf,1,26.01,6,9
6,0,10,0,1,7.29,1,15.20,1,25.59,6,10
3,0,6,0,1,26.35,1,38.41,1,24.88,3,6
6,2,4,1,0,19.69,0,34.12,1,21.59,4,3
2,0,3,0,1,42.54,1,53.56,1,18.47,2,3
5,0,5,1,0,20.99,1,34.33,1,22.45,5,4
7,2,8,1,1,5.00,1,15.98,1,24.80,5,7
7,2,3,1,0,20.94,0,33.69,1,20.69,5,2
9,2,2,0,0,-inf,0,32.03,1,21.96,7,2
6,0,6,0,1,15.36,1,27.97,1,27.28,6,6
2,0,11,0,1,23.57,1,30.32,1,25.28,2,11
5,0,7,1,0,16.36,1,28.40,1,26.15,5,6
9,0,3,0,1,20.29,1,29.04,1,25.85,9,3
1,0,2,0,1,51.14,1,60.66,0,-90.43,1,2
6,2,8,1,0,7.00,0,19.46,1,24.93,4,7
4,1,4,1,0,29.13,1,41.91,1,21.82,3,3
9,0,2,1,0,24.45,1,33.10,0,20.90,9,1
6,0,3,0,1,26.86,1,39.55,1,21.94,6,3
7,0,5,1,0,14.44,1,26.46,1,25.59,7,4
3,0,6,0,1,25.76,1,37.94,1,20.46,3,6
9,0,4,0,1,14.69,1,23.58,1,24.66,9,4
5,0,4,0,1,25.83,1,38.56,1,23.00,5,4
2,2,5,0,0,34.27,0,45.80,0,18.19,0,5
4,0,10,2,0,-inf,0,22.89,1,27.84,4,8
2,1,7,0,0,26.09,1,37.89,0,22.78,1,7
11,1,2,0,1,23.52,1,28.73,1,20.85,10,2
3,0,1,0,1,46.74,1,57.00,0,-89.30,3,1
5,0,4,1,1,27.71,1,39.67,1,26.77,5,3
0,0,7,2,0,36.17,0,42.33,0,-83.32,0,5
3,0,3,0,1,38.49,1,50.20,1,20.56,3,3
6,1,1,0,0,34.02,1,45.09,0,-87.58,5,1
4,0,6,0,1,22.55,1,34.68,1,22.18,4,6
5,0,9,0,1,11.71,1,20.86,1,25.58,5,9
5,0,3,0,1,32.44,1,43.93,1,25.96,5,3
4,1,11,1,0,-inf,1,21.15,1,28.19,3,10
6,1,5,1,0,16.18,1,30.23,1,23.52,5,4
8,2,2,0,0,-inf,0,33.17,1,21.75,6,2
1,0,4,0,1,42.49,1,53.10,0,-88.36,1,4
5,0,4,0,1,25.51,1,38.44,1,22.51,5,4
3,0,4,1,0,34.06,1,46.05,1,19.23,3,3
2,0,3,1,0,42.38,1,53.57,1,18.16,2,2
5,0,4,1,0,25.76,1,38.40,1,23.12,5,3
4,0,2,0,1,38.18,1,49.80,1,18.65,4,2
5,0,1,0,1,38.80,1,49.27,0,-87.14,5,1
5,2,2,0,0,33.75,0,45.75,1,20.16,3,2
3,0,1,0,1,47.05,1,57.02,0,-90.14,3,1
1,0,4,0,1,42.26,1,52.99,0,-88.09,1,4
5,1,7,0,0,14.43,1,26.94,1,24.40,4,7
6,0,3,0,1,26.57,1,38.44,1,23.88,6,3
7,1,5,0,0,13.01,1,26.17,1,23.80,6,5
5,0,4,1,0,25.40,1,38.07,1,22.59,5,3
4,1,3,1,0,34.27,1,46.20,1,19.30,3,2
4,0,6,1,0,24.82,1,36.10,1,30.63,4,5
1,0,4,0,1,42.41,1,53.06,0,-88.14,1,4
4,0,7,1,1,19.08,1,30.28,1,23.54,4,6
4,0,4,0,1,30.18,1,42.20,1,22.21,4,4
3,0,3,1,1,38.14,1,49.75,1,16.79,3,2
8,2,5,0,0,-inf,0,22.41,1,23.97,6,5
2,0,5,0,1,34.49,1,46.01,1,20.34,2,5
7,0,7,1,0,6.67,1,20.18,1,29.17,7,6
2,0,1,0,1,51.24,1,60.75,0,-89.75,2,1
3,0,4,1,0,33.92,1,45.98,1,20.11,3,3
4,0,2,0,1,38.45,1,49.82,1,19.75,4,2
7,0,7,1,0,-inf,1,17.91,1,25.47,7,6
5,0,10,0,1,10.42,1,18.11,1,24.67,5,10
6,0,4,0,1,21.92,1,34.56,1,23.84,6,4
7,0,5,0,1,13.08,1,26.66,1,24.74,7,5
5,1,8,0,1,13.25,1,22.98,1,25.60,4,8
5,0,5,1,0,21.28,1,34.19,1,22.74,5,4
8,0,4,0,1,15.14,1,27.06,1,24.90,8,4
2,0,6,2,0,29.92,0,42.13,1,19.52,2,4
6,0,7,1,0,9.61,1,22.19,1,25.74,6,6
6,0,7,1,0,7.91,1,21.90,1,24.59,6,6
3,0,8,1,0,-inf,1,30.62,1,26.75,3,7
1,0,4,1,0,42.42,1,52.90,0,-88.04,1,3
5,1,6,0,0,20.30,1,32.25,1,25.20,4,6
7,0,7,1,1,4.58,1,18.00,1,25.24,7,6
6,0,5,0,1,17.58,1,30.70,1,24.13,6,5
5,0,6,1,0,18.63,1,30.89,1,23.14,5,5
3,0,7,1,0,23.09,1,34.55,1,22.15,3,6
4,1,3,0,0,36.00,1,47.30,1,25.00,3,3
3,0,7,2,0,21.55,0,34.86,1,21.33,3,5
4,0,7,0,1,17.89,1,30.82,1,24.74,4,7
13,1,1,0,0,-inf,1,32.00,0,-82.69,12,1
3,0,2,0,1,42.62,1,53.63,1,15.93,3,2
4,0,5,2,0,27.43,1,39.59,1,25.51,4,3
5,0,6,0,1,17.26,1,30.60,1,23.60,5,6
4,1,1,0,0,42.19,1,52.90,0,-89.80,3,1
5,1,11,2,0,-inf,0,-inf,1,24.81,4,9
8,0,4,0,1,17.04,1,27.63,1,25.05,8,4
4,0,6,0,1,20.66,1,34.20,1,22.47,4,6
6,0,12,1,0,-inf,1,13.15,1,26.75,6,11
1,0,5,0,1,38.35,1,48.99,0,-87.57,1,5
3,1,9,0,0,19.23,1,28.18,1,23.58,2,9
5,0,6,2,0,16.56,0,30.15,1,22.37,5,4
8,0,5,1,0,10.85,1,22.45,1,23.75,8,4
5,0,8,1,0,10.98,1,22.95,1,25.47,5,7
6,0,4,0,1,25.51,1,37.22,1,30.99,6,4
7,0,5,1,1,12.34,1,26.61,1,25.16,7,4
6,2,5,0,0,17.10,1,30.30,1,22.57,4,5
9,1,4,0,0,-inf,1,25.23,1,26.59,8,4
6,0,3,1,0,26.34,1,38.34,1,23.13,6,2
4,0,7,1,0,14.70,1,29.07,1,23.50,4,6
7,0,5,1,0,13.60,1,26.61,1,24.46,7,4
6,0,6,0,1,13.51,1,26.49,1,23.42,6,6
3,2,7,0,0,27.59,0,38.45,0,25.73,1,7
2,2,4,0,0,38.31,0,49.72,0,19.54,0,4
4,0,3,0,1,34.98,1,46.62,1,24.40,4,3
6,0,2,1,0,30.25,1,41.76,0,17.95,6,1
4,0,4,1,0,29.93,1,42.31,1,21.19,4,3
9,1,3,0,0,-inf,1,27.27,1,25.12,8,3
2,0,7,1,0,24.95,1,37.44,1,20.27,2,6
6,1,6,1,0,13.08,1,25.97,1,24.51,5,5
0,0,2,0,1,55.41,1,60.68,0,-91.68,0,2
8,0,4,0,1,15.03,1,27.42,1,26.06,8,4
4,0,3,0,1,33.84,1,46.06,1,21.90,4,3
9,0,6,1,0,5.29,1,15.92,1,25.02,9,5
4,0,9,0,1,14.90,1,22.08,1,24.70,4,9
6,1,5,0,1,22.28,1,34.04,1,27.74,5,5
0,0,2,0,1,55.36,1,60.67,0,-92.54,0,2
1,0,2,0,1,51.09,1,60.66,0,-90.85,1,2
2,0,7,0,1,25.88,1,37.84,1,21.14,2,7
7,0,4,0,1,18.31,1,30.14,1,25.22,7,4
6,0,8,0,1,8.32,1,19.97,1,25.68,6,8
3,0,9,1,0,-inf,1,26.61,1,22.67,3,8
2,0,5,0,1,33.99,1,45.78,1,20.60,2,5
5,1,2,0,0,33.36,1,45.77,1,19.16,4,2
4,0,7,2,0,15.97,0,30.00,1,25.03,4,5
0,0,2,0,1,55.46,1,60.66,0,-89.30,0,2
4,0,3,0,1,34.23,1,46.29,1,20.16,4,3
6,0,3,0,1,25.97,1,38.25,1,23.84,6,3
6,1,2,1,0,29.52,1,41.66,0,20.10,5,1
6,1,8,1,0,7.92,1,18.80,1,25.14,5,7
4,0,3,0,1,34.02,1,46.06,1,21.29,4,3
5,1,5,0,0,21.56,1,34.55,1,24.34,4,5
4,0,6,1,0,22.84,1,34.34,1,24.32,4,5
2,1,8,0,1,24.95,1,34.69,0,16.34,1,8
2,0,2,0,1,46.74,1,57.30,1,16.70,2,2
0,0,2,0,1,55.46,1,60.67,0,-88.98,0,2
2,0,6,1,0,30.25,1,42.11,1,19.41,2,5
2,0,8,0,1,26.57,1,34.40,1,28.98,2,8
3,2,2,1,0,42.75,1,53.74,0,17.27,1,1
3,0,4,0,1,33.96,1,46.02,1,18.00,3,4
4,2,4,0,0,29.96,0,42.38,1,22.33,2,4
2,0,7,0,1,27.37,1,37.83,1,23.31,2,7
3,0,4,0,1,34.18,1,46.12,1,17.90,3,4
9,1,9,1,0,-inf,1,7.57,1,28.36,8,8
5,0,3,0,1,30.61,1,42.64,1,23.58,5,3
5,0,3,0,1,30.24,1,42.40,1,20.20,5,3
0,0,7,2,0,34.00,0,40.71,0,-86.70,0,5
4,0,2,0,1,38.48,1,49.93,1,19.39,4,2
3,0,2,0,1,42.88,1,53.80,1,19.84,3,2
5,2,4,0,0,25.61,0,38.28,1,22.46,3,4
4,1,3,0,0,33.97,1,46.07,1,21.54,3,3
7,1,5,0,0,13.33,1,26.40,1,24.80,6,5
3,0,2,0,1,42.77,1,53.68,1,15.88,3,2
6,0,4,0,1,23.67,1,35.98,1,28.18,6,4
4,0,5,0,1,25.21,1,38.01,1,22.42,4,5
7,0,3,1,0,21.67,1,34.61,1,21.35,7,2
2,0,7,1,0,26.80,1,37.71,1,21.69,2,6
5,1,1,0,0,38.43,1,49.14,0,-86.51,4,1
4,1,4,1,0,29.52,1,42.19,1,19.99,3,3
7,0,7,0,1,4.00,1,17.98,1,25.80,7,7
5,0,6,0,1,16.88,1,30.31,1,25.04,5,6
10,0,9,0,1,0.00,1,4.46,1,28.00,10,9
3,0,2,0,1,42.83,1,53.73,1,18.22,3,2
1,0,5,1,0,38.78,1,49.57,0,-85.87,1,4
3,0,3,0,1,37.88,1,49.67,1,20.68,3,3
1,0,6,0,1,32.94,1,45.03,0,-87.01,1,6
5,0,4,1,0,25.04,1,38.25,1,21.80,5,3
3,0,6,0,1,25.42,1,38.08,1,22.27,3,6
4,0,5,0,1,25.76,1,38.37,1,22.18,4,5
7,1,6,0,0,11.41,1,22.65,1,25.28,6,6
3,0,6,2,0,24.18,0,38.19,1,20.20,3,4
7,0,3,1,1,22.74,1,34.45,1,23.47,7,2
4,0,6,0,1,20.84,1,34.72,1,23.20,4,6
9,0,1,0,1,28.68,1,35.58,0,-85.85,9,1
4,0,9,1,0,-inf,1,24.01,1,23.82,4,8
9,0,5,1,0,10.56,1,20.66,1,25.30,9,4
2,0,5,0,1,36.48,1,47.71,1,23.08,2,5
6,0,9,2,0,-inf,0,14.36,1,25.14,6,7
5,0,7,1,0,-inf,1,27.93,1,26.92,5,6
13,1,7,0,0,-inf,1,11.43,1,31.55,12,7
7,0,2,0,1,27.72,1,38.00,1,20.93,7,2
5,0,7,0,1,14.56,1,26.64,1,24.74,5,7
7,1,6,0,0,-inf,1,21.97,1,24.80,6,6
12,0,4,0,1,14.90,1,21.12,1,25.35,12,4
4,0,3,0,1,34.47,1,46.29,1,20.21,4,3
3,1,6,1,0,24.71,1,38.03,1,21.50,2,5
6,1,4,0,0,21.28,1,34.40,1,25.07,5,4
4,0,14,1,0,-inf,1,21.20,1,26.36,4,13
5,1,7,0,0,11.90,1,25.97,1,22.72,4,7
7,1,5,1,0,12.97,1,26.47,1,23.97,6,4
5,0,6,2,0,17.69,0,30.65,1,23.84,5,4
6,0,6,1,0,12.59,1,26.57,1,23.29,6,5
1,0,4,0,1,42.48,1,53.01,0,-88.50,1,4
3,0,2,0,1,42.84,1,53.78,1,18.82,3,2
7,1,6,0,0,-inf,1,22.23,1,25.98,6,6
6,1,6,1,0,11.88,1,26.10,1,23.81,5,5
5,0,5,0,1,25.71,1,37.61,1,29.83,5,5
2,0,6,0,1,30.16,1,41.73,1,19.85,2,6
6,0,3,0,1,26.40,1,38.55,1,23.24,6,3
9,0,8,0,1,1.00,1,9.92,1,29.65,9,8
3,0,1,0,1,46.83,1,56.93,0,-88.33,3,1
3,0,5,0,1,32.05,1,43.68,1,25.53,3,5
6,1,3,0,0,26.02,1,38.22,1,22.32,5,3
3,0,8,0,1,23.22,1,34.14,1,25.17,3,8
5,0,5,0,1,21.33,1,34.76,1,20.78,5,5
9,0,6,1,0,5.81,1,17.10,1,27.60,9,5
4,0,7,0,1,18.58,1,30.91,1,22.70,4,7
8,0,3,0,1,19.60,1,30.46,1,22.52,8,3
9,1,7,1,0,-inf,1,12.42,1,27.39,8,6
6,0,5,0,1,17.21,1,31.22,1,25.59,6,5
8,0,2,0,1,24.96,1,35.13,1,22.05,8,2
7,0,1,0,1,31.28,1,42.27,0,-83.60,7,1
4,0,4,1,0,29.88,1,42.17,1,23.35,4,3
2,1,4,0,0,38.50,1,49.90,0,20.91,1,4
1,0,5,0,1,38.38,1,49.24,0,-86.77,1,5
5,0,7,1,0,14.99,1,28.12,1,25.55,5,6
10,0,7,0,1,6.49,1,13.93,1,29.30,10,7
3,0,4,0,1,34.37,1,46.25,1,19.83,3,4
3,1,7,0,0,22.78,1,34.38,1,22.76,2,7
2,0,7,2,0,25.93,0,38.74,1,22.92,2,5
5,1,5,0,0,20.88,1,34.31,1,23.26,4,5
6,0,9,0,1,7.63,1,17.24,1,25.45,6,9
3,1,11,0,1,19.22,1,25.03,1,24.22,2,11
5,1,8,0,0,13.23,1,24.03,1,25.00,4,8
8,1,8,1,0,-inf,1,10.32,1,25.80,7,7
5,2,5,0,0,20.87,0,34.07,1,24.54,3,5
3,0,7,1,0,-inf,1,32.27,1,20.78,3,6
5,0,6,2,0,16.83,0,30.43,1,22.87,5,4
5,1,6,1,0,16.12,1,29.79,1,23.91,4,5
6,1,2,0,0,29.76,1,41.96,1,19.96,5,2
8,1,7,2,0,-inf,1,14.45,1,25.37,7,5
5,0,5,0,1,23.41,1,36.07,1,27.83,5,5
3,0,5,0,1,29.33,1,41.84,1,21.55,3,5
9,0,2,0,1,24.40,1,33.62,1,20.65,9,2
5,0,5,0,1,21.89,1,34.46,1,24.31,5,5
0,0,5,0,1,42.72,1,49.40,0,-87.78,0,5
6,1,2,0,0,29.27,1,41.94,1,19.20,5,2
5,1,7,0,0,14.99,1,26.97,1,24.76,4,7
5,0,4,0,1,25.18,1,38.24,1,22.74,5,4
11,0,5,0,1,10.82,1,17.27,1,27.01,11,5
5,1,4,0,0,25.63,1,38.39,1,23.39,4,4
4,0,10,2,0,-inf,0,-inf,1,24.46,4,8
7,1,8,0,0,3.17,1,15.08,1,25.43,6,8
3,1,3,0,0,38.25,1,49.87,1,18.02,2,3
3,0,5,1,0,30.42,1,42.55,1,19.97,3,4
3,0,5,2,0,29.50,0,42.12,1,21.26,3,3
3,0,5,0,1,30.30,1,42.24,1,22.58,3,5
4,0,4,0,1,30.14,1,42.33,1,22.53,4,4
6,0,7,0,1,10.63,1,23.04,1,25.48,6,7
4,0,5,0,1,25.39,1,37.92,1,23.42,4,5
5,0,4,0,1,25.80,1,38.36,1,23.04,5,4
3,0,2,0,1,42.42,1,53.62,1,19.95,3,2
2,0,2,0,1,47.02,1,57.41,1,17.28,2,2
6,0,6,0,1,13.72,1,26.90,1,24.46,6,6
6,0,6,1,0,12.63,1,26.56,1,25.32,6,5
5,0,8,1,0,11.38,1,23.32,1,25.08,5,7
4,0,5,1,0,27.38,1,39.62,1,25.47,4,4
7,0,6,1,0,10.23,1,22.98,1,26.17,7,5
4,1,3,1,0,33.54,1,46.01,1,18.70,3,2
3,1,5,3,0,29.48,0,42.12,1,21.23,2,2
3,0,7,0,1,22.81,1,34.44,1,21.73,3,7
5,1,6,0,0,16.84,1,29.69,1,23.73,4,6
9,0,11,3,0,-inf,0,-inf,1,30.78,9,8
3,0,5,0,1,29.49,1,42.21,1,22.44,3,5
8,1,3,0,0,-inf,1,30.95,1,23.24,7,3
2,0,5,0,1,36.45,1,47.63,1,22.05,2,5
9,1,6,0,0,-inf,1,15.57,1,28.69,8,6
2,1,8,0,0,25.81,1,35.97,0,21.75,1,8
5,0,3,1,0,30.52,1,42.33,1,22.50,5,2
4,0,3,1,1,34.27,1,46.20,1,19.53,4,2
4,0,3,0,1,34.04,1,46.02,1,18.73,4,3
3,0,8,0,1,20.10,1,30.87,1,25.44,3,8
7,0,4,0,1,16.05,1,29.91,1,23.49,7,4
9,0,5,0,1,12.64,1,21.30,1,28.24,9,5
3,0,5,0,1,29.48,1,41.83,1,21.45,3,5
5,1,5,0,0,20.63,1,34.21,1,23.19,4,5
5,0,6,1,1,18.33,1,30.68,1,22.90,5,5
2,0,5,0,1,34.63,1,46.09,1,19.24,2,5
6,0,2,0,1,30.08,1,42.04,1,20.96,6,2
5,1,1,0,0,38.17,1,49.18,0,-87.41,4,1
2,1,5,0,0,34.06,1,45.78,0,16.07,1,5
4,0,3,1,0,34.30,1,46.11,1,18.83,4,2
8,2,3,0,0,-inf,0,30.14,1,22.91,6,3
8,0,6,1,0,9.09,1,20.52,1,24.84,8,5
7,0,3,1,0,23.53,1,34.86,1,22.92,7,2
2,0,6,1,0,29.75,1,41.55,1,19.69,2,5
4,1,6,1,0,18.75,1,33.59,1,21.85,3,5
6,1,4,0,0,22.74,1,35.40,1,21.06,5,4
3,0,6,0,1,25.41,1,38.25,1,22.19,3,6
7,0,4,1,0,19.71,1,31.09,1,23.26,7,3
1,0,5,1,0,37.97,1,48.81,0,-87.68,1,4
5,2,3,0,0,29.92,0,42.17,1,22.83,3,3
4,1,7,1,0,15.75,1,29.99,1,22.13,3,6
7,0,1,0,1,30.97,1,41.11,0,-85.92,7,1
3,1,6,1,0,27.90,1,39.63,1,24.06,2,5
3,0,8,0,1,20.14,1,30.63,1,25.31,3,8
6,0,2,0,1,30.13,1,41.87,1,19.96,6,2
4,0,3,0,1,33.44,1,45.79,1,19.68,4,3
3,0,7,0,1,23.14,1,35.27,1,22.59,3,7
5,1,3,0,0,29.50,1,41.97,1,21.03,4,3
4,0,7,0,1,18.62,1,30.36,1,24.33,4,7
1,0,6,0,1,34.23,1,44.94,0,-87.22,1,6
3,0,2,0,1,44.76,1,54.78,1,24.90,3,2
7,0,8,1,0,-inf,1,16.16,1,28.35,7,7
7,1,6,1,0,10.25,1,24.13,1,27.33,6,5
7,2,5,1,0,-inf,0,25.59,1,23.29,5,4
3,0,5,0,1,32.29,1,43.91,1,25.82,3,5
2,0,5,0,1,33.97,1,45.90,1,20.29,2,5
7,0,4,1,0,17.04,1,29.91,1,22.93,7,3
5,0,6,0,1,17.15,1,30.43,1,23.69,5,6
4,1,6,0,0,22.71,1,34.76,1,22.87,3,6
7,1,2,0,0,-inf,1,39.16,1,20.31,6,2
7,2,10,2,0,-inf,0,-inf,1,29.74,5,8
3,1,7,1,0,21.75,1,34.20,1,21.74,2,6
9,0,6,1,0,6.58,1,15.76,1,25.79,9,5
4,0,5,1,0,26.23,1,38.46,1,20.23,4,4
2,1,6,0,0,30.74,1,42.25,0,-86.78,1,6
9,1,5,0,0,-inf,1,19.42,1,25.51,8,5
7,0,6,0,1,12.71,1,25.12,1,27.94,7,6
7,1,6,1,0,8.00,1,22.57,1,25.79,6,5
4,0,4,1,0,32.05,1,43.70,1,24.09,4,3
7,0,7,0,1,3.58,1,18.04,1,25.24,7,7
6,1,4,1,0,19.35,1,33.70,1,23.02,5,3
5,0,10,0,1,10.57,1,18.68,1,25.23,5,10
2,0,8,0,1,23.57,1,34.12,1,22.58,2,8
5,0,3,0,1,31.82,1,43.59,1,23.68,5,3
4,0,3,1,0,33.50,1,45.83,1,19.03,4,2
5,0,4,1,0,25.87,1,38.38,1,22.34,5,3
2,0,2,0,1,46.71,1,57.32,1,15.87,2,2
2,1,7,1,0,-inf,1,37.01,0,19.92,1,6
7,0,4,1,0,17.01,1,29.70,1,22.83,7,3
4,0,5,0,1,25.19,1,38.00,1,23.84,4,5
6,1,8,0,0,7.83,1,19.16,1,29.14,5,8
1,0,2,2,0,51.31,0,60.65,0,-91.54,1,0
2,0,0,0,1,55.39,1,60.68,0,-89.65,2,0
5,1,4,0,0,25.96,1,38.04,1,23.18,4,4
7,1,5,0,0,14.14,1,26.64,1,25.05,6,5
6,2,5,1,0,16.88,0,30.18,1,24.32,4,4
6,2,3,0,0,24.80,0,37.59,1,20.32,4,3
2,1,8,1,0,25.19,1,35.45,0,22.78,1,7
4,0,5,0,1,25.76,1,38.32,1,23.87,4,5
3,0,5,0,1,30.14,1,42.21,1,21.45,3,5
3,1,5,0,0,30.23,1,42.26,1,22.91,2,5
2,1,3,0,0,42.94,1,53.77,0,17.88,1,3
8,0,10,0,1,0.00,1,9.49,1,30.73,8,10
0,0,4,1,0,46.81,1,53.01,0,-86.87,0,3
4,1,5,0,0,27.24,1,39.71,1,27.51,3,5
6,1,7,0,0,7.04,1,22.22,1,24.46,5,7
2,0,5,0,1,34.41,1,46.05,1,22.08,2,5
2,0,4,0,1,38.50,1,49.84,1,20.98,2,4
5,0,4,0,1,25.54,1,38.19,1,22.54,5,4
4,1,3,0,0,33.96,1,45.98,1,20.24,3,3
2,1,6,2,0,29.61,0,41.85,0,19.78,1,4
1,0,7,0,1,27.71,1,40.54,0,-86.40,1,7
6,0,3,0,1,24.11,1,37.81,1,22.10,6,3
4,0,5,0,1,26.33,1,38.75,1,22.96,4,5
4,0,5,0,1,27.17,1,39.63,1,27.91,4,5
4,0,5,1,0,27.14,1,39.74,1,26.05,4,4
2,0,6,1,0,28.96,1,41.77,1,17.65,2,5
5,0,3,0,1,30.04,1,42.29,1,22.61,5,3
2,0,5,0,1,33.47,1,45.49,1,20.21,2,5
9,1,4,0,0,-inf,1,22.78,1,25.49,8,4
2,0,3,0,1,42.64,1,53.65,1,20.10,2,3
5,1,3,1,0,29.50,1,42.23,1,21.19,4,2
5,0,4,0,1,25.29,1,38.24,1,22.70,5,4
9,1,9,0,1,0.00,1,5.61,1,26.76,8,9
3,0,5,0,1,33.80,1,44.89,1,27.88,3,5
6,0,2,0,1,29.32,1,42.24,1,20.90,6,2
4,0,8,0,1,18.44,1,29.58,1,27.27,4,8
2,0,2,0,1,46.84,1,57.37,1,16.40,2,2
7,1,4,0,0,16.54,1,30.09,1,24.70,6,4
6,0,5,0,1,20.40,1,32.50,1,27.81,6,5
3,0,6,1,0,25.68,1,38.30,1,21.90,3,5
5,1,4,0,0,25.20,1,38.22,1,24.26,4,4
8,0,4,2,0,17.79,0,28.68,1,27.52,8,2
3,0,5,0,1,29.65,1,42.03,1,20.59,3,5
4,0,2,0,1,38.16,1,49.85,1,17.53,4,2
4,1,4,0,0,30.21,1,42.43,1,24.75,3,4
3,0,5,2,0,29.93,0,42.36,1,21.95,3,3
3,0,6,0,1,25.10,1,38.08,1,23.52,3,6
7,0,9,3,0,-inf,0,-inf,1,25.92,7,6
3,0,2,0,1,42.82,1,53.81,1,18.00,3,2
6,1,8,0,0,7.29,1,20.64,1,25.80,5,8
2,0,5,1,0,33.83,1,45.89,1,18.51,2,4
3,0,6,0,1,24.11,1,37.41,1,21.36,3,6
4,1,7,0,0,16.69,1,30.30,1,23.68,3,7
3,0,5,2,0,32.76,1,43.67,1,26.96,3,3
10,1,2,1,0,-inf,1,28.71,0,19.52,9,1
0,0,9,1,1,32.00,1,35.91,0,-84.68,0,8
6,0,4,0,1,21.41,1,34.46,1,24.13,6,4
4,1,5,1,0,25.32,1,38.15,1,22.21,3,4
7,1,3,0,0,-inf,1,33.65,1,23.94,6,3
5,0,8,0,1,12.26,1,24.21,1,27.79,5,8
2,0,4,1,0,38.27,1,49.84,1,18.00,2,3
4,0,2,0,1,38.63,1,49.98,1,16.93,4,2
8,0,5,2,0,11.75,0,22.09,1,24.34,8,3
2,0,2,0,1,46.70,1,57.30,1,10.79,2,2
2,0,6,2,0,32.13,0,43.78,1,21.97,2,4
6,0,4,0,1,23.41,1,35.91,1,26.43,6,4
7,1,2,0,0,23.51,1,37.81,1,20.16,6,2
5,0,5,0,1,21.19,1,34.21,1,21.42,5,5
10,1,8,0,0,-inf,1,5.58,1,27.14,9,8
5,1,7,0,0,12.16,1,26.73,1,24.29,4,7
4,1,0,0,0,47.17,1,53.21,0,-87.98,3,0
1,0,4,0,1,43.05,1,53.50,0,-87.10,1,4
0,0,0,0,1,64.00,1,64.00,0,-198.00,0,0
5,0,2,0,1,34.54,1,45.95,1,18.94,5,2
5,1,3,0,0,29.99,1,42.33,1,22.78,4,3
1,0,1,0,1,55.54,1,64.00,0,-198.00,1,1
2,0,7,0,1,27.73,1,39.79,1,25.21,2,7
3,0,3,0,1,38.13,1,49.85,1,20.82,3,3
4,0,2,0,1,38.63,1,49.98,1,20.73,4,2
2,0,8,0,1,26.21,1,34.78,1,20.38,2,8
8,0,3,1,0,20.11,1,32.03,1,24.54,8,2
6,0,6,0,1,14.34,1,27.99,1,28.83,6,6
1,1,2,0,0,50.74,1,60.74,0,-90.62,0,2
2,0,3,0,1,42.52,1,53.57,1,17.73,2,3
6,1,3,0,0,25.66,1,38.08,1,21.69,5,3
8,2,6,0,0,-inf,0,17.71,1,26.43,6,6
5,2,2,0,0,33.71,1,46.04,1,22.19,3,2
6,2,1,0,0,32.49,0,44.90,0,-87.40,4,1
3,0,5,1,0,29.86,1,42.29,1,20.45,3,4
3,1,4,1,0,34.31,1,46.08,1,20.71,2,3
5,0,6,2,0,16.86,0,30.15,1,23.58,5,4
5,0,6,0,1,17.25,1,30.30,1,25.35,5,6
6,0,3,1,1,26.55,1,38.51,1,19.84,6,2
7,1,5,0,0,-inf,1,26.58,1,24.89,6,5
7,0,5,1,0,13.72,1,26.34,1,23.42,7,4
7,0,4,0,1,17.72,1,30.77,1,23.78,7,4
3,0,6,0,1,25.89,1,38.26,1,19.78,3,6
3,0,5,1,0,29.61,1,42.26,1,21.65,3,4
10,1,3,0,0,-inf,1,25.03,1,22.33,9,3
7,1,4,0,0,14.79,1,30.12,1,24.12,6,4
6,1,10,0,0,6.49,1,16.39,1,27.33,5,10
5,0,4,1,0,27.42,1,39.76,1,24.96,5,3
4,0,6,1,0,23.53,1,36.15,1,26.23,4,5
3,0,9,0,1,19.07,1,27.21,1,23.57,3,9
7,0,12,2,0,-inf,0,-inf,1,27.69,7,10
2,1,3,0,0,42.52,1,53.63,0,16.54,1,3
9,1,10,2,0,-inf,0,-inf,1,29.09,8,8
3,1,2,0,0,42.39,1,53.56,1,17.05,2,2
6,0,3,0,1,25.52,1,38.21,1,22.98,6,3
6,0,7,1,0,8.98,1,22.15,1,25.75,6,6
5,1,6,1,0,18.68,1,31.12,1,23.35,4,5
3,0,4,0,1,34.06,1,45.93,1,21.39,3,4
3,0,6,1,0,25.57,1,37.98,1,22.25,3,5
2,0,4,1,0,38.42,1,49.78,1,19.96,2,3
3,0,3,0,1,40.39,1,51.05,1,22.82,3,3
8,0,4,1,0,17.28,1,28.45,1,26.15,8,3
2,0,4,0,1,38.25,1,49.76,1,20.04,2,4
3,0,5,0,1,29.91,1,42.14,1,20.46,3,5
4,0,8,0,1,15.10,1,26.39,1,23.07,4,8
3,0,4,1,0,33.69,1,45.98,1,20.60,3,3
3,0,2,0,1,42.51,1,53.59,1,16.63,3,2
7,0,4,0,1,16.51,1,30.15,1,25.57,7,4
6,2,4,1,0,23.85,0,36.31,1,26.58,4,3
3,1,4,0,0,33.91,1,46.01,1,21.01,2,4
6,1,3,1,0,28.55,1,40.09,1,24.10,5,2
4,0,5,0,1,26.21,1,38.51,1,23.53,4,5
6,1,4,1,0,19.77,1,33.60,1,23.64,5,3
5,0,5,1,0,22.95,1,35.42,1,26.31,5,4
2,0,7,0,1,25.03,1,37.83,1,20.44,2,7
4,1,3,0,0,34.18,1,46.20,1,21.14,3,3
1,1,4,0,0,42.56,1,53.16,0,-87.89,0,4
4,0,3,0,1,33.70,1,45.97,1,18.01,4,3
5,1,2,0,0,33.26,1,45.67,1,19.46,4,2
5,0,3,0,1,30.64,1,42.81,1,22.58,5,3
8,1,4,2,0,-inf,0,26.87,1,25.86,7,2
5,0,7,0,1,12.91,1,26.71,1,23.95,5,7
6,1,6,0,0,13.08,1,26.34,1,24.79,5,6
4,0,3,0,1,33.97,1,46.00,1,21.02,4,3
9,0,2,1,0,23.38,1,32.47,0,21.45,9,1
6,0,6,0,1,14.85,1,29.58,1,29.36,6,6
3,1,3,1,0,38.47,1,49.99,1,19.19,2,2
5,0,5,0,1,20.77,1,34.24,1,24.69,5,5
5,0,7,1,0,11.96,1,26.49,1,24.41,5,6
7,0,1,0,1,32.01,1,41.38,0,-86.16,7,1
0,0,1,0,1,59.64,1,64.00,0,-198.00,0,1
4,0,4,0,1,29.23,1,41.95,1,21.50,4,4
3,1,4,0,0,34.33,1,46.27,1,20.27,2,4
2,0,9,2,0,-inf,0,-inf,1,24.84,2,7
6,0,3,0,1,25.82,1,38.45,1,22.55,6,3
6,1,2,1,0,29.27,1,41.86,0,20.60,5,1
8,0,3,0,1,20.14,1,30.66,1,23.62,8,3
6,1,5,0,0,17.59,1,30.57,1,22.28,5,5
3,0,5,0,1,30.25,1,42.40,1,20.19,3,5
2,0,3,0,1,42.85,1,53.74,1,18.35,2,3
3,0,3,0,1,38.61,1,50.13,1,20.25,3,3
5,2,5,0,0,21.07,0,34.32,1,23.87,3,5
3,0,5,1,0,29.33,1,41.97,1,20.57,3,4
5,0,3,1,0,29.71,1,42.23,1,19.16,5,2
2,0,1,1,0,51.01,1,60.67,0,-90.51,2,0
4,0,5,0,1,25.20,1,38.17,1,23.33,4,5
10,1,6,1,0,-inf,1,14.56,1,28.08,9,5
3,0,10,0,1,19.31,1,26.66,1,24.95,3,10
4,0,6,0,1,21.49,1,34.01,1,22.32,4,6
4,1,4,0,0,31.55,1,43.50,1,25.13,3,4
3,0,5,0,1,30.32,1,42.37,1,23.60,3,5
2,0,10,0,1,23.37,1,29.62,1,23.26,2,10
11,0,5,0,1,11.15,1,17.35,1,26.16,11,5
3,0,3,0,1,38.27,1,49.72,1,19.28,3,3
7,0,6,1,0,7.56,1,21.70,1,26.34,7,5
3,0,7,1,0,21.03,1,34.10,1,21.45,3,6
4,1,4,0,0,30.25,1,42.51,1,21.99,3,4
4,0,7,0,1,18.97,1,32.26,1,25.96,4,7
2,0,7,1,0,26.02,1,37.74,1,21.64,2,6
2,0,5,0,1,34.62,1,45.97,1,21.37,2,5
2,0,1,0,1,51.17,1,60.71,0,-90.14,2,1
2,0,4,1,0,38.05,1,49.64,1,17.97,2,3
16,2,7,1,0,-inf,0,-inf,1,28.38,14,6
6,0,4,0,1,21.70,1,34.29,1,22.38,6,4
8,1,3,0,0,-inf,1,30.12,1,21.11,7,3
4,0,5,0,1,25.22,1,38.05,1,23.03,4,5
6,1,2,0,0,30.55,1,42.54,1,21.55,5,2
4,0,6,0,1,21.61,1,34.33,1,24.69,4,6
3,1,3,0,0,38.43,1,50.00,1,20.32,2,3
9,2,3,0,0,-inf,0,24.97,1,24.80,7,3
5,0,2,0,1,33.96,1,45.78,1,18.35,5,2
6,1,3,0,1,28.00,1,40.17,1,24.85,5,3
6,1,4,0,0,20.59,1,34.20,1,22.27,5,4
7,1,5,0,0,-inf,1,25.81,1,24.98,6,5
7,1,1,0,0,31.27,1,41.92,0,-86.86,6,1
4,1,2,0,0,38.82,1,50.11,1,18.59,3,2
5,1,6,0,0,17.26,1,30.42,1,23.29,4,6
6,0,0,0,1,37.91,1,45.24,0,-87.13,6,0
5,0,3,0,1,31.79,1,43.74,1,25.51,5,3
5,1,3,1,0,29.72,1,42.23,1,22.21,4,2
2,0,4,0,1,38.57,1,49.93,1,18.78,2,4
3,0,5,0,1,29.93,1,42.18,1,21.16,3,5
5,1,6,0,0,17.59,1,30.53,1,22.83,4,6
5,0,3,0,1,29.24,1,41.70,1,19.59,5,3
2,0,4,0,1,38.26,1,49.80,1,20.23,2,4
3,1,5,2,0,29.85,1,42.09,1,20.00,2,3
6,0,1,0,1,33.60,1,45.23,0,-85.88,6,1
5,1,2,1,0,33.71,1,45.81,0,17.58,4,1
6,0,8,0,1,7.17,1,19.31,1,24.94,6,8
4,0,3,0,1,33.97,1,46.12,1,21.03,4,3
3,0,4,0,1,33.84,1,45.95,1,22.79,3,4
5,1,4,0,0,26.26,1,38.40,1,22.69,4,4
2,0,2,0,1,47.02,1,57.41,1,15.18,2,2
3,1,5,1,0,29.22,1,41.63,1,20.88,2,4
6,1,3,0,0,24.19,1,37.71,1,23.55,5,3
4,0,3,0,1,33.39,1,45.77,1,22.36,4,3
5,0,8,0,1,11.71,1,23.28,1,25.37,5,8
5,0,5,0,1,21.84,1,34.35,1,23.18,5,5
4,0,5,0,1,26.13,1,38.32,1,24.01,4,5
6,0,3,0,1,26.55,1,38.29,1,22.10,6,3
8,0,5,2,0,11.41,1,23.67,1,23.33,8,3
6,2,3,0,0,25.92,0,38.11,1,21.07,4,3
5,1,9,0,0,10.38,1,20.80,1,26.51,4,9
3,0,7,0,1,22.07,1,33.99,1,21.62,3,7
12,0,3,0,1,19.16,1,24.94,1,26.41,12,3
3,0,4,0,1,33.96,1,46.21,1,21.63,3,4
8,0,4,0,1,17.24,1,28.06,1,26.10,8,4
4,0,8,1,0,-inf,1,26.46,1,23.46,4,7
1,0,5,0,1,37.50,1,48.91,0,-87.74,1,5
6,1,8,1,0,-inf,1,19.14,1,25.76,5,7
2,0,1,0,1,51.22,1,60.69,0,-90.27,2,1
9,1,11,0,0,0.00,1,4.32,1,28.01,8,11
6,0,5,1,0,16.92,1,30.56,1,24.15,6,4
4,2,3,0,0,33.71,0,46.05,1,18.50,2,3
4,0,2,0,1,38.24,1,49.65,1,17.25,4,2
4,0,7,1,0,19.56,1,32.27,1,27.16,4,6
3,1,3,0,0,38.30,1,50.04,1,17.35,2,3
6,0,4,0,1,21.60,1,34.14,1,23.33,6,4
2,0,3,0,1,42.43,1,53.56,1,20.06,2,3
2,1,5,0,0,34.23,1,45.99,0,18.21,1,5
6,0,5,0,1,16.61,1,30.22,1,24.89,6,5
3,1,3,0,0,38.64,1,50.07,1,19.76,2,3
5,0,5,1,0,21.08,1,34.18,1,22.33,5,4
4,0,7,1,0,17.27,1,30.20,1,23.58,4,6
9,0,4,0,1,15.77,1,24.66,1,24.41,9,4
7,0,3,0,1,22.00,1,35.15,1,27.04,7,3
3,0,3,0,1,38.70,1,50.22,1,20.38,3,3
3,0,7,0,1,22.43,1,34.44,1,22.49,3,7
6,0,7,0,1,11.08,1,22.92,1,25.13,6,7
3,0,0,0,1,51.22,1,56.98,0,-89.27,3,0
7,0,6,1,1,9.98,1,22.42,1,24.94,7,5
5,0,2,0,1,34.10,1,46.01,1,21.00,5,2
3,0,7,0,1,22.28,1,35.61,1,24.78,3,7
7,1,2,0,0,24.18,1,36.50,1,19.47,6,2
3,0,7,1,0,21.17,1,33.78,1,21.31,3,6
1,0,3,0,1,47.00,1,57.04,0,-88.41,1,3
3,0,4,0,1,34.20,1,46.17,1,21.04,3,4
4,1,6,1,0,20.84,1,34.16,1,21.72,3,5
6,0,3,0,1,27.37,1,39.69,1,26.06,6,3
1,0,7,1,0,31.37,1,41.55,0,-86.14,1,6
8,0,5,0,1,13.26,1,23.14,1,24.89,8,5
5,0,5,0,1,24.02,1,36.01,1,25.76,5,5
4,0,8,0,1,15.08,1,26.49,1,23.78,4,8
4,0,5,0,1,25.56,1,38.01,1,22.18,4,5
5,0,6,1,0,19.80,1,32.07,1,25.88,5,5
7,0,3,0,1,20.99,1,33.88,1,22.00,7,3
6,1,1,0,0,33.89,1,45.37,0,-86.22,5,1
5,0,9,0,1,12.26,1,20.69,1,25.31,5,9
4,0,4,1,0,29.99,1,42.38,1,20.91,4,3
6,0,2,0,1,28.71,1,41.24,1,21.81,6,2
2,0,8,0,1,24.53,1,34.87,1,20.38,2,8
1,0,11,1,0,-inf,1,32.00,0,-85.07,1,10
2,0,7,1,0,-inf,1,37.14,1,20.20,2,6
6,0,8,0,1,6.49,1,18.51,1,26.05,6,8
2,0,6,0,1,31.66,1,43.51,1,23.82,2,6
6,0,7,1,1,10.13,1,22.15,1,25.35,6,6
5,0,4,0,1,25.83,1,38.39,1,21.45,5,4
7,2,6,1,0,6.17,0,22.01,1,25.67,5,5
3,0,5,0,1,30.03,1,42.07,1,21.14,3,5
2,0,5,1,1,34.19,1,45.83,1,16.59,2,4
2,0,4,0,1,39.38,1,50.26,1,20.91,2,4
2,1,5,0,0,34.55,1,46.06,0,19.77,1,5
3,0,6,2,0,25.98,0,38.29,1,20.67,3,4
2,0,3,1,0,42.26,1,53.50,1,18.93,2,2
3,2,7,0,0,21.84,0,34.20,0,22.46,1,7
3,0,4,0,1,34.44,1,46.26,1,22.09,3,4
3,1,7,2,0,19.47,0,33.54,1,21.10,2,5
5,1,2,0,1,33.88,1,45.89,1,18.03,4,2
4,0,9,3,0,-inf,0,21.92,1,25.55,4,6
5,0,7,0,1,12.49,1,26.30,1,23.90,5,7
7,0,5,1,0,13.74,1,26.52,1,24.07,7,4
5,0,6,0,1,17.98,1,30.77,1,23.24,5,6
4,0,5,2,0,27.33,0,39.79,1,27.15,4,3
3,0,8,1,0,-inf,1,29.65,1,21.49,3,7
7,2,5,0,0,14.30,0,27.67,1,25.91,5,5
8,2,4,0,0,-inf,0,27.55,1,26.11,6,4
6,1,4,1,0,21.29,1,34.14,1,23.33,5,3
4,0,4,0,1,29.48,1,42.10,1,23.83,4,4
7,0,2,1,0,26.45,1,37.21,0,18.53,7,1
1,0,3,0,1,46.98,1,56.98,0,-89.72,1,3
9,1,3,1,0,19.31,1,28.81,1,23.36,8,2
2,0,7,1,0,27.36,1,38.58,1,20.58,2,6
6,0,3,2,0,26.02,0,38.50,0,20.70,6,1
5,0,2,0,1,34.44,1,45.77,1,18.01,5,2
8,0,7,1,0,4.58,1,15.54,1,25.19,8,6
2,0,7,0,1,25.43,1,38.17,1,21.59,2,7
4,1,9,2,0,-inf,0,-inf,1,24.78,3,7
4,0,5,0,1,25.74,1,38.40,1,23.49,4,5
3,0,6,0,1,26.54,1,38.53,1,22.84,3,6
5,0,3,0,1,32.52,1,43.88,1,23.97,5,3
4,0,7,1,0,19.56,1,32.49,1,27.75,4,6
9,0,2,0,1,23.45,1,32.50,1,23.59,9,2
5,1,5,0,0,22.40,1,34.39,1,22.94,4,5
1,0,8,1,0,-inf,1,39.10,0,-85.63,1,7
4,0,8,0,1,18.79,1,29.02,1,29.10,4,8
2,1,5,0,0,34.10,1,45.75,0,22.58,1,5
6,1,9,0,0,7.57,1,18.09,1,24.61,5,9
5,0,4,0,1,25.64,1,38.16,1,21.60,5,4
3,0,3,0,1,38.22,1,49.91,1,19.47,3,3
6,1,5,0,0,17.07,1,30.42,1,22.33,5,5
6,0,6,0,1,15.08,1,27.96,1,27.63,6,6
4,0,5,0,1,26.50,1,38.48,1,24.62,4,5
5,0,5,1,0,21.08,1,34.37,1,23.66,5,4
2,0,6,0,1,34.39,1,45.24,1,25.39,2,6
3,0,5,0,1,29.81,1,42.14,1,21.89,3,5
1,0,6,1,0,34.46,1,45.54,0,-86.33,1,5
3,1,4,0,1,34.13,1,46.13,1,22.15,2,4
4,1,5,0,1,25.82,1,38.09,1,23.49,3,5
6,1,6,1,0,14.30,1,27.81,1,27.03,5,5
4,0,3,1,0,34.07,1,46.14,1,21.39,4,2
6,0,4,1,0,22.19,1,34.45,1,22.41,6,3
7,0,7,2,0,-inf,0,18.85,1,25.85,7,5
2,0,5,1,0,36.15,1,47.34,1,22.65,2,4
1,0,4,1,0,42.25,1,52.87,0,-88.67,1,3
8,0,3,0,1,19.15,1,30.81,1,23.24,8,3
9,0,3,0,1,19.20,1,28.03,1,23.26,9,3
4,1,9,0,0,15.06,1,24.11,1,23.46,3,9
6,1,6,0,0,14.88,1,27.93,1,27.36,5,6
7,0,4,0,1,17.15,1,30.53,1,23.24,7,4
5,2,5,0,0,23.84,0,36.24,1,26.14,3,5
3,1,5,0,0,30.25,1,42.21,1,21.14,2,5
7,0,1,0,1,30.82,1,41.50,0,-86.73,7,1
5,0,5,1,0,20.32,1,33.97,1,23.39,5,4
6,0,7,0,1,10.69,1,23.71,1,26.65,6,7
10,0,5,0,1,11.05,1,18.25,1,26.32,10,5
3,0,4,0,1,34.04,1,46.16,1,20.30,3,4
6,0,2,0,1,30.39,1,41.86,1,20.47,6,2
8,0,2,0,1,24.27,1,34.54,1,19.73,8,2
4,0,8,0,1,15.73,1,27.46,1,23.58,4,8
6,1,7,0,0,9.98,1,22.91,1,25.60,5,7
7,0,7,1,0,4.00,1,18.09,1,25.31,7,6
3,0,7,1,0,-inf,1,33.16,1,23.60,3,6
5,0,2,0,1,36.27,1,47.45,1,23.44,5,2
4,0,4,0,1,29.85,1,42.22,1,23.75,4,4
5,0,7,1,0,13.57,1,26.88,1,24.92,5,6
6,1,2,0,0,30.03,1,41.84,1,20.41,5,2
3,0,10,1,0,-inf,1,25.18,1,21.96,3,9
6,1,4,0,0,20.98,1,34.22,1,22.49,5,4
7,0,5,0,1,14.50,1,26.73,1,23.50,7,5
5,1,2,0,0,33.50,1,45.75,1,18.40,4,2
13,3,4,0,0,-inf,1,21.13,1,25.92,10,4
3,0,6,0,1,26.06,1,38.17,1,21.91,3,6
7,0,5,0,1,11.46,1,26.22,1,25.46,7,5
6,0,3,0,1,28.52,1,40.26,1,25.44,6,3
4,0,5,1,0,25.87,1,38.46,1,22.07,4,4
7,1,5,1,0,12.58,1,25.99,1,25.23,6,4
6,1,2,0,0,31.32,1,43.32,1,24.73,5,2
4,1,11,1,0,-inf,1,21.11,1,26.11,3,10
4,0,5,0,1,25.95,1,38.27,1,21.85,4,5
6,0,4,0,1,23.10,1,35.85,1,27.00,6,4
2,0,3,0,1,42.17,1,53.42,1,16.90,2,3
5,0,7,0,1,16.71,1,28.66,1,26.60,5,7
7,1,7,0,0,-inf,1,19.94,1,29.18,6,7
4,1,5,0,0,25.61,1,38.27,1,21.68,3,5
1,0,8,0,1,28.75,1,37.91,0,-85.94,1,8
3,0,7,1,0,21.22,1,34.53,1,21.91,3,6
5,1,6,0,0,18.69,1,32.08,1,26.62,4,6
9,0,5,0,1,11.82,1,23.15,1,27.80,9,5
1,1,5,0,0,38.45,1,49.06,0,-86.21,0,5
7,1,5,1,0,11.86,1,26.49,1,24.40,6,4
6,0,1,0,1,33.82,1,45.02,0,-86.56,6,1
2,0,7,1,0,26.72,1,38.14,1,21.23,2,6
5,1,2,1,0,34.10,1,45.88,0,21.49,4,1
10,0,4,0,1,14.79,1,22.05,1,24.62,10,4
4,1,5,0,0,24.78,1,37.73,1,22.24,3,5
2,0,4,0,1,38.07,1,49.58,1,20.50,2,4
5,0,5,0,1,21.37,1,34.25,1,24.63,5,5
3,0,7,0,1,24.50,1,36.08,1,25.64,3,7
4,0,3,0,1,33.97,1,46.01,1,21.28,4,3
7,1,9,0,0,3.17,1,12.14,1,26.05,6,9
7,0,2,0,1,25.88,1,37.72,1,19.86,7,2
11,0,4,0,1,16.16,1,22.26,1,28.44,11,4
1,0,6,2,0,32.31,0,44.72,0,-86.59,1,4
6,0,2,0,1,29.66,1,41.65,1,21.01,6,2
5,0,3,0,1,29.29,1,41.90,1,20.99,5,3
4,1,8,2,0,-inf,1,29.23,1,30.83,3,6
5,1,11,1,0,-inf,1,17.12,1,27.21,4,10
2,0,7,0,1,26.65,1,37.78,1,19.81,2,7
6,0,3,1,0,27.31,1,39.61,1,25.62,6,2
4,0,4,1,0,29.48,1,42.08,1,24.65,4,3
4,1,6,1,0,21.26,1,34.48,1,23.42,3,5
4,0,5,0,1,28.03,1,40.05,1,26.04,4,5
8,0,4,0,1,19.00,1,29.28,1,26.48,8,4
1,0,8,0,1,30.94,1,40.79,0,-81.89,1,8
6,0,3,0,1,26.19,1,38.41,1,19.69,6,3
8,1,4,1,0,-inf,1,26.70,1,23.14,7,3
9,1,6,2,0,-inf,0,15.76,1,24.13,8,4
3,0,2,0,1,42.35,1,53.52,1,17.96,3,2
3,0,5,0,1,31.53,1,43.66,1,24.97,3,5
2,0,6,0,1,33.73,1,45.33,1,28.40,2,6
6,1,5,0,0,16.26,1,30.08,1,21.94,5,5
6,0,7,1,0,9.02,1,22.24,1,25.06,6,6
5,0,3,0,1,29.81,1,42.03,1,21.36,5,3
4,0,6,1,0,20.48,1,34.08,1,22.57,4,5
4,0,2,1,0,38.42,1,49.89,0,19.88,4,1
2,0,6,0,1,34.32,1,45.28,1,27.03,2,6
5,0,3,0,1,29.82,1,42.18,1,22.04,5,3
2,0,4,0,1,40.56,1,51.27,1,22.33,2,4
3,0,5,0,1,29.63,1,41.98,1,23.07,3,5
5,0,5,1,0,24.17,1,36.11,1,25.54,5,4
3,1,6,2,0,25.92,0,38.30,1,20.81,2,4
4,1,6,0,1,21.35,1,34.38,1,23.30,3,6
2,0,5,0,1,34.17,1,46.00,1,21.47,2,5
3,1,8,0,0,20.33,1,31.58,1,22.87,2,8
7,0,3,0,1,22.12,1,34.58,1,23.54,7,3
4,0,3,0,1,34.12,1,46.18,1,20.12,4,3
3,1,5,0,0,30.02,1,42.09,1,23.42,2,5
7,0,3,0,1,22.47,1,34.38,1,25.22,7,3
8,0,5,1,0,12.92,1,23.38,1,25.29,8,4
5,1,5,0,0,21.63,1,34.35,1,23.22,4,5
8,0,4,0,1,15.64,1,27.10,1,24.15,8,4
5,0,6,2,0,16.10,0,30.40,1,23.83,5,4
4,0,1,1,0,42.12,1,52.80,0,-87.94,4,0
6,1,5,0,0,17.31,1,29.86,1,23.64,5,5
6,1,3,0,0,27.40,1,38.99,1,23.42,5,3
10,0,3,0,1,19.09,1,25.94,1,24.53,10,3
9,0,5,0,1,9.60,1,21.41,1,26.43,9,5
3,0,7,0,1,20.69,1,33.87,1,22.58,3,7
7,0,3,0,1,21.61,1,34.14,1,23.36,7,3
7,0,4,0,1,16.18,1,30.70,1,23.36,7,4
2,0,3,0,1,42.63,1,53.71,1,18.61,2,3
4,0,9,0,1,15.14,1,24.37,1,24.19,4,9
5,0,4,0,1,27.81,1,39.93,1,25.22,5,4
3,0,4,0,1,33.86,1,46.02,1,22.11,3,4
7,1,5,0,1,13.43,1,26.35,1,24.48,6,5
3,0,6,1,1,24.16,1,37.64,1,21.63,3,5
5,1,3,0,0,29.26,1,41.97,1,20.83,4,3
4,0,9,1,0,-inf,1,23.38,1,24.51,4,8
9,0,6,0,1,5.64,1,15.77,1,26.06,9,6
4,0,2,0,1,37.97,1,49.63,1,19.32,4,2
8,1,4,0,0,14.88,1,28.44,1,26.97,7,4
3,0,5,1,0,29.53,1,41.97,1,22.09,3,4
5,0,3,0,1,29.30,1,41.82,1,22.47,5,3
4,1,2,0,0,38.15,1,49.72,1,15.02,3,2
3,0,11,1,0,-inf,1,24.97,1,25.20,3,10
3,1,6,1,0,28.04,1,40.01,1,23.28,2,5
0,0,5,2,0,42.56,0,49.04,0,-88.62,0,3
5,0,3,0,1,28.95,1,41.74,1,19.73,5,3
9,0,4,0,1,14.86,1,24.89,1,27.20,9,4
2,0,5,0,1,33.89,1,45.84,1,20.75,2,5
4,1,2,0,0,38.21,1,49.75,1,16.00,3,2
4,0,2,1,0,38.41,1,49.87,0,19.68,4,1
2,0,5,0,1,36.21,1,47.44,1,24.63,2,5
5,1,2,1,0,34.39,1,45.90,0,19.26,4,1
10,2,3,0,0,-inf,0,24.94,1,23.90,8,3
6,0,7,0,1,9.15,1,21.76,1,23.64,6,7
7,1,6,0,0,10.52,1,22.75,1,25.41,6,6
5,1,4,0,0,25.46,1,38.14,1,22.95,4,4
3,0,3,0,1,38.15,1,49.88,1,20.87,3,3
4,0,5,0,1,25.23,1,38.10,1,22.74,4,5
2,0,4,0,1,38.41,1,49.95,1,16.83,2,4
6,0,6,1,1,13.21,1,26.46,1,25.30,6,5
3,0,5,0,1,29.68,1,42.10,1,20.80,3,5
8,0,8,0,1,3.58,1,12.90,1,25.90,8,8
6,0,3,2,0,25.93,0,38.22,0,20.48,6,1
3,0,3,0,1,38.45,1,49.97,1,18.29,3,3
7,0,6,1,0,13.45,1,25.61,1,31.16,7,5
2,0,5,0,1,34.07,1,45.59,1,20.60,2,5
5,0,6,0,1,18.02,1,30.60,1,23.91,5,6
8,0,6,2,0,6.78,0,18.93,1,25.28,8,4
7,0,6,0,1,8.39,1,22.30,1,24.62,7,6
10,2,8,1,0,-inf,1,7.36,1,28.20,8,7
6,0,6,3,0,14.77,0,26.78,1,23.36,6,3
8,2,4,0,0,-inf,0,28.10,1,26.01,6,4
5,0,9,0,1,10.50,1,20.82,1,25.94,5,9
6,0,6,0,1,12.50,1,26.07,1,25.71,6,6
4,2,5,0,0,25.53,0,38.23,1,21.87,2,5
2,0,10,0,1,23.27,1,30.22,1,23.10,2,10
6,2,4,0,0,21.13,0,34.42,1,21.23,4,4
4,0,7,0,1,17.18,1,29.77,1,24.70,4,7
4,0,6,1,0,21.01,1,34.05,1,22.18,4,5
4,0,4,1,0,29.54,1,42.20,1,21.15,4,3
9,2,6,1,0,-inf,0,15.01,1,26.24,7,5
8,1,3,0,0,-inf,1,28.86,1,23.58,7,3
7,0,2,0,1,27.08,1,38.08,1,20.35,7,2
4,0,6,0,1,22.36,1,34.57,1,22.08,4,6
7,1,9,1,0,-inf,1,12.43,1,28.27,6,8
6,0,3,0,1,26.07,1,38.42,1,21.41,6,3
4,0,6,1,0,21.09,1,34.15,1,21.75,4,5
5,0,2,0,1,33.50,1,45.81,1,20.44,5,2
7,0,3,0,1,21.89,1,34.17,1,22.92,7,3
8,0,5,0,1,13.65,1,25.82,1,27.70,8,5
7,0,0,0,1,34.32,1,41.47,0,-86.05,7,0
2,0,5,0,1,34.62,1,46.12,1,18.62,2,5
2,0,2,1,0,47.28,1,57.60,0,13.33,2,1
3,0,3,0,1,37.94,1,49.78,1,21.69,3,3
8,0,7,0,1,7.63,1,18.56,1,29.92,8,7
4,0,4,0,1,29.93,1,42.38,1,22.40,4,4
8,1,2,0,0,-inf,1,33.21,1,21.30,7,2
3,1,7,0,0,22.78,1,35.81,1,24.86,2,7
2,0,6,0,1,32.45,1,43.24,1,24.27,2,6
4,0,7,1,0,15.89,1,29.96,1,22.65,4,6
5,1,3,0,0,30.41,1,42.32,1,20.70,4,3
3,0,6,1,0,24.67,1,38.14,1,22.37,3,5
7,1,3,0,0,22.99,1,35.04,1,24.63,6,3
1,0,2,0,1,51.20,1,60.70,0,-90.62,1,2
8,0,7,0,1,5.17,1,16.75,1,29.04,8,7
5,1,3,0,0,31.99,1,43.85,1,25.99,4,3
2,2,10,1,0,-inf,0,30.63,0,19.81,0,9
6,1,2,0,0,29.79,1,41.93,1,21.57,5,2
4,1,3,0,0,34.00,1,46.00,1,20.28,3,3
6,0,5,0,1,17.10,1,30.39,1,22.67,6,5
12,1,3,0,0,-inf,1,24.81,1,23.41,11,3
4,1,5,0,0,24.54,1,37.72,1,20.90,3,5
8,1,3,0,0,-inf,1,29.51,1,23.11,7,3
8,0,6,1,0,9.08,1,21.03,1,28.33,8,5
3,1,5,0,0,29.79,1,42.21,1,21.48,2,5
4,1,12,0,0,16.78,1,23.46,1,31.15,3,12
3,0,7,0,1,21.28,1,33.98,1,22.74,3,7
4,0,6,0,1,23.47,1,35.48,1,27.57,4,6
1,0,6,1,0,33.91,1,45.07,0,-87.55,1,5
8,0,9,0,1,1.00,1,10.30,1,29.97,8,9
3,0,1,0,1,46.73,1,56.94,0,-89.05,3,1
8,2,3,0,0,-inf,0,28.66,1,23.40,6,3
6,1,8,0,0,6.29,1,19.15,1,25.64,5,8
5,1,7,0,1,14.03,1,27.61,1,28.04,4,7
4,0,5,0,1,25.12,1,38.25,1,22.89,4,5
7,0,4,1,1,18.13,1,30.24,1,22.77,7,3
8,1,6,1,0,-inf,1,19.14,1,25.42,7,5
2,0,5,0,1,36.25,1,47.45,1,23.97,2,5
2,0,6,1,0,27.92,1,41.68,1,19.42,2,5
5,0,3,0,1,29.06,1,41.90,1,21.14,5,3
10,0,2,0,1,23.46,1,29.70,1,22.38,10,2
1,0,7,0,1,31.30,1,41.25,0,-85.87,1,7
5,0,2,0,1,36.41,1,45.62,1,26.03,5,2
3,1,9,2,0,-inf,0,26.11,1,22.83,2,7
5,2,2,1,0,33.88,0,45.76,0,16.15,3,1
8,0,4,0,1,14.85,1,26.40,1,24.43,8,4
4,0,8,0,1,15.80,1,28.09,1,25.71,4,8
3,0,6,0,1,28.21,1,39.83,1,23.81,3,6
7,1,3,1,0,-inf,1,34.10,1,23.82,6,2
4,0,4,1,0,29.81,1,42.18,1,22.17,4,3
3,1,6,0,0,25.59,1,38.04,1,22.06,2,6
4,0,4,0,1,29.40,1,42.04,1,20.71,4,4
2,0,4,0,1,38.57,1,50.04,1,18.97,2,4
4,0,2,0,1,38.23,1,49.78,1,19.01,4,2
3,1,5,1,0,30.45,1,42.47,1,22.57,2,4
4,0,2,0,1,38.25,1,49.82,1,16.22,4,2
7,1,7,0,0,6.17,1,17.95,1,26.00,6,7
5,1,6,0,0,17.87,1,30.68,1,24.52,4,6
4,0,3,0,1,34.51,1,46.36,1,22.55,4,3
7,0,9,3,0,-inf,0,10.55,1,26.32,7,6
2,1,5,0,0,34.22,1,45.92,0,17.91,1,5
3,0,4,1,0,34.06,1,46.06,1,20.74,3,3
4,0,2,1,0,38.39,1,49.79,0,20.90,4,1
4,0,4,1,0,29.45,1,42.06,1,21.47,4,3
5,1,5,0,1,23.03,1,35.65,1,25.23,4,5
3,0,2,0,1,42.87,1,53.84,1,19.39,3,2
5,0,2,1,0,34.03,1,45.80,0,21.71,5,1
7,0,5,1,0,13.64,1,28.03,1,28.43,7,4
6,0,6,0,1,14.44,1,27.62,1,28.33,6,6
4,0,5,0,1,25.55,1,38.30,1,22.57,4,5
2,0,5,0,1,34.23,1,45.92,1,20.33,2,5
5,0,2,0,1,33.34,1,45.64,1,20.72,5,2
4,1,3,0,0,34.09,1,46.17,1,21.03,3,3
3,0,5,0,1,29.71,1,42.04,1,20.95,3,5
4,0,6,0,1,21.22,1,34.34,1,22.59,4,6
6,0,4,0,1,21.77,1,34.29,1,24.40,6,4
5,0,2,1,0,34.65,1,45.90,0,19.94,5,1
3,0,6,1,0,26.25,1,38.15,1,22.76,3,5
4,0,8,0,1,18.42,1,28.49,1,28.65,4,8
6,0,8,0,1,9.30,1,21.32,1,25.97,6,8
7,0,4,0,1,17.50,1,30.19,1,23.69,7,4
4,0,8,2,0,-inf,0,25.18,1,23.41,4,6
6,0,4,1,0,23.03,1,35.01,1,23.13,6,3
5,0,8,1,0,11.08,1,22.33,1,23.30,5,7
4,2,3,0,0,33.85,0,46.03,1,22.03,2,3
3,0,7,0,1,22.18,1,33.88,1,22.23,3,7
3,1,4,0,0,36.33,1,47.59,1,22.76,2,4
1,0,1,0,1,55.39,1,64.00,0,-198.00,1,1
2,1,4,1,0,38.58,1,49.92,0,12.92,1,3
7,0,4,0,1,17.28,1,29.85,1,22.50,7,4
9,2,5,0,0,-inf,0,18.69,1,26.75,7,5
4,1,8,1,0,15.94,1,28.08,1,26.91,3,7
7,0,7,0,1,8.39,1,20.14,1,28.04,7,7
6,1,7,0,0,7.98,1,22.38,1,23.22,5,7
2,0,4,2,0,37.94,0,49.62,1,16.28,2,2
1,0,8,1,0,-inf,1,37.29,0,-85.63,1,7
8,0,2,0,1,26.18,1,35.85,1,20.46,8,2
5,1,4,0,0,25.85,1,38.44,1,22.15,4,4
4,1,0,0,0,46.50,1,52.79,0,-88.35,3,0
3,0,5,0,1,29.76,1,42.10,1,20.30,3,5
3,0,6,2,0,26.19,0,38.27,1,22.73,3,4
5,1,6,0,0,17.04,1,30.45,1,25.44,4,6
9,1,9,0,0,-inf,1,3.91,1,27.19,8,9
2,0,8,0,1,23.41,1,33.43,1,20.22,2,8
5,0,8,1,0,-inf,1,22.46,1,25.61,5,7
7,0,3,0,1,24.15,1,36.06,1,25.61,7,3
3,1,4,0,0,33.91,1,46.05,1,18.70,2,4
4,0,3,0,1,33.90,1,45.96,1,20.52,4,3
2,0,1,0,1,51.30,1,60.74,0,-91.89,2,1
4,0,5,0,1,25.71,1,38.48,1,24.19,4,5
2,0,4,0,1,38.47,1,49.85,1,20.24,2,4
3,0,5,3,0,29.26,0,41.67,1,22.73,3,2
7,0,8,0,1,4.32,1,15.76,1,26.75,7,8
2,0,4,1,1,38.50,1,49.84,1,17.76,2,3
5,1,3,0,0,29.79,1,42.16,1,22.59,4,3
5,0,6,1,0,14.40,1,29.78,1,22.52,5,5
5,1,4,0,0,25.61,1,38.29,1,23.52,4,4
7,0,7,0,1,9.17,1,22.38,1,29.66,7,7
0,0,5,1,0,42.71,1,49.09,0,-88.06,0,4
5,0,1,0,1,38.49,1,49.39,0,-87.27,5,1
5,0,6,1,0,16.86,1,30.52,1,25.29,5,5
6,0,3,0,1,25.17,1,38.24,1,21.81,6,3
11,1,4,0,0,-inf,1,20.94,1,25.63,10,4
6,0,5,0,1,16.99,1,30.73,1,24.43,6,5
5,0,4,0,1,25.70,1,38.39,1,22.72,5,4
2,0,6,0,1,31.86,1,43.34,1,23.24,2,6
5,0,7,0,1,17.98,1,31.51,1,31.52,5,7
9,2,8,2,0,-inf,0,7.17,1,26.34,7,6
3,1,6,0,0,25.11,1,37.94,1,22.25,2,6
4,2,4,0,0,29.81,1,42.30,1,21.88,2,4
2,0,5,0,1,34.18,1,45.93,1,18.62,2,5
5,0,3,1,0,30.23,1,42.33,1,20.45,5,2
0,0,6,1,0,38.70,1,45.27,0,-86.63,0,5
6,0,2,0,1,29.77,1,41.71,1,19.62,6,2
7,0,10,0,1,1.58,1,9.01,1,25.57,7,10
3,0,6,0,1,28.58,1,40.14,1,26.42,3,6
4,0,3,0,1,33.76,1,45.87,1,21.16,4,3
5,0,7,0,1,11.20,1,26.47,1,24.33,5,7
2,0,4,1,0,38.39,1,49.73,1,19.47,2,3
7,0,6,0,1,10.66,1,22.97,1,23.62,7,6
6,1,6,0,0,10.98,1,25.95,1,23.80,5,6
4,0,4,0,1,30.21,1,42.31,1,20.75,4,4
5,0,4,0,1,24.62,1,38.03,1,21.09,5,4
7,0,9,0,1,4.46,1,15.53,1,32.37,7,9
4,0,8,1,0,-inf,1,26.71,1,24.07,4,7
3,0,6,0,1,26.31,1,38.61,1,20.23,3,6
3,0,6,0,1,25.50,1,37.90,1,23.26,3,6
4,0,5,0,1,27.16,1,39.89,1,26.13,4,5
1,0,8,0,1,27.64,1,36.75,0,-86.09,1,8
7,0,6,0,1,10.37,1,22.74,1,24.62,7,6
3,0,3,0,1,38.39,1,49.97,1,21.58,3,3
9,0,4,1,1,15.94,1,25.81,1,25.54,9,3
5,0,7,0,1,13.89,1,26.79,1,23.95,5,7
0,0,7,1,0,33.00,1,41.06,0,-86.87,0,6
5,1,6,0,0,17.95,1,31.86,1,26.29,4,6
4,0,5,0,1,25.84,1,38.27,1,22.74,4,5
6,1,5,1,0,15.98,1,29.97,1,23.68,5,4
7,0,1,0,1,31.75,1,41.80,0,-85.24,7,1
8,0,2,0,1,25.41,1,35.67,1,23.00,8,2
4,1,2,0,0,38.64,1,50.05,1,16.99,3,2
4,0,3,0,1,35.44,1,47.16,1,21.08,4,3
4,0,2,0,1,38.80,1,49.90,1,20.06,4,2
2,0,5,0,1,34.09,1,45.93,1,22.89,2,5
4,0,3,0,1,33.92,1,46.11,1,20.66,4,3
5,0,2,0,1,33.28,1,45.23,1,19.87,5,2
5,0,5,0,1,25.78,1,37.55,1,31.55,5,5
3,0,5,0,1,29.83,1,42.54,1,22.28,3,5
5,1,5,0,0,22.47,1,34.60,1,21.72,4,5
6,2,6,0,0,12.15,0,26.09,1,24.32,4,6
5,0,6,3,0,19.66,0,32.12,1,26.66,5,3
5,0,11,1,0,-inf,1,17.37,1,26.97,5,10
4,0,5,1,0,25.65,1,38.20,1,22.57,4,4
5,0,5,1,0,20.91,1,34.08,1,22.34,5,4
6,0,4,0,1,21.97,1,34.54,1,23.34,6,4
7,0,6,0,1,8.49,1,22.55,1,25.77,7,6
10,0,2,0,1,23.55,1,30.33,1,24.19,10,2
0,0,1,0,1,59.77,1,64.00,0,-198.00,0,1
5,0,3,0,1,30.63,1,42.36,1,19.16,5,3
6,0,5,2,0,16.78,0,30.60,1,23.73,6,3
5,0,4,0,1,25.89,1,38.62,1,23.00,5,4
6,0,4,0,1,20.96,1,34.23,1,23.92,6,4
5,1,7,0,0,15.29,1,27.12,1,24.95,4,7
7,0,5,0,1,13.33,1,25.70,1,23.79,7,5
9,3,1,0,0,-inf,0,33.00,0,-85.34,6,1
10,0,2,0,1,23.35,1,29.58,1,21.84,10,2
5,1,13,1,0,-inf,1,17.16,1,25.36,4,12
3,0,4,0,1,33.81,1,45.99,1,19.58,3,4
3,1,7,0,0,22.56,1,34.19,1,22.44,2,7
1,0,3,0,1,47.02,1,57.04,0,-88.54,1,3
8,0,10,2,0,-inf,0,6.69,1,28.13,8,8
5,0,2,0,1,35.91,1,47.35,1,21.52,5,2
8,0,8,2,0,-inf,0,13.57,1,28.72,8,6
5,0,3,1,0,30.31,1,42.29,1,21.97,5,2
8,0,5,0,1,11.15,1,23.06,1,25.03,8,5
5,1,4,0,0,25.53,1,37.95,1,22.92,4,4
10,2,4,1,0,-inf,0,-inf,1,29.51,8,3
6,0,3,0,1,27.75,1,39.61,1,24.30,6,3
1,0,7,1,0,28.79,1,40.77,0,-85.57,1,6
6,0,4,0,1,20.86,1,34.26,1,23.04,6,4
4,0,7,0,1,17.72,1,31.13,1,25.22,4,7
3,0,6,0,1,25.93,1,38.22,1,20.93,3,6
2,0,8,0,1,23.43,1,33.82,1,21.77,2,8
1,0,3,0,1,46.77,1,56.98,0,-87.76,1,3
2,0,3,0,1,42.44,1,53.62,1,18.50,2,3
1,0,1,0,1,55.34,1,64.00,0,-198.00,1,1
4,1,2,0,0,38.64,1,49.89,1,17.54,3,2
8,4,5,1,0,-inf,0,21.49,1,23.85,4,4
5,0,2,0,1,34.38,1,45.87,1,20.55,5,2
1,0,5,0,1,40.48,1,50.81,0,-83.27,1,5
5,1,9,1,0,-inf,1,18.17,1,24.46,4,8
4,0,10,1,0,-inf,1,22.82,1,29.26,4,9
4,1,4,2,0,30.05,0,42.30,1,21.46,3,2
7,0,5,1,0,13.95,1,26.39,1,24.27,7,4
2,0,11,0,1,23.55,1,28.72,1,22.23,2,11
6,0,2,1,0,32.00,1,43.58,0,21.60,6,1
5,0,11,0,1,10.51,1,17.12,1,25.58,5,11
2,0,3,0,1,43.00,1,53.84,1,14.84,2,3
2,0,5,0,1,33.54,1,45.67,1,20.88,2,5
4,1,6,0,0,21.00,1,34.59,1,23.79,3,6
8,0,3,0,1,22.28,1,31.27,1,24.90,8,3
3,0,6,0,1,25.07,1,38.14,1,22.61,3,6
6,0,2,0,1,29.76,1,41.81,1,20.48,6,2
1,0,1,0,1,55.38,1,64.00,0,-198.00,1,1
7,0,7,0,1,5.32,1,18.67,1,25.50,7,7
5,1,6,2,0,17.17,0,30.37,1,23.89,4,4
3,0,4,0,1,34.00,1,46.12,1,22.21,3,4
6,0,6,1,0,15.89,1,28.58,1,28.13,6,5
8,1,5,0,0,10.70,1,23.67,1,25.39,7,5
10,0,2,0,1,23.27,1,29.61,1,22.61,10,2
6,0,3,0,1,24.68,1,37.81,1,23.42,6,3
10,0,7,0,1,3.58,1,10.57,1,28.25,10,7
6,1,6,1,0,13.78,1,26.80,1,24.95,5,5
3,0,3,0,1,38.17,1,49.83,1,17.98,3,3
2,0,5,0,1,34.30,1,45.93,1,20.44,2,5
3,1,7,1,0,-inf,1,33.11,1,22.27,2,6
4,0,5,0,1,26.01,1,38.45,1,21.94,4,5
5,1,3,0,0,30.13,1,42.35,1,21.13,4,3
5,0,6,0,1,19.09,1,32.05,1,26.96,5,6
6,0,2,0,1,29.66,1,41.73,1,21.25,6,2
3,0,5,0,1,29.63,1,42.13,1,22.29,3,5
2,0,7,0,1,27.09,1,38.36,1,20.11,2,7
1,1,6,0,0,34.31,1,45.08,0,-86.42,0,6
2,0,6,0,1,29.01,1,41.08,1,19.48,2,6
7,1,8,0,0,-inf,1,13.51,1,26.77,6,8
5,0,2,0,1,35.68,1,47.37,1,23.25,5,2
2,1,5,0,0,34.25,1,46.11,0,20.57,1,5
5,2,6,0,0,17.79,1,30.91,1,23.29,3,6
4,0,5,2,0,25.18,1,38.12,1,21.64,4,3
6,1,7,0,0,14.21,1,26.16,1,29.16,5,7
4,0,4,0,1,32.04,1,43.72,1,27.56,4,4
3,0,2,0,1,42.78,1,53.73,1,19.69,3,2
7,0,3,0,1,23.25,1,34.43,1,20.09,7,3
2,0,4,0,1,38.33,1,49.77,1,17.82,2,4
0,0,5,0,1,42.78,1,49.30,0,-87.89,0,5
2,0,8,1,0,-inf,1,32.71,1,20.17,2,7
3,0,4,0,1,34.01,1,46.06,1,25.28,3,4
6,1,7,0,0,11.27,1,22.86,1,24.80,5,7
2,0,9,1,0,-inf,1,33.71,1,23.01,2,8
1,0,3,0,1,46.92,1,57.04,0,-87.69,1,3
5,1,1,0,0,38.35,1,49.26,0,-88.06,4,1
6,1,2,0,1,30.29,1,42.36,1,19.38,5,2
7,0,4,1,0,17.05,1,30.43,1,23.61,7,3
3,0,4,0,1,34.31,1,46.25,1,19.33,3,4
6,0,3,0,1,27.71,1,39.82,1,27.21,6,3
10,0,10,2,0,-inf,0,-inf,1,27.92,10,8
8,1,6,0,0,7.98,1,20.44,1,27.51,7,6
0,0,6,1,0,38.17,1,45.01,0,-86.53,0,5
3,1,3,0,0,38.34,1,49.96,1,19.78,2,3
2,0,7,0,1,28.04,1,38.63,1,20.44,2,7
6,2,8,0,0,9.18,0,21.04,1,29.86,4,8
3,0,2,0,1,42.61,1,53.68,1,17.93,3,2
2,1,1,0,0,51.20,1,60.73,0,-92.68,1,1
5,0,5,0,1,20.74,1,33.88,1,23.88,5,5
6,1,6,0,0,13.49,1,27.85,1,28.75,5,6
7,0,11,0,1,6.98,1,12.47,1,30.75,7,11
5,0,4,0,1,25.50,1,38.24,1,21.75,5,4
6,0,6,0,1,12.51,1,26.08,1,24.83,6,6
4,0,6,0,1,24.62,1,36.16,1,27.51,4,6
4,0,3,1,0,33.88,1,46.13,1,20.20,4,2
5,0,3,0,1,32.37,1,43.92,1,22.35,5,3
4,2,5,1,0,25.80,0,38.14,1,22.10,2,4
7,0,5,1,0,12.64,1,26.22,1,24.60,7,4
1,0,3,0,1,46.85,1,57.00,0,-90.27,1,3
6,0,3,0,1,27.40,1,38.97,1,27.21,6,3
11,1,2,0,0,-inf,1,28.61,1,22.85,10,2
3,0,7,0,1,24.29,1,36.08,1,25.86,3,7
6,0,4,0,1,20.14,1,33.76,1,21.79,6,4
4,0,5,1,0,24.99,1,38.21,1,22.61,4,4
9,1,7,0,0,-inf,1,14.12,1,26.07,8,7
3,1,9,0,0,19.40,1,27.42,1,22.41,2,9
5,0,5,0,1,20.71,1,34.02,1,23.91,5,5
6,0,5,1,0,19.06,1,31.97,1,28.00,6,4
12,1,5,0,0,-inf,1,17.13,1,27.14,11,5
3,0,6,0,1,24.91,1,37.76,1,23.11,3,6
3,0,4,0,1,34.08,1,46.06,1,20.81,3,4
4,0,2,0,1,38.37,1,49.69,1,17.65,4,2
3,0,3,0,1,38.24,1,49.94,1,19.95,3,3
5,2,7,1,0,14.42,0,27.29,1,23.36,3,6
5,2,4,1,0,25.42,0,38.21,1,21.08,3,3
3,1,5,0,0,30.05,1,42.28,1,22.56,2,5
5,1,6,1,0,16.80,1,30.30,1,22.15,4,5
10,0,6,0,1,4.32,1,16.60,1,28.59,10,6
4,0,3,0,1,34.56,1,46.36,1,20.50,4,3
4,0,8,0,1,14.82,1,27.01,1,25.33,4,8
6,1,12,0,0,6.39,1,13.05,1,27.07,5,12
5,0,2,0,1,34.61,1,46.07,1,20.46,5,2
5,0,3,1,0,29.43,1,42.09,1,19.68,5,2
7,3,6,0,0,11.83,0,24.48,1,28.33,4,6
5,0,1,0,1,38.59,1,49.32,0,-86.76,5,1
8,1,2,0,0,-inf,1,33.79,1,22.10,7,2
3,0,2,0,1,42.74,1,53.69,1,16.74,3,2
5,0,7,1,0,12.90,1,26.03,1,25.15,5,6
7,2,1,0,0,29.75,0,41.10,0,-86.71,5,1
2,0,7,0,1,24.41,1,37.72,1,22.99,2,7
9,2,3,0,0,-inf,0,24.91,1,25.11,7,3
3,0,4,0,1,33.91,1,45.97,1,22.20,3,4
3,0,3,1,0,38.31,1,49.90,1,17.89,3,2
5,1,5,0,0,20.99,1,34.10,1,23.73,4,5
5,0,5,1,0,19.64,1,34.12,1,23.06,5,4
4,0,3,0,1,34.47,1,46.35,1,20.32,4,3
4,1,7,0,0,19.71,1,31.29,1,24.09,3,7
4,0,3,1,0,34.22,1,46.13,1,20.03,4,2
2,1,3,0,0,42.78,1,53.76,0,17.55,1,3
6,0,4,1,0,20.03,1,34.23,1,23.55,6,3
3,1,5,0,0,29.52,1,41.96,1,21.33,2,5
8,0,10,0,1,1.00,1,5.75,1,27.37,8,10
6,0,4,0,1,21.06,1,34.23,1,23.82,6,4
5,0,6,1,0,17.28,1,30.16,1,24.04,5,5
5,0,1,0,1,38.80,1,49.34,0,-88.12,5,1
3,0,3,1,0,38.39,1,49.98,1,20.94,3,2
5,0,4,0,1,27.95,1,39.68,1,25.73,5,4
6,0,3,0,1,27.73,1,39.83,1,24.96,6,3
1,0,4,1,1,42.48,1,53.01,0,-87.42,1,3
4,0,5,0,1,27.50,1,39.65,1,25.08,4,5
5,2,3,0,0,29.54,1,42.19,1,20.18,3,3
8,0,4,0,1,16.18,1,26.77,1,25.19,8,4
8,0,6,0,1,6.78,1,19.15,1,24.96,8,6
5,0,5,1,0,20.49,1,34.14,1,22.64,5,4
9,0,6,0,1,6.75,1,15.92,1,27.82,9,6
8,1,8,1,0,-inf,1,9.58,1,26.23,7,7
3,1,3,0,0,38.15,1,49.86,1,17.20,2,3
3,0,5,0,1,29.56,1,42.12,1,21.55,3,5
6,0,4,1,0,21.07,1,34.35,1,21.11,6,3
10,0,3,0,1,19.23,1,26.51,1,23.70,10,3
7,1,5,0,0,12.47,1,26.54,1,25.57,6,5
3,0,4,1,0,36.18,1,47.59,1,23.93,3,3
5,0,7,2,0,-inf,0,26.29,1,24.17,5,5
6,1,4,1,0,22.19,1,34.70,1,24.02,5,3
3,0,6,0,1,28.18,1,39.88,1,24.10,3,6
5,0,4,0,1,25.18,1,38.17,1,22.93,5,4
2,0,3,0,1,42.21,1,53.35,1,20.24,2,3
6,0,3,0,1,24.48,1,38.05,1,22.92,6,3
1,0,3,0,1,47.12,1,57.05,0,-88.50,1,3
3,0,6,1,0,26.61,1,39.58,1,25.14,3,5
7,3,14,1,0,-inf,0,10.62,1,31.23,4,13
10,1,5,1,0,-inf,1,17.20,1,25.69,9,4
1,0,6,0,1,34.80,1,45.46,0,-85.29,1,6
2,0,4,1,0,38.37,1,49.84,1,18.85,2,3
3,0,5,0,1,30.47,1,42.25,1,21.61,3,5
6,0,6,0,1,13.56,1,26.71,1,25.35,6,6
6,1,4,0,0,20.06,1,34.27,1,21.62,5,4
4,0,5,0,1,25.74,1,38.36,1,23.57,4,5
3,0,3,0,1,38.35,1,49.89,1,20.23,3,3
6,1,4,0,0,24.74,1,36.66,1,25.96,5,4
3,2,6,1,0,26.27,0,38.49,0,20.98,1,5
4,1,5,2,0,24.88,0,38.17,1,20.48,3,3
6,0,5,0,1,17.04,1,30.16,1,22.15,6,5
4,0,4,0,1,34.11,1,45.06,1,28.25,4,4
9,0,3,0,1,19.19,1,27.93,1,23.23,9,3
7,0,5,0,1,14.65,1,26.75,1,24.21,7,5
6,0,7,1,0,7.75,1,22.05,1,25.00,6,6
4,0,2,0,1,38.38,1,49.90,1,17.74,4,2
4,0,6,0,1,21.44,1,34.33,1,22.48,4,6
2,1,9,0,0,23.51,1,33.19,0,23.74,1,9
2,0,0,0,1,55.45,1,60.69,0,-91.57,2,0
7,0,4,0,1,17.27,1,30.59,1,23.62,7,4
7,0,5,0,1,11.54,1,26.73,1,26.03,7,5
5,0,4,0,1,25.77,1,38.34,1,22.11,5,4
7,0,6,0,1,12.58,1,24.59,1,28.24,7,6
8,1,2,0,0,-inf,1,34.33,1,21.78,7,2
5,1,4,0,1,25.22,1,38.14,1,22.30,4,4
4,0,10,0,1,15.02,1,22.19,1,25.28,4,10
4,0,5,0,1,24.80,1,38.08,1,22.48,4,5
2,0,8,0,1,25.90,1,35.39,1,18.48,2,8
7,1,1,0,1,30.33,1,41.39,0,-86.62,6,1
10,0,5,0,1,12.68,1,21.16,1,31.54,10,5
3,0,6,0,1,25.20,1,38.30,1,23.03,3,6
8,0,7,0,1,5.49,1,16.72,1,29.19,8,7
7,1,4,0,0,-inf,1,29.28,1,22.62,6,4
9,0,5,0,1,11.39,1,21.90,1,27.02,9,5
2,0,5,0,1,33.71,1,45.50,1,17.92,2,5
6,1,4,0,0,23.15,1,35.58,1,27.96,5,4
10,0,2,0,1,23.54,1,30.32,1,23.60,10,2
3,0,7,1,0,-inf,1,33.56,1,22.02,3,6
6,0,6,0,1,12.59,1,26.41,1,24.99,6,6
6,1,3,0,0,26.32,1,38.76,1,21.42,5,3
5,0,2,0,1,34.16,1,46.07,1,20.83,5,2
5,0,5,0,1,20.84,1,34.45,1,24.75,5,5
6,1,8,2,0,-inf,0,18.13,1,23.69,5,6
2,0,4,0,1,38.45,1,49.89,1,19.34,2,4
3,1,7,0,0,20.25,1,33.84,1,22.57,2,7
2,1,3,0,0,42.50,1,53.57,0,15.26,1,3
7,0,8,0,1,4.58,1,15.53,1,26.45,7,8
9,0,3,0,1,19.23,1,27.33,1,21.99,9,3
4,2,4,0,0,29.50,0,42.16,1,20.81,2,4
8,0,11,1,0,-inf,1,5.55,1,27.38,8,10
4,0,2,0,1,38.38,1,49.74,1,18.26,4,2
8,1,2,0,0,24.57,1,34.94,1,21.53,7,2
4,0,2,0,1,38.26,1,49.76,1,19.53,4,2
2,0,5,0,1,34.44,1,46.05,1,22.23,2,5
2,0,7,0,1,28.21,1,39.56,1,21.83,2,7
5,0,2,0,1,33.66,1,45.72,1,19.16,5,2
7,2,2,1,0,-inf,0,37.86,0,21.41,5,1
2,0,3,0,1,44.75,1,54.68,1,24.66,2,3
2,0,3,0,1,42.20,1,53.46,1,17.77,2,3
9,1,8,0,0,-inf,1,6.95,1,25.75,8,8
3,1,4,1,0,34.02,1,45.92,1,21.65,2,3
4,1,3,0,0,33.76,1,45.96,1,19.44,3,3
4,1,5,0,0,25.89,1,38.61,1,22.59,3,5
2,0,1,0,1,51.15,1,60.69,0,-91.35,2,1
3,0,4,0,1,34.08,1,46.20,1,18.63,3,4
5,0,3,0,1,29.33,1,41.99,1,20.97,5,3
3,0,3,0,1,38.47,1,50.05,1,20.16,3,3
4,0,5,1,0,25.23,1,38.33,1,21.46,4,4
4,1,6,0,0,21.54,1,34.50,1,22.09,3,6
9,1,5,0,0,-inf,1,18.64,1,26.03,8,5
7,0,4,0,1,19.21,1,31.25,1,23.14,7,4
6,2,4,0,0,20.50,0,34.06,1,24.20,4,4
6,0,5,0,1,16.40,1,29.84,1,23.17,6,5
5,1,8,1,0,-inf,1,21.59,1,23.56,4,7
1,0,2,0,1,51.01,1,60.63,0,-91.45,1,2
3,0,4,0,1,33.84,1,46.02,1,22.54,3,4
4,0,3,1,0,36.42,1,47.60,1,25.38,4,2
3,0,4,0,1,34.63,1,46.42,1,21.42,3,4
3,2,2,0,0,42.66,0,53.69,0,16.44,1,2
2,0,3,0,1,42.74,1,53.72,1,19.12,2,3
0,0,6,3,0,37.98,0,45.36,0,-87.06,0,3
4,0,7,0,1,17.58,1,29.80,1,23.13,4,7
2,0,1,0,1,51.24,1,60.73,0,-93.61,2,1
2,0,4,0,1,38.16,1,49.74,1,18.43,2,4
10,0,2,0,1,23.45,1,29.69,1,22.67,10,2
5,0,5,0,1,20.40,1,34.01,1,23.38,5,5
4,0,6,0,1,21.77,1,34.30,1,22.63,4,6
5,0,6,0,1,17.63,1,30.81,1,22.95,5,6
8,2,6,0,0,-inf,0,17.58,1,24.32,6,6
4,0,6,0,1,21.57,1,34.37,1,23.98,4,6
5,0,8,1,0,-inf,1,22.08,1,25.26,5,7
6,2,12,0,0,6.39,0,13.43,1,29.59,4,12
5,0,9,0,1,12.80,1,21.27,1,27.21,5,9
3,1,0,0,0,51.16,1,56.97,0,-89.35,2,0
5,1,5,0,0,21.06,1,34.28,1,24.01,4,5
4,2,2,0,0,38.43,0,49.78,1,16.80,2,2
5,1,9,0,1,10.48,1,20.77,1,26.84,4,9
5,1,3,0,0,29.30,1,42.03,1,21.91,4,3
4,2,3,0,0,34.64,0,46.53,1,17.41,2,3
3,0,6,1,0,25.28,1,38.32,1,22.83,3,5
4,2,7,1,0,21.49,0,33.25,1,25.88,2,6
5,1,12,1,0,-inf,1,17.33,1,27.59,4,11
5,1,10,1,0,-inf,1,17.30,1,24.89,4,9
8,0,7,0,1,4.17,1,15.70,1,27.07,8,7
3,0,6,1,0,25.22,1,38.13,1,23.00,3,5
5,1,4,1,0,25.69,1,38.47,1,23.04,4,3
4,0,5,0,1,29.47,1,41.10,1,28.26,4,5
8,2,9,0,0,-inf,0,10.17,1,29.41,6,9
6,0,6,2,0,12.54,0,26.47,1,22.85,6,4
7,0,6,1,0,11.98,1,24.15,1,29.07,7,5
4,1,5,1,0,25.99,1,38.49,1,21.27,3,4
4,0,2,0,1,38.04,1,49.53,1,20.47,4,2
5,0,6,0,1,16.86,1,30.31,1,25.18,5,6
2,0,7,0,1,27.87,1,38.49,1,21.05,2,7
3,1,4,0,0,33.97,1,45.99,1,19.44,2,4
3,0,3,0,1,38.11,1,49.82,1,18.59,3,3
5,0,6,0,1,18.06,1,30.76,1,23.61,5,6
6,1,0,0,0,38.64,1,45.02,0,-86.43,5,0
10,0,6,1,0,6.02,1,15.83,1,27.09,10,5
5,0,4,0,1,25.96,1,38.57,1,21.48,5,4
8,2,9,0,0,0.00,1,9.49,1,25.71,6,9
3,0,4,0,1,35.90,1,47.30,1,24.97,3,4
8,1,5,0,0,12.84,1,24.12,1,27.73,7,5
2,1,8,0,0,24.42,1,34.01,0,22.23,1,8
7,0,4,1,0,18.21,1,31.90,1,27.96,7,3
7,0,4,1,0,22.16,1,33.91,1,29.00,7,3
4,0,3,0,1,36.11,1,47.11,1,26.11,4,3
8,0,4,0,1,15.14,1,27.16,1,25.19,8,4
6,0,5,1,0,17.45,1,30.48,1,23.97,6,4
5,0,7,0,1,12.95,1,26.65,1,23.32,5,7
6,0,1,1,0,34.00,1,45.38,0,-85.98,6,0
4,0,0,0,1,46.91,1,53.10,0,-88.34,4,0
5,1,10,0,0,11.02,1,19.38,1,27.25,4,10
4,0,6,0,1,21.64,1,34.30,1,21.78,4,6
4,1,3,0,0,33.83,1,45.97,1,19.33,3,3
4,0,9,1,0,-inf,1,24.86,1,25.59,4,8
3,0,2,0,1,42.28,1,53.46,1,17.44,3,2
6,0,3,0,1,26.12,1,38.26,1,21.13,6,3
3,1,1,0,0,46.73,1,56.87,0,-90.96,2,1
1,0,4,0,1,41.90,1,52.61,0,-88.30,1,4
1,0,6,0,1,32.89,1,44.50,0,-86.22,1,6
5,0,7,1,0,12.52,1,26.83,1,23.22,5,6
6,0,3,0,1,25.85,1,38.06,1,21.19,6,3
4,0,4,0,1,29.52,1,42.11,1,23.99,4,4
3,2,4,0,0,33.76,1,45.84,0,20.43,1,4
3,0,3,0,1,38.02,1,49.84,1,19.52,3,3
5,1,6,1,1,17.70,1,30.59,1,23.96,4,5
3,0,9,0,1,19.27,1,28.85,1,22.20,3,9
8,0,6,0,1,8.94,1,20.68,1,27.95,8,6
6,0,5,0,1,16.20,1,30.19,1,24.60,6,5
8,1,6,0,0,-inf,1,17.89,1,24.51,7,6
5,1,5,1,0,20.15,1,33.69,1,22.25,4,4
6,0,3,1,0,26.11,1,38.51,1,20.96,6,2
4,0,3,1,0,33.89,1,45.95,1,21.91,4,2
6,0,3,0,1,26.43,1,38.15,1,22.49,6,3
2,0,4,1,0,38.13,1,49.54,1,18.88,2,3
7,1,9,2,0,-inf,0,11.36,1,27.03,6,7
1,0,6,1,0,35.52,1,45.57,0,-87.02,1,5
8,0,7,0,1,6.17,1,16.07,1,27.39,8,7
5,1,5,0,0,24.19,1,36.33,1,26.13,4,5
5,0,5,0,1,21.85,1,34.38,1,23.26,5,5
2,0,6,0,1,29.47,1,41.70,1,19.30,2,6
5,0,4,0,1,27.78,1,40.08,1,27.11,5,4
4,0,3,1,0,33.72,1,45.98,1,19.79,4,2
2,0,4,0,1,38.31,1,49.80,1,17.50,2,4
10,0,3,1,0,19.07,1,26.93,1,21.96,10,2
6,1,8,0,0,9.56,1,21.05,1,28.12,5,8
5,0,5,0,1,21.30,1,34.16,1,24.02,5,5
3,0,2,0,1,42.93,1,53.88,1,18.42,3,2
6,0,4,0,1,23.12,1,35.75,1,28.42,6,4
5,2,6,1,0,17.39,0,30.18,1,22.91,3,5
4,0,4,0,1,29.93,1,42.18,1,22.22,4,4
1,0,6,0,1,33.58,1,44.70,0,-85.95,1,6
7,2,0,0,0,-inf,0,42.30,0,-82.84,5,0
7,0,4,0,1,18.41,1,30.19,1,23.86,7,4
8,0,7,1,0,4.58,1,16.25,1,27.22,8,6
5,0,2,0,1,33.93,1,45.72,1,21.30,5,2
5,0,3,1,0,29.92,1,42.31,1,21.35,5,2
1,0,3,0,1,46.58,1,56.81,0,-88.74,1,3
3,0,4,0,1,33.82,1,46.03,1,22.26,3,4
8,1,3,0,0,21.71,1,33.70,1,25.29,7,3
8,1,6,0,0,-inf,1,17.35,1,24.86,7,6
0,0,4,0,1,46.62,1,52.93,0,-88.24,0,4
5,2,6,1,0,18.05,0,30.51,1,22.99,3,5
8,1,3,0,0,-inf,1,29.75,1,20.90,7,3
4,0,2,0,1,38.24,1,49.93,1,18.42,4,2
6,0,4,0,1,22.37,1,34.79,1,22.64,6,4
5,0,3,1,0,30.42,1,42.17,1,20.14,5,2
6,0,5,1,0,15.61,1,30.21,1,24.41,6,4
6,0,5,1,0,18.87,1,31.92,1,27.80,6,4
7,0,4,0,1,15.58,1,29.81,1,22.57,7,4
8,1,2,0,0,-inf,1,33.92,1,21.94,7,2
4,0,3,1,0,34.08,1,46.03,1,22.27,4,2
4,0,5,0,1,25.16,1,38.12,1,22.13,4,5
6,0,4,1,0,21.12,1,34.28,1,23.28,6,3
6,0,2,0,1,31.22,1,42.22,1,21.17,6,2
0,0,3,0,1,51.07,1,56.91,0,-88.75,0,3
4,0,8,0,1,14.62,1,25.89,1,25.43,4,8
6,1,5,0,1,17.26,1,30.87,1,22.60,5,5
3,0,6,1,0,26.10,1,38.86,1,22.70,3,5
3,0,1,0,1,46.88,1,57.02,0,-89.99,3,1
1,0,5,0,1,38.34,1,49.16,0,-87.20,1,5
7,2,8,0,0,3.00,0,14.19,1,24.72,5,8
6,0,7,0,1,9.56,1,22.10,1,26.47,6,7
5,0,8,0,1,11.32,1,23.00,1,25.19,5,8
9,2,4,0,0,-inf,0,22.86,1,24.12,7,4
6,0,2,0,1,30.35,1,42.10,1,21.89,6,2
2,0,7,1,0,-inf,1,36.96,1,19.42,2,6
7,0,2,0,1,26.38,1,37.92,1,18.46,7,2
4,1,6,1,0,20.26,1,34.14,1,23.36,3,5
2,0,5,0,1,36.24,1,47.43,1,22.86,2,5
4,1,2,0,0,38.37,1,49.71,1,18.23,3,2
6,0,4,0,1,21.87,1,34.28,1,24.25,6,4
7,0,9,0,1,5.78,1,14.81,1,28.25,7,9
5,0,2,0,1,34.54,1,45.89,1,19.44,5,2
5,0,1,0,1,38.63,1,49.25,0,-86.97,5,1
10,0,6,1,0,5.39,1,15.34,1,26.37,10,5
2,0,6,1,0,29.78,1,42.09,1,21.84,2,5
4,0,3,1,0,33.89,1,46.01,1,21.46,4,2
6,0,7,1,0,8.17,1,22.36,1,25.61,6,6
6,0,4,0,1,22.65,1,34.79,1,23.76,6,4
9,0,5,1,1,10.57,1,20.88,1,27.84,9,4
7,0,7,0,1,9.09,1,21.22,1,26.93,7,7
5,0,3,0,1,31.88,1,43.26,1,25.93,5,3
1,0,4,0,1,42.64,1,53.14,0,-88.89,1,4
7,0,6,0,1,8.23,1,22.08,1,25.11,7,6
3,0,4,2,0,36.15,0,47.48,1,23.94,3,2
4,0,3,0,1,34.57,1,46.47,1,21.73,4,3
9,1,5,0,0,-inf,1,21.66,1,28.65,8,5
5,0,7,1,0,-inf,1,25.80,1,24.57,5,6
8,1,7,0,0,-inf,1,11.82,1,27.16,7,7
9,1,1,0,0,-inf,1,34.00,0,-85.40,8,1
2,1,8,0,0,24.36,1,33.49,0,19.65,1,8
6,0,8,0,1,8.51,1,19.74,1,25.47,6,8
6,0,11,1,0,-inf,1,15.28,1,25.94,6,10
3,0,4,1,0,34.20,1,46.12,1,21.26,3,3
4,1,4,0,0,29.47,1,42.03,1,21.24,3,4
4,0,5,0,1,25.01,1,38.07,1,23.87,4,5
5,0,8,0,1,10.57,1,21.87,1,24.88,5,8
5,1,6,0,0,18.91,1,31.93,1,26.82,4,6
4,0,4,1,0,30.52,1,42.66,1,21.56,4,3
6,1,2,0,0,31.21,1,42.34,1,20.13,5,2
4,0,4,1,0,29.82,1,42.36,1,21.44,4,3
5,0,3,0,1,29.47,1,42.04,1,21.30,5,3
8,0,2,0,1,24.38,1,34.13,1,20.03,8,2
3,1,4,0,0,33.90,1,45.95,1,18.69,2,4
9,2,4,0,0,-inf,0,21.10,1,23.63,7,4
2,1,6,0,0,30.15,1,41.88,0,20.92,1,6
5,1,7,0,0,16.23,1,28.26,1,27.91,4,7
5,1,1,0,0,38.87,1,49.33,0,-88.23,4,1
2,1,8,1,0,-inf,1,35.91,0,23.10,1,7
2,0,4,0,1,38.35,1,49.87,1,20.05,2,4
7,0,3,1,1,23.60,1,35.88,1,24.53,7,2
6,1,5,1,0,17.26,1,30.42,1,24.38,5,4
4,0,4,0,1,29.63,1,42.12,1,23.84,4,4
4,4,3,0,0,34.73,0,46.48,0,19.39,0,3
5,0,2,0,1,34.01,1,45.92,1,18.88,5,2
9,1,2,0,0,-inf,1,31.45,1,23.74,8,2
4,0,6,0,1,20.32,1,33.77,1,23.93,4,6
3,0,4,2,0,34.10,0,46.03,1,21.11,3,2
5,0,1,0,1,38.31,1,49.00,0,-86.94,5,1
3,0,1,0,1,47.11,1,57.05,0,-89.88,3,1
6,1,5,1,0,16.91,1,30.65,1,23.04,5,4
10,1,6,2,0,-inf,0,15.77,1,31.67,9,4
3,0,9,1,0,-inf,1,27.00,1,22.14,3,8
9,1,11,1,0,-inf,1,4.17,1,29.19,8,10
9,0,3,0,1,21.39,1,29.46,1,22.63,9,3
5,0,4,0,1,25.62,1,38.22,1,22.33,5,4
7,0,5,0,1,15.54,1,28.35,1,26.80,7,5
4,0,3,0,1,36.12,1,47.50,1,25.24,4,3
10,2,8,2,0,-inf,0,-inf,1,26.22,8,6
6,0,7,1,0,9.02,1,22.37,1,25.34,6,6
6,0,2,0,1,29.71,1,41.81,1,19.00,6,2
6,1,4,1,0,20.75,1,34.43,1,20.73,5,3
5,1,4,1,0,25.09,1,38.05,1,21.51,4,3
4,1,7,0,0,19.05,1,30.54,1,25.03,3,7
2,0,5,0,1,33.97,1,46.00,1,19.42,2,5
6,1,1,0,0,34.13,1,45.27,0,-86.47,5,1
6,1,6,0,0,10.95,1,26.05,1,25.94,5,6
4,1,8,0,0,15.89,1,27.19,1,24.06,3,8
6,0,6,1,0,14.69,1,27.91,1,27.31,6,5
4,0,5,0,1,25.50,1,38.24,1,23.97,4,5
6,1,3,0,0,25.41,1,38.16,1,23.52,5,3
7,0,6,1,0,11.30,1,22.77,1,25.09,7,5
5,0,8,1,1,10.39,1,21.99,1,24.84,5,7
5,0,5,1,0,22.62,1,35.75,1,24.81,5,4
8,0,1,0,1,27.69,1,37.55,0,-85.66,8,1
13,2,4,1,0,-inf,0,-inf,1,26.18,11,3
2,0,3,0,1,42.74,1,53.72,1,17.48,2,3
8,0,9,1,0,-inf,1,8.04,1,27.49,8,8
5,0,4,2,0,26.04,0,38.43,1,22.59,5,2
7,0,2,0,1,25.06,1,37.29,1,19.56,7,2
4,1,7,1,0,17.56,1,30.72,1,23.86,3,6
4,1,6,1,0,21.48,1,34.46,1,22.17,3,5
9,0,5,0,1,11.04,1,21.65,1,27.84,9,5
1,1,4,1,0,42.60,1,52.98,0,-88.14,0,3
6,1,4,0,0,20.63,1,33.90,1,23.94,5,4
5,1,8,0,1,12.36,1,23.06,1,24.30,4,8
4,1,4,1,0,29.90,1,42.24,1,20.31,3,3
7,0,7,0,1,6.17,1,18.14,1,26.22,7,7
5,0,7,1,0,14.00,1,27.08,1,24.17,5,6
5,0,1,0,1,38.56,1,49.23,0,-87.19,5,1
5,2,3,1,0,30.05,0,42.26,1,20.24,3,2
7,1,5,0,0,14.23,1,28.32,1,28.84,6,5
5,1,5,1,0,21.64,1,34.34,1,24.08,4,4
7,0,2,0,1,27.26,1,38.52,1,21.77,7,2
4,1,6,2,0,20.81,0,34.12,1,22.73,3,4
4,0,10,1,0,-inf,1,21.06,1,25.28,4,9
8,0,4,0,1,14.81,1,26.15,1,25.75,8,4
7,1,5,0,0,12.88,1,26.25,1,23.87,6,5
3,0,6,0,1,26.39,1,38.76,1,19.93,3,6
4,1,9,0,0,15.04,1,24.92,1,23.93,3,9
5,0,4,0,1,25.65,1,38.25,1,21.80,5,4
9,0,10,0,1,0.00,1,3.91,1,27.39,9,10
3,0,6,2,0,27.21,0,40.09,1,24.94,3,4
6,2,7,1,0,6.17,1,22.35,1,24.21,4,6
2,0,3,0,1,42.54,1,53.52,1,19.94,2,3
5,0,1,0,1,37.97,1,49.10,0,-87.38,5,1
9,1,7,0,0,-inf,1,10.67,1,27.56,8,7
5,0,1,0,1,38.85,1,49.23,0,-87.69,5,1
2,0,5,1,0,34.29,1,45.79,1,21.55,2,4
4,1,1,0,0,42.48,1,53.10,0,-87.41,3,1
2,2,8,1,0,-inf,0,35.08,0,20.57,0,7
9,0,7,2,0,2.00,0,11.93,1,26.96,9,5
7,2,2,0,0,24.46,0,37.55,1,22.19,5,2
2,0,4,0,1,38.11,1,49.75,1,18.99,2,4
4,0,7,2,0,17.96,0,30.33,1,23.42,4,5
5,0,4,0,1,25.55,1,37.99,1,23.19,5,4
5,0,6,0,1,17.12,1,30.19,1,24.18,5,6
4,0,9,0,1,14.67,1,24.62,1,25.09,4,9
3,0,3,0,1,38.12,1,49.86,1,20.32,3,3
2,0,3,0,1,42.63,1,53.69,1,19.51,2,3
5,1,3,1,0,29.53,1,42.07,1,20.61,4,2
2,0,1,0,1,51.16,1,60.73,0,-91.68,2,1
1,0,6,0,1,34.34,1,45.24,0,-87.41,1,6
3,1,4,0,0,34.30,1,46.31,1,22.33,2,4
5,1,3,0,0,29.38,1,42.15,1,22.94,4,3
5,0,6,0,1,17.98,1,30.86,1,25.25,5,6
5,1,5,1,0,21.95,1,34.46,1,23.44,4,4
5,1,11,2,0,-inf,0,-inf,1,27.96,4,9
4,0,2,0,1,39.01,1,50.18,1,17.32,4,2
5,1,5,0,0,21.67,1,34.50,1,23.54,4,5
9,0,3,0,1,19.09,1,29.08,1,27.22,9,3
3,0,6,1,0,24.02,1,38.04,1,21.20,3,5
5,1,5,0,0,23.11,1,35.93,1,26.97,4,5
3,0,0,0,1,51.15,1,56.98,0,-88.22,3,0
6,0,7,1,0,-inf,1,23.54,1,28.08,6,6
2,0,10,1,0,-inf,1,29.62,1,25.78,2,9
6,0,2,0,1,30.50,1,41.95,1,18.88,6,2
5,1,8,1,0,10.92,1,23.34,1,24.30,4,7
7,1,7,1,0,7.04,1,19.94,1,28.45,6,6
0,0,3,1,0,51.00,1,56.88,0,-90.23,0,2
3,0,1,0,1,46.86,1,56.97,0,-89.98,3,1
6,0,1,0,1,34.88,1,45.40,0,-86.85,6,1
3,0,6,1,0,24.68,1,38.06,1,22.48,3,5
5,1,6,0,0,16.15,1,30.17,1,24.42,4,6
4,1,4,0,0,29.86,1,42.26,1,20.46,3,4
4,0,8,0,1,17.64,1,28.09,1,25.45,4,8
7,2,6,1,0,-inf,0,19.65,1,24.71,5,5
5,0,10,0,1,11.33,1,19.10,1,28.07,5,10
3,0,4,0,1,33.85,1,46.01,1,19.97,3,4
2,0,8,0,1,24.51,1,34.60,1,21.47,2,8
1,0,2,0,1,51.19,1,60.67,0,-91.45,1,2
4,0,6,0,1,22.21,1,34.56,1,23.73,4,6
7,0,6,1,0,8.71,1,22.59,1,25.18,7,5
2,0,6,1,0,29.95,1,41.88,1,20.47,2,5
5,2,11,0,0,10.37,0,16.89,1,25.16,3,11
7,0,4,1,0,22.03,1,33.76,1,27.86,7,3
0,0,9,2,0,-inf,0,35.81,0,-82.85,0,7
0,0,3,1,0,51.25,1,57.01,0,-89.19,0,2
5,0,4,0,1,26.13,1,38.71,1,21.80,5,4
4,1,5,3,0,26.73,0,38.58,1,23.03,3,2
3,1,3,0,0,-inf,1,48.44,1,16.46,2,3
5,0,5,2,0,20.76,0,34.28,1,22.85,5,3
5,0,5,0,1,21.62,1,34.33,1,21.27,5,5
2,0,3,0,1,42.54,1,53.61,1,19.01,2,3
4,1,8,1,0,16.42,1,28.08,1,27.41,3,7
6,0,3,0,1,24.42,1,37.96,1,21.81,6,3
6,0,2,0,1,30.69,1,42.20,1,19.49,6,2
5,0,3,0,1,29.86,1,42.20,1,20.40,5,3
8,1,8,2,0,3.58,0,14.61,1,29.92,7,6
11,0,2,0,1,23.26,1,28.61,1,27.57,11,2
6,0,4,0,1,21.15,1,34.17,1,21.90,6,4
4,0,4,0,1,35.22,1,45.83,1,30.97,4,4
3,0,1,0,1,46.86,1,56.94,0,-89.47,3,1
6,1,5,1,0,16.98,1,30.33,1,23.24,5,4
3,0,7,0,1,21.49,1,34.33,1,22.87,3,7
3,0,5,0,1,29.18,1,42.06,1,22.64,3,5
6,0,5,1,0,17.89,1,30.20,1,24.87,6,4
6,1,2,0,0,31.36,1,43.50,1,23.86,5,2
2,1,4,0,0,38.47,1,49.80,0,18.41,1,4
5,0,6,0,1,17.61,1,31.73,1,27.48,5,6
4,1,4,0,0,30.20,1,42.38,1,22.16,3,4
5,0,7,0,1,12.78,1,26.71,1,24.78,5,7
3,0,7,0,1,24.25,1,34.83,1,22.35,3,7
5,0,6,0,1,16.43,1,30.10,1,22.97,5,6
8,1,2,0,0,-inf,1,32.35,1,19.67,7,2
6,2,3,0,0,25.20,0,38.07,1,21.08,4,3
2,0,8,0,1,23.44,1,34.66,1,20.36,2,8
2,0,2,2,0,46.92,0,57.43,0,14.56,2,0
2,0,2,0,1,46.72,1,57.29,1,15.75,2,2
6,1,7,1,0,6.98,1,21.58,1,25.21,5,6
3,0,10,1,0,19.17,1,27.63,1,26.03,3,9
4,0,6,0,1,21.29,1,34.03,1,23.95,4,6
8,0,4,0,1,15.69,1,26.81,1,24.09,8,4
3,1,2,0,0,43.35,1,54.09,1,14.21,2,2
3,1,3,0,0,38.02,1,49.75,1,19.11,2,3
7,0,8,1,0,-inf,1,13.87,1,24.95,7,7
2,0,4,0,1,38.53,1,49.81,1,18.95,2,4
3,0,3,1,1,38.37,1,50.04,1,19.79,3,2
5,0,4,1,0,24.92,1,38.03,1,23.12,5,3
3,0,1,0,1,46.97,1,56.99,0,-88.49,3,1
3,0,7,0,1,24.27,1,34.86,1,24.06,3,7
4,0,4,1,0,29.49,1,42.22,1,21.18,4,3
3,0,4,0,1,34.49,1,46.31,1,21.53,3,4
4,1,5,1,0,24.89,1,38.26,1,22.70,3,4
4,0,5,1,0,25.62,1,38.42,1,21.78,4,4
3,0,9,1,0,-inf,1,27.97,1,23.35,3,8
12,0,3,0,1,19.11,1,24.91,1,24.99,12,3
1,0,6,1,0,34.78,1,45.37,0,-86.48,1,5
3,0,6,1,0,27.59,1,39.99,1,24.26,3,5
3,0,3,0,1,37.93,1,49.83,1,18.02,3,3
6,0,7,0,1,11.68,1,24.80,1,28.05,6,7
5,0,5,0,1,20.50,1,34.09,1,21.37,5,5
2,0,3,2,0,42.43,0,53.55,0,15.28,2,1
3,1,3,0,0,40.29,1,50.86,1,23.90,2,3
7,2,0,0,0,34.00,1,40.95,0,-86.60,5,0
0,0,2,1,0,55.21,1,60.54,0,-91.64,0,1
5,1,5,1,0,21.02,1,34.36,1,23.44,4,4
7,0,4,1,1,19.77,1,31.96,1,25.68,7,3
5,0,9,0,1,11.64,1,21.61,1,26.42,5,9
5,0,4,0,1,25.98,1,38.39,1,22.30,5,4
1,0,3,0,1,46.99,1,57.02,0,-88.80,1,3
4,0,6,0,1,21.35,1,34.01,1,22.85,4,6
5,1,3,0,0,32.07,1,43.81,1,24.18,4,3
6,2,9,0,0,5.61,0,14.43,1,25.48,4,9
9,2,4,0,0,-inf,0,23.63,1,23.65,7,4
4,0,7,2,0,16.16,0,30.35,1,24.54,4,5
5,2,6,4,0,13.45,0,29.20,1,22.08,3,2
4,0,3,0,1,33.99,1,45.96,1,20.25,4,3
4,0,7,0,1,18.16,1,30.62,1,23.79,4,7
4,0,3,0,1,33.25,1,45.65,1,21.00,4,3
8,1,7,2,0,-inf,0,15.22,1,25.67,7,5
8,1,5,0,0,-inf,1,21.00,1,24.20,7,5
3,0,1,0,1,46.84,1,56.89,0,-88.83,3,1
2,0,2,0,1,46.81,1,57.32,1,14.51,2,2
6,1,6,0,0,13.13,1,26.46,1,24.21,5,6
7,0,1,0,1,30.07,1,41.22,0,-85.60,7,1
8,0,5,1,0,15.12,1,26.67,1,28.19,8,4
6,1,1,0,0,35.97,1,46.75,0,-83.58,5,1
5,1,3,0,0,29.97,1,42.32,1,20.26,4,3
3,1,4,0,0,34.24,1,46.17,1,19.05,2,4
5,1,4,0,0,24.57,1,37.88,1,22.43,4,4
2,0,4,0,1,38.20,1,49.66,1,17.32,2,4
5,0,6,0,1,18.21,1,31.07,1,25.09,5,6
5,0,6,1,0,17.76,1,31.54,1,27.02,5,5
4,0,5,0,1,24.97,1,38.10,1,22.02,4,5
4,0,0,0,1,46.63,1,52.95,0,-87.00,4,0
2,0,2,0,1,46.90,1,57.39,1,18.16,2,2
9,1,6,1,0,-inf,1,14.97,1,26.39,8,5
7,0,5,0,1,13.20,1,26.62,1,23.29,7,5
4,0,6,0,1,25.00,1,36.77,1,27.47,4,6
6,0,3,0,1,24.89,1,37.92,1,23.25,6,3
2,0,3,2,0,42.59,0,53.67,0,19.83,2,1
3,0,5,0,1,29.45,1,42.02,1,22.18,3,5
2,0,2,1,0,46.85,1,57.34,0,15.13,2,1
5,1,4,0,0,25.10,1,38.05,1,22.89,4,4
5,0,1,0,1,37.79,1,49.18,0,-88.29,5,1
9,2,5,1,0,-inf,1,20.95,1,26.61,7,4
6,1,3,0,0,24.74,1,37.94,1,25.05,5,3
2,0,3,0,1,42.65,1,53.68,1,19.21,2,3
4,0,5,0,1,25.20,1,38.18,1,23.77,4,5
5,0,6,0,1,17.80,1,30.55,1,24.89,5,6
5,1,1,0,1,38.57,1,49.15,0,-86.78,4,1
4,0,4,1,0,29.86,1,42.24,1,21.22,4,3
2,0,7,0,1,28.82,1,40.00,1,22.49,2,7
8,2,1,0,0,-inf,1,37.70,0,-85.75,6,1
6,1,6,1,0,11.34,1,25.80,1,24.49,5,5
3,0,2,0,1,42.20,1,53.56,1,19.47,3,2
9,1,2,0,0,23.64,1,32.69,1,22.21,8,2
3,0,5,0,1,30.39,1,42.22,1,21.99,3,5
4,1,3,0,0,34.19,1,46.25,1,20.89,3,3
8,2,4,0,0,-inf,0,26.12,1,22.87,6,4
5,1,5,1,0,20.93,1,34.10,1,21.82,4,4
4,0,10,2,0,-inf,0,-inf,1,27.86,4,8
9,0,4,1,0,17.61,1,27.90,1,26.46,9,3
4,0,9,0,1,14.87,1,24.29,1,25.34,4,9
3,0,3,0,1,38.49,1,50.05,1,20.64,3,3
7,0,3,0,1,23.68,1,36.35,1,23.32,7,3
8,1,5,3,0,-inf,0,21.92,1,25.80,7,2
7,0,5,1,0,15.81,1,28.49,1,26.98,7,4
7,1,4,0,0,-inf,1,29.86,1,23.25,6,4
7,1,6,2,0,10.81,0,24.00,1,26.09,6,4
7,1,5,1,0,14.78,1,27.68,1,26.38,6,4
5,0,3,0,1,29.71,1,42.07,1,22.52,5,3
1,0,6,0,1,33.79,1,45.14,0,-85.61,1,6
11,0,4,1,0,15.06,1,21.16,1,26.16,11,3
6,1,5,0,0,19.36,1,32.31,1,27.71,5,5
4,0,7,0,1,21.36,1,31.80,1,29.27,4,7
4,1,2,0,0,38.35,1,49.81,1,20.75,3,2
4,0,6,1,0,18.70,1,33.78,1,22.03,4,5
4,0,3,0,1,36.26,1,47.53,1,24.82,4,3
6,1,3,0,1,26.31,1,38.46,1,21.88,5,3
4,1,4,0,0,30.06,1,42.37,1,22.08,3,4
3,0,5,0,1,30.15,1,42.11,1,21.82,3,5
2,0,7,0,1,26.31,1,38.45,1,19.28,2,7
1,0,7,1,0,29.30,1,41.01,0,-86.60,1,6
7,0,7,1,0,4.58,1,18.40,1,25.66,7,6
5,0,4,1,0,25.48,1,38.19,1,23.20,5,3
3,0,4,0,1,33.76,1,46.01,1,20.95,3,4
3,0,2,0,1,42.60,1,53.68,1,17.28,3,2
7,0,5,0,1,13.94,1,26.66,1,24.52,7,5
5,1,3,1,0,34.08,1,45.40,1,26.81,4,2
5,0,5,0,1,21.31,1,34.47,1,23.56,5,5
6,0,3,0,1,25.72,1,38.32,1,20.64,6,3
3,1,5,1,0,30.19,1,42.26,1,21.01,2,4
9,0,7,0,1,5.32,1,14.56,1,28.25,9,7
9,1,6,1,0,-inf,1,16.11,1,28.42,8,5
6,0,5,0,1,19.05,1,31.99,1,28.55,6,5
4,0,8,0,1,14.86,1,26.48,1,24.62,4,8
4,1,5,1,0,25.29,1,38.11,1,21.53,3,4
7,0,4,1,0,18.78,1,32.26,1,24.35,7,3
11,0,5,1,1,10.71,1,18.29,1,26.55,11,4
5,0,5,0,1,21.91,1,34.50,1,23.60,5,5
8,0,4,1,0,17.14,1,27.54,1,23.19,8,3
4,0,5,0,1,26.37,1,38.44,1,22.80,4,5
5,0,6,1,0,17.46,1,30.54,1,22.95,5,5
12,0,10,0,1,0.00,1,3.00,1,31.07,12,10
8,0,5,0,1,10.80,1,23.13,1,25.32,8,5
3,2,7,1,0,21.98,0,34.30,0,22.07,1,6
2,0,3,0,1,42.75,1,53.69,1,15.83,2,3
5,0,2,0,1,34.71,1,45.88,1,17.78,5,2
2,0,4,1,0,38.66,1,49.84,1,18.86,2,3
3,1,5,1,0,30.25,1,42.42,1,20.61,2,4
9,0,6,1,0,6.49,1,16.37,1,25.46,9,5
7,0,5,1,0,13.13,1,26.50,1,24.62,7,4
8,1,5,2,0,-inf,1,21.82,1,23.64,7,3
7,0,2,0,1,27.12,1,38.09,1,21.02,7,2
2,1,5,0,1,34.17,1,45.75,0,19.01,1,5
5,0,9,1,0,-inf,1,19.48,1,24.97,5,8
5,0,5,0,1,21.14,1,34.39,1,24.56,5,5
8,1,5,1,0,-inf,1,23.46,1,25.80,7,4
6,1,4,0,0,21.87,1,35.23,1,25.78,5,4
5,1,3,0,0,29.66,1,42.16,1,21.50,4,3
9,0,8,2,0,-inf,1,10.45,1,27.55,9,6
2,0,3,0,1,42.69,1,53.68,1,17.44,2,3
3,0,6,1,0,27.98,1,39.43,1,27.21,3,5
3,0,5,0,1,29.10,1,41.85,1,21.52,3,5
3,0,6,0,1,26.32,1,38.11,1,19.95,3,6
7,0,5,0,1,15.63,1,27.76,1,28.65,7,5
3,0,3,0,1,38.22,1,49.91,1,20.05,3,3
5,0,2,0,1,34.81,1,46.24,1,20.94,5,2
6,1,3,0,0,26.35,1,38.15,1,21.17,5,3
7,0,6,1,0,10.61,1,22.15,1,26.36,7,5
3,0,12,1,0,-inf,1,24.82,1,23.03,3,11
7,0,9,0,1,6.78,1,17.00,1,32.94,7,9
7,1,7,1,0,9.37,1,20.04,1,26.63,6,6
4,1,11,1,0,-inf,1,21.04,1,25.33,3,10
3,0,6,0,1,26.51,1,38.39,1,23.44,3,6
6,1,3,0,0,-inf,1,35.37,1,21.39,5,3
5,1,3,0,0,29.37,1,42.07,1,21.70,4,3
4,1,6,1,0,21.35,1,34.38,1,22.65,3,5
3,0,2,1,0,42.76,1,53.70,0,16.44,3,1
4,1,1,0,0,42.89,1,53.10,0,-89.16,3,1
6,1,6,0,0,13.92,1,26.43,1,24.61,5,6
4,0,7,0,1,18.71,1,32.01,1,26.41,4,7
5,1,7,0,0,14.59,1,26.62,1,25.30,4,7
10,1,0,0,0,-inf,1,34.00,0,-82.42,9,0
1,1,1,1,0,55.38,1,64.00,0,-198.00,0,0
4,0,6,0,1,22.20,1,34.20,1,23.76,4,6
3,0,7,0,1,21.69,1,33.88,1,22.58,3,7
6,0,2,0,1,29.40,1,41.67,1,22.04,6,2
6,2,6,0,0,12.87,0,26.61,1,25.06,4,6
5,1,5,0,0,21.08,1,34.28,1,22.79,4,5
5,1,3,1,0,29.69,1,42.12,1,21.68,4,2
4,2,4,0,0,29.41,0,42.06,1,21.52,2,4
1,0,3,0,1,46.92,1,56.96,0,-88.49,1,3
4,1,4,0,0,29.64,1,41.94,1,21.59,3,4
3,0,10,0,1,19.17,1,27.32,1,24.27,3,10
3,0,3,0,1,38.35,1,49.94,1,21.55,3,3
6,0,3,1,0,25.09,1,38.13,1,22.79,6,2
4,0,5,0,1,28.30,1,40.20,1,26.64,4,5
5,0,5,0,1,21.33,1,34.17,1,24.00,5,5
5,0,4,0,1,27.67,1,39.82,1,24.90,5,4
9,0,6,1,0,6.27,1,18.23,1,26.77,9,5
4,0,6,0,1,23.19,1,34.86,1,23.25,4,6
4,0,3,0,1,33.50,1,45.85,1,20.87,4,3
6,1,4,0,0,24.72,1,36.36,1,27.14,5,4
4,0,5,0,1,25.84,1,38.33,1,22.62,4,5
5,1,3,0,0,29.35,1,42.05,1,20.77,4,3
6,0,3,0,1,28.36,1,39.85,1,23.92,6,3
5,0,4,1,0,25.59,1,38.45,1,22.79,5,3
8,0,5,0,1,16.17,1,26.85,1,28.92,8,5
5,0,3,1,0,29.70,1,42.04,1,20.95,5,2
6,0,4,1,0,21.40,1,34.29,1,22.96,6,3
3,0,6,0,1,25.36,1,37.87,1,21.79,3,6
5,0,3,0,1,30.07,1,42.19,1,24.21,5,3
7,0,2,1,0,26.78,1,38.29,0,18.62,7,1
2,0,4,0,1,38.36,1,49.76,1,18.06,2,4
3,0,3,0,1,38.89,1,50.33,1,20.88,3,3
4,0,4,0,1,29.89,1,42.36,1,23.33,4,4
5,0,3,0,1,30.38,1,42.33,1,19.71,5,3
8,1,3,0,0,21.26,1,31.48,1,22.38,7,3
2,0,5,0,1,34.25,1,46.03,1,21.23,2,5
8,1,7,1,0,-inf,1,14.76,1,25.93,7,6
3,0,4,0,1,34.06,1,46.26,1,20.84,3,4
5,0,8,1,1,12.79,1,22.82,1,24.85,5,7
3,0,7,0,1,21.57,1,34.13,1,23.53,3,7
3,0,6,2,0,25.00,0,37.97,1,23.63,3,4
2,0,1,0,1,51.24,1,60.71,0,-90.17,2,1
6,0,7,2,0,9.94,0,24.28,1,27.24,6,5
4,0,4,1,0,29.73,1,42.30,1,21.31,4,3
4,1,5,2,0,24.88,0,38.16,1,18.82,3,3
7,1,4,1,0,16.01,1,30.07,1,26.34,6,3
4,0,7,1,0,-inf,1,29.27,1,22.28,4,6
4,0,7,0,1,16.74,1,30.15,1,24.14,4,7
5,0,6,1,0,15.50,1,29.69,1,24.54,5,5
1,1,0,0,0,59.80,1,64.00,0,-198.00,0,0
5,0,4,1,0,25.27,1,38.00,1,22.67,5,3
2,0,6,0,1,29.26,1,41.48,1,18.70,2,6
5,1,4,0,0,25.51,1,38.41,1,22.53,4,4
6,0,4,0,1,21.04,1,34.17,1,22.92,6,4
8,0,8,2,0,-inf,1,11.38,1,27.00,8,6
3,1,5,0,0,29.89,1,42.22,1,21.68,2,5
4,0,4,0,1,29.84,1,42.33,1,21.30,4,4
4,0,4,1,0,29.62,1,42.22,1,22.37,4,3
3,0,4,1,0,33.85,1,45.85,1,20.77,3,3
7,1,5,1,0,14.08,1,26.89,1,24.01,6,4
2,0,2,0,1,46.66,1,57.26,1,16.56,2,2
6,1,6,0,0,14.59,1,27.94,1,26.92,5,6
6,1,9,0,0,6.17,1,16.03,1,26.13,5,9
7,0,6,0,1,9.15,1,22.09,1,25.26,7,6
1,0,6,0,1,33.69,1,45.08,0,-87.12,1,6
6,0,4,0,1,22.53,1,34.95,1,22.80,6,4
7,1,3,0,0,20.26,1,34.07,1,22.18,6,3
6,0,7,1,0,8.91,1,22.46,1,24.94,6,6
2,1,3,1,0,42.59,1,53.65,0,14.50,1,2
8,1,6,1,0,5.32,1,18.64,1,26.66,7,5
5,0,10,0,1,12.63,1,19.59,1,29.23,5,10
5,0,9,0,1,12.58,1,23.43,1,28.13,5,9
7,1,4,1,0,14.73,1,29.50,1,23.89,6,3
5,0,2,0,1,33.86,1,45.89,1,21.88,5,2
2,0,5,0,1,34.08,1,45.74,1,19.63,2,5
5,1,5,0,0,23.43,1,36.12,1,26.87,4,5
4,0,3,0,1,34.40,1,46.17,1,22.28,4,3
5,0,3,1,0,29.66,1,42.16,1,23.20,5,2
3,1,7,0,0,26.02,1,36.42,1,23.72,2,7
5,0,5,0,1,21.00,1,34.28,1,24.56,5,5
5,0,3,0,1,29.24,1,41.74,1,19.97,5,3
4,1,6,0,0,21.86,1,34.30,1,21.33,3,6
8,0,2,1,0,26.43,1,36.04,0,19.93,8,1
2,0,5,0,1,34.21,1,45.87,1,20.21,2,5
3,0,6,0,1,25.74,1,38.32,1,20.87,3,6
4,0,6,0,1,20.94,1,34.41,1,23.91,4,6
5,0,3,1,0,30.34,1,42.14,1,22.27,5,2
5,0,4,0,1,26.08,1,38.44,1,22.12,5,4
7,2,6,0,0,7.91,1,21.70,1,24.26,5,6
5,0,4,1,0,28.11,1,39.68,1,27.26,5,3
9,1,4,0,0,-inf,1,23.23,1,23.18,8,4
9,2,8,1,0,-inf,1,3.32,1,26.89,7,7
5,1,8,1,0,-inf,1,22.47,1,25.33,4,7
4,0,6,2,0,20.26,0,34.35,1,23.70,4,4
4,1,6,2,0,24.00,0,35.81,1,27.65,3,4
10,1,4,0,0,-inf,1,22.24,1,27.67,9,4
5,0,4,0,1,25.58,1,38.26,1,23.98,5,4
5,0,3,0,1,28.92,1,41.85,1,22.98,5,3
3,0,4,0,1,33.79,1,46.04,1,19.95,3,4
3,0,4,0,1,34.59,1,46.41,1,20.82,3,4
3,0,3,0,1,38.04,1,49.85,1,18.78,3,3
4,0,4,0,1,29.83,1,42.06,1,20.94,4,4
3,0,6,0,1,32.29,1,42.89,1,32.18,3,6
6,1,3,0,0,26.44,1,38.48,1,22.31,5,3
3,0,5,0,1,29.67,1,42.01,1,21.63,3,5
8,0,5,1,0,11.97,1,23.23,1,25.43,8,4
7,0,7,1,0,-inf,1,20.31,1,28.47,7,6
11,2,2,0,0,-inf,0,-inf,1,22.22,9,2
6,0,6,0,1,10.21,1,26.08,1,24.44,6,6
3,0,1,1,0,46.83,1,56.95,0,-87.35,3,0
7,0,1,0,1,29.40,1,41.19,0,-85.50,7,1
6,0,5,0,1,16.20,1,30.25,1,24.21,6,5
6,1,3,1,0,25.70,1,38.12,1,22.31,5,2
5,1,1,0,0,37.95,1,48.98,0,-86.47,4,1
6,1,6,0,0,15.60,1,28.00,1,27.21,5,6
4,0,5,0,1,27.75,1,40.05,1,26.43,4,5
6,0,2,0,1,28.75,1,41.83,1,22.57,6,2
3,0,8,1,0,-inf,1,31.06,1,23.13,3,7
6,1,5,1,0,17.50,1,30.52,1,23.35,5,4
5,0,8,0,1,12.57,1,23.39,1,25.63,5,8
3,0,11,2,0,-inf,0,24.88,1,28.52,3,9
2,0,4,0,1,40.32,1,51.14,1,23.45,2,4
6,0,4,0,1,20.98,1,34.01,1,23.02,6,4
8,0,4,0,1,14.94,1,26.10,1,24.22,8,4
11,0,4,0,1,15.26,1,22.25,1,27.95,11,4
5,0,4,0,1,26.32,1,38.63,1,25.88,5,4
7,2,6,0,0,10.46,0,22.27,1,25.55,5,6
3,0,6,0,1,26.20,1,38.14,1,22.38,3,6
5,1,6,0,0,20.56,1,32.10,1,27.26,4,6
3,0,7,1,0,21.36,1,33.84,1,21.55,3,6
3,0,3,1,1,38.23,1,49.91,1,20.52,3,2
2,0,3,0,1,42.53,1,53.61,1,17.34,2,3
0,0,4,0,1,46.79,1,53.01,0,-87.60,0,4
5,0,2,0,1,32.94,1,45.45,1,18.45,5,2
5,2,5,0,0,21.95,0,34.70,1,22.42,3,5
5,0,3,1,0,29.81,1,42.24,1,22.31,5,2
6,1,3,0,0,25.91,1,38.33,1,20.11,5,3
4,0,5,0,1,27.76,1,39.88,1,25.69,4,5
8,1,8,1,0,-inf,1,14.44,1,29.30,7,7
3,0,5,0,1,30.00,1,42.25,1,23.20,3,5
9,2,8,0,0,-inf,0,5.93,1,26.16,7,8
5,0,3,1,0,30.31,1,42.14,1,20.58,5,2
8,3,3,0,0,-inf,0,30.33,1,22.20,5,3
5,2,4,0,0,25.12,0,38.25,1,23.17,3,4
1,0,3,0,1,46.61,1,56.95,0,-88.90,1,3
5,2,6,2,0,17.03,0,30.33,1,23.49,3,4
6,0,2,0,1,29.95,1,42.17,1,19.89,6,2
4,0,2,1,0,39.06,1,50.16,0,18.34,4,1
2,0,8,1,0,-inf,1,33.23,1,20.76,2,7
5,2,4,0,1,25.91,1,38.72,1,23.25,3,4
2,0,3,0,1,42.48,1,53.63,1,19.71,2,3
9,0,7,0,1,7.42,1,15.51,1,30.38,9,7
5,0,6,0,1,16.86,1,30.27,1,24.82,5,6
2,0,7,0,1,28.35,1,39.30,1,23.50,2,7
3,1,8,0,0,21.44,1,33.66,1,25.30,2,8
5,0,6,1,0,16.69,1,30.54,1,24.02,5,5
4,0,2,0,1,38.19,1,49.70,1,17.33,4,2
5,1,6,1,0,17.21,1,30.27,1,23.93,4,5
4,1,8,0,0,15.12,1,26.01,1,24.89,3,8
4,0,3,1,0,34.32,1,46.20,1,19.96,4,2
4,0,6,1,0,19.63,1,34.08,1,23.39,4,5
2,0,4,0,1,40.44,1,51.25,1,22.19,2,4
7,0,4,0,1,17.60,1,30.21,1,25.59,7,4
2,0,7,1,0,26.95,1,38.32,1,21.38,2,6
2,0,0,0,1,55.57,1,60.72,0,-89.94,2,0
6,0,4,0,1,20.39,1,33.96,1,24.13,6,4
7,0,7,1,0,-inf,1,19.67,1,27.94,7,6
7,1,3,0,0,22.50,1,34.47,1,22.29,6,3
2,0,4,0,1,37.98,1,49.65,1,17.46,2,4
3,0,5,0,1,29.40,1,41.94,1,22.66,3,5
5,0,9,3,0,-inf,0,-inf,1,24.54,5,6
7,1,9,2,0,-inf,0,12.18,1,28.09,6,7
4,0,8,2,0,-inf,0,25.77,1,24.57,4,6
3,0,4,0,1,34.18,1,46.23,1,20.42,3,4
4,2,5,2,0,24.69,0,38.37,1,21.63,2,3
3,0,8,0,1,20.81,1,31.60,1,22.55,3,8
5,0,5,0,1,21.18,1,34.40,1,22.47,5,5
3,0,5,1,0,29.38,1,42.02,1,20.77,3,4
2,0,7,1,0,-inf,1,39.58,1,23.77,2,6
6,0,7,0,1,12.48,1,25.94,1,31.49,6,7
6,0,8,0,1,11.37,1,21.74,1,29.60,6,8
3,0,1,0,1,46.81,1,56.98,0,-89.80,3,1
4,1,2,0,0,38.51,1,49.80,1,17.38,3,2
6,1,1,0,1,34.14,1,45.10,0,-86.08,5,1
8,0,2,0,1,26.91,1,37.54,1,26.76,8,2
6,0,8,1,0,-inf,1,17.58,1,28.73,6,7
2,0,6,1,0,30.29,1,41.91,1,19.78,2,5
5,0,3,1,0,29.77,1,42.09,1,18.36,5,2
5,0,9,2,0,-inf,1,19.85,1,26.29,5,7
6,0,7,0,1,7.91,1,21.80,1,24.82,6,7
5,1,6,0,0,16.43,1,30.20,1,25.05,4,6
6,1,2,0,0,29.23,1,41.75,1,22.67,5,2
2,0,5,1,0,33.54,1,45.74,1,20.96,2,4
2,0,5,0,1,34.13,1,45.83,1,19.62,2,5
1,0,6,0,1,35.52,1,46.48,0,-83.07,1,6
5,0,5,0,1,21.10,1,34.35,1,24.34,5,5
2,0,5,0,1,34.43,1,45.76,1,21.10,2,5
6,0,4,0,1,23.03,1,35.76,1,25.71,6,4
3,0,5,0,1,30.08,1,42.35,1,22.65,3,5
7,0,4,1,0,18.05,1,31.53,1,28.29,7,3
5,0,4,1,0,25.13,1,38.16,1,21.59,5,3
2,0,5,0,1,34.19,1,45.96,1,17.25,2,5
2,0,5,0,1,34.11,1,45.92,1,18.95,2,5
3,0,3,0,1,38.54,1,50.11,1,20.08,3,3
8,1,3,0,0,-inf,1,29.77,1,21.99,7,3
7,0,3,0,1,22.54,1,34.41,1,22.08,7,3
6,2,5,0,0,16.93,1,30.17,1,24.51,4,5
4,1,3,1,0,34.31,1,46.14,1,21.29,3,2
8,1,5,1,0,-inf,1,21.73,1,25.33,7,4
3,0,5,1,0,30.44,1,42.39,1,20.91,3,4
8,2,3,1,0,-inf,0,29.46,1,23.11,6,2
3,0,3,0,1,38.76,1,50.24,1,19.57,3,3
5,1,4,0,0,25.73,1,38.14,1,21.29,4,4
5,0,5,0,1,23.60,1,36.04,1,26.30,5,5
9,0,3,1,0,21.10,1,30.59,1,26.37,9,2
5,0,6,0,1,22.09,1,34.57,1,28.97,5,6
3,0,4,0,1,33.86,1,46.08,1,20.30,3,4
2,0,9,0,1,23.64,1,32.78,1,21.36,2,9
5,0,4,0,1,25.34,1,38.22,1,22.16,5,4
2,0,1,0,1,50.97,1,60.58,0,-93.25,2,1
3,1,5,0,1,30.06,1,42.15,1,22.12,2,5
4,1,8,1,0,-inf,1,26.25,1,22.65,3,7
9,0,3,2,0,19.04,0,26.81,0,22.31,9,1
4,0,3,0,1,34.16,1,46.19,1,21.32,4,3
5,0,2,0,1,34.37,1,45.87,1,21.62,5,2
5,0,6,1,0,17.28,1,30.29,1,22.36,5,5
6,0,6,0,1,15.80,1,28.08,1,27.64,6,6
8,0,7,2,0,7.56,0,18.91,1,30.52,8,5
5,0,7,0,1,14.20,1,26.70,1,24.97,5,7
2,0,3,1,0,42.50,1,53.63,1,18.10,2,2
6,1,4,1,0,19.57,1,33.74,1,23.83,5,3
4,1,5,0,0,25.56,1,38.34,1,21.89,3,5
4,0,5,0,1,25.88,1,38.44,1,23.62,4,5
5,0,1,0,1,40.50,1,50.71,0,-84.70,5,1
4,1,1,0,0,42.50,1,53.22,0,-88.12,3,1
6,1,6,1,0,13.33,1,26.61,1,25.48,5,5
3,0,5,0,1,29.14,1,41.99,1,20.33,3,5
4,1,10,0,0,15.04,1,23.42,1,25.97,3,10
5,0,10,0,1,10.79,1,19.97,1,26.13,5,10
8,1,5,0,0,-inf,1,22.18,1,25.69,7,5
6,1,5,0,1,17.31,1,30.36,1,24.72,5,5
5,0,6,2,0,16.22,0,30.12,1,23.89,5,4
7,0,2,0,1,25.03,1,37.94,1,19.98,7,2
4,0,5,0,1,24.83,1,37.92,1,22.12,4,5
5,1,1,0,0,38.95,1,49.38,0,-87.64,4,1
6,1,3,0,1,25.07,1,37.99,1,21.67,5,3
4,0,8,1,0,-inf,1,25.74,1,25.15,4,7
4,1,4,0,0,29.89,1,42.29,1,20.49,3,4
6,0,7,0,1,10.71,1,24.02,1,27.74,6,7
8,2,3,0,0,19.17,0,30.56,1,22.49,6,3
5,1,6,0,0,17.96,1,30.41,1,25.17,4,6
5,1,3,0,0,29.24,1,42.07,1,20.30,4,3
3,0,1,1,0,47.08,1,57.07,0,-88.46,3,0
7,0,3,0,1,26.08,1,37.23,1,26.98,7,3
5,0,6,1,0,17.92,1,30.31,1,23.66,5,5
4,1,5,0,0,27.64,1,39.73,1,25.74,3,5
5,0,2,0,1,34.35,1,45.89,1,18.03,5,2
3,0,6,0,1,27.75,1,40.07,1,25.32,3,6
6,0,6,1,0,12.95,1,26.04,1,26.00,6,5
7,1,5,2,0,-inf,0,25.57,1,23.02,6,3
1,0,3,0,1,46.84,1,56.87,0,-88.71,1,3
6,0,8,2,0,6.49,0,19.56,1,24.92,6,6
4,0,7,2,0,19.92,0,32.41,1,27.96,4,5
5,1,4,0,0,25.82,1,38.27,1,23.29,4,4
8,0,6,1,0,7.58,1,21.35,1,28.44,8,5
11,1,2,0,0,-inf,1,30.26,1,24.25,10,2
2,0,9,1,0,-inf,1,32.16,1,21.80,2,8
7,1,4,0,0,20.47,1,32.14,1,27.44,6,4
5,0,12,2,0,-inf,0,-inf,1,25.10,5,10
6,1,8,0,0,6.61,1,19.07,1,26.61,5,8
7,0,4,0,1,17.69,1,30.63,1,22.45,7,4
5,2,2,0,0,36.20,0,47.48,1,24.88,3,2
6,0,5,0,1,17.85,1,30.32,1,24.53,6,5
4,1,5,0,0,26.78,1,38.89,1,20.95,3,5
6,0,5,1,0,17.49,1,30.38,1,22.61,6,4
3,1,2,0,0,42.85,1,53.83,1,15.95,2,2
4,0,2,0,1,38.34,1,49.65,1,18.23,4,2
4,0,5,0,1,25.18,1,38.10,1,21.58,4,5
7,1,8,0,0,2.58,1,15.52,1,27.49,6,8
6,1,3,0,0,25.04,1,38.00,1,24.09,5,3
7,3,6,0,0,-inf,0,22.56,1,24.09,4,6
7,0,2,0,1,25.92,1,37.58,1,21.70,7,2
4,0,11,1,0,-inf,1,21.95,1,25.07,4,10
2,0,4,1,0,37.66,1,49.47,1,20.93,2,3
3,0,4,0,1,34.27,1,46.14,1,17.69,3,4
2,0,4,0,1,38.36,1,49.93,1,19.34,2,4
2,0,2,0,1,46.54,1,57.23,1,15.00,2,2
2,1,5,0,0,34.03,1,45.74,0,17.43,1,5
9,1,4,0,0,-inf,1,24.71,1,27.32,8,4
4,1,7,1,0,15.94,1,30.20,1,22.74,3,6
4,1,5,0,0,25.00,1,38.01,1,21.80,3,5
7,2,2,0,0,26.53,0,37.75,1,20.03,5,2
9,0,4,0,1,16.05,1,23.54,1,25.51,9,4
3,0,1,0,1,46.80,1,56.88,0,-89.32,3,1
5,0,5,0,1,20.29,1,34.17,1,22.00,5,5
6,0,3,1,0,29.55,1,41.33,1,26.93,6,2
5,0,5,2,0,21.03,1,34.33,1,23.12,5,3
9,1,8,0,0,-inf,1,8.10,1,27.99,8,8
5,0,9,0,1,10.75,1,21.40,1,24.71,5,9
5,0,6,1,0,15.69,1,30.04,1,23.72,5,5
5,0,5,1,0,22.48,1,35.72,1,24.31,5,4
7,3,6,1,0,-inf,0,21.94,1,24.38,4,5
5,1,6,0,0,17.68,1,30.49,1,24.88,4,6
2,0,6,0,1,32.62,1,43.57,1,24.49,2,6
1,0,12,1,0,-inf,1,32.00,0,-81.84,1,11
5,0,2,0,1,33.95,1,45.73,1,20.78,5,2
5,1,5,1,0,21.48,1,34.30,1,22.95,4,4
5,1,9,0,0,10.81,1,21.00,1,25.45,4,9
6,1,5,0,0,18.55,1,32.06,1,28.28,5,5
6,1,2,1,0,29.50,1,41.75,0,17.71,5,1
5,1,5,1,0,21.14,1,34.31,1,22.46,4,4
3,1,3,0,1,38.13,1,49.81,1,18.17,2,3
2,0,7,0,1,26.57,1,38.31,1,20.99,2,7
4,0,6,0,1,20.89,1,34.21,1,23.07,4,6
3,1,6,0,0,25.61,1,38.23,1,22.92,2,6
0,0,3,0,1,53.14,1,57.93,0,-83.46,0,3
6,1,6,1,0,13.51,1,27.13,1,24.61,5,5
2,0,2,0,1,46.73,1,57.28,1,15.63,2,2
2,0,3,0,1,42.75,1,53.72,1,16.35,2,3
5,0,3,0,1,29.86,1,42.13,1,20.58,5,3
3,1,6,1,0,24.21,1,37.99,1,22.09,2,5
6,0,7,0,1,10.66,1,24.00,1,27.60,6,7
7,0,6,0,1,8.46,1,22.22,1,26.21,7,6
2,0,3,0,1,42.52,1,53.61,1,19.99,2,3
6,1,6,0,0,13.25,1,26.27,1,23.39,5,6
1,0,6,0,1,35.02,1,45.23,0,-86.19,1,6
8,1,10,0,0,-inf,1,7.70,1,29.97,7,10
4,0,6,1,0,22.97,1,35.98,1,26.47,4,5
3,0,9,2,0,-inf,0,-inf,1,23.43,3,7
7,0,5,0,1,15.30,1,28.05,1,27.12,7,5
1,0,6,0,1,34.48,1,45.33,0,-87.78,1,6
8,2,3,0,0,-inf,0,28.81,1,23.01,6,3
4,1,3,0,0,34.31,1,46.17,1,19.25,3,3
6,0,5,0,1,19.88,1,32.14,1,26.85,6,5
6,1,2,1,0,30.00,1,42.21,0,-86.35,5,1
4,0,6,0,1,22.36,1,34.57,1,23.93,4,6
4,2,4,0,0,30.07,0,42.26,1,19.71,2,4
7,0,6,0,1,9.04,1,22.35,1,25.15,7,6
1,0,10,1,0,-inf,1,32.00,0,-83.88,1,9
8,1,0,0,0,32.00,1,37.49,0,-86.46,7,0
7,0,2,0,1,25.42,1,37.50,1,21.01,7,2
7,0,6,0,1,9.91,1,24.03,1,28.48,7,6
8,1,3,0,0,-inf,1,31.08,1,20.54,7,3
7,2,1,0,0,28.73,1,40.89,0,-85.92,5,1
8,0,7,0,1,4.32,1,14.50,1,26.15,8,7
8,0,6,1,0,8.98,1,20.51,1,27.93,8,5
8,2,5,1,0,-inf,0,22.04,1,25.73,6,4
5,0,2,0,1,34.38,1,46.14,1,21.51,5,2
4,1,9,0,0,17.13,1,26.41,1,26.32,3,9
1,0,2,0,1,51.20,1,60.67,0,-90.27,1,2
3,0,3,2,0,40.65,0,51.14,0,24.69,3,1
5,1,3,0,1,29.56,1,42.16,1,21.91,4,3
12,1,1,0,0,-inf,1,32.00,0,-85.24,11,1
7,0,5,0,1,14.61,1,26.70,1,23.43,7,5
6,0,12,2,0,-inf,0,-inf,1,28.66,6,10
4,0,4,1,0,29.78,1,42.31,1,21.17,4,3
1,0,10,0,1,27.76,1,34.32,0,-83.65,1,10
7,1,4,0,0,15.16,1,30.59,1,22.47,6,4
6,1,6,0,0,12.91,1,26.29,1,22.36,5,6
4,1,6,0,0,21.96,1,34.59,1,23.06,3,6
7,0,3,0,1,23.11,1,34.29,1,22.33,7,3
7,0,7,1,0,8.75,1,20.74,1,28.62,7,6
6,0,5,0,1,17.11,1,30.26,1,24.66,6,5
6,0,4,0,1,25.53,1,37.34,1,30.78,6,4
6,0,5,1,0,17.29,1,30.54,1,22.67,6,4
6,0,0,0,1,38.91,1,45.29,0,-86.76,6,0
4,1,5,0,0,24.69,1,38.18,1,22.37,3,5
6,1,5,0,0,16.51,1,30.37,1,23.87,5,5
8,0,10,1,0,-inf,1,6.30,1,26.58,8,9
7,0,5,0,1,13.32,1,26.73,1,24.65,7,5
4,2,4,1,0,29.75,0,42.10,1,21.18,2,3
5,1,10,1,0,-inf,1,17.25,1,25.88,4,9
3,0,4,0,1,34.13,1,46.07,1,20.54,3,4
3,1,7,0,0,22.40,1,34.04,1,22.37,2,7
7,0,4,0,1,17.47,1,30.26,1,24.23,7,4
4,0,8,0,1,15.36,1,26.76,1,25.37,4,8
4,0,2,0,1,38.61,1,49.87,1,18.22,4,2
9,0,7,0,1,0.00,1,12.93,1,27.64,9,7
5,1,3,0,0,31.49,1,43.59,1,25.45,4,3
4,1,2,0,0,38.39,1,49.86,1,17.89,3,2
5,0,2,0,1,33.93,1,45.77,1,19.50,5,2
6,1,6,0,0,10.87,1,26.18,1,24.58,5,6
3,0,2,0,1,42.38,1,53.53,1,17.69,3,2
6,1,1,0,0,33.85,1,45.04,0,-87.86,5,1
4,1,3,0,0,33.42,1,45.80,1,19.82,3,3
5,1,9,1,0,-inf,1,18.16,1,24.13,4,8
5,0,6,0,1,17.42,1,30.22,1,24.31,5,6
5,1,4,1,0,25.80,1,38.47,1,22.38,4,3
5,0,2,0,1,34.02,1,45.80,1,22.17,5,2
6,0,2,0,1,29.69,1,41.77,1,19.26,6,2
3,0,2,0,1,44.72,1,53.59,1,22.34,3,2
7,0,2,0,1,27.13,1,38.25,1,20.83,7,2
3,1,3,0,1,37.87,1,49.75,1,18.57,2,3
3,0,6,0,1,26.07,1,38.05,1,21.08,3,6
3,1,8,1,0,-inf,1,30.61,1,22.54,2,7
3,1,5,1,0,29.63,1,42.34,1,21.58,2,4
3,1,5,0,0,29.41,1,42.15,1,22.10,2,5
2,1,2,0,0,47.04,1,57.41,0,18.91,1,2
8,1,10,0,1,0.00,1,7.93,1,30.81,7,10
4,0,4,0,1,30.15,1,42.42,1,22.47,4,4
3,1,3,0,0,38.16,1,49.91,1,20.55,2,3
2,1,5,0,0,33.98,1,45.78,0,20.71,1,5
5,0,9,0,1,10.81,1,19.42,1,26.54,5,9
3,0,3,1,0,38.14,1,49.81,1,19.44,3,2
3,0,9,1,0,-inf,1,25.92,1,22.45,3,8
2,0,0,0,1,55.54,1,60.73,0,-89.94,2,0
7,1,2,1,0,24.31,1,37.80,0,22.47,6,1
3,0,9,0,1,19.23,1,27.84,1,24.91,3,9
5,0,7,1,0,15.00,1,28.06,1,26.17,5,6
7,1,4,1,0,15.94,1,29.88,1,23.42,6,3
4,0,6,0,1,21.46,1,34.17,1,22.28,4,6
9,0,1,0,1,27.72,1,36.46,0,-83.01,9,1
4,0,3,0,1,36.38,1,47.65,1,22.77,4,3
4,0,3,1,0,33.49,1,46.10,1,18.41,4,2
4,1,3,0,0,34.23,1,46.12,1,19.66,3,3
6,1,3,1,0,25.71,1,38.07,1,22.07,5,2
6,0,6,1,0,17.70,1,29.90,1,31.49,6,5
8,0,5,0,1,14.66,1,25.91,1,28.33,8,5
5,0,4,1,0,25.56,1,38.36,1,21.92,5,3
5,0,6,1,0,16.87,1,30.34,1,24.87,5,5
2,1,1,0,0,51.37,1,60.73,0,-89.89,1,1
7,0,7,0,1,8.39,1,18.76,1,25.01,7,7
2,1,3,0,0,42.79,1,53.71,0,20.29,1,3
4,0,3,0,1,34.37,1,46.22,1,19.12,4,3
3,1,11,1,0,-inf,1,24.99,1,24.57,2,10
10,2,8,0,0,-inf,0,-inf,1,26.86,8,8
3,0,5,0,1,29.94,1,42.54,1,21.61,3,5
6,0,7,1,0,11.37,1,23.79,1,28.02,6,6
2,0,8,0,1,25.31,1,35.33,1,20.77,2,8
4,0,6,0,1,21.20,1,34.11,1,22.99,4,6
8,0,4,1,1,14.95,1,26.54,1,22.89,8,3
2,0,4,0,1,38.22,1,49.65,1,18.13,2,4
4,0,7,0,1,18.25,1,30.43,1,23.36,4,7
4,0,7,0,1,15.96,1,30.25,1,24.05,4,7
5,1,5,1,0,23.54,1,35.77,1,27.04,4,4
7,0,4,0,1,18.65,1,30.36,1,24.72,7,4
4,0,6,1,0,22.00,1,34.66,1,23.86,4,5
6,0,5,1,0,15.88,1,29.85,1,22.52,6,4
6,0,5,0,1,17.49,1,30.41,1,25.36,6,5
1,0,7,1,0,31.38,1,41.56,0,-87.11,1,6
10,1,5,1,0,-inf,1,17.10,1,24.60,9,4
3,0,5,0,1,30.07,1,42.07,1,21.91,3,5
4,0,5,0,1,25.90,1,38.56,1,24.83,4,5
2,0,4,0,1,38.26,1,49.72,1,19.01,2,4
6,0,3,1,0,24.82,1,38.06,1,21.41,6,2
5,0,7,0,1,15.52,1,26.97,1,25.96,5,7
3,1,2,0,0,42.46,1,53.59,1,16.73,2,2
0,0,7,1,0,34.58,1,41.00,0,-85.38,0,6
4,0,4,0,1,29.44,1,41.96,1,21.55,4,4
7,0,3,0,1,21.23,1,34.31,1,22.86,7,3
3,1,6,0,0,28.13,1,39.69,1,26.88,2,6
1,0,4,0,1,42.94,1,53.25,0,-88.06,1,4
5,0,1,0,1,38.24,1,49.04,0,-87.21,5,1
8,1,6,1,0,-inf,1,17.83,1,26.36,7,5
4,1,5,0,0,25.68,1,38.24,1,21.25,3,5
6,0,3,0,1,25.82,1,38.02,1,22.72,6,3
6,1,5,1,0,16.26,1,29.92,1,23.57,5,4
4,1,6,1,0,20.78,1,34.44,1,21.81,3,5
3,0,5,1,0,29.50,1,41.87,1,21.70,3,4
2,0,5,0,1,33.80,1,45.79,1,19.24,2,5
7,0,5,0,1,14.26,1,26.47,1,25.09,7,5
8,4,8,1,0,-inf,0,11.02,1,28.42,4,7
4,0,4,0,1,31.95,1,43.67,1,27.62,4,4
3,0,2,0,1,42.34,1,53.49,1,16.93,3,2
6,1,5,1,0,18.06,1,31.52,1,27.35,5,4
4,0,5,1,0,25.05,1,38.03,1,21.57,4,4
6,0,3,0,1,25.40,1,38.09,1,21.49,6,3
2,1,5,0,0,34.36,1,46.03,0,15.14,1,5
10,0,8,0,1,3.00,1,8.27,1,29.87,10,8
4,1,7,0,0,18.94,1,30.71,1,22.61,3,7
8,0,2,1,0,25.50,1,34.91,0,21.77,8,1
4,0,6,1,0,21.59,1,34.30,1,23.45,4,5
5,0,3,0,1,32.23,1,43.30,1,28.48,5,3
4,0,8,0,1,14.69,1,26.91,1,24.28,4,8
7,0,5,0,1,15.13,1,28.06,1,28.75,7,5
6,0,0,0,1,38.58,1,45.23,0,-85.91,6,0
6,0,4,0,1,23.65,1,35.71,1,26.95,6,4
5,1,2,0,0,33.35,1,45.70,1,19.78,4,2
3,0,4,0,1,33.79,1,45.94,1,21.37,3,4
6,0,6,1,0,14.69,1,26.73,1,23.37,6,5
3,1,4,0,0,35.95,1,47.41,1,24.57,2,4
1,0,4,0,1,42.82,1,53.18,0,-87.79,1,4
3,0,4,0,1,34.23,1,46.24,1,20.18,3,4
6,0,6,1,0,11.56,1,26.26,1,24.58,6,5
8,0,5,1,0,13.19,1,24.87,1,28.14,8,4
4,1,3,1,0,34.00,1,46.11,1,23.70,3,2
4,1,7,0,0,17.31,1,30.07,1,23.53,3,7
5,0,3,0,1,29.93,1,42.29,1,21.04,5,3
4,1,3,1,0,34.24,1,46.06,1,20.69,3,2
7,0,3,0,1,26.16,1,38.50,1,27.07,7,3
4,0,5,1,0,25.96,1,38.34,1,23.68,4,4
6,1,6,0,0,13.23,1,26.45,1,23.16,5,6
6,0,3,1,0,25.44,1,37.96,1,19.66,6,2
8,0,2,0,1,23.45,1,34.83,1,20.55,8,2
7,1,1,1,0,-inf,1,40.75,0,-86.45,6,0
4,1,8,1,0,-inf,1,26.57,1,24.64,3,7
8,1,2,0,0,-inf,1,34.52,1,21.86,7,2
4,0,4,0,1,30.31,1,42.34,1,21.33,4,4
4,1,2,0,1,38.47,1,49.90,1,18.91,3,2
5,2,6,2,0,17.02,0,30.50,1,23.10,3,4
2,0,4,0,1,38.08,1,49.73,1,17.60,2,4
4,0,9,1,0,15.64,1,26.11,1,27.11,4,8
3,0,7,0,1,23.40,1,35.92,1,24.35,3,7
6,0,4,0,1,23.55,1,35.92,1,25.87,6,4
5,0,4,0,1,25.40,1,38.25,1,24.45,5,4
6,1,4,1,0,22.11,1,34.59,1,22.90,5,3
5,2,3,1,0,29.26,0,42.05,1,21.12,3,2
4,2,8,1,0,-inf,0,26.50,1,23.45,2,7
3,1,9,1,0,-inf,1,28.70,1,24.68,2,8
3,0,5,0,1,29.86,1,42.12,1,22.63,3,5
4,0,4,1,0,29.58,1,42.10,1,19.89,4,3
5,1,6,0,0,16.85,1,30.59,1,24.24,4,6
7,0,6,0,1,9.64,1,23.88,1,27.90,7,6
6,0,8,1,0,-inf,1,17.42,1,25.35,6,7
6,1,6,1,0,17.39,1,30.02,1,31.11,5,5
7,0,6,1,0,9.49,1,22.62,1,24.83,7,5
4,0,7,0,1,17.87,1,30.24,1,23.69,4,7
3,0,5,0,1,29.04,1,41.82,1,20.90,3,5
8,0,4,1,0,17.74,1,30.20,1,26.98,8,3
5,0,7,1,0,11.92,1,26.30,1,24.22,5,6
4,0,6,1,0,19.32,1,33.40,1,23.04,4,5
4,0,4,1,0,31.48,1,43.31,1,25.41,4,3
5,0,3,1,0,29.98,1,42.12,1,20.79,5,2
8,0,3,0,1,21.42,1,31.67,1,29.18,8,3
2,0,4,0,1,38.38,1,49.84,1,19.08,2,4
3,0,3,0,1,38.14,1,49.76,1,21.90,3,3
4,0,2,0,1,38.24,1,49.85,1,18.72,4,2
5,0,6,0,1,18.42,1,30.74,1,24.15,5,6
1,0,8,1,0,-inf,1,36.09,0,-85.70,1,7
4,1,8,2,0,16.01,0,27.24,1,24.65,3,6
3,0,7,2,0,22.98,1,34.72,1,23.05,3,5
2,0,5,0,1,33.32,1,45.57,1,20.54,2,5
1,1,6,0,0,36.17,1,47.12,0,-82.90,0,6
9,0,3,0,1,18.99,1,27.19,1,22.23,9,3
5,1,3,0,0,29.92,1,42.07,1,20.55,4,3
3,0,5,0,1,31.90,1,43.76,1,25.75,3,5
5,0,0,0,1,42.77,1,49.24,0,-87.97,5,0
4,1,2,0,0,38.73,1,49.84,1,15.94,3,2
3,0,2,0,1,42.82,1,53.76,1,17.18,3,2
2,0,4,0,1,38.24,1,49.75,1,19.29,2,4
2,0,2,0,1,46.95,1,57.41,1,15.94,2,2
9,0,5,0,1,11.67,1,21.81,1,27.73,9,5
3,1,5,0,0,30.66,1,42.32,1,20.13,2,5
9,2,3,1,0,-inf,0,27.32,1,22.03,7,2
5,0,4,2,0,25.40,0,38.26,1,21.83,5,2
6,1,6,0,0,12.88,1,26.22,1,24.81,5,6
3,0,4,0,1,33.95,1,46.04,1,20.66,3,4
5,0,3,1,0,29.60,1,42.10,1,22.72,5,2
5,0,5,0,1,21.36,1,34.17,1,22.35,5,5
3,0,3,1,0,38.27,1,49.96,1,19.20,3,2
5,1,5,0,0,20.70,1,34.33,1,22.68,4,5
4,1,8,1,0,-inf,1,27.14,1,23.30,3,7
9,1,7,0,0,-inf,1,10.96,1,25.20,8,7
3,0,3,1,0,38.44,1,50.00,1,19.58,3,2
6,0,5,0,1,17.34,1,29.95,1,24.08,6,5
1,0,5,1,0,40.44,1,50.82,0,-84.66,1,4
5,0,3,0,1,30.01,1,42.22,1,20.47,5,3
5,1,1,0,0,38.42,1,49.26,0,-87.96,4,1
3,1,2,2,0,42.99,1,53.84,0,-88.81,2,0
5,0,5,1,0,21.42,1,34.37,1,24.47,5,4
5,0,3,0,1,29.43,1,41.94,1,20.26,5,3
3,1,3,1,0,37.95,1,49.78,1,19.75,2,2
2,0,4,1,0,38.65,1,49.92,1,17.56,2,3
9,0,6,0,1,8.85,1,17.49,1,29.02,9,6
3,0,7,0,1,20.23,1,33.60,1,24.42,3,7
6,1,5,0,0,17.48,1,30.43,1,23.07,5,5
8,1,5,1,0,10.42,1,22.44,1,24.66,7,4
11,0,10,0,1,0.00,1,3.46,1,31.33,11,10
7,2,6,0,0,10.17,0,23.08,1,24.59,5,6
6,0,5,0,1,18.28,1,30.56,1,23.81,6,5
8,0,3,0,1,21.55,1,32.02,1,23.66,8,3
5,0,3,0,1,29.76,1,41.86,1,21.90,5,3
5,0,1,0,1,38.59,1,49.14,0,-88.43,5,1
4,0,5,1,0,27.77,1,39.90,1,25.62,4,4
3,0,5,1,0,29.21,1,42.03,1,23.63,3,4
8,0,4,0,1,17.42,1,28.21,1,26.66,8,4
6,0,4,2,0,23.91,1,35.92,1,24.85,6,2
4,0,6,0,1,20.70,1,34.17,1,21.74,4,6
3,0,4,0,1,33.67,1,45.96,1,19.55,3,4
2,1,3,0,0,42.37,1,53.51,0,14.53,1,3
5,0,5,1,0,21.58,1,34.46,1,22.89,5,4
3,0,6,0,1,27.49,1,40.37,1,24.12,3,6
7,0,3,1,0,20.83,1,34.11,1,22.01,7,2
7,1,8,1,0,-inf,1,16.33,1,28.37,6,7
3,0,1,0,1,47.00,1,56.99,0,-88.84,3,1
6,1,6,1,0,13.09,1,26.10,1,23.81,5,5
4,0,5,0,1,25.91,1,38.39,1,23.89,4,5
2,0,5,2,0,34.66,0,46.26,1,21.26,2,3
3,0,9,1,0,-inf,1,28.00,1,25.32,3,8
3,1,3,0,0,38.37,1,49.94,1,18.55,2,3
5,1,4,0,0,24.66,1,37.98,1,20.09,4,4
6,1,6,0,0,10.71,1,26.17,1,22.83,5,6
5,1,8,0,0,12.30,1,24.69,1,24.04,4,8
2,0,4,0,1,38.46,1,50.03,1,15.09,2,4
4,0,5,0,1,25.51,1,38.35,1,21.37,4,5
3,0,7,0,1,20.93,1,34.44,1,21.22,3,7
3,0,6,2,0,24.76,1,37.86,1,20.56,3,4
6,0,7,0,1,8.08,1,22.13,1,25.11,6,7
7,0,9,2,0,-inf,1,9.01,1,26.96,7,7
7,0,4,0,1,16.64,1,29.82,1,24.00,7,4
6,0,4,0,1,23.06,1,35.00,1,23.74,6,4
4,0,4,1,0,30.13,1,42.36,1,20.56,4,3
4,0,6,0,1,21.75,1,34.69,1,24.17,4,6
7,1,1,0,0,30.71,1,41.26,0,-87.17,6,1
3,0,9,0,1,19.02,1,28.87,1,25.51,3,9
3,0,5,1,0,29.84,1,41.91,1,20.55,3,4
4,2,9,0,0,16.03,0,23.23,1,22.70,2,9
3,1,4,0,0,34.20,1,46.12,1,20.38,2,4
2,0,3,1,0,42.86,1,53.82,1,16.17,2,2
6,2,3,0,0,25.44,0,38.08,1,20.14,4,3
11,3,7,1,0,-inf,0,-inf,1,26.79,8,6
5,1,5,1,0,23.15,1,35.60,1,27.05,4,4
3,0,5,0,1,29.95,1,42.34,1,21.85,3,5
8,0,6,0,1,8.46,1,20.86,1,28.94,8,6
5,2,3,0,0,28.98,0,41.75,1,22.45,3,3
4,0,6,1,0,21.57,1,34.04,1,24.36,4,5
3,0,5,0,1,29.70,1,42.28,1,21.56,3,5
4,1,1,0,0,42.52,1,53.02,0,-88.44,3,1
2,1,1,0,0,51.09,1,60.59,0,-89.91,1,1
6,0,6,1,0,11.63,1,26.32,1,24.01,6,5
3,0,5,0,1,29.46,1,41.92,1,21.27,3,5
6,0,4,0,1,23.62,1,35.92,1,26.46,6,4
1,0,4,0,1,42.51,1,53.06,0,-89.42,1,4
3,1,5,1,0,29.44,1,42.21,1,20.97,2,4
12,1,3,0,0,-inf,1,24.98,1,26.48,11,3
3,0,4,0,1,33.99,1,46.15,1,21.51,3,4
4,0,5,1,0,25.63,1,38.30,1,23.59,4,4
3,0,6,0,1,26.18,1,38.93,1,27.75,3,6
7,0,4,1,1,19.97,1,30.98,1,21.86,7,3
7,0,6,0,1,11.31,1,24.18,1,26.37,7,6
3,0,5,0,1,31.48,1,43.70,1,21.98,3,5
5,1,2,0,0,33.90,1,45.95,1,22.91,4,2
6,0,4,0,1,24.11,1,36.40,1,27.54,6,4
1,0,8,0,1,27.76,1,37.04,0,-85.62,1,8
6,0,6,0,1,12.11,1,25.98,1,23.99,6,6
3,2,2,0,0,42.68,0,53.66,0,16.14,1,2
6,1,8,1,0,6.13,1,18.79,1,25.64,5,7
6,1,6,0,0,13.51,1,26.71,1,24.79,5,6
4,0,6,1,0,20.68,1,33.97,1,23.86,4,5
10,1,5,0,0,-inf,1,18.85,1,26.20,9,5
3,1,3,0,0,38.21,1,49.88,1,20.62,2,3
6,1,2,0,0,29.78,1,41.97,1,21.29,5,2
2,0,8,1,0,-inf,1,32.16,1,21.20,2,7
4,0,8,0,1,14.72,1,26.33,1,23.12,4,8
4,0,5,0,1,24.72,1,38.09,1,20.96,4,5
6,0,3,0,1,26.44,1,38.12,1,22.04,6,3
7,1,2,0,0,28.12,1,39.64,1,25.46,6,2
5,0,3,0,1,29.45,1,41.76,1,21.47,5,3
4,1,9,2,0,-inf,0,21.16,1,24.03,3,7
5,0,3,0,1,29.91,1,42.05,1,21.58,5,3
3,0,5,0,1,29.42,1,41.83,1,21.85,3,5
7,1,7,0,0,8.75,1,20.37,1,29.24,6,7
6,2,5,1,0,19.01,0,31.54,1,27.09,4,4
4,0,6,1,1,20.29,1,34.01,1,22.71,4,5
0,0,2,0,1,55.42,1,60.68,0,-90.89,0,2
3,0,5,1,0,29.55,1,42.12,1,21.46,3,4
7,0,4,0,1,18.12,1,30.65,1,24.34,7,4
5,1,4,0,0,25.28,1,38.25,1,23.89,4,4
8,1,6,3,0,-inf,0,17.80,1,24.20,7,3
2,0,4,0,1,38.66,1,49.96,1,17.73,2,4
5,1,6,1,0,16.67,1,30.24,1,22.99,4,5
7,0,5,1,0,14.58,1,27.82,1,26.60,7,4
8,1,8,1,0,5.17,1,16.74,1,32.40,7,7
3,0,6,0,1,26.17,1,38.20,1,21.57,3,6
7,1,7,1,0,-inf,1,19.76,1,28.05,6,6
9,2,4,0,0,-inf,0,22.82,1,27.72,7,4
7,1,4,1,0,18.69,1,31.59,1,27.48,6,3
6,2,4,0,0,19.19,0,34.04,1,22.97,4,4
5,0,3,0,1,29.64,1,42.21,1,23.26,5,3
5,3,6,0,0,20.24,1,32.07,1,26.72,2,6
3,0,7,0,1,22.67,1,34.28,1,21.11,3,7
7,0,8,2,0,-inf,0,14.65,1,26.67,7,6
3,1,6,0,0,26.76,1,38.00,1,21.49,2,6
3,0,3,0,1,38.38,1,50.00,1,17.43,3,3
4,1,3,0,1,33.90,1,45.92,1,18.84,3,3
3,0,4,0,1,33.95,1,46.02,1,21.42,3,4
5,1,5,0,0,20.91,1,34.48,1,23.17,4,5
9,1,6,0,0,-inf,1,16.76,1,25.70,8,6
4,1,4,0,0,31.81,1,43.55,1,26.71,3,4
3,0,11,0,1,19.17,1,24.99,1,25.38,3,11
6,0,6,0,1,11.88,1,25.65,1,23.61,6,6
3,1,3,2,0,38.57,0,50.08,0,21.96,2,1
7,1,6,0,0,8.04,1,22.31,1,25.06,6,6
4,0,4,2,0,30.04,0,42.49,1,20.77,4,2
9,1,5,1,0,-inf,1,20.19,1,25.93,8,4
7,1,9,1,0,-inf,1,10.27,1,28.44,6,8
8,0,0,0,1,34.58,1,38.21,0,-85.81,8,0
6,0,5,1,0,18.45,1,31.82,1,26.34,6,4
4,1,4,3,0,29.20,0,41.78,0,19.11,3,1
7,0,4,0,1,18.76,1,30.31,1,24.05,7,4
5,1,3,0,0,32.15,1,43.78,1,25.75,4,3
7,0,2,1,0,26.83,1,38.53,0,20.75,7,1
4,1,6,0,1,22.20,1,34.79,1,24.21,3,6
8,1,9,2,0,-inf,0,6.00,1,27.21,7,7
4,0,9,3,0,-inf,0,22.32,1,26.01,4,6
2,0,3,0,1,42.31,1,53.51,1,21.31,2,3
3,0,4,2,0,34.24,0,46.21,1,19.65,3,2
2,1,4,0,0,38.57,1,49.97,0,16.68,1,4
3,1,3,0,0,38.44,1,50.09,1,17.76,2,3
0,0,6,0,1,37.61,1,44.81,0,-86.97,0,6
8,1,10,2,0,-inf,0,-inf,1,26.77,7,8
10,1,1,0,0,-inf,1,33.00,0,-84.56,9,1
6,1,5,2,0,16.54,1,30.31,1,23.37,5,3
3,0,5,0,1,29.47,1,42.11,1,22.67,3,5
12,1,3,1,0,-inf,1,25.09,1,25.99,11,2
4,0,2,0,1,38.09,1,49.64,1,21.33,4,2
6,0,3,0,1,27.79,1,40.15,1,23.98,6,3
11,1,6,1,0,-inf,1,14.36,1,29.70,10,5
5,0,3,0,1,31.71,1,43.71,1,26.02,5,3
5,1,4,1,0,24.28,1,37.71,1,23.90,4,3
3,1,7,0,0,20.66,1,33.98,1,22.64,2,7
5,0,5,2,0,21.19,0,34.12,1,23.92,5,3
5,0,4,0,1,27.71,1,39.97,1,25.42,5,4
3,0,4,0,1,34.01,1,46.17,1,20.04,3,4
4,0,6,0,1,20.35,1,34.13,1,23.45,4,6
6,0,3,0,1,25.58,1,37.95,1,22.69,6,3
6,2,2,0,0,31.09,0,42.24,1,20.45,4,2
4,1,4,0,0,29.61,1,42.35,1,20.57,3,4
3,0,4,0,1,33.59,1,45.92,1,19.75,3,4
4,1,9,1,0,-inf,1,22.22,1,24.86,3,8
5,0,5,1,0,19.72,1,34.01,1,23.18,5,4
6,0,5,0,1,16.84,1,30.16,1,22.52,6,5
7,0,3,0,1,20.87,1,34.13,1,23.19,7,3
7,0,3,0,1,27.91,1,37.69,1,30.10,7,3
8,0,4,0,1,15.01,1,26.74,1,25.68,8,4
4,1,4,0,0,30.18,1,42.34,1,21.39,3,4
3,0,4,0,1,34.03,1,46.16,1,18.87,3,4
4,0,5,0,1,24.80,1,38.10,1,20.83,4,5
4,1,3,0,0,34.17,1,46.12,1,19.43,3,3
3,0,1,0,1,46.85,1,57.01,0,-91.29,3,1
6,0,6,0,1,12.81,1,26.29,1,25.20,6,6
6,0,4,0,1,21.38,1,34.43,1,23.90,6,4
1,0,4,1,0,42.65,1,53.10,0,-88.66,1,3
1,0,2,0,1,50.98,1,60.64,0,-89.54,1,2
5,0,4,0,1,27.46,1,39.93,1,25.71,5,4
6,0,6,0,1,14.86,1,28.27,1,28.35,6,6
7,0,7,1,0,4.58,1,18.67,1,25.19,7,6
4,0,3,1,0,34.50,1,46.19,1,20.03,4,2
3,0,5,0,1,30.09,1,42.28,1,22.22,3,5
2,0,2,0,1,46.87,1,57.35,1,17.41,2,2
7,0,4,1,0,18.51,1,30.64,1,23.93,7,3
5,0,6,1,0,20.31,1,32.41,1,26.53,5,5
3,0,3,0,1,38.28,1,49.95,1,19.84,3,3
4,0,5,0,1,26.01,1,38.47,1,23.04,4,5
2,1,10,0,0,23.53,1,31.04,0,22.29,1,10
5,1,3,0,0,30.58,1,42.53,1,23.44,4,3
6,0,3,0,1,25.89,1,38.39,1,21.86,6,3
1,0,8,1,0,-inf,1,35.91,0,-86.27,1,7
4,0,3,1,1,34.12,1,46.21,1,20.81,4,2
6,0,4,0,1,21.74,1,34.02,1,23.06,6,4
3,0,4,1,0,34.13,1,46.05,1,20.03,3,3
4,0,8,0,1,16.45,1,27.23,1,22.96,4,8
4,1,7,0,0,17.65,1,29.91,1,24.15,3,7
3,0,5,1,0,30.28,1,42.41,1,20.89,3,4
5,0,5,1,0,21.21,1,34.24,1,22.07,5,4
9,1,9,0,0,-inf,1,5.39,1,29.53,8,9
4,0,5,1,0,27.13,1,39.61,1,27.13,4,4
5,1,2,0,0,34.86,1,45.97,1,21.75,4,2
2,0,9,0,1,25.08,1,33.85,1,22.49,2,9
6,0,5,0,1,19.83,1,32.11,1,26.34,6,5
2,0,7,0,1,25.97,1,37.91,1,18.87,2,7
9,0,2,0,1,24.56,1,31.90,1,20.57,9,2
6,2,5,1,0,16.91,1,30.52,1,23.54,4,4
3,1,4,1,0,34.76,1,46.35,1,20.45,2,3
3,0,5,0,1,29.91,1,42.24,1,21.34,3,5
6,1,4,0,0,20.29,1,34.15,1,23.66,5,4
4,0,2,0,1,38.69,1,50.08,1,17.06,4,2
3,0,5,0,1,29.96,1,42.24,1,22.52,3,5
7,0,3,1,0,22.84,1,34.40,1,21.89,7,2
9,0,3,0,1,20.22,1,28.02,1,24.67,9,3
5,0,2,0,1,36.42,1,47.52,1,22.75,5,2
10,0,11,1,0,-inf,1,1.58,1,31.78,10,10
5,0,6,0,1,17.80,1,31.01,1,22.93,5,6
3,0,6,0,1,26.49,1,38.18,1,23.72,3,6
5,0,2,0,1,33.37,1,45.59,1,18.67,5,2
4,0,4,1,1,30.20,1,42.33,1,22.45,4,3
4,0,6,1,0,20.89,1,34.09,1,23.24,4,5
4,0,5,0,1,25.90,1,38.41,1,23.70,4,5
4,1,9,0,0,16.09,1,27.35,1,27.90,3,9
4,0,5,0,1,25.13,1,38.20,1,21.53,4,5
5,0,1,0,1,38.40,1,49.05,0,-86.12,5,1
7,0,6,1,0,13.01,1,25.77,1,29.48,7,5
4,0,9,0,1,14.84,1,25.11,1,25.42,4,9
2,1,2,0,0,46.88,1,57.41,0,16.88,1,2
2,0,7,1,0,24.39,1,37.71,1,21.14,2,6
6,0,2,0,1,30.12,1,42.00,1,18.84,6,2
4,0,3,0,1,33.79,1,45.88,1,18.11,4,3
4,0,5,0,1,27.50,1,39.74,1,25.37,4,5
4,1,3,0,0,34.40,1,46.32,1,21.00,3,3
3,0,8,0,1,19.48,1,30.70,1,23.94,3,8
8,1,2,0,0,-inf,1,33.75,1,22.63,7,2
8,2,4,1,0,-inf,0,25.27,1,23.52,6,3
2,0,4,1,0,39.66,1,50.73,1,19.77,2,3
6,0,4,1,0,21.51,1,34.31,1,23.11,6,3
4,0,5,1,0,24.88,1,38.01,1,22.46,4,4
5,0,6,0,1,17.45,1,30.56,1,25.08,5,6
9,2,4,1,0,-inf,0,-inf,1,22.64,7,3
3,0,2,0,1,42.86,1,53.81,1,17.75,3,2
5,0,5,0,1,23.36,1,35.70,1,25.25,5,5
7,0,10,1,1,2.00,1,10.75,1,27.64,7,9
4,1,3,0,0,34.23,1,46.19,1,19.92,3,3
4,0,4,0,1,29.69,1,42.13,1,22.27,4,4
1,0,6,1,0,33.37,1,45.03,0,-87.14,1,5
7,0,3,1,0,22.79,1,34.42,1,22.02,7,2
4,0,7,1,0,20.58,1,32.32,1,24.39,4,6
5,1,9,1,0,-inf,1,18.10,1,24.52,4,8
3,0,4,0,1,33.86,1,46.06,1,21.89,3,4
6,0,5,2,0,17.67,0,30.60,1,23.32,6,3
3,1,3,0,0,38.56,1,50.07,1,18.40,2,3
6,0,4,0,1,21.53,1,34.46,1,24.57,6,4
9,1,9,0,0,-inf,1,7.49,1,30.90,8,9
9,2,2,1,0,-inf,0,28.66,0,20.94,7,1
6,0,5,1,0,19.99,1,31.83,1,29.90,6,4
6,0,6,0,1,11.44,1,26.25,1,25.54,6,6
6,1,10,2,0,-inf,0,-inf,1,24.75,5,8
4,0,5,1,1,25.16,1,37.96,1,22.23,4,4
9,1,9,0,0,-inf,1,4.91,1,29.11,8,9
6,0,6,0,1,14.93,1,28.26,1,27.41,6,6
10,1,12,2,0,-inf,0,-inf,1,28.21,9,10
6,0,7,0,1,9.04,1,23.03,1,28.84,6,7
5,0,4,0,1,24.98,1,38.01,1,24.31,5,4
1,0,4,1,0,41.94,1,52.75,0,-90.32,1,3
2,0,7,0,1,30.01,1,41.17,1,24.61,2,7
1,0,5,0,1,38.30,1,48.99,0,-87.24,1,5
4,0,4,0,1,29.48,1,42.06,1,21.23,4,4
2,0,9,1,1,23.30,1,31.93,1,20.51,2,8
3,1,9,0,0,19.31,1,27.34,1,23.37,2,9
7,0,4,0,1,17.65,1,30.49,1,24.30,7,4
3,0,4,1,0,34.63,1,46.32,1,20.98,3,3
4,0,2,1,0,38.28,1,49.81,0,19.42,4,1
5,0,4,0,1,25.57,1,38.34,1,22.57,5,4
1,0,7,0,1,29.33,1,40.83,0,-85.66,1,7
4,0,3,0,1,34.42,1,46.41,1,21.31,4,3
3,1,4,0,0,34.14,1,46.13,1,20.31,2,4
1,0,2,1,0,51.25,1,60.69,0,-91.11,1,1
9,0,5,0,1,11.22,1,21.52,1,26.65,9,5
4,0,1,0,1,42.16,1,52.99,0,-88.69,4,1
6,0,5,1,1,17.04,1,30.59,1,24.08,6,4
2,0,6,0,1,29.69,1,41.65,1,21.57,2,6
5,1,6,0,0,15.79,1,30.29,1,22.77,4,6
4,1,1,0,0,42.82,1,53.20,0,-87.43,3,1
8,2,5,0,0,-inf,0,22.51,1,23.99,6,5
4,1,7,0,0,18.23,1,30.43,1,24.88,3,7
2,0,7,2,0,26.33,0,38.38,1,19.30,2,5
5,0,3,0,1,30.27,1,42.33,1,21.97,5,3
4,1,5,0,1,25.02,1,38.09,1,22.98,3,5
4,0,10,0,1,14.99,1,24.62,1,26.29,4,10
9,0,7,0,1,2.58,1,12.59,1,27.20,9,7
9,0,10,0,1,0.00,1,5.00,1,29.04,9,10
4,0,6,1,0,19.97,1,34.40,1,21.63,4,5
6,2,5,1,0,16.91,0,29.85,1,22.54,4,4
5,1,3,0,0,29.94,1,42.11,1,21.85,4,3
4,0,4,0,1,30.06,1,42.20,1,23.63,4,4
5,1,3,0,0,28.86,1,41.70,1,21.73,4,3
9,0,3,1,0,19.10,1,26.94,1,22.76,9,2
4,0,5,0,1,27.66,1,39.66,1,25.32,4,5
9,1,9,0,0,-inf,1,5.64,1,28.97,8,9
4,0,4,1,0,29.40,1,41.94,1,21.72,4,3
2,1,4,0,0,38.97,1,50.17,0,18.75,1,4
3,0,5,0,1,30.15,1,42.10,1,22.00,3,5
5,0,3,1,0,29.54,1,42.23,1,21.62,5,2
4,0,6,0,1,21.03,1,34.24,1,23.07,4,6
11,0,4,0,1,14.68,1,23.51,1,27.51,11,4
2,0,8,0,1,26.56,1,35.26,1,19.92,2,8
9,0,5,0,1,11.90,1,22.25,1,28.01,9,5
2,0,1,0,1,51.03,1,60.71,0,-89.07,2,1
8,0,8,0,1,1.00,1,11.62,1,26.70,8,8
5,0,5,0,1,21.10,1,34.44,1,24.06,5,5
2,0,7,2,0,29.21,0,37.69,1,23.35,2,5
9,1,6,0,0,-inf,1,16.34,1,26.45,8,6
2,0,5,1,0,33.56,1,45.79,1,21.58,2,4
5,0,5,0,1,20.84,1,33.91,1,24.18,5,5
1,0,3,0,1,46.67,1,56.89,0,-88.70,1,3
7,0,5,1,1,13.70,1,25.76,1,24.71,7,4
4,0,4,0,1,29.37,1,42.15,1,21.86,4,4
4,0,7,1,1,18.88,1,30.79,1,23.39,4,6
1,0,5,0,1,38.10,1,49.09,0,-87.02,1,5
1,0,4,1,1,42.51,1,53.08,0,-89.57,1,3
9,2,4,0,0,-inf,1,21.13,1,23.79,7,4
2,0,9,0,1,23.42,1,33.48,1,23.29,2,9
8,0,4,0,1,15.76,1,26.52,1,22.15,8,4
4,0,4,0,1,32.23,1,43.86,1,27.07,4,4
5,0,4,1,0,25.63,1,38.10,1,22.01,5,3
6,0,1,0,1,34.93,1,45.23,0,-86.82,6,1
3,0,7,0,1,21.58,1,33.92,1,23.00,3,7
5,0,4,0,1,25.17,1,38.09,1,21.93,5,4
8,0,8,1,0,-inf,1,13.00,1,26.48,8,7
6,1,8,1,0,9.61,1,19.90,1,26.77,5,7
6,1,4,0,0,20.19,1,34.00,1,22.87,5,4
5,1,8,0,0,12.12,1,24.34,1,25.88,4,8
3,0,10,0,1,19.12,1,26.49,1,26.55,3,10
5,0,2,0,1,34.68,1,46.15,1,19.76,5,2
6,1,4,0,0,19.88,1,34.04,1,24.45,5,4
4,0,5,0,1,27.67,1,39.82,1,25.58,4,5
3,0,3,0,1,38.58,1,50.06,1,19.01,3,3
8,0,1,0,1,30.37,1,38.04,0,-85.97,8,1
8,0,2,0,1,26.11,1,34.88,1,19.52,8,2
11,0,5,0,1,11.10,1,18.51,1,26.06,11,5
2,0,4,0,1,38.82,1,50.05,1,16.40,2,4
3,0,6,0,1,25.65,1,38.62,1,22.13,3,6
6,1,3,1,0,26.18,1,38.70,1,21.24,5,2
2,0,2,1,0,46.79,1,57.35,0,12.48,2,1
8,0,3,0,1,22.81,1,31.39,1,28.22,8,3
4,0,3,0,1,34.32,1,46.30,1,19.86,4,3
4,0,2,0,1,37.88,1,49.72,1,16.86,4,2
6,1,5,0,0,20.08,1,32.77,1,25.94,5,5
9,0,3,0,1,19.09,1,26.92,1,23.75,9,3
7,0,1,0,1,33.31,1,43.16,0,-83.03,7,1
7,0,6,1,0,13.37,1,26.18,1,29.57,7,5
5,0,4,2,0,25.49,0,38.17,1,21.57,5,2
3,1,5,1,0,30.27,1,42.39,1,21.04,2,4
5,0,6,1,1,17.87,1,30.43,1,24.05,5,5
4,0,7,0,1,20.27,1,32.15,1,27.94,4,7
5,1,2,0,0,34.58,1,46.07,1,18.81,4,2
3,0,4,0,1,33.92,1,45.92,1,19.89,3,4
8,0,2,1,0,24.40,1,34.56,0,21.45,8,1
4,0,4,0,1,29.94,1,42.29,1,22.79,4,4
7,0,2,1,0,27.28,1,38.09,0,19.60,7,1
1,0,5,0,1,38.18,1,48.99,0,-86.94,1,5
6,2,3,0,0,24.22,0,37.51,1,22.01,4,3
3,0,7,1,0,22.06,1,35.69,1,26.03,3,6
3,1,3,0,0,38.40,1,50.01,1,18.40,2,3
6,0,6,1,1,12.63,1,25.99,1,25.19,6,5
7,0,3,0,1,20.11,1,33.77,1,22.44,7,3
5,0,2,0,1,33.31,1,45.51,1,17.15,5,2
0,0,2,0,1,55.53,1,60.71,0,-92.39,0,2
8,0,3,0,1,20.73,1,31.36,1,23.52,8,3
2,0,4,1,1,38.32,1,49.71,1,17.61,2,3
6,2,3,0,0,25.70,0,38.15,1,22.32,4,3
2,0,6,1,0,29.24,1,41.67,1,18.64,2,5
2,0,1,1,0,51.19,1,60.71,0,-92.02,2,0
4,0,1,0,1,42.75,1,53.16,0,-87.93,4,1
3,1,3,0,0,38.02,1,49.76,1,17.82,2,3
5,0,3,0,1,30.17,1,42.38,1,20.58,5,3
3,0,7,1,0,24.05,1,35.83,1,23.93,3,6
5,0,9,1,0,-inf,1,18.39,1,25.88,5,8
4,0,6,0,1,21.28,1,34.25,1,24.82,4,6
5,0,3,0,1,29.81,1,42.11,1,20.96,5,3
3,1,4,1,0,34.09,1,46.09,1,19.19,2,3
4,1,4,0,0,29.92,1,42.29,1,20.99,3,4
4,1,3,0,0,34.38,1,46.22,1,22.46,3,3
7,0,3,1,1,23.23,1,34.76,1,21.76,7,2
7,0,6,0,1,11.88,1,23.44,1,24.72,7,6
8,0,4,0,1,16.49,1,28.22,1,25.67,8,4
3,0,2,0,1,42.70,1,53.73,1,17.28,3,2
9,1,10,2,0,-inf,1,5.32,1,30.24,8,8
6,0,4,0,1,22.04,1,34.34,1,24.40,6,4
5,0,2,1,0,34.47,1,45.86,0,19.59,5,1
4,0,6,2,0,21.95,0,35.57,1,28.50,4,4
1,0,5,0,1,38.31,1,49.17,0,-87.95,1,5
0,0,5,0,1,42.53,1,49.16,0,-87.30,0,5
7,0,3,0,1,21.75,1,34.10,1,22.79,7,3
2,0,5,0,1,34.57,1,45.96,1,20.21,2,5
5,1,2,1,0,34.24,1,45.76,0,18.69,4,1
9,1,4,0,0,-inf,1,25.18,1,28.18,8,4
8,0,3,0,1,18.92,1,30.72,1,23.46,8,3
6,1,5,0,0,16.07,1,30.33,1,23.96,5,5
6,0,9,0,1,6.00,1,14.92,1,25.87,6,9
0,0,5,1,0,42.51,1,49.12,0,-87.27,0,4
6,0,5,0,1,16.40,1,30.47,1,23.78,6,5
3,0,1,0,1,46.96,1,57.01,0,-90.03,3,1
3,0,3,0,1,38.19,1,49.98,1,21.28,3,3
7,1,7,0,0,5.58,1,18.73,1,24.87,6,7
3,0,5,0,1,30.16,1,42.29,1,20.15,3,5
4,0,5,0,1,25.87,1,38.18,1,21.66,4,5
5,0,2,0,1,33.31,1,45.51,1,18.58,5,2
11,3,5,0,0,-inf,0,-inf,1,25.44,8,5
8,1,3,0,0,21.67,1,31.02,1,23.03,7,3
6,0,5,1,0,17.87,1,30.41,1,23.11,6,4
4,1,6,1,0,21.78,1,34.62,1,23.25,3,5
5,0,3,0,1,29.74,1,42.28,1,21.53,5,3
5,1,3,0,0,29.42,1,42.22,1,20.97,4,3
4,0,7,0,1,22.20,1,33.42,1,30.50,4,7
2,0,5,0,1,34.39,1,45.81,1,19.90,2,5
5,0,1,0,1,39.19,1,49.33,0,-87.82,5,1
7,0,6,1,0,12.99,1,24.75,1,28.59,7,5
1,0,5,0,1,37.68,1,49.11,0,-87.97,1,5
6,0,7,0,1,12.29,1,24.14,1,28.82,6,7
3,0,3,0,1,38.49,1,50.04,1,21.60,3,3
3,0,6,0,1,27.32,1,39.69,1,26.16,3,6
4,1,9,0,0,14.99,1,24.63,1,26.59,3,9
5,0,5,0,1,20.35,1,34.02,1,23.25,5,5
4,0,2,0,1,38.59,1,49.94,1,17.88,4,2
6,2,5,0,0,15.84,0,30.30,1,22.22,4,5
5,0,3,0,1,29.28,1,42.10,1,22.15,5,3
4,0,6,0,1,22.26,1,34.56,1,22.55,4,6
11,0,6,0,1,4.91,1,12.78,1,28.19,11,6
2,0,4,0,1,37.86,1,49.47,1,17.26,2,4
8,0,6,1,0,6.00,1,18.56,1,25.14,8,5
3,0,9,0,1,19.12,1,27.55,1,22.70,3,9
4,0,4,0,1,30.08,1,42.22,1,20.96,4,4
6,0,6,0,1,14.43,1,27.56,1,27.42,6,6
8,2,8,0,0,2.00,0,11.47,1,26.27,6,8
7,0,4,0,1,19.45,1,31.67,1,25.22,7,4
4,1,9,2,0,-inf,0,24.56,1,25.18,3,7
9,0,4,0,1,15.09,1,24.72,1,24.82,9,4
6,0,7,3,0,8.34,0,21.73,1,24.10,6,4
3,0,4,1,0,36.35,1,47.75,1,24.39,3,3
4,0,6,1,0,22.49,1,34.67,1,22.95,4,5
7,1,3,0,0,24.27,1,36.39,1,23.95,6,3
4,0,8,2,0,-inf,0,24.76,1,24.22,4,6
8,0,5,0,1,13.59,1,25.95,1,31.44,8,5
5,0,5,0,1,21.37,1,34.41,1,22.92,5,5
14,1,5,0,0,-inf,1,17.46,1,27.41,13,5
3,1,3,0,0,37.88,1,49.76,1,21.05,2,3
5,0,3,0,1,32.41,1,44.12,1,23.62,5,3
0,0,7,1,0,-inf,1,40.64,0,-86.30,0,6
2,0,7,0,1,25.47,1,37.66,1,19.26,2,7
7,0,5,0,1,16.10,1,28.27,1,27.04,7,5
3,0,3,0,1,37.81,1,49.70,1,19.77,3,3
2,0,5,1,0,36.21,1,47.48,1,23.80,2,4
11,0,8,0,1,1.00,1,6.00,1,26.87,11,8
5,0,2,0,1,34.22,1,45.90,1,19.82,5,2
10,2,4,1,0,-inf,0,-inf,1,23.84,8,3
1,0,9,0,1,27.73,1,34.32,0,-85.91,1,9
2,0,3,1,0,43.65,1,54.19,1,20.09,2,2
3,1,7,1,0,21.58,1,34.26,1,21.21,2,6
5,0,3,0,1,30.43,1,42.53,1,21.41,5,3
4,0,7,0,1,19.03,1,30.60,1,23.77,4,7
5,0,4,0,1,27.76,1,39.70,1,27.68,5,4
5,1,2,0,0,34.30,1,45.85,1,20.58,4,2
6,1,3,0,0,25.50,1,37.95,1,22.72,5,3
5,0,11,0,1,10.91,1,17.22,1,26.63,5,11
5,1,6,1,0,17.73,1,30.72,1,23.00,4,5
2,0,5,0,1,33.81,1,45.72,1,20.79,2,5
4,0,6,1,0,20.28,1,33.96,1,24.32,4,5
2,1,6,0,0,29.88,1,41.81,0,19.47,1,6
7,0,5,0,1,14.63,1,25.76,1,25.41,7,5
2,0,1,0,1,51.20,1,60.71,0,-89.19,2,1
4,0,1,1,0,42.90,1,53.19,0,-86.88,4,0
3,0,6,0,1,25.94,1,38.05,1,21.83,3,6
4,0,5,0,1,25.46,1,38.21,1,21.81,4,5
5,0,5,0,1,22.94,1,35.46,1,27.24,5,5
2,0,1,0,1,51.15,1,60.68,0,-91.39,2,1
6,0,7,0,1,9.17,1,22.44,1,25.59,6,7
7,1,8,1,0,-inf,1,13.72,1,25.87,6,7
6,0,3,0,1,26.24,1,38.12,1,22.62,6,3
3,0,6,0,1,25.89,1,39.61,1,22.70,3,6
3,0,3,0,1,38.51,1,50.01,1,21.68,3,3
6,0,5,0,1,17.39,1,30.78,1,23.47,6,5
7,0,6,0,1,14.81,1,27.29,1,31.41,7,6
5,0,3,0,1,29.13,1,41.96,1,21.94,5,3
8,0,7,1,0,4.91,1,16.76,1,28.67,8,6
5,1,5,1,0,21.01,1,34.06,1,23.26,4,4
5,0,6,0,1,17.09,1,30.46,1,25.45,5,6
4,1,6,0,0,26.24,1,37.74,1,25.96,3,6
7,0,5,0,1,12.86,1,26.01,1,24.23,7,5
4,0,4,0,1,29.38,1,42.12,1,22.76,4,4
6,1,6,2,0,13.49,0,26.83,1,23.38,5,4
8,0,6,2,0,8.63,0,20.50,1,27.26,8,4
5,0,6,0,1,17.46,1,30.36,1,23.95,5,6
6,0,4,1,0,21.02,1,34.45,1,24.31,6,3
9,1,2,0,0,-inf,1,28.76,1,20.91,8,2
5,0,1,1,0,40.58,1,50.72,0,-83.44,5,0
1,0,3,0,1,46.94,1,57.03,0,-90.07,1,3
6,1,5,1,0,17.41,1,30.75,1,23.29,5,4
7,0,9,0,1,3.91,1,12.84,1,27.09,7,9
4,1,3,0,0,34.62,1,46.78,1,19.79,3,3
8,0,4,0,1,14.88,1,26.39,1,24.71,8,4
3,1,6,1,0,25.58,1,38.28,1,22.08,2,5
9,0,5,2,0,9.86,0,20.06,1,25.58,9,3
4,1,4,1,0,29.37,1,42.02,1,21.00,3,3
5,0,2,0,1,34.28,1,45.97,1,18.07,5,2
5,0,5,1,0,20.64,1,34.17,1,22.41,5,4
7,0,2,0,1,26.80,1,37.98,1,19.62,7,2
7,0,3,0,1,22.36,1,34.60,1,22.18,7,3
7,1,7,0,0,8.78,1,20.69,1,28.92,6,7
5,0,3,0,1,29.83,1,42.32,1,21.70,5,3
4,0,8,0,1,14.99,1,26.99,1,24.98,4,8
10,3,9,1,0,-inf,0,-inf,1,27.97,7,8
6,0,7,1,0,-inf,1,21.98,1,24.76,6,6
9,1,6,0,0,-inf,1,17.40,1,27.38,8,6
7,1,9,0,1,5.46,1,14.23,1,29.42,6,9
1,0,5,0,1,38.08,1,49.21,0,-86.84,1,5
9,1,7,1,0,-inf,1,10.05,1,26.83,8,6
3,0,6,0,1,25.25,1,38.17,1,21.68,3,6
5,0,4,1,0,27.98,1,40.36,1,24.12,5,3
4,1,10,1,0,-inf,1,21.14,1,24.14,3,9
4,1,4,0,0,30.09,1,42.37,1,22.11,3,4
2,1,5,0,0,33.74,1,45.71,0,18.16,1,5
8,0,10,0,1,0.00,1,6.55,1,28.03,8,10
5,1,3,0,0,29.83,1,42.05,1,22.01,4,3
6,0,5,0,1,16.49,1,30.76,1,24.52,6,5
7,0,7,0,1,6.64,1,21.65,1,28.11,7,7
4,0,4,0,1,30.33,1,42.42,1,22.81,4,4
3,0,3,1,0,38.41,1,49.98,1,20.13,3,2
3,0,4,0,1,33.32,1,45.76,1,22.14,3,4
4,1,7,0,0,17.53,1,30.83,1,23.71,3,7
5,1,3,0,0,29.43,1,41.89,1,22.62,4,3
4,0,7,0,1,14.87,1,29.40,1,23.88,4,7
6,2,6,0,0,11.32,0,25.72,1,22.68,4,6
2,0,5,0,1,34.01,1,45.71,1,17.43,2,5
5,1,4,1,0,24.51,1,38.08,1,22.21,4,3
3,0,3,1,0,40.48,1,51.02,1,23.13,3,2
8,1,4,1,0,-inf,1,28.01,1,29.10,7,3
5,0,7,0,1,14.51,1,26.75,1,24.90,5,7
5,2,3,0,0,29.44,0,42.26,1,21.21,3,3
3,0,2,0,1,42.73,1,53.77,1,17.12,3,2
4,0,4,1,0,29.54,1,42.07,1,21.71,4,3
6,2,2,0,0,28.73,1,41.52,1,18.39,4,2
3,1,11,0,0,19.33,1,25.08,1,23.91,2,11
8,0,6,1,0,7.49,1,18.68,1,26.00,8,5
4,0,7,0,1,18.36,1,30.12,1,26.06,4,7
5,0,5,1,0,21.26,1,34.41,1,22.60,5,4
4,0,4,1,0,29.22,1,42.09,1,21.16,4,3
7,0,5,0,1,12.83,1,26.50,1,24.84,7,5
4,0,3,0,1,33.87,1,46.10,1,22.29,4,3
4,2,9,1,0,-inf,0,23.71,1,25.49,2,8
3,0,3,0,1,38.71,1,50.17,1,20.42,3,3
5,0,7,0,1,13.40,1,26.13,1,25.50,5,7
6,0,6,0,1,16.91,1,29.46,1,31.72,6,6
8,0,2,0,1,24.44,1,34.88,1,19.80,8,2
5,1,2,0,0,33.92,1,45.86,1,18.92,4,2
3,0,8,0,1,20.15,1,32.04,1,26.27,3,8
5,0,5,0,1,21.26,1,34.08,1,23.03,5,5
1,0,7,0,1,30.29,1,41.23,0,-85.30,1,7
5,0,7,2,0,-inf,0,28.50,1,28.31,5,5
9,1,2,0,1,23.45,1,31.69,1,20.84,8,2
1,0,4,0,1,42.76,1,53.19,0,-88.27,1,4
4,0,6,1,0,22.30,1,34.60,1,23.03,4,5
2,0,5,1,0,33.43,1,45.69,1,21.97,2,4
5,0,2,0,1,33.90,1,45.78,1,20.40,5,2
6,0,7,0,1,10.19,1,22.95,1,26.84,6,7
5,0,4,0,1,24.92,1,37.87,1,22.95,5,4
3,0,4,1,0,33.76,1,45.98,1,18.74,3,3
8,1,5,0,0,10.53,1,24.28,1,26.31,7,5
5,0,3,0,1,30.19,1,42.26,1,22.19,5,3
7,0,5,2,0,16.32,0,29.76,1,28.25,7,3
2,0,2,0,1,46.78,1,57.32,1,17.71,2,2
6,1,10,1,0,-inf,1,12.59,1,25.54,5,9
5,0,1,0,1,40.70,1,50.74,0,-84.47,5,1
4,0,6,1,0,21.51,1,34.34,1,22.90,4,5
5,1,5,0,0,23.99,1,36.00,1,27.80,4,5
8,2,6,2,0,-inf,0,18.97,1,24.74,6,4
7,0,3,0,1,24.12,1,36.06,1,26.44,7,3
4,1,7,1,0,17.11,1,30.09,1,23.70,3,6
2,1,4,0,0,38.06,1,49.66,0,17.78,1,4
3,0,3,0,1,38.14,1,49.77,1,19.56,3,3
7,0,9,1,0,-inf,1,12.53,1,26.19,7,8
4,0,8,1,0,-inf,1,25.04,1,24.38,4,7
5,0,3,1,0,29.60,1,42.04,1,20.50,5,2
4,1,6,0,0,23.32,1,35.78,1,26.20,3,6
3,0,6,0,1,25.09,1,38.28,1,21.58,3,6
4,1,4,0,0,30.30,1,42.37,1,20.55,3,4
1,1,4,1,0,42.69,1,53.12,0,-88.82,0,3
3,0,3,0,1,38.49,1,50.01,1,17.67,3,3
4,0,5,0,1,25.85,1,38.48,1,22.48,4,5
6,1,2,1,0,30.03,1,41.92,0,19.86,5,1
7,1,7,0,0,7.87,1,19.87,1,29.16,6,7
6,0,4,0,1,21.94,1,34.19,1,22.18,6,4
9,1,3,0,0,19.07,1,27.71,1,23.29,8,3
4,0,6,0,1,22.36,1,35.46,1,28.50,4,6
5,1,4,0,0,25.25,1,38.15,1,21.48,4,4
6,0,4,0,1,20.46,1,34.12,1,22.59,6,4
2,0,1,0,1,51.22,1,60.70,0,-91.23,2,1
6,0,3,0,1,25.82,1,38.26,1,19.80,6,3
3,0,2,0,1,42.74,1,53.75,1,16.05,3,2
5,0,2,0,1,33.35,1,45.57,1,19.12,5,2
4,1,6,0,0,22.24,1,34.50,1,23.62,3,6
13,2,7,0,0,-inf,0,-inf,1,29.22,11,7
14,1,3,0,0,-inf,1,24.99,1,24.77,13,3
5,0,2,0,1,34.12,1,45.79,1,19.00,5,2
3,0,6,0,1,30.66,1,40.84,1,31.16,3,6
1,0,10,0,1,27.73,1,34.81,0,-82.88,1,10
3,0,5,0,1,29.69,1,41.95,1,22.31,3,5
4,1,4,0,0,30.17,1,42.34,1,21.03,3,4
6,1,3,0,0,25.51,1,38.02,1,19.84,5,3
8,0,3,2,0,19.08,0,29.91,0,20.91,8,1
5,0,4,0,1,25.85,1,38.56,1,22.66,5,4
4,0,2,0,1,38.39,1,49.74,1,16.45,4,2
4,0,5,1,0,24.82,1,38.05,1,24.34,4,4
3,0,4,0,1,33.78,1,46.01,1,21.69,3,4
4,0,7,0,1,17.08,1,30.70,1,23.35,4,7
3,0,3,0,1,38.11,1,49.84,1,17.36,3,3
4,0,6,1,0,21.56,1,34.21,1,24.43,4,5
8,0,4,0,1,19.17,1,30.05,1,27.03,8,4
2,0,7,1,0,27.46,1,39.46,1,23.31,2,6
7,1,4,0,0,16.46,1,29.97,1,22.59,6,4
5,1,3,0,1,32.28,1,44.11,1,24.56,4,3
7,1,6,0,0,9.91,1,22.42,1,25.01,6,6
7,1,5,0,0,11.99,1,25.95,1,23.77,6,5
3,1,9,0,0,19.15,1,27.33,1,23.84,2,9
1,0,6,1,0,35.35,1,45.78,0,-86.14,1,5
4,0,7,0,1,17.47,1,30.15,1,23.28,4,7
5,0,1,0,1,38.59,1,49.11,0,-86.38,5,1
8,1,4,0,0,-inf,1,26.82,1,22.72,7,4
2,0,1,0,1,51.35,1,60.74,0,-90.72,2,1
5,0,10,0,1,10.75,1,18.09,1,27.34,5,10
5,0,3,0,1,30.15,1,42.25,1,20.26,5,3
8,1,2,0,0,23.49,1,34.91,1,22.90,7,2
4,1,6,0,0,21.25,1,34.69,1,23.70,3,6
3,0,7,1,0,23.06,1,34.46,1,23.63,3,6
3,0,8,0,1,21.32,1,30.72,1,24.46,3,8
5,1,9,0,0,10.82,1,21.08,1,23.46,4,9
4,0,5,0,1,24.69,1,37.95,1,24.27,4,5
3,1,12,0,0,19.02,1,24.90,1,21.61,2,12
3,0,7,0,1,23.89,1,35.73,1,26.29,3,7
3,1,5,0,0,30.52,1,42.30,1,21.56,2,5
3,0,3,1,0,40.32,1,50.85,1,25.13,3,2
2,0,5,0,1,34.30,1,45.91,1,18.82,2,5
5,0,4,0,1,29.00,1,39.88,1,27.86,5,4
6,0,6,0,1,14.23,1,28.12,1,27.36,6,6
4,0,6,0,1,22.43,1,34.73,1,24.27,4,6
5,0,10,2,0,-inf,0,16.96,1,25.46,5,8
2,0,6,0,1,30.02,1,41.81,1,19.11,2,6
3,0,3,0,1,38.55,1,50.12,1,20.55,3,3
3,0,2,0,1,42.70,1,53.72,1,20.65,3,2
1,0,4,1,0,42.68,1,53.12,0,-89.94,1,3
5,0,8,1,0,12.59,1,25.15,1,25.22,5,7
9,0,2,0,1,24.31,1,32.88,1,21.30,9,2
4,1,4,0,0,32.00,1,43.68,1,25.93,3,4
3,0,7,0,1,21.82,1,34.52,1,21.10,3,7
6,1,5,0,0,16.87,1,30.45,1,23.92,5,5
4,0,5,0,1,25.97,1,38.66,1,23.81,4,5
6,0,5,1,0,17.97,1,30.55,1,23.51,6,4
4,0,8,1,0,-inf,1,25.97,1,24.18,4,7
6,1,2,1,0,30.82,1,42.22,0,15.37,5,1
11,0,4,0,1,14.43,1,20.88,1,26.07,11,4
2,0,15,0,1,23.39,1,28.64,1,22.18,2,15
6,0,8,1,0,6.46,1,18.69,1,24.95,6,7
8,0,5,0,1,10.41,1,21.43,1,24.13,8,5
8,0,4,0,1,14.48,1,26.60,1,23.90,8,4
4,0,6,0,1,22.35,1,34.60,1,23.56,4,6
3,1,4,1,0,34.40,1,46.28,1,21.38,2,3
11,0,8,0,1,2.00,1,6.11,1,28.06,11,8
6,0,11,2,0,-inf,0,-inf,1,26.09,6,9
4,1,1,0,1,43.01,1,53.29,0,-88.38,3,1
10,3,13,1,0,-inf,0,-inf,1,29.22,7,12
0,0,5,0,1,42.26,1,49.00,0,-85.85,0,5
8,0,4,0,1,14.80,1,26.63,1,24.18,8,4
5,0,3,0,1,30.21,1,42.32,1,19.64,5,3
6,2,6,0,0,12.98,0,27.33,1,26.71,4,6
10,0,3,0,1,19.19,1,25.99,1,24.78,10,3
3,0,4,1,0,33.75,1,45.89,1,18.72,3,3
9,0,1,1,0,27.76,1,35.70,0,-85.35,9,0
6,1,3,0,0,26.43,1,38.54,1,20.82,5,3
6,0,5,0,1,15.79,1,29.56,1,23.28,6,5
5,1,5,0,0,21.60,1,34.27,1,21.66,4,5
4,0,3,0,1,33.69,1,46.07,1,21.31,4,3
0,0,0,0,1,64.00,1,64.00,0,-198.00,0,0
7,0,3,0,1,21.30,1,34.38,1,22.71,7,3
4,0,3,0,1,34.01,1,46.10,1,20.58,4,3
4,0,10,1,0,-inf,1,21.91,1,23.84,4,9
6,1,4,0,0,21.58,1,34.55,1,24.91,5,4
5,0,4,0,1,25.53,1,38.24,1,21.70,5,4
6,1,2,0,0,30.47,1,42.12,1,19.53,5,2
3,0,5,1,1,29.85,1,42.20,1,22.51,3,4
6,0,6,0,1,13.09,1,26.27,1,26.42,6,6
4,1,5,0,1,28.19,1,39.97,1,25.63,3,5
9,0,5,0,1,10.83,1,19.92,1,24.74,9,5
1,0,11,0,1,27.79,1,32.00,0,-84.94,1,11
5,1,3,0,0,30.06,1,42.14,1,20.21,4,3
4,0,1,0,1,42.30,1,53.04,0,-88.34,4,1
3,0,3,0,1,38.44,1,50.01,1,20.46,3,3
7,2,4,1,0,-inf,0,29.97,1,23.11,5,3
5,0,9,0,1,11.48,1,22.09,1,27.29,5,9
9,1,4,0,0,-inf,1,20.96,1,23.48,8,4
7,0,8,0,1,6.32,1,18.54,1,31.22,7,8
4,0,4,1,0,29.61,1,42.18,1,21.40,4,3
6,0,1,0,1,34.65,1,45.06,0,-86.28,6,1
5,0,2,0,1,36.31,1,47.48,1,23.05,5,2
3,0,4,0,1,34.29,1,46.10,1,20.82,3,4
4,0,4,0,1,30.00,1,42.41,1,21.84,4,4
8,2,3,0,0,-inf,1,29.95,1,22.93,6,3
8,0,5,0,1,11.92,1,22.51,1,27.55,8,5
4,1,5,0,0,25.89,1,38.35,1,23.35,3,5
4,1,4,1,0,30.09,1,42.43,1,21.34,3,3
7,1,1,0,0,30.33,1,40.85,0,-86.54,6,1
4,0,5,0,1,25.14,1,38.03,1,23.13,4,5
4,0,4,0,1,29.73,1,42.13,1,20.90,4,4
2,0,9,2,0,-inf,0,-inf,1,22.39,2,7
4,0,2,0,1,38.66,1,49.94,1,18.62,4,2
6,0,4,0,1,23.13,1,35.85,1,27.53,6,4
7,2,2,0,0,-inf,0,37.25,1,21.43,5,2
10,0,4,0,1,14.91,1,22.73,1,25.45,10,4
3,1,4,1,0,33.91,1,46.04,1,18.38,2,3
7,1,7,1,0,4.58,1,18.33,1,26.30,6,6
4,0,6,0,1,20.94,1,34.10,1,23.46,4,6
3,0,4,0,1,34.56,1,46.28,1,22.87,3,4
6,1,2,0,0,29.84,1,41.72,1,22.86,5,2
6,1,6,2,0,14.33,0,27.22,1,23.26,5,4
4,1,2,0,0,38.26,1,49.87,1,18.95,3,2
6,0,3,1,0,31.52,1,42.18,1,31.56,6,2
2,0,5,1,0,34.27,1,45.86,1,19.35,2,4
5,0,5,1,0,21.02,1,34.09,1,22.68,5,4
3,0,9,0,1,19.09,1,27.30,1,24.45,3,9
10,1,6,0,0,-inf,1,12.90,1,25.58,9,6
4,0,2,1,0,38.52,1,49.78,0,16.86,4,1
0,0,4,0,1,46.94,1,53.18,0,-89.63,0,4
4,0,6,0,1,20.90,1,33.94,1,22.73,4,6
5,0,6,1,0,18.94,1,32.01,1,27.38,5,5
6,0,6,0,1,13.23,1,26.56,1,24.70,6,6
3,0,4,0,1,34.12,1,46.15,1,22.01,3,4
4,0,4,0,1,29.63,1,42.30,1,21.68,4,4
2,0,13,0,1,23.44,1,28.68,1,24.67,2,13
2,0,6,1,0,29.80,1,42.18,1,19.31,2,5
3,0,5,0,1,30.34,1,42.50,1,22.51,3,5
3,1,4,2,0,33.90,0,45.95,1,20.51,2,2
4,0,0,0,1,46.75,1,53.01,0,-88.09,4,0
3,0,7,0,1,21.82,1,34.07,1,23.41,3,7
6,0,1,0,1,33.96,1,45.17,0,-86.61,6,1
5,1,6,0,0,16.76,1,30.19,1,23.73,4,6
3,1,6,1,0,26.68,1,38.57,1,20.20,2,5
2,0,1,0,1,51.17,1,60.66,0,-90.13,2,1
8,1,7,1,0,-inf,1,16.39,1,27.56,7,6
3,1,3,1,0,38.44,1,49.97,1,17.87,2,2
5,0,6,0,1,16.99,1,30.08,1,24.60,5,6
5,3,3,0,0,31.59,0,43.10,1,26.83,2,3
6,0,4,0,1,21.85,1,34.51,1,24.33,6,4
4,0,5,1,0,25.61,1,38.30,1,22.02,4,4
3,1,3,0,0,40.21,1,50.87,1,23.49,2,3
7,0,6,0,1,10.57,1,22.90,1,24.74,7,6
2,1,3,0,0,42.39,1,53.62,0,15.25,1,3
3,0,5,0,1,29.11,1,41.95,1,22.96,3,5
4,2,4,0,0,29.22,0,42.03,1,20.97,2,4
6,1,4,0,0,21.72,1,34.39,1,23.72,5,4
9,0,3,0,1,20.44,1,28.71,1,26.58,9,3
4,0,6,1,1,23.35,1,36.16,1,26.45,4,5
4,0,4,1,0,30.00,1,42.40,1,20.57,4,3
4,0,5,0,1,27.26,1,39.67,1,24.48,4,5
3,1,3,0,0,40.16,1,50.86,1,24.24,2,3
2,1,4,0,1,38.55,1,49.85,0,18.70,1,4
6,0,4,0,1,23.82,1,35.61,1,25.31,6,4
2,0,9,1,0,26.73,1,33.32,1,30.74,2,8
5,2,5,2,0,20.51,0,34.17,1,24.04,3,3
8,1,4,0,0,-inf,1,26.25,1,22.76,7,4
7,0,6,1,0,9.34,1,22.79,1,25.79,7,5
4,1,6,0,0,21.86,1,34.84,1,23.05,3,6
8,0,1,0,1,28.81,1,37.52,0,-85.31,8,1
5,0,7,0,1,11.39,1,26.08,1,23.79,5,7
3,0,6,0,1,25.10,1,38.05,1,22.37,3,6
6,0,5,1,0,16.88,1,30.48,1,23.53,6,4
4,0,2,0,1,38.57,1,49.97,1,18.98,4,2
4,0,4,0,1,29.91,1,42.09,1,21.26,4,4
3,0,3,1,0,38.45,1,49.95,1,18.07,3,2
5,0,7,1,0,11.64,1,26.56,1,26.15,5,6
7,2,9,0,0,2.00,0,12.65,1,25.93,5,9
4,1,3,0,0,34.45,1,46.31,1,23.41,3,3
2,0,4,0,1,38.10,1,49.71,1,18.49,2,4
4,1,2,0,1,38.45,1,49.77,1,17.82,3,2
7,1,5,0,0,13.02,1,27.70,1,28.68,6,5
3,1,2,0,0,42.81,1,53.78,1,19.13,2,2
2,0,5,0,1,34.45,1,46.11,1,17.48,2,5
6,0,6,0,1,11.40,1,26.16,1,25.21,6,6
7,2,4,0,0,16.05,1,29.79,1,22.82,5,4
3,0,2,0,1,42.58,1,53.61,1,17.93,3,2
5,0,4,0,1,27.66,1,39.69,1,23.83,5,4
6,0,2,0,1,29.85,1,41.73,1,19.52,6,2
6,0,8,2,0,6.98,0,18.07,1,25.57,6,6
6,0,7,2,0,7.63,0,22.50,1,23.78,6,5
6,0,5,0,1,19.15,1,32.09,1,26.60,6,5
7,1,4,0,0,-inf,1,29.46,1,23.11,6,4
4,0,6,1,0,21.64,1,34.59,1,23.81,4,5
3,0,4,0,1,34.28,1,46.25,1,22.18,3,4
5,0,7,1,0,14.82,1,28.46,1,27.78,5,6
2,0,13,1,0,-inf,1,28.63,1,22.84,2,12
3,0,4,0,1,33.28,1,45.83,1,23.44,3,4
4,0,5,0,1,27.43,1,39.42,1,26.99,4,5
9,0,7,1,1,5.81,1,15.83,1,32.08,9,6
5,1,4,2,0,25.08,0,38.02,1,21.95,4,2
2,0,3,0,1,42.94,1,53.79,1,19.18,2,3
8,0,6,0,1,6.87,1,18.29,1,25.27,8,6
5,1,8,0,0,10.71,1,23.28,1,24.85,4,8
2,0,7,1,0,27.92,1,39.56,1,23.14,2,6
6,1,8,3,0,-inf,0,16.24,1,25.38,5,5
9,0,9,0,1,0.00,1,6.32,1,27.82,9,9
5,0,9,0,1,10.76,1,21.14,1,26.71,5,9
2,0,3,0,1,42.83,1,53.74,1,17.98,2,3
10,0,5,0,1,10.07,1,18.80,1,26.03,10,5
4,0,6,1,0,20.73,1,34.51,1,24.05,4,5
1,0,7,0,1,31.29,1,41.82,0,-85.89,1,7
0,0,4,0,1,46.79,1,53.08,0,-88.30,0,4
3,0,5,0,1,29.45,1,41.93,1,19.48,3,5
4,0,7,0,1,17.24,1,30.12,1,25.20,4,7
3,0,6,0,1,26.16,1,38.27,1,21.19,3,6
6,0,2,1,0,30.41,1,41.63,0,18.93,6,1
9,0,4,2,0,14.99,0,23.47,1,23.49,9,2
6,0,6,0,1,13.50,1,26.75,1,26.13,6,6
2,1,7,0,0,26.05,1,38.01,0,19.66,1,7
8,0,8,1,0,4.17,1,15.14,1,29.91,8,7
5,2,6,0,0,18.45,1,30.92,1,25.52,3,6
4,0,4,2,0,29.89,0,42.34,1,21.70,4,2
7,1,5,0,0,-inf,1,25.88,1,25.03,6,5
7,1,5,0,0,12.84,1,28.05,1,27.03,6,5
3,0,4,1,0,34.37,1,46.23,1,20.96,3,3
5,0,3,0,1,30.38,1,42.17,1,19.74,5,3
4,0,8,1,0,15.04,1,27.11,1,24.02,4,7
9,0,5,0,1,10.53,1,18.77,1,25.58,9,5
7,0,8,2,0,-inf,0,15.95,1,30.08,7,6
3,1,5,0,0,29.80,1,42.17,1,20.56,2,5
5,0,5,0,1,21.17,1,34.53,1,24.13,5,5
6,0,11,1,0,-inf,1,15.09,1,32.14,6,10
5,2,9,1,0,10.46,1,19.01,1,25.21,3,8
8,0,6,0,1,7.81,1,20.91,1,28.68,8,6
3,0,1,0,1,46.92,1,57.02,0,-88.72,3,1
6,0,7,0,1,11.02,1,23.60,1,29.05,6,7
7,0,6,1,0,9.34,1,22.23,1,25.04,7,5
7,1,7,1,0,7.91,1,19.84,1,28.58,6,6
4,0,4,0,1,30.04,1,42.21,1,21.85,4,4
8,1,6,0,0,-inf,1,18.27,1,25.46,7,6
8,2,6,0,0,-inf,0,18.14,1,25.20,6,6
3,1,5,1,0,29.57,1,41.92,1,21.78,2,4
6,3,7,0,0,12.85,0,24.40,1,25.26,3,7
9,0,1,1,0,28.71,1,35.17,0,-84.59,9,0
7,0,2,0,1,26.57,1,37.73,1,20.86,7,2
6,2,3,0,0,26.47,0,38.32,1,21.37,4,3
2,0,6,1,1,29.16,1,41.61,1,20.13,2,5
5,1,6,0,0,18.84,1,32.20,1,26.56,4,6
5,0,4,0,1,25.31,1,38.17,1,22.09,5,4
5,0,3,0,1,30.17,1,42.25,1,20.62,5,3
7,0,8,1,0,-inf,1,14.70,1,26.46,7,7
10,1,7,1,0,-inf,1,8.70,1,26.01,9,6
6,0,5,0,1,18.05,1,30.67,1,24.46,6,5
3,1,5,0,0,29.41,1,41.98,1,21.35,2,5
6,0,2,0,1,31.02,1,42.24,1,19.19,6,2
8,2,7,0,0,-inf,1,14.79,1,25.57,6,7
2,0,4,1,0,38.67,1,50.03,1,19.33,2,3
5,0,4,0,1,25.18,1,37.93,1,23.19,5,4
2,0,7,0,1,28.98,1,39.63,1,24.91,2,7
4,0,3,0,1,33.97,1,46.09,1,21.74,4,3
1,0,12,1,0,-inf,1,32.00,0,-82.85,1,11
5,1,4,1,0,25.12,1,37.96,1,22.54,4,3
10,1,3,0,0,-inf,1,25.95,1,23.84,9,3
6,0,9,1,0,-inf,1,15.61,1,26.23,6,8
5,1,6,0,0,18.15,1,31.90,1,26.47,4,6
5,0,5,0,1,23.98,1,36.31,1,26.10,5,5
4,1,7,0,0,16.75,1,30.67,1,23.63,3,7
4,0,3,2,0,33.61,0,45.89,0,20.94,4,1
4,0,8,1,0,-inf,1,27.27,1,27.35,4,7
7,1,3,0,0,21.83,1,33.91,1,24.02,6,3
6,1,5,2,0,17.63,0,30.82,1,23.26,5,3
5,1,2,0,0,34.01,1,45.68,1,17.51,4,2
7,0,3,1,0,21.60,1,34.64,1,20.87,7,2
8,0,5,0,1,11.57,1,22.46,1,25.33,8,5
8,0,5,1,0,10.49,1,21.73,1,25.61,8,4
6,0,8,0,1,9.17,1,19.75,1,26.28,6,8
1,0,5,0,1,37.75,1,48.83,0,-87.41,1,5
4,1,9,0,0,14.98,1,25.47,1,27.56,3,9
5,0,3,0,1,29.35,1,41.91,1,21.56,5,3
4,0,7,0,1,17.87,1,30.45,1,23.28,4,7
3,0,5,0,1,29.61,1,42.18,1,23.04,3,5
5,1,6,0,0,17.28,1,30.24,1,25.35,4,6
6,0,5,1,0,17.07,1,29.99,1,23.84,6,4
6,0,8,0,1,6.75,1,19.21,1,25.23,6,8
3,0,6,0,1,25.59,1,38.25,1,23.09,3,6
4,1,5,0,0,24.69,1,38.14,1,22.16,3,5
2,1,3,0,0,42.65,1,53.67,0,16.17,1,3
8,1,4,1,0,17.23,1,28.36,1,25.51,7,3
7,0,8,0,1,5.17,1,16.70,1,28.47,7,8
4,0,3,0,1,34.06,1,46.06,1,19.43,4,3
8,1,8,1,0,-inf,1,10.87,1,27.02,7,7
7,0,7,0,1,6.70,1,19.52,1,27.74,7,7
6,0,5,1,0,20.40,1,32.10,1,26.78,6,4
6,0,2,0,1,32.08,1,43.64,1,26.05,6,2
3,1,3,1,0,38.17,1,49.95,1,19.30,2,2
5,0,6,0,1,18.12,1,31.60,1,27.24,5,6
3,0,10,0,1,19.19,1,26.04,1,24.45,3,10
4,0,7,1,0,17.91,1,31.75,1,27.44,4,6
7,0,5,0,1,13.42,1,26.30,1,24.00,7,5
3,0,5,0,1,31.94,1,43.78,1,24.38,3,5
7,1,4,0,0,18.18,1,30.50,1,23.48,6,4
7,1,2,0,0,26.75,1,38.45,1,21.24,6,2
4,0,5,1,0,24.71,1,38.18,1,21.62,4,4
3,0,1,0,1,46.82,1,56.86,0,-89.30,3,1
7,1,4,1,0,17.87,1,30.10,1,23.43,6,3
3,0,9,0,1,19.07,1,28.74,1,23.97,3,9
7,2,4,0,0,17.71,1,31.07,1,24.92,5,4
7,0,4,0,1,17.39,1,30.03,1,24.48,7,4
7,0,5,0,1,18.30,1,29.94,1,27.55,7,5
4,0,8,0,1,15.76,1,25.62,1,22.76,4,8
2,1,6,0,0,30.84,1,41.98,0,18.41,1,6
4,0,2,0,1,38.40,1,49.72,1,20.39,4,2
4,0,5,0,1,25.49,1,37.93,1,25.30,4,5
6,1,6,0,0,12.92,1,26.24,1,23.94,5,6
7,0,3,0,1,20.75,1,33.76,1,22.13,7,3
7,0,7,0,1,7.29,1,19.82,1,27.02,7,7
4,1,5,0,0,25.46,1,38.26,1,21.83,3,5
8,1,2,0,0,23.36,1,34.48,1,21.00,7,2
3,1,4,0,0,33.88,1,45.96,1,19.93,2,4
8,0,4,0,1,14.89,1,26.92,1,23.35,8,4
7,2,4,0,0,18.87,1,30.55,1,24.50,5,4
2,0,4,1,0,38.52,1,49.84,1,17.70,2,3
8,1,11,3,0,-inf,0,-inf,1,29.94,7,8
4,1,4,1,0,29.96,1,42.47,1,21.15,3,3
7,0,9,0,1,3.17,1,13.28,1,26.07,7,9
4,0,5,1,0,25.13,1,38.19,1,22.31,4,4
4,0,5,0,1,25.11,1,38.00,1,21.76,4,5
4,0,3,0,1,34.30,1,46.24,1,20.92,4,3
6,0,5,0,1,18.56,1,30.68,1,23.01,6,5
6,1,5,0,0,16.51,1,30.50,1,22.99,5,5
8,0,6,0,1,7.08,1,18.11,1,25.88,8,6
1,0,6,0,1,34.29,1,45.49,0,-86.42,1,6
6,1,3,0,0,24.95,1,38.44,1,20.46,5,3
2,1,7,2,0,27.54,0,38.29,0,19.67,1,5
2,0,8,1,0,24.32,1,35.34,1,20.95,2,7
4,2,6,1,0,19.72,0,34.02,1,22.17,2,5
2,0,7,1,0,31.01,1,41.34,1,22.96,2,6
5,0,3,0,1,29.35,1,41.94,1,20.70,5,3
5,0,4,1,0,25.95,1,38.57,1,22.72,5,3
6,0,5,1,0,18.25,1,31.14,1,24.14,6,4
5,0,7,0,1,13.92,1,27.91,1,27.86,5,7
4,0,7,0,1,17.55,1,30.13,1,24.21,4,7
1,0,2,0,1,51.01,1,60.62,0,-91.19,1,2
2,0,4,0,1,38.62,1,49.76,1,18.08,2,4
2,0,8,0,1,24.19,1,35.00,1,19.70,2,8
11,0,5,0,1,10.98,1,17.22,1,25.45,11,5
2,0,9,1,1,23.49,1,32.03,1,20.40,2,8
10,0,4,0,1,14.05,1,20.62,1,27.35,10,4
4,0,3,1,1,36.24,1,47.50,1,24.16,4,2
4,0,2,0,1,38.57,1,49.88,1,18.56,4,2
7,0,8,0,1,7.34,1,16.18,1,25.98,7,8
6,0,6,0,1,12.47,1,26.51,1,25.36,6,6
6,1,7,0,0,12.13,1,25.82,1,29.23,5,7
3,0,3,0,1,38.52,1,50.13,1,21.43,3,3
4,0,2,0,1,40.27,1,51.09,1,23.23,4,2
7,0,4,1,0,17.63,1,30.28,1,22.87,7,3
4,0,5,0,1,28.01,1,39.73,1,26.16,4,5
11,0,5,0,1,10.50,1,18.65,1,28.54,11,5
9,0,6,1,0,8.34,1,18.47,1,28.88,9,5
5,0,10,2,0,-inf,0,18.12,1,28.14,5,8
5,1,8,1,0,-inf,1,22.15,1,24.23,4,7
5,2,5,0,0,21.09,0,34.50,1,21.72,3,5
0,0,2,1,0,55.31,1,60.62,0,-91.64,0,1
6,0,8,1,0,8.09,1,19.48,1,24.51,6,7
5,0,4,0,1,25.17,1,37.96,1,22.59,5,4
2,0,9,0,1,24.41,1,32.00,1,22.55,2,9
4,0,9,0,1,14.76,1,24.56,1,24.31,4,9
2,0,6,2,0,30.60,1,42.11,1,20.38,2,4
8,0,6,0,1,9.40,1,20.65,1,29.54,8,6
3,1,5,1,0,29.66,1,41.91,1,20.25,2,4
5,0,4,1,1,27.57,1,39.59,1,25.29,5,3
6,1,8,1,0,5.29,1,18.41,1,24.52,5,7
4,1,3,0,0,35.76,1,46.81,1,24.84,3,3
4,0,2,0,1,38.32,1,49.81,1,18.96,4,2
8,0,4,0,1,15.71,1,27.00,1,24.46,8,4
4,0,2,1,0,40.10,1,50.96,0,22.22,4,1
8,1,5,0,0,-inf,1,22.73,1,27.73,7,5
4,1,5,1,0,25.58,1,38.39,1,23.80,3,4
3,0,4,0,1,34.03,1,45.99,1,21.37,3,4
1,0,5,0,1,37.99,1,48.89,0,-87.86,1,5
3,0,5,1,0,30.57,1,42.38,1,21.97,3,4
5,1,7,1,0,13.68,1,25.92,1,23.72,4,6
6,0,2,0,1,30.44,1,41.97,1,21.48,6,2
3,1,5,1,1,29.96,1,42.35,1,21.78,2,4
4,0,2,0,1,38.07,1,49.74,1,15.55,4,2
3,0,1,0,1,47.04,1,56.99,0,-87.92,3,1
3,0,6,1,0,27.96,1,39.40,1,26.92,3,5
11,0,6,1,0,5.61,1,13.29,1,26.46,11,5
6,1,5,0,1,16.54,1,30.31,1,23.53,5,5
2,0,3,0,1,42.78,1,53.77,1,16.70,2,3
4,0,6,0,1,21.30,1,34.51,1,23.56,4,6
8,0,6,0,1,8.81,1,19.69,1,24.78,8,6
2,0,3,0,1,42.57,1,53.63,1,15.81,2,3
7,1,1,0,0,27.65,1,40.13,0,-86.09,6,1
9,0,1,0,1,27.71,1,34.81,0,-85.52,9,1
6,1,6,1,0,11.23,1,25.94,1,25.30,5,5
7,2,7,0,0,7.49,0,20.74,1,26.24,5,7
3,0,4,0,1,33.83,1,46.00,1,19.15,3,4
2,0,8,0,1,24.42,1,35.16,1,21.27,2,8
4,0,6,0,1,21.09,1,34.33,1,22.89,4,6
7,1,5,0,0,13.81,1,26.61,1,24.08,6,5
4,0,8,1,0,-inf,1,29.09,1,30.86,4,7
4,1,5,0,1,26.14,1,38.44,1,21.78,3,5
4,1,4,0,0,29.77,1,42.18,1,20.75,3,4
2,0,7,1,0,24.54,1,37.89,1,22.34,2,6
4,2,4,0,0,29.21,0,41.98,1,18.68,2,4
4,0,3,0,1,36.20,1,47.16,1,25.26,4,3
3,1,5,2,0,29.82,0,42.34,1,21.50,2,3
6,1,9,0,0,6.46,1,15.62,1,25.49,5,9
5,0,9,2,0,-inf,0,20.84,1,30.11,5,7
6,1,6,0,0,13.29,1,26.59,1,24.56,5,6
4,0,2,0,1,40.72,1,51.30,1,22.18,4,2
1,0,5,0,1,38.15,1,49.13,0,-87.05,1,5
7,1,9,0,0,2.58,1,11.86,1,26.74,6,9
3,0,1,0,1,48.90,1,58.00,0,-83.78,3,1
3,0,1,1,1,46.78,1,56.93,0,-87.93,3,0
3,1,3,0,0,38.63,1,50.12,1,18.01,2,3
8,0,8,1,0,-inf,1,11.37,1,26.66,8,7
5,0,6,0,1,17.64,1,30.89,1,23.33,5,6
5,1,9,0,0,11.78,1,20.06,1,24.71,4,9
3,0,6,0,1,27.12,1,39.65,1,24.24,3,6
8,0,6,0,1,6.58,1,18.68,1,24.65,8,6
6,0,4,1,0,26.03,1,37.58,1,29.97,6,3
7,0,6,0,1,12.27,1,24.30,1,28.79,7,6
4,0,2,0,1,38.35,1,49.74,1,20.16,4,2
7,0,4,0,1,17.68,1,29.93,1,24.49,7,4
8,0,5,1,0,11.82,1,23.44,1,24.42,8,4
1,0,2,0,1,51.08,1,60.65,0,-90.62,1,2
4,0,7,0,1,16.60,1,30.65,1,23.87,4,7
6,0,5,0,1,20.25,1,32.77,1,28.21,6,5
5,0,5,0,1,20.04,1,34.09,1,23.63,5,5
3,0,3,1,0,40.62,1,51.05,1,23.95,3,2
2,0,5,1,0,34.01,1,45.90,1,19.75,2,4
5,1,8,2,0,-inf,1,22.97,1,23.55,4,6
2,0,3,0,1,42.45,1,53.62,1,17.28,2,3
9,0,4,1,0,14.98,1,23.41,1,23.16,9,3
7,1,5,0,0,11.92,1,26.23,1,24.99,6,5
7,0,5,0,1,14.51,1,26.91,1,23.53,7,5
5,0,9,1,0,-inf,1,19.58,1,25.80,5,8
2,0,4,0,1,38.03,1,49.65,1,18.62,2,4
7,1,6,1,0,11.85,1,24.21,1,26.55,6,5
6,1,4,0,0,22.92,1,36.33,1,26.85,5,4
2,0,1,0,1,51.24,1,60.72,0,-89.95,2,1
5,0,3,0,1,29.64,1,42.03,1,22.14,5,3
5,0,5,1,0,25.24,1,37.46,1,31.32,5,4
10,0,8,0,1,1.00,1,6.75,1,26.92,10,8
3,0,5,1,0,29.50,1,42.13,1,23.44,3,4
6,0,4,0,1,21.49,1,34.28,1,22.86,6,4
4,0,8,0,1,18.29,1,27.72,1,23.80,4,8
11,1,2,0,0,-inf,1,28.65,1,24.17,10,2
9,1,4,0,0,-inf,1,24.31,1,25.36,8,4
7,0,4,0,1,18.50,1,31.90,1,25.79,7,4
4,1,5,0,0,25.27,1,38.05,1,23.12,3,5
2,0,3,0,1,42.58,1,53.60,1,17.93,2,3
5,0,6,0,1,18.84,1,31.91,1,27.04,5,6
7,3,5,0,0,12.45,0,26.63,1,23.15,4,5
2,0,5,0,1,34.21,1,45.84,1,19.28,2,5
5,0,4,0,1,27.85,1,39.76,1,28.60,5,4
5,0,6,2,0,19.11,0,31.92,1,26.84,5,4
10,0,3,0,1,19.03,1,27.94,1,27.19,10,3
8,1,5,0,0,-inf,1,23.55,1,25.33,7,5
5,0,4,0,1,26.00,1,38.79,1,24.00,5,4
6,0,3,0,1,25.23,1,37.78,1,22.16,6,3
4,1,7,1,0,18.84,1,30.27,1,23.45,3,6
4,0,6,0,1,22.35,1,34.76,1,22.47,4,6
4,0,0,0,1,46.81,1,53.12,0,-90.38,4,0
4,1,6,1,0,22.35,1,34.54,1,22.84,3,5
7,0,3,0,1,20.43,1,33.76,1,23.72,7,3
5,0,5,0,1,21.95,1,34.30,1,22.98,5,5
1,1,4,0,1,42.36,1,53.05,0,-88.33,0,4
4,0,2,0,1,40.41,1,51.17,1,23.91,4,2
7,0,5,0,1,14.15,1,26.25,1,24.95,7,5
4,1,2,0,0,38.79,1,50.00,1,21.01,3,2
5,0,3,0,1,32.36,1,43.94,1,24.80,5,3
9,2,5,1,0,-inf,0,18.65,1,24.12,7,4
6,0,8,2,0,-inf,0,18.54,1,28.76,6,6
3,0,3,0,1,40.26,1,50.71,1,22.29,3,3
3,1,4,0,1,34.38,1,46.29,1,18.21,2,4
2,0,4,1,0,38.12,1,49.69,1,20.58,2,3
4,0,6,0,1,22.94,1,35.95,1,25.62,4,6
2,0,3,0,1,42.60,1,53.68,1,17.93,2,3
8,0,4,0,1,16.06,1,28.16,1,27.12,8,4
5,0,5,0,1,21.12,1,34.35,1,23.75,5,5
5,1,3,0,0,29.39,1,42.12,1,19.97,4,3
6,0,6,0,1,11.30,1,25.44,1,25.24,6,6
2,1,7,1,0,23.35,1,37.17,0,18.26,1,6
3,0,4,0,1,34.14,1,46.15,1,21.61,3,4
3,0,10,1,0,-inf,1,25.06,1,24.56,3,9
7,1,1,0,0,29.81,1,40.85,0,-86.40,6,1
3,1,7,0,0,21.84,1,34.58,1,24.28,2,7
8,1,6,0,0,-inf,1,17.46,1,27.91,7,6
6,1,3,0,0,25.60,1,38.07,1,22.11,5,3
2,0,4,0,1,38.25,1,49.81,1,19.79,2,4
3,0,1,0,1,46.80,1,56.86,0,-90.51,3,1
6,1,3,0,0,25.19,1,37.60,1,21.45,5,3
3,2,5,0,0,29.59,0,42.06,0,22.36,1,5
3,0,8,1,0,-inf,1,29.57,1,23.03,3,7
8,1,6,0,0,-inf,1,18.77,1,24.20,7,6
1,0,5,1,0,37.92,1,49.02,0,-88.02,1,4
8,1,6,0,1,7.75,1,18.63,1,25.80,7,6
7,0,4,0,1,17.44,1,30.35,1,24.75,7,4
4,0,7,0,1,17.65,1,30.33,1,22.20,4,7
2,0,6,0,1,27.39,1,41.73,1,19.06,2,6
7,1,5,0,0,14.18,1,26.52,1,24.25,6,5
3,0,3,0,1,38.03,1,49.81,1,19.29,3,3
5,0,4,0,1,27.46,1,39.81,1,27.91,5,4
10,2,15,2,0,-inf,0,-inf,1,30.21,8,13
3,0,6,1,0,24.70,1,37.82,1,19.47,3,5
5,0,3,0,1,29.68,1,42.02,1,22.03,5,3
3,0,6,0,1,25.83,1,38.16,1,22.70,3,6
5,0,5,0,1,21.09,1,34.20,1,24.40,5,5
6,0,2,0,1,28.29,1,41.40,1,22.07,6,2
2,0,4,0,1,38.14,1,49.75,1,18.95,2,4
4,0,5,0,1,27.93,1,40.04,1,27.09,4,5
7,1,3,1,0,22.49,1,36.17,1,25.13,6,2
6,0,7,2,0,8.27,0,21.71,1,24.15,6,5
2,0,5,0,1,34.36,1,45.68,1,20.88,2,5
2,0,4,1,0,38.49,1,49.95,1,19.57,2,3
1,0,3,0,1,47.08,1,56.97,0,-88.67,1,3
2,0,3,0,1,42.24,1,53.47,1,15.22,2,3
5,0,5,0,1,22.05,1,34.56,1,22.91,5,5
3,2,8,1,0,-inf,0,29.36,0,22.08,1,7
12,1,3,1,0,-inf,1,24.93,1,28.25,11,2
9,0,5,0,1,10.52,1,19.67,1,24.97,9,5
4,0,6,0,1,20.76,1,34.02,1,22.51,4,6
8,0,5,1,1,11.54,1,22.83,1,25.18,8,4
4,0,12,0,1,14.82,1,21.12,1,27.47,4,12
7,0,5,0,1,15.18,1,26.96,1,23.17,7,5
0,0,5,0,1,42.38,1,49.07,0,-88.65,0,5
4,0,1,0,1,42.94,1,53.29,0,-87.54,4,1
4,0,5,0,1,28.14,1,40.11,1,27.42,4,5
5,1,4,0,0,25.25,1,38.16,1,24.03,4,4
4,0,1,0,1,42.49,1,53.11,0,-87.09,4,1
5,0,6,1,0,18.34,1,30.76,1,23.98,5,5
1,0,9,1,0,-inf,1,35.70,0,-82.88,1,8
6,0,5,1,0,16.90,1,30.09,1,23.64,6,4
6,1,6,0,0,13.48,1,27.06,1,25.44,5,6
3,0,4,1,0,34.13,1,46.16,1,22.96,3,3
4,0,7,1,0,17.12,1,29.98,1,23.01,4,6
6,0,3,0,1,25.48,1,38.20,1,20.48,6,3
1,0,7,0,1,32.44,1,42.95,0,-83.69,1,7
3,0,4,1,0,34.29,1,46.37,1,19.72,3,3
3,0,5,1,0,30.08,1,42.32,1,23.68,3,4
8,0,6,0,1,6.46,1,18.68,1,24.99,8,6
6,0,3,0,1,25.66,1,38.09,1,24.23,6,3
5,1,4,0,0,25.56,1,38.08,1,22.56,4,4
2,0,4,1,0,38.10,1,49.61,1,16.83,2,3
1,0,3,0,1,47.01,1,57.02,0,-90.09,1,3
2,0,9,1,0,-inf,1,30.67,1,22.09,2,8
3,1,5,1,0,29.95,1,42.10,1,18.28,2,4
5,0,6,0,1,17.62,1,30.47,1,24.29,5,6
5,0,7,2,0,12.18,0,26.33,1,24.53,5,5
4,0,2,0,1,38.77,1,49.93,1,19.09,4,2
1,0,5,0,1,40.60,1,50.94,0,-84.50,1,5
3,0,7,1,0,22.31,1,35.55,1,26.02,3,6
6,0,5,0,1,15.23,1,29.82,1,22.87,6,5
3,1,5,0,1,29.38,1,42.05,1,21.89,2,5
3,0,2,0,1,42.55,1,53.66,1,17.79,3,2
5,0,3,0,1,29.68,1,42.32,1,23.22,5,3
6,0,4,0,1,24.28,1,36.15,1,24.09,6,4
4,0,5,0,1,25.95,1,38.43,1,23.77,4,5
1,0,6,0,1,34.47,1,45.16,0,-86.38,1,6
8,0,5,0,1,10.41,1,22.86,1,24.14,8,5
11,0,4,1,0,14.88,1,22.14,1,25.59,11,3
3,0,6,0,1,29.68,1,41.56,1,25.85,3,6
2,0,6,1,0,29.85,1,41.81,1,19.31,2,5
4,0,2,0,1,38.11,1,49.64,1,18.64,4,2
7,0,5,0,1,14.29,1,26.95,1,23.11,7,5
2,1,3,0,0,42.66,1,53.68,0,19.26,1,3
9,2,5,0,0,-inf,0,19.46,1,24.02,7,5
6,1,4,1,0,20.96,1,33.93,1,23.48,5,3
4,1,3,0,1,33.93,1,46.13,1,20.55,3,3
1,0,6,0,1,34.61,1,45.28,0,-86.66,1,6
2,0,1,0,1,51.18,1,60.70,0,-90.91,2,1
6,0,4,0,1,22.47,1,34.87,1,22.96,6,4
4,0,6,0,1,23.25,1,36.10,1,27.03,4,6
3,0,4,0,1,33.91,1,46.20,1,23.79,3,4
7,0,7,2,0,5.58,1,18.68,1,25.63,7,5
3,0,2,2,0,42.55,0,53.63,0,11.89,3,0
1,0,7,2,0,29.77,0,41.08,0,-86.27,1,5
6,0,5,1,0,16.25,1,30.11,1,23.10,6,4
6,0,5,1,0,18.24,1,30.46,1,24.16,6,4
4,0,5,0,1,25.88,1,38.41,1,24.09,4,5
3,0,4,0,1,34.69,1,46.57,1,21.82,3,4
5,0,7,0,1,12.65,1,26.45,1,24.55,5,7
3,0,8,0,1,18.98,1,30.61,1,23.03,3,8
1,0,6,0,1,32.30,1,44.72,0,-86.82,1,6
7,0,6,0,1,9.39,1,22.76,1,25.56,7,6
5,0,7,1,0,12.00,1,26.53,1,25.78,5,6
3,0,5,1,1,30.38,1,42.07,1,21.26,3,4
2,0,3,0,1,42.65,1,53.65,1,20.14,2,3
6,0,4,0,1,21.81,1,34.36,1,23.74,6,4
4,0,6,0,1,21.07,1,34.01,1,24.15,4,6
5,1,3,0,0,30.55,1,42.35,1,19.08,4,3
7,0,11,0,1,3.58,1,10.67,1,32.56,7,11
5,0,3,0,1,29.58,1,41.76,1,23.11,5,3
4,0,5,0,1,25.68,1,38.26,1,23.83,4,5
4,0,10,0,1,14.45,1,21.89,1,23.11,4,10
7,0,3,0,1,21.10,1,34.10,1,24.38,7,3
4,1,3,1,0,34.21,1,46.14,1,21.81,3,2
7,1,6,0,0,8.04,1,22.05,1,25.33,6,6
2,0,8,1,0,-inf,1,34.55,1,19.35,2,7
5,0,4,0,1,25.31,1,38.41,1,21.78,5,4
5,1,5,0,0,21.50,1,34.24,1,24.17,4,5
4,0,6,0,1,21.36,1,33.97,1,24.09,4,6
5,0,1,0,1,38.36,1,49.18,0,-87.84,5,1
7,0,9,0,1,2.00,1,12.80,1,26.07,7,9
7,0,3,0,1,21.78,1,33.24,1,23.03,7,3
10,1,9,0,0,1.00,1,9.56,1,33.38,9,9
1,0,1,0,1,55.59,1,64.00,0,-198.00,1,1
10,1,5,0,0,-inf,1,19.34,1,27.51,9,5
4,1,1,0,0,42.70,1,53.06,0,-88.37,3,1
5,0,5,1,0,19.82,1,33.82,1,23.41,5,4
1,0,3,0,1,49.01,1,58.05,0,-83.26,1,3
6,0,11,0,1,7.49,1,14.23,1,26.47,6,11
3,0,4,0,1,34.01,1,46.11,1,22.41,3,4
3,0,7,1,0,25.26,1,35.78,1,26.30,3,6
7,0,5,1,0,13.80,1,26.86,1,24.49,7,4
1,0,4,0,1,42.74,1,53.19,0,-88.10,1,4
5,0,6,1,0,19.91,1,32.46,1,26.99,5,5
6,0,3,0,1,24.36,1,37.57,1,22.36,6,3
4,0,4,0,1,29.66,1,42.13,1,21.98,4,4
4,0,3,1,0,33.92,1,46.03,1,20.54,4,2
6,0,9,0,1,6.17,1,16.47,1,24.86,6,9
8,1,3,0,0,22.87,1,34.16,1,27.74,7,3
4,0,4,1,0,29.57,1,42.05,1,22.10,4,3
8,0,6,0,1,8.46,1,19.65,1,26.04,8,6
6,1,1,0,0,33.09,1,45.15,0,-86.88,5,1
6,1,3,0,0,25.50,1,38.17,1,20.84,5,3
3,1,1,0,0,46.95,1,57.03,0,-88.78,2,1
10,2,8,4,0,-inf,0,-inf,1,26.87,8,4
2,0,2,0,1,47.13,1,57.45,1,17.90,2,2
4,0,1,0,1,42.55,1,53.16,0,-88.99,4,1
8,0,5,0,1,12.08,1,23.10,1,25.94,8,5
6,1,4,0,0,20.89,1,34.22,1,23.26,5,4
3,1,2,0,0,42.62,1,53.72,1,19.01,2,2
1,0,5,0,1,38.46,1,49.21,0,-86.63,1,5
4,0,3,0,1,33.81,1,46.09,1,23.00,4,3
5,0,15,3,0,-inf,0,-inf,1,31.45,5,12
12,0,3,0,1,19.22,1,25.01,1,25.66,12,3
4,1,5,2,0,24.90,1,38.26,1,21.68,3,3
8,0,2,0,1,24.55,1,34.93,1,20.38,8,2
6,1,6,2,0,13.47,1,26.53,1,23.20,5,4
3,1,7,0,0,20.01,1,33.54,1,21.19,2,7
6,1,3,0,0,24.67,1,37.89,1,22.92,5,3
6,0,9,1,0,-inf,1,16.93,1,26.55,6,8
1,0,11,0,1,27.71,1,32.00,0,-82.75,1,11
7,0,3,0,1,22.30,1,35.18,1,22.71,7,3
7,0,3,0,1,22.93,1,34.97,1,23.37,7,3
3,0,3,0,1,38.80,1,50.20,1,17.46,3,3
7,1,6,0,1,11.09,1,23.01,1,24.71,6,6
5,1,4,0,0,26.12,1,38.41,1,21.67,4,4
1,0,3,0,1,47.11,1,57.10,0,-90.09,1,3
6,2,8,0,0,6.13,1,18.16,1,24.68,4,8
7,0,4,0,1,16.69,1,30.24,1,23.75,7,4
7,0,4,0,1,19.44,1,32.21,1,29.38,7,4
4,0,1,0,1,42.27,1,52.84,0,-88.20,4,1
3,0,5,0,1,29.43,1,41.86,1,22.96,3,5
10,0,3,0,1,19.00,1,24.89,1,24.33,10,3
3,0,5,0,1,32.24,1,43.71,1,24.69,3,5
6,0,2,1,0,31.88,1,43.51,0,18.71,6,1
8,0,5,1,0,11.56,1,22.53,1,25.21,8,4
3,0,4,2,0,34.52,1,46.32,1,20.88,3,2
5,1,4,1,0,25.57,1,38.26,1,22.94,4,3
5,0,4,0,1,27.24,1,39.79,1,26.63,5,4
11,0,11,2,0,-inf,0,-inf,1,28.73,11,9
5,1,5,0,0,22.99,1,35.82,1,27.28,4,5
7,1,7,0,0,8.49,1,20.52,1,28.98,6,7
6,1,4,0,0,23.78,1,35.96,1,26.16,5,4
5,0,4,1,0,25.26,1,38.23,1,21.35,5,3
5,0,2,0,1,34.03,1,45.97,1,19.69,5,2
6,0,1,0,1,34.34,1,44.75,0,-86.42,6,1
4,1,6,0,0,21.06,1,34.07,1,23.14,3,6
3,0,6,0,1,25.68,1,38.31,1,21.91,3,6
4,1,4,0,0,29.78,1,42.20,1,19.59,3,4
4,0,4,0,1,30.15,1,42.24,1,22.11,4,4
7,0,5,0,1,14.65,1,26.61,1,26.02,7,5
9,1,5,0,0,-inf,1,17.93,1,26.46,8,5
7,0,3,0,1,23.04,1,34.64,1,23.53,7,3
9,1,9,0,0,-inf,1,5.70,1,29.41,8,9
6,1,2,0,1,30.15,1,41.84,1,20.78,5,2
5,0,9,0,1,14.00,1,21.83,1,30.47,5,9
6,0,3,0,1,26.27,1,38.27,1,18.63,6,3
4,0,5,1,0,25.33,1,38.14,1,22.50,4,4
9,1,3,0,0,-inf,1,28.16,1,24.00,8,3
4,0,7,0,1,17.01,1,30.07,1,23.52,4,7
7,0,0,0,1,34.32,1,41.39,0,-85.92,7,0
7,0,8,1,0,-inf,1,14.18,1,26.49,7,7
6,0,7,1,0,8.98,1,22.24,1,24.81,6,6
8,1,7,0,0,-inf,1,15.65,1,25.47,7,7
4,0,4,0,1,29.77,1,42.31,1,23.13,4,4
6,1,4,0,1,22.28,1,34.74,1,21.32,5,4
5,0,5,0,1,21.13,1,34.09,1,21.77,5,5
2,0,6,1,0,29.76,1,41.66,1,20.34,2,5
1,0,5,0,1,37.81,1,49.21,0,-87.31,1,5
5,2,8,2,0,-inf,0,21.21,1,25.51,3,6
4,0,2,0,1,38.32,1,49.76,1,22.05,4,2
5,1,9,1,0,-inf,1,20.54,1,27.32,4,8
9,0,4,0,1,15.72,1,24.79,1,26.01,9,4
7,1,5,1,0,15.58,1,28.48,1,27.27,6,4
3,0,7,0,1,22.66,1,34.65,1,23.37,3,7
6,0,5,1,0,17.93,1,30.73,1,23.82,6,4
8,0,6,1,0,10.83,1,22.55,1,30.19,8,5
6,0,5,0,1,17.58,1,31.48,1,25.05,6,5
3,0,6,0,1,27.76,1,39.11,1,28.48,3,6
5,0,3,0,1,29.01,1,41.71,1,22.20,5,3
5,1,4,1,0,27.47,1,39.61,1,25.80,4,3
1,0,3,0,1,46.68,1,56.89,0,-89.09,1,3
10,0,5,0,1,10.42,1,18.96,1,26.58,10,5
4,0,5,0,1,26.53,1,39.55,1,26.59,4,5
3,1,7,0,0,22.27,1,34.14,1,22.15,2,7
16,0,6,1,0,5.91,1,13.04,1,28.24,16,5
4,0,4,0,1,29.88,1,42.31,1,22.66,4,4
5,0,5,0,1,20.44,1,34.16,1,23.71,5,5
3,0,5,0,1,29.61,1,41.96,1,19.68,3,5
4,0,3,0,1,34.20,1,46.13,1,18.67,4,3
4,0,1,0,1,42.46,1,53.08,0,-88.21,4,1
7,0,7,1,0,6.34,1,18.50,1,25.21,7,6
2,0,3,0,1,42.49,1,53.66,1,17.82,2,3
1,0,2,1,0,51.33,1,60.72,0,-89.98,1,1
8,1,3,0,0,-inf,1,30.40,1,22.58,7,3
4,0,6,0,1,23.62,1,35.81,1,25.63,4,6
7,0,6,0,1,7.75,1,22.27,1,24.67,7,6
6,0,3,1,0,26.00,1,38.68,1,20.64,6,2
3,1,4,1,0,33.88,1,45.74,1,22.17,2,3
7,0,2,0,1,28.93,1,39.82,1,24.62,7,2
5,0,2,0,1,34.80,1,46.21,1,22.56,5,2
10,0,4,0,1,17.19,1,25.25,1,30.60,10,4
2,0,2,1,0,46.93,1,57.42,0,16.63,2,1
5,1,2,1,0,35.82,1,47.39,0,24.55,4,1
3,1,1,0,0,46.82,1,56.96,0,-89.96,2,1
4,0,7,0,1,17.59,1,30.49,1,23.65,4,7
5,0,3,0,1,32.08,1,43.65,1,23.06,5,3
11,1,4,0,0,-inf,1,22.10,1,27.70,10,4
6,1,8,0,0,7.34,1,19.29,1,25.90,5,8
5,0,2,0,1,34.35,1,45.94,1,22.01,5,2
4,0,8,0,1,15.78,1,27.16,1,24.69,4,8
5,0,4,0,1,25.71,1,38.29,1,22.22,5,4
3,1,2,0,0,42.85,1,53.78,1,18.05,2,2
3,0,1,0,1,46.76,1,56.95,0,-89.77,3,1
10,0,5,0,1,10.79,1,18.47,1,25.68,10,5
5,0,1,0,1,39.04,1,49.36,0,-86.71,5,1
7,0,1,0,1,32.09,1,41.68,0,-86.27,7,1
3,1,3,0,0,37.71,1,49.62,1,21.68,2,3
3,1,4,2,0,34.23,0,46.31,1,17.21,2,2
3,0,5,0,1,29.96,1,42.14,1,19.33,3,5
7,1,4,0,0,-inf,1,29.82,1,23.28,6,4
1,0,8,0,1,32.08,1,40.23,0,-82.86,1,8
3,0,4,0,1,34.38,1,46.20,1,21.02,3,4
9,3,1,0,0,-inf,0,33.00,0,-85.41,6,1
9,0,5,0,1,10.26,1,20.04,1,26.29,9,5
4,0,7,0,1,16.93,1,29.98,1,22.99,4,7
5,0,4,1,0,25.26,1,38.28,1,23.71,5,3
5,0,2,0,1,34.07,1,45.86,1,20.84,5,2
4,1,9,2,0,-inf,1,21.25,1,22.32,3,7
6,0,8,0,1,11.53,1,21.96,1,29.82,6,8
8,3,7,0,0,-inf,0,13.01,1,25.43,5,7
6,1,4,1,0,23.54,1,35.70,1,27.21,5,3
2,1,7,0,0,25.84,1,37.82,0,19.55,1,7
1,0,5,1,0,38.44,1,49.06,0,-87.18,1,4
3,1,5,2,0,30.15,0,42.32,1,21.12,2,3
4,0,6,1,0,21.69,1,35.22,1,28.00,4,5
6,0,5,0,1,19.82,1,32.31,1,26.87,6,5
0,0,5,0,1,42.79,1,49.29,0,-87.23,0,5
3,1,10,1,0,-inf,1,26.01,1,24.25,2,9
2,0,4,2,0,37.92,0,49.64,1,17.91,2,2
3,0,5,0,1,30.45,1,42.44,1,21.93,3,5
11,1,6,1,0,-inf,1,13.15,1,25.77,10,5
5,0,5,0,1,22.50,1,35.15,1,23.30,5,5
5,0,7,0,1,15.19,1,27.35,1,24.28,5,7
5,1,3,1,0,29.84,1,41.97,1,21.95,4,2
5,0,9,0,1,10.86,1,20.98,1,27.04,5,9
2,0,7,1,1,25.51,1,37.51,1,20.62,2,6
5,0,4,0,1,25.27,1,38.09,1,23.20,5,4
1,0,8,2,0,28.77,0,38.39,0,-85.49,1,6
7,1,6,0,0,10.55,1,23.03,1,24.63,6,6
11,1,1,0,0,-inf,1,32.00,0,-82.49,10,1
0,0,4,0,1,46.75,1,53.01,0,-88.24,0,4
5,0,5,0,1,21.85,1,34.53,1,23.85,5,5
6,0,5,0,1,21.25,1,34.00,1,28.85,6,5
6,1,4,0,0,20.66,1,34.16,1,23.20,5,4
5,1,2,0,1,33.82,1,45.77,1,18.15,4,2
4,1,5,0,0,26.25,1,38.44,1,23.46,3,5
2,0,6,0,1,29.82,1,41.62,1,19.69,2,6
3,0,3,0,1,39.03,1,50.36,1,20.36,3,3
2,1,6,0,0,32.21,1,43.64,0,23.22,1,6
4,0,5,0,1,26.12,1,38.52,1,22.16,4,5
7,1,2,1,0,25.74,1,38.51,0,18.41,6,1
5,1,4,0,0,26.01,1,38.44,1,22.95,4,4
3,0,4,0,1,34.40,1,46.26,1,21.49,3,4
10,1,1,1,0,-inf,1,33.00,0,-85.09,9,0
7,2,3,1,0,20.01,0,33.70,1,20.02,5,2
5,1,5,0,0,22.10,1,34.64,1,23.86,4,5
4,1,2,0,0,38.72,1,49.95,1,17.78,3,2
2,0,3,0,1,42.41,1,53.57,1,18.36,2,3
3,0,4,0,1,34.28,1,46.18,1,20.92,3,4
7,0,6,0,1,10.39,1,22.75,1,24.09,7,6
5,0,5,0,1,21.09,1,34.05,1,23.77,5,5
4,0,3,1,0,34.20,1,46.13,1,18.82,4,2
2,0,5,0,1,33.87,1,45.86,1,16.77,2,5
7,1,7,0,0,9.20,1,20.97,1,29.15,6,7
1,0,3,0,1,46.79,1,56.93,0,-90.06,1,3
5,0,5,0,1,21.10,1,34.40,1,24.12,5,5
4,0,8,0,1,17.56,1,28.86,1,28.09,4,8
7,2,6,1,0,7.00,0,22.66,1,24.95,5,5
9,1,2,0,1,24.31,1,33.02,1,21.55,8,2
6,1,2,0,0,31.22,1,43.28,1,21.88,5,2
1,0,4,0,1,42.44,1,53.01,0,-87.62,1,4
1,0,3,0,1,46.85,1,56.98,0,-88.81,1,3
3,1,3,0,0,38.17,1,49.91,1,19.29,2,3
6,0,2,1,0,29.51,1,41.69,0,17.59,6,1
4,0,9,0,1,16.00,1,24.19,1,24.60,4,9
3,0,3,0,1,38.32,1,50.02,1,20.73,3,3
10,1,7,0,0,-inf,1,10.97,1,29.38,9,7
6,1,5,0,0,17.17,1,30.34,1,22.94,5,5
5,0,2,0,1,33.71,1,45.89,1,16.71,5,2
4,0,7,0,1,16.78,1,30.32,1,23.85,4,7
6,1,8,2,0,7.32,0,19.25,1,23.83,5,6
4,0,4,1,0,30.09,1,42.43,1,21.17,4,3
9,0,8,1,0,1.00,1,7.73,1,25.70,9,7
6,0,3,1,0,29.77,1,41.65,1,25.86,6,2
3,0,6,2,0,25.91,0,38.07,1,21.77,3,4
4,0,1,0,1,44.98,1,54.62,0,-83.76,4,1
5,1,5,1,0,20.43,1,34.16,1,22.95,4,4
1,0,1,0,1,55.45,1,64.00,0,-198.00,1,1
0,0,5,0,1,45.07,1,50.86,0,-82.86,0,5
7,0,2,0,1,26.40,1,38.10,1,21.06,7,2
5,0,7,1,0,15.16,1,27.84,1,26.81,5,6
5,1,3,0,0,29.64,1,42.36,1,20.84,4,3
4,0,7,2,0,17.70,0,30.57,1,23.95,4,5
7,0,10,1,0,-inf,1,10.15,1,26.76,7,9
3,0,4,0,1,34.07,1,46.12,1,19.24,3,4
13,1,4,0,0,-inf,1,21.14,1,25.91,12,4
2,0,4,0,1,38.50,1,49.88,1,16.85,2,4
2,0,4,0,1,40.51,1,51.20,1,24.23,2,4
6,0,1,0,1,35.66,1,46.68,0,-83.47,6,1
1,0,2,0,1,51.18,1,60.67,0,-88.89,1,2
4,1,9,0,0,15.82,1,25.45,1,25.35,3,9
5,0,5,0,1,20.86,1,34.10,1,23.44,5,5
5,1,2,0,0,33.56,1,45.82,1,21.57,4,2
7,3,2,0,0,-inf,0,37.29,1,19.84,4,2
2,2,8,0,0,23.25,0,34.50,0,18.76,0,8
5,2,4,1,0,25.47,0,38.29,1,20.35,3,3
3,0,5,0,1,30.20,1,42.21,1,23.57,3,5
1,0,4,0,1,42.46,1,53.02,0,-88.29,1,4
5,0,4,0,1,25.64,1,38.27,1,22.06,5,4
3,0,5,0,1,29.43,1,42.05,1,22.95,3,5
4,2,9,0,0,14.89,1,24.14,1,24.25,2,9
5,1,8,1,0,-inf,1,22.34,1,25.55,4,7
7,1,2,0,0,25.53,1,37.74,1,19.98,6,2
1,0,2,0,1,51.24,1,60.70,0,-88.41,1,2
6,1,5,1,0,17.49,1,30.27,1,23.86,5,4
2,0,5,0,1,35.04,1,46.09,1,17.52,2,5
8,0,4,0,1,16.57,1,26.80,1,28.16,8,4
4,0,5,0,1,24.81,1,38.03,1,24.51,4,5
5,0,6,1,0,19.14,1,32.00,1,27.64,5,5
4,1,7,0,1,17.31,1,30.50,1,23.00,3,7
5,0,3,1,0,29.80,1,42.16,1,22.41,5,2
5,1,4,1,0,25.74,1,38.49,1,23.20,4,3
6,0,6,0,1,11.54,1,26.45,1,24.46,6,6
3,0,4,0,1,34.49,1,46.24,1,20.91,3,4
3,0,6,0,1,29.21,1,40.65,1,33.36,3,6
7,0,0,0,1,37.91,1,43.43,0,-84.00,7,0
2,0,3,0,1,42.47,1,53.60,1,18.81,2,3
2,0,3,0,1,42.36,1,53.49,1,20.44,2,3
5,0,2,0,1,33.59,1,45.88,1,17.82,5,2
3,0,6,0,1,26.70,1,38.42,1,22.27,3,6
2,1,4,0,0,38.22,1,49.82,0,17.60,1,4
5,0,3,0,1,31.38,1,43.31,1,24.33,5,3
7,0,3,0,1,22.10,1,34.40,1,23.83,7,3
7,1,1,0,0,31.06,1,41.63,0,-85.85,6,1
8,0,5,2,0,12.21,0,23.23,1,24.85,8,3
2,0,6,0,1,29.56,1,41.92,1,18.86,2,6
6,1,4,1,0,22.56,1,34.74,1,21.72,5,3
3,0,3,0,1,38.14,1,49.85,1,20.63,3,3
3,0,2,0,1,42.38,1,53.56,1,17.87,3,2
4,1,4,0,0,29.82,1,42.25,1,21.71,3,4
10,1,2,0,0,-inf,1,29.73,1,19.99,9,2
9,0,1,0,1,27.74,1,34.81,0,-84.55,9,1
2,0,1,1,0,51.29,1,60.74,0,-91.45,2,0
4,1,4,0,0,28.90,1,41.82,1,21.51,3,4
1,0,4,2,0,42.80,0,53.18,0,-88.04,1,2
0,0,6,0,1,40.57,1,46.92,0,-82.69,0,6
2,0,2,0,1,47.01,1,57.43,1,14.40,2,2
3,1,8,1,0,-inf,1,28.83,1,23.64,2,7
7,0,1,0,1,31.62,1,42.83,0,-82.78,7,1
4,0,2,0,1,38.27,1,49.68,1,20.21,4,2
5,0,3,0,1,29.79,1,42.23,1,22.79,5,3
7,1,4,0,0,17.02,1,30.38,1,23.91,6,4
6,0,3,1,0,28.38,1,39.85,1,22.44,6,2
4,0,4,0,1,29.11,1,42.00,1,21.49,4,4
3,0,2,0,1,44.55,1,54.65,1,22.50,3,2
5,0,2,1,0,34.30,1,45.94,0,19.35,5,1
4,1,8,0,0,14.46,1,25.97,1,23.37,3,8
9,1,3,0,0,-inf,1,26.62,1,23.22,8,3
4,0,5,1,0,25.87,1,38.74,1,23.12,4,4
8,0,2,1,0,26.08,1,36.61,0,20.50,8,1
7,1,9,0,0,3.32,1,12.85,1,25.93,6,9
5,1,5,0,1,21.01,1,34.24,1,23.94,4,5
3,1,1,0,0,46.78,1,57.00,0,-90.36,2,1
5,0,6,0,1,17.48,1,30.48,1,23.70,5,6
3,0,3,0,1,38.34,1,50.01,1,21.09,3,3
5,0,2,0,1,33.96,1,45.79,1,20.13,5,2
3,0,3,0,1,38.56,1,50.13,1,19.43,3,3
4,1,7,0,0,17.48,1,30.54,1,24.03,3,7
3,0,2,0,1,42.61,1,53.67,1,18.82,3,2
6,1,5,1,0,17.67,1,30.20,1,23.39,5,4
4,0,4,0,1,30.38,1,42.59,1,21.52,4,4
3,1,4,0,0,33.79,1,46.03,1,19.75,2,4
9,1,5,0,0,-inf,1,19.12,1,25.01,8,5
5,0,8,1,0,12.93,1,24.61,1,26.76,5,7
4,0,5,0,1,25.59,1,38.36,1,22.82,4,5
7,0,3,0,1,21.82,1,34.43,1,24.12,7,3
5,0,8,1,0,-inf,1,22.91,1,24.46,5,7
8,0,9,1,0,-inf,1,7.39,1,26.55,8,8
2,0,6,1,0,29.01,1,41.92,1,21.51,2,5
1,0,3,0,1,47.09,1,57.06,0,-90.05,1,3
5,0,8,0,1,10.64,1,22.47,1,25.58,5,8
5,0,3,0,1,31.78,1,43.69,1,24.66,5,3
5,0,3,0,1,29.72,1,42.26,1,21.94,5,3
3,0,6,0,1,28.24,1,40.15,1,26.51,3,6
5,1,5,0,0,21.05,1,33.94,1,22.69,4,5
6,0,7,0,1,11.92,1,25.48,1,28.17,6,7
3,0,6,0,1,26.48,1,38.41,1,21.28,3,6
4,0,8,1,0,-inf,1,26.93,1,25.06,4,7
7,0,4,1,1,18.50,1,30.67,1,22.57,7,3
1,0,3,1,0,47.06,1,57.01,0,-88.67,1,2
4,0,4,1,0,29.50,1,41.99,1,21.06,4,3
6,0,2,1,0,31.69,1,43.23,0,23.37,6,1
4,0,2,0,1,38.29,1,49.83,1,15.67,4,2
5,0,7,0,1,13.54,1,26.04,1,24.46,5,7
5,0,6,1,0,19.41,1,32.04,1,27.21,5,5
3,0,11,0,1,19.18,1,26.57,1,26.38,3,11
5,1,10,0,0,10.17,1,19.95,1,26.32,4,10
3,0,7,1,0,-inf,1,33.58,1,23.45,3,6
7,1,4,1,0,17.03,1,29.78,1,21.48,6,3
7,0,4,0,1,18.76,1,30.55,1,23.62,7,4
2,0,6,0,1,30.76,1,42.31,1,20.75,2,6
4,0,7,1,0,17.99,1,30.27,1,23.69,4,6
2,0,5,1,1,34.32,1,46.23,1,19.19,2,4
2,0,6,0,1,32.57,1,43.62,1,21.94,2,6
5,0,5,0,1,21.02,1,34.19,1,23.36,5,5
10,1,7,0,0,-inf,1,9.11,1,26.92,9,7
5,0,3,0,1,29.55,1,42.15,1,21.70,5,3
7,0,7,1,0,7.00,1,19.00,1,25.10,7,6
9,1,6,0,0,-inf,1,13.12,1,26.08,8,6
7,0,6,1,0,11.52,1,24.60,1,27.29,7,5
7,2,5,0,0,-inf,0,25.72,1,23.88,5,5
3,0,8,1,0,-inf,1,30.75,1,23.37,3,7
7,1,1,0,1,32.28,1,42.06,0,-85.60,6,1
2,0,4,1,0,38.55,1,49.91,1,17.20,2,3
4,0,9,2,0,-inf,0,23.96,1,26.09,4,7
5,0,3,0,1,29.46,1,41.68,1,21.54,5,3
4,0,4,0,1,29.95,1,42.21,1,23.11,4,4
2,0,4,0,1,38.63,1,49.85,1,19.35,2,4
4,0,9,1,0,-inf,1,23.54,1,23.69,4,8
2,0,7,0,1,25.93,1,37.15,1,19.80,2,7
4,0,4,0,1,29.61,1,42.30,1,22.90,4,4
4,0,2,0,1,39.12,1,50.34,1,16.51,4,2
0,0,6,1,0,38.81,1,45.45,0,-85.99,0,5
5,0,7,1,0,14.26,1,28.00,1,28.46,5,6
7,0,3,0,1,20.35,1,33.89,1,21.55,7,3
5,2,8,1,0,11.56,0,23.55,1,25.17,3,7
6,0,3,0,1,24.59,1,38.20,1,23.57,6,3
8,1,6,2,0,-inf,0,19.46,1,26.21,7,4
6,0,3,1,0,26.02,1,38.29,1,22.62,6,2
8,2,3,0,0,-inf,0,30.50,1,23.26,6,3
3,0,4,1,0,33.91,1,46.04,1,19.12,3,3
0,0,6,2,0,38.49,0,45.17,0,-87.25,0,4
6,0,3,1,0,26.36,1,38.69,1,19.28,6,2
7,0,5,0,1,15.14,1,27.87,1,27.56,7,5
3,1,6,0,0,25.50,1,38.27,1,20.88,2,6
5,1,5,1,0,21.07,1,34.13,1,23.60,4,4
5,0,4,0,1,28.27,1,39.80,1,27.43,5,4
3,0,8,1,0,-inf,1,29.26,1,23.28,3,7
6,0,5,0,1,20.38,1,32.02,1,28.50,6,5
6,0,5,1,0,17.20,1,30.64,1,25.02,6,4
4,1,7,0,0,17.37,1,30.05,1,22.85,3,7
6,0,5,0,1,18.29,1,30.46,1,23.74,6,5
1,0,11,1,1,27.72,1,32.00,0,-84.42,1,10
5,1,6,0,0,19.48,1,32.16,1,25.45,4,6
4,0,4,0,1,31.80,1,43.64,1,26.04,4,4
5,1,4,0,0,25.67,1,38.41,1,22.24,4,4
4,0,3,0,1,33.86,1,46.11,1,20.44,4,3
10,0,7,1,0,0.00,1,12.49,1,28.71,10,6
0,0,3,1,0,51.38,1,57.09,0,-91.83,0,2
2,1,5,0,0,33.59,1,45.66,0,17.54,1,5
2,0,4,0,1,38.34,1,49.80,1,19.02,2,4
6,0,2,0,1,32.62,1,41.92,1,27.70,6,2
4,0,6,1,0,21.81,1,34.35,1,23.24,4,5
5,0,9,0,1,10.63,1,20.24,1,25.04,5,9
5,0,6,2,0,18.45,0,30.67,1,22.91,5,4
7,0,10,1,0,-inf,1,9.23,1,25.70,7,9
5,0,4,0,1,25.56,1,38.27,1,22.57,5,4
7,0,5,1,0,12.40,1,26.22,1,24.50,7,4
8,1,1,0,0,-inf,1,37.93,0,-82.63,7,1
3,0,4,0,1,34.16,1,46.19,1,19.97,3,4
4,0,8,0,1,16.01,1,28.33,1,26.98,4,8
9,0,2,0,1,23.37,1,32.75,1,21.75,9,2
2,0,4,0,1,38.49,1,49.86,1,19.67,2,4
5,1,5,1,0,21.15,1,34.00,1,22.91,4,4
5,0,3,1,0,29.58,1,42.08,1,21.11,5,2
5,2,2,0,0,33.77,0,45.96,1,19.04,3,2
6,0,4,1,0,21.18,1,34.54,1,23.77,6,3
4,0,8,0,1,16.34,1,28.44,1,25.50,4,8
3,0,7,0,1,23.17,1,34.55,1,24.59,3,7
4,0,5,0,1,25.48,1,38.25,1,22.19,4,5
5,0,5,1,1,22.73,1,35.74,1,27.18,5,4
1,0,4,0,1,42.85,1,53.23,0,-87.62,1,4
5,1,4,1,0,25.38,1,38.34,1,22.62,4,3
5,0,5,0,1,21.08,1,34.34,1,23.63,5,5
3,1,4,1,0,33.94,1,45.99,1,18.98,2,3
5,0,2,0,1,33.77,1,45.71,1,19.04,5,2
5,0,6,1,1,18.08,1,30.75,1,25.57,5,5
5,0,5,0,1,22.40,1,34.89,1,23.53,5,5
4,1,7,2,0,16.68,0,29.84,1,23.87,3,5
2,0,4,1,0,38.37,1,49.84,1,19.18,2,3
4,1,5,0,0,26.43,1,38.65,1,22.24,3,5
1,0,6,0,1,34.04,1,45.03,0,-86.51,1,6
7,0,4,0,1,19.68,1,30.75,1,22.39,7,4
8,1,5,0,1,11.78,1,23.23,1,23.86,7,5
4,0,3,0,1,33.92,1,46.00,1,22.23,4,3
2,0,3,1,1,42.76,1,53.72,1,16.02,2,2
4,1,5,2,0,24.39,0,37.77,1,21.01,3,3
8,1,3,0,0,-inf,1,31.59,1,27.91,7,3
7,0,5,1,0,12.50,1,26.12,1,24.71,7,4
5,1,4,0,0,27.79,1,39.88,1,24.20,4,4
5,0,5,0,1,21.25,1,34.48,1,23.08,5,5
5,0,6,0,1,18.03,1,30.56,1,25.07,5,6
5,0,3,0,1,29.95,1,42.23,1,19.97,5,3
6,0,6,0,1,12.40,1,26.02,1,25.25,6,6
3,1,9,1,0,-inf,1,27.39,1,25.57,2,8
1,0,3,0,1,46.89,1,57.07,0,-90.11,1,3
3,0,5,0,1,30.26,1,42.23,1,20.55,3,5
5,0,8,2,0,-inf,0,21.17,1,25.93,5,6
5,0,3,0,1,29.80,1,42.17,1,22.50,5,3
6,0,7,3,0,7.32,0,21.72,1,25.17,6,4
4,0,2,0,1,38.30,1,49.89,1,19.43,4,2
7,1,1,0,0,-inf,1,41.00,0,-86.32,6,1
5,1,5,0,0,21.08,1,34.43,1,24.09,4,5
7,1,5,1,0,15.48,1,28.42,1,27.63,6,4
5,0,8,0,1,11.11,1,23.37,1,25.97,5,8
4,0,5,1,0,25.29,1,38.14,1,22.49,4,4
3,2,2,0,0,42.49,0,53.58,0,16.14,1,2
7,1,5,0,0,-inf,1,25.32,1,24.40,6,5
4,0,4,0,1,30.08,1,42.48,1,21.27,4,4
3,0,7,0,1,22.26,1,34.15,1,20.75,3,7
2,0,4,1,0,38.74,1,49.98,1,18.76,2,3
10,1,3,0,1,19.11,1,25.97,1,23.48,9,3
5,0,5,0,1,20.36,1,34.22,1,23.81,5,5
2,0,5,1,0,33.47,1,45.66,1,20.73,2,4
5,0,7,1,0,11.48,1,26.43,1,23.44,5,6
3,0,0,0,1,50.84,1,56.83,0,-88.24,3,0
6,2,5,0,0,17.78,0,30.67,1,23.17,4,5
4,0,2,0,1,38.20,1,49.86,1,19.71,4,2
4,0,6,2,0,22.00,0,34.36,1,24.51,4,4
3,0,0,0,1,51.35,1,57.06,0,-87.94,3,0
3,1,5,0,0,29.70,1,42.18,1,22.43,2,5
3,0,4,0,1,34.05,1,46.05,1,18.55,3,4
3,0,4,0,1,33.83,1,46.10,1,20.82,3,4
5,0,15,0,1,12.87,1,18.76,1,30.57,5,15
7,1,9,1,0,-inf,1,11.34,1,25.41,6,8
7,2,7,0,0,7.39,0,20.10,1,27.98,5,7
6,0,7,0,1,10.78,1,24.16,1,28.20,6,7
7,0,5,0,1,15.36,1,28.01,1,28.56,7,5
2,0,7,1,0,25.22,1,37.48,1,20.16,2,6
2,1,7,0,0,25.41,1,38.13,0,19.92,1,7
9,1,5,1,0,10.85,1,21.23,1,26.58,8,4
5,0,4,1,0,26.53,1,38.79,1,23.20,5,3
0,0,5,1,0,42.54,1,49.21,0,-87.05,0,4
4,0,4,0,1,31.76,1,43.57,1,25.68,4,4
3,0,5,0,1,29.87,1,42.09,1,21.74,3,5
5,1,6,2,0,16.07,0,30.16,1,23.73,4,4
3,0,3,1,0,38.17,1,49.83,1,18.42,3,2
6,0,4,0,1,24.01,1,35.40,1,25.11,6,4
5,3,3,0,0,30.05,0,42.17,1,21.27,2,3
7,1,5,0,0,10.88,1,26.26,1,25.71,6,5
4,1,3,0,0,36.48,1,47.71,1,27.01,3,3
8,0,6,1,1,8.95,1,19.71,1,25.19,8,5
1,0,2,0,1,50.92,1,60.63,0,-91.89,1,2
3,0,6,0,1,25.40,1,37.86,1,21.38,3,6
6,0,4,0,1,21.11,1,34.00,1,23.21,6,4
4,0,3,0,1,34.27,1,46.24,1,20.28,4,3
5,1,5,1,0,22.21,1,34.74,1,23.10,4,4
6,2,4,0,0,22.17,0,34.22,1,22.88,4,4
7,1,7,0,0,4.91,1,19.39,1,25.45,6,7
9,1,3,0,0,-inf,1,28.23,1,26.52,8,3
6,0,5,3,0,17.52,0,30.52,1,23.57,6,2
4,0,3,0,1,33.71,1,45.95,1,20.39,4,3
5,0,5,0,1,24.97,1,37.35,1,29.69,5,5
4,0,3,1,0,33.65,1,45.92,1,19.29,4,2
5,1,2,0,0,33.66,1,45.73,1,22.47,4,2
6,0,5,0,1,16.82,1,30.52,1,24.38,6,5
8,0,7,1,0,4.58,1,15.42,1,25.08,8,6
2,0,7,0,1,26.09,1,37.66,1,22.32,2,7
3,0,1,0,1,46.54,1,56.82,0,-88.81,3,1
4,0,7,0,1,18.81,1,30.33,1,23.95,4,7
3,1,4,0,0,34.24,1,46.24,1,19.73,2,4
5,0,3,1,0,30.20,1,42.34,1,20.45,5,2
6,1,3,1,0,25.83,1,38.31,1,19.41,5,2
4,0,7,0,1,15.95,1,29.94,1,23.37,4,7
7,1,12,1,0,-inf,1,9.82,1,27.80,6,11
4,0,5,0,1,28.13,1,40.00,1,27.61,4,5
9,1,2,0,0,-inf,1,34.59,1,26.04,8,2
3,0,4,0,1,33.51,1,45.90,1,20.92,3,4
2,0,3,0,1,42.60,1,53.60,1,16.06,2,3
7,0,6,1,0,10.08,1,22.11,1,24.91,7,5
3,0,9,0,1,19.78,1,28.10,1,23.31,3,9
5,0,6,0,1,18.30,1,30.91,1,23.21,5,6
5,1,6,1,0,16.10,1,29.88,1,23.09,4,5
5,0,3,1,0,29.58,1,42.17,1,20.92,5,2
5,0,4,0,1,25.44,1,38.18,1,23.15,5,4
4,1,2,0,0,38.54,1,49.90,1,18.60,3,2
6,0,4,0,1,20.31,1,33.97,1,23.16,6,4
7,0,2,0,1,26.97,1,38.15,1,20.95,7,2
0,0,6,0,1,37.75,1,44.81,0,-86.05,0,6
5,1,0,0,0,42.77,1,49.28,0,-87.28,4,0
7,1,7,1,0,-inf,1,18.25,1,25.13,6,6
6,1,4,0,0,21.96,1,34.78,1,23.93,5,4
3,0,5,0,1,29.62,1,42.04,1,21.87,3,5
1,0,3,1,0,46.96,1,57.02,0,-88.98,1,2
2,1,3,0,0,42.49,1,53.66,0,13.08,1,3
7,2,1,0,0,29.71,0,41.18,0,-86.22,5,1
10,0,7,0,1,3.58,1,13.03,1,31.09,10,7
5,1,5,0,0,24.36,1,36.56,1,25.55,4,5
3,0,9,1,0,-inf,1,27.79,1,22.04,3,8
5,1,4,1,0,25.47,1,38.07,1,21.60,4,3
5,1,3,0,1,30.11,1,42.28,1,21.92,4,3
7,0,3,0,1,22.12,1,33.82,1,23.60,7,3
7,0,5,0,1,14.36,1,27.09,1,24.36,7,5
3,0,6,0,1,25.27,1,37.86,1,21.38,3,6
4,0,6,1,0,20.77,1,34.08,1,23.36,4,5
3,0,3,1,0,38.34,1,49.86,1,19.19,3,2
4,1,5,0,0,24.40,1,37.79,1,23.80,3,5
12,0,10,1,0,0.00,1,2.00,1,30.29,12,9
2,0,1,0,1,50.98,1,60.71,0,-88.97,2,1
2,0,5,0,1,33.96,1,45.67,1,18.57,2,5
6,1,5,1,0,15.94,1,30.07,1,24.01,5,4
7,1,8,1,0,-inf,1,15.46,1,25.97,6,7
3,0,0,0,1,53.36,1,58.01,0,-83.62,3,0
3,1,3,0,0,38.31,1,49.98,1,19.10,2,3
7,1,9,0,0,3.17,1,14.09,1,30.71,6,9
9,1,3,0,0,18.93,1,28.02,1,22.65,8,3
5,0,6,0,1,20.43,1,32.06,1,27.14,5,6
8,0,4,0,1,15.93,1,27.25,1,24.07,8,4
6,1,6,0,0,11.55,1,25.88,1,25.02,5,6
5,0,3,0,1,29.18,1,41.81,1,21.73,5,3
1,0,4,1,0,42.98,1,53.23,0,-87.42,1,3
6,0,2,0,1,32.93,1,43.84,1,25.74,6,2
7,0,3,1,0,24.34,1,35.80,1,22.00,7,2
3,1,6,0,0,26.24,1,39.28,1,25.60,2,6
6,1,1,0,0,34.41,1,45.11,0,-86.87,5,1
6,0,6,0,1,12.34,1,26.28,1,24.68,6,6
2,1,7,1,0,26.12,1,37.54,0,16.60,1,6
5,1,6,1,0,16.63,1,30.10,1,23.44,4,5
8,0,4,1,0,14.64,1,26.32,1,24.60,8,3
4,0,6,0,1,22.55,1,34.85,1,24.73,4,6
4,0,7,1,0,20.75,1,32.06,1,27.09,4,6
5,0,10,0,1,10.60,1,18.03,1,25.21,5,10
2,0,5,0,1,34.32,1,45.93,1,21.14,2,5
4,0,7,0,1,19.17,1,30.64,1,22.58,4,7
5,1,1,1,0,37.54,1,48.77,0,-88.68,4,0
4,2,4,0,0,30.42,0,42.77,1,20.33,2,4
6,0,2,0,1,31.59,1,43.15,1,24.44,6,2
4,0,1,0,1,42.52,1,53.08,0,-87.64,4,1
4,0,6,3,0,20.99,0,34.20,1,22.36,4,3
4,2,4,1,0,29.26,0,42.15,1,21.27,2,3
2,0,6,2,0,29.77,0,41.95,1,20.52,2,4
0,0,6,0,1,36.39,1,44.55,0,-86.82,0,6
6,1,3,1,0,26.15,1,38.42,1,20.94,5,2
4,1,7,0,0,19.43,1,31.64,1,28.66,3,7
2,0,10,1,0,-inf,1,29.72,1,24.17,2,9
5,0,3,0,1,29.76,1,42.06,1,23.25,5,3
8,1,0,0,0,32.00,1,37.13,0,-86.77,7,0
4,0,7,0,1,17.97,1,30.54,1,24.08,4,7
3,0,3,0,1,38.43,1,49.97,1,20.05,3,3
2,0,3,2,0,42.64,0,53.68,0,14.98,2,1
6,1,1,0,0,32.26,1,44.46,0,-87.62,5,1
6,0,2,0,1,30.28,1,41.66,1,18.87,6,2
8,0,7,0,1,3.32,1,15.05,1,26.09,8,7
3,1,8,2,0,-inf,1,31.09,1,22.43,2,6
4,0,7,0,1,17.05,1,30.33,1,24.27,4,7
5,0,1,0,1,37.28,1,49.00,0,-87.62,5,1
6,0,8,1,0,-inf,1,19.03,1,25.48,6,7
8,1,11,1,0,-inf,1,5.75,1,27.39,7,10
4,1,2,0,0,38.48,1,49.81,1,18.78,3,2
5,1,4,0,0,25.71,1,38.32,1,23.21,4,4
3,1,7,0,0,22.28,1,34.47,1,22.27,2,7
10,1,3,0,0,-inf,1,26.18,1,30.58,9,3
2,1,9,1,0,-inf,1,31.88,0,17.03,1,8
4,0,3,1,0,34.37,1,46.18,1,20.38,4,2
3,0,6,1,0,25.64,1,38.25,1,23.11,3,5
2,0,5,0,1,33.58,1,45.77,1,20.50,2,5
7,0,3,0,1,22.08,1,34.13,1,22.39,7,3
5,1,4,0,0,27.66,1,39.62,1,26.42,4,4
2,1,3,0,0,42.64,1,53.68,0,17.02,1,3
7,1,3,0,0,21.16,1,34.65,1,21.52,6,3
5,1,4,1,0,25.79,1,38.64,1,20.44,4,3
8,0,8,1,0,-inf,1,12.83,1,28.44,8,7
4,0,8,0,1,14.74,1,25.88,1,24.60,4,8
7,1,2,0,0,26.29,1,38.07,1,20.00,6,2
5,0,3,1,0,30.05,1,41.98,1,19.69,5,2
7,1,5,0,0,15.04,1,27.22,1,23.38,6,5
4,1,2,0,0,38.63,1,49.89,1,21.55,3,2
4,1,5,2,0,25.49,0,38.11,1,22.35,3,3
1,0,4,0,1,42.46,1,53.09,0,-88.71,1,4
9,1,5,0,0,12.80,1,22.30,1,27.35,8,5
4,0,1,0,1,42.49,1,52.93,0,-88.19,4,1
3,0,10,2,1,19.36,1,26.65,1,22.56,3,8
3,0,4,0,1,33.53,1,45.90,1,18.61,3,4
3,1,8,0,0,21.39,1,32.61,1,26.73,2,8
2,0,8,0,1,26.80,1,37.62,1,25.48,2,8
10,0,3,0,1,19.26,1,28.04,1,24.51,10,3
4,0,5,0,1,26.01,1,38.41,1,23.21,4,5
5,1,7,0,0,17.68,1,28.71,1,29.74,4,7
4,0,10,0,1,15.11,1,22.66,1,24.33,4,10
4,0,9,1,0,-inf,1,25.16,1,25.10,4,8
4,0,6,1,1,22.42,1,34.57,1,23.41,4,5
5,0,10,0,1,11.85,1,19.47,1,27.15,5,10
3,0,4,0,1,33.79,1,45.79,1,21.56,3,4
2,0,2,0,1,46.81,1,57.35,1,15.71,2,2
6,0,5,0,1,17.38,1,30.78,1,23.72,6,5
6,1,6,1,0,14.10,1,27.04,1,25.32,5,5
1,0,6,1,0,33.38,1,45.25,0,-86.52,1,5
5,0,5,1,0,22.86,1,35.66,1,26.13,5,4
3,0,3,0,1,38.57,1,50.15,1,20.21,3,3
2,0,4,0,1,38.48,1,49.77,1,20.16,2,4
5,1,5,2,0,20.90,0,34.04,1,20.31,4,3
6,0,7,2,0,8.75,1,22.13,1,25.37,6,5
6,0,6,3,0,12.52,0,26.40,1,24.14,6,3
9,1,2,1,0,23.52,1,33.28,0,22.27,8,1
8,0,7,1,0,3.32,1,15.23,1,26.30,8,6
5,0,4,0,1,25.59,1,38.31,1,23.99,5,4
6,1,2,0,0,30.24,1,42.29,1,20.53,5,2
2,0,5,1,0,33.96,1,45.89,1,20.02,2,4
1,0,6,0,1,33.68,1,45.02,0,-86.42,1,6
5,0,3,0,1,31.71,1,43.72,1,24.62,5,3
3,0,1,0,1,46.78,1,56.93,0,-90.09,3,1
7,1,5,2,0,15.48,0,27.13,1,23.20,6,3
3,0,6,0,1,25.43,1,38.26,1,21.79,3,6
5,0,2,0,1,33.97,1,45.87,1,20.88,5,2
1,0,5,0,1,38.53,1,49.31,0,-87.09,1,5
6,1,3,1,0,24.70,1,37.98,1,21.89,5,2
3,1,5,0,0,31.95,1,43.64,1,27.33,2,5
6,1,7,2,0,-inf,1,22.24,1,24.13,5,5
5,0,1,0,1,37.86,1,48.92,0,-88.21,5,1
10,0,2,0,1,23.44,1,28.69,1,24.75,10,2
4,0,5,1,0,25.73,1,38.51,1,22.09,4,4
3,0,4,0,1,33.54,1,45.92,1,21.08,3,4
5,1,5,0,0,20.82,1,34.20,1,24.71,4,5
2,0,5,1,0,36.03,1,47.51,1,22.36,2,4
4,1,3,1,0,33.88,1,46.03,1,19.70,3,2
5,0,5,1,0,21.36,1,34.41,1,23.17,5,4
1,0,2,0,1,51.44,1,60.71,0,-90.45,1,2
5,0,6,0,1,16.50,1,29.95,1,23.81,5,6
4,0,5,1,0,25.63,1,38.37,1,22.81,4,4
5,0,4,0,1,25.74,1,38.40,1,22.40,5,4
3,0,7,1,0,-inf,1,32.89,1,20.87,3,6
9,1,8,2,0,-inf,0,5.93,1,25.51,8,6
9,4,1,0,0,-inf,0,33.00,0,-86.74,5,1
6,0,5,0,1,17.53,1,30.18,1,25.37,6,5
3,0,3,1,0,38.25,1,50.00,1,20.03,3,2
5,1,8,0,0,10.81,1,21.58,1,25.31,4,8
2,0,9,1,0,-inf,1,32.87,1,23.22,2,8
1,0,4,0,1,42.54,1,53.15,0,-87.81,1,4
4,0,5,0,1,26.43,1,38.68,1,22.88,4,5
5,0,4,0,1,25.42,1,38.21,1,23.35,5,4
2,1,5,1,0,34.18,1,45.97,0,18.72,1,4
6,0,11,1,0,-inf,1,14.97,1,30.10,6,10
4,0,6,1,0,21.65,1,35.32,1,25.99,4,5
3,0,3,0,1,38.06,1,49.82,1,19.39,3,3
10,0,7,2,0,2.00,0,11.10,1,26.18,10,5
3,0,3,0,1,37.84,1,49.73,1,18.13,3,3
6,2,8,1,0,-inf,0,18.57,1,25.79,4,7
3,0,5,1,0,29.48,1,42.12,1,22.86,3,4
1,0,6,1,1,34.84,1,45.36,0,-87.21,1,5
2,0,4,0,1,38.25,1,49.79,1,18.01,2,4
6,1,7,0,0,9.08,1,22.35,1,25.08,5,7
4,1,4,0,0,29.77,1,42.18,1,21.43,3,4
3,1,2,0,0,-inf,1,51.82,1,16.29,2,2
7,1,6,1,0,-inf,1,21.79,1,24.74,6,5
1,0,3,0,1,47.15,1,57.09,0,-88.46,1,3
4,0,6,0,1,23.07,1,35.31,1,28.37,4,6
4,1,4,1,0,29.65,1,42.17,1,20.95,3,3
3,1,5,0,0,30.08,1,42.33,1,20.60,2,5
6,0,5,0,1,17.40,1,30.43,1,24.68,6,5
4,0,4,0,1,29.87,1,42.18,1,21.97,4,4
5,0,8,1,0,-inf,1,21.00,1,24.60,5,7
6,2,3,0,0,25.76,0,38.26,1,20.42,4,3
1,0,7,0,1,30.69,1,40.84,0,-85.89,1,7
7,1,6,0,1,12.49,1,23.51,1,25.90,6,6
1,0,4,1,0,42.62,1,53.13,0,-88.88,1,3
5,1,7,0,0,14.33,1,26.47,1,24.98,4,7
7,0,4,0,1,16.82,1,29.98,1,24.33,7,4
7,0,4,0,1,15.64,1,30.05,1,24.50,7,4
9,0,4,0,1,15.12,1,25.60,1,27.23,9,4
3,0,6,0,1,25.81,1,38.21,1,22.23,3,6
10,1,8,0,0,-inf,1,8.94,1,29.12,9,8
8,1,3,1,0,-inf,1,32.45,1,25.25,7,2
2,0,6,1,1,29.97,1,41.94,1,20.85,2,5
2,0,2,0,1,46.85,1,57.38,1,13.81,2,2
10,2,0,0,0,-inf,0,32.00,0,-83.23,8,0
0,0,4,0,1,46.56,1,52.97,0,-87.37,0,4
3,0,2,0,1,42.74,1,53.72,1,19.53,3,2
1,0,10,2,0,-inf,1,32.00,0,-85.12,1,8
6,0,6,1,0,11.43,1,25.95,1,25.60,6,5
4,0,4,0,1,29.59,1,42.18,1,20.58,4,4
6,0,4,1,0,21.06,1,34.40,1,23.79,6,3
7,0,6,0,1,10.69,1,23.86,1,28.52,7,6
7,0,6,1,0,10.97,1,23.89,1,27.66,7,5
5,1,4,1,0,25.61,1,38.10,1,22.48,4,3
5,1,5,0,0,24.12,1,35.83,1,25.29,4,5
4,1,8,0,0,17.19,1,28.20,1,25.42,3,8
4,0,2,0,1,38.10,1,49.82,1,20.45,4,2
8,0,3,0,1,19.22,1,31.68,1,26.22,8,3
2,1,8,0,0,25.96,1,35.19,0,16.80,1,8
0,0,11,2,0,-inf,1,32.00,0,-85.01,0,9
5,0,6,0,1,17.26,1,30.05,1,24.83,5,6
4,0,7,3,0,-inf,0,29.73,1,22.77,4,4
7,1,8,1,0,-inf,1,15.66,1,28.85,6,7
4,1,9,0,0,14.81,1,24.22,1,24.45,3,9
4,1,7,0,0,16.86,1,29.98,1,24.56,3,7
4,0,5,0,1,25.04,1,38.21,1,21.93,4,5
8,1,6,0,0,-inf,1,19.03,1,25.21,7,6
7,1,4,0,0,16.65,1,30.46,1,23.24,6,4
3,0,4,0,1,34.19,1,46.14,1,23.18,3,4
3,0,4,0,1,34.02,1,46.11,1,19.57,3,4
7,0,8,0,1,6.17,1,15.05,1,26.68,7,8
4,0,5,1,0,25.79,1,38.19,1,21.03,4,4
4,0,8,0,1,15.33,1,27.43,1,24.85,4,8
3,0,5,0,1,32.02,1,43.61,1,24.97,3,5
12,2,5,1,0,-inf,0,-inf,1,27.16,10,4
5,0,4,0,1,25.73,1,38.41,1,23.04,5,4
6,0,7,0,1,8.34,1,21.85,1,24.55,6,7
3,0,6,0,1,24.66,1,38.16,1,24.21,3,6
4,0,2,1,0,38.57,1,49.91,0,15.87,4,1
5,0,5,2,0,21.90,0,34.49,1,22.35,5,3
4,0,5,0,1,25.13,1,38.24,1,24.75,4,5
5,1,11,0,0,10.30,1,17.18,1,26.31,4,11
2,0,5,0,1,34.60,1,46.11,1,20.89,2,5
8,0,5,0,1,12.25,1,22.65,1,25.75,8,5
8,0,6,1,0,12.12,1,22.24,1,27.57,8,5
4,1,3,0,1,33.67,1,45.95,1,20.88,3,3
5,1,6,0,0,18.29,1,30.65,1,23.79,4,6
2,0,1,0,1,51.21,1,60.72,0,-92.33,2,1
3,0,9,1,0,-inf,1,28.21,1,27.11,3,8
6,0,1,0,1,33.55,1,45.25,0,-86.30,6,1
5,0,4,0,1,25.66,1,38.20,1,23.78,5,4
9,2,4,1,0,-inf,0,22.65,1,24.29,7,3
6,0,10,1,0,-inf,1,16.31,1,31.00,6,9
3,0,3,0,1,38.28,1,50.00,1,19.98,3,3
2,0,4,0,1,38.14,1,49.79,1,18.76,2,4
2,0,2,0,1,46.98,1,57.41,1,15.27,2,2
7,0,7,0,1,6.17,1,19.90,1,28.52,7,7
6,0,6,0,1,12.76,1,26.48,1,24.43,6,6
3,0,1,1,0,46.93,1,57.02,0,-88.73,3,0
4,0,2,1,0,38.05,1,49.59,0,17.17,4,1
9,3,3,0,0,-inf,0,26.09,1,22.10,6,3
6,0,9,0,1,6.91,1,16.82,1,26.06,6,9
10,1,3,1,0,-inf,1,25.05,1,24.51,9,2
7,2,4,0,0,19.14,1,30.95,1,23.42,5,4
4,1,4,0,0,29.65,1,42.24,1,19.84,3,4
2,1,3,0,0,42.52,1,53.65,0,18.11,1,3
3,0,3,1,0,38.71,1,50.12,1,18.38,3,2
6,0,4,0,1,24.18,1,36.42,1,25.70,6,4
8,1,6,2,0,6.39,0,18.95,1,25.31,7,4
8,1,3,1,0,19.23,1,30.06,1,22.34,7,2
6,0,1,0,1,36.52,1,47.09,0,-83.79,6,1
4,0,5,0,1,27.53,1,39.63,1,26.50,4,5
4,1,1,0,0,42.74,1,53.13,0,-87.79,3,1
6,2,6,0,0,14.30,0,26.61,1,24.24,4,6
6,2,8,0,0,8.20,0,20.50,1,27.83,4,8
7,0,1,0,1,33.08,1,43.15,0,-83.72,7,1
7,0,4,0,1,18.80,1,30.38,1,23.22,7,4
9,0,1,0,1,28.75,1,36.25,0,-83.62,9,1
1,1,5,0,0,40.77,1,50.79,0,-83.56,0,5
2,0,6,0,1,29.40,1,42.03,1,22.30,2,6
3,0,5,0,1,30.09,1,42.45,1,20.56,3,5
2,0,2,0,1,46.97,1,57.37,1,16.49,2,2
6,2,4,0,0,21.02,0,34.11,1,22.88,4,4
7,1,6,0,0,13.20,1,25.01,1,28.08,6,6
8,1,3,0,0,-inf,1,27.85,1,22.82,7,3
1,0,4,0,1,43.03,1,53.38,0,-88.42,1,4
6,1,6,0,0,16.99,1,30.59,1,30.83,5,6
8,1,2,0,0,-inf,1,33.98,1,20.59,7,2
6,0,4,0,1,21.78,1,34.47,1,24.82,6,4
4,1,3,0,0,36.68,1,47.38,1,27.14,3,3
6,0,4,1,1,23.25,1,35.95,1,25.22,6,3
5,0,4,1,0,25.79,1,38.42,1,21.77,5,3
3,0,3,0,1,40.41,1,50.99,1,22.74,3,3
5,0,4,0,1,25.03,1,38.20,1,23.97,5,4
3,0,6,1,0,25.36,1,38.29,1,22.32,3,5
4,1,4,1,0,29.72,1,42.25,1,19.77,3,3
6,0,4,1,0,20.91,1,34.03,1,24.69,6,3
4,0,2,0,1,38.58,1,49.85,1,20.21,4,2
4,0,6,0,1,21.06,1,34.28,1,23.52,4,6
4,0,2,0,1,40.41,1,49.64,1,27.52,4,2
5,0,6,0,1,16.93,1,30.65,1,24.17,5,6
8,0,6,0,1,10.26,1,21.30,1,28.19,8,6
5,1,7,0,0,13.59,1,26.13,1,23.70,4,7
9,0,4,0,1,16.99,1,25.55,1,28.45,9,4
4,1,5,0,1,25.14,1,38.19,1,21.92,3,5
4,0,3,0,1,34.06,1,46.08,1,20.53,4,3
1,0,2,0,1,51.19,1,60.72,0,-89.02,1,2
2,0,7,0,1,24.86,1,37.44,1,20.13,2,7
5,0,3,1,0,29.35,1,41.97,1,20.93,5,2
1,1,9,1,0,-inf,1,34.32,0,-85.52,0,8
8,0,3,0,1,21.97,1,32.52,1,23.74,8,3
3,1,5,0,0,29.86,1,42.11,1,20.57,2,5
5,0,5,0,1,21.85,1,34.54,1,24.50,5,5
10,1,1,0,0,-inf,1,34.00,0,-82.05,9,1
7,2,6,2,0,7.17,0,22.06,1,24.39,5,4
8,1,9,1,0,-inf,1,11.42,1,32.41,7,8
2,0,9,0,1,24.42,1,33.26,1,22.24,2,9
8,2,8,1,0,-inf,1,8.95,1,25.75,6,7
5,0,4,0,1,25.49,1,38.41,1,23.22,5,4
10,0,4,0,1,15.30,1,22.86,1,24.92,10,4
3,0,3,0,1,37.96,1,49.75,1,19.75,3,3
5,1,3,1,0,30.18,1,42.33,1,21.64,4,2
4,0,7,1,0,18.60,1,30.93,1,23.73,4,6
8,0,7,1,0,4.58,1,17.16,1,28.18,8,6
3,0,6,2,0,25.51,0,38.05,1,21.24,3,4
7,1,4,1,0,17.26,1,30.32,1,24.81,6,3
8,1,3,0,0,-inf,1,30.99,1,22.33,7,3
6,0,7,1,0,7.71,1,23.21,1,27.48,6,6
5,0,8,0,1,15.42,1,27.62,1,27.24,5,8
8,0,7,1,0,3.58,1,15.54,1,25.54,8,6
3,0,7,2,0,20.91,0,33.95,1,23.37,3,5
5,0,3,1,0,29.50,1,42.16,1,23.77,5,2
4,1,2,0,0,38.34,1,49.80,1,20.24,3,2
4,1,7,1,0,18.67,1,30.63,1,23.17,3,6
8,0,4,1,0,16.58,1,27.87,1,24.27,8,3
4,1,4,0,0,30.06,1,42.34,1,20.42,3,4
5,1,5,1,0,22.32,1,34.94,1,21.49,4,4
4,1,3,0,0,33.84,1,46.03,1,21.39,3,3
3,0,3,1,0,38.10,1,49.93,1,20.51,3,2
6,0,6,0,1,14.72,1,27.88,1,28.00,6,6
7,1,3,0,0,22.65,1,34.64,1,23.40,6,3
4,0,6,0,1,21.39,1,34.15,1,22.34,4,6
3,1,6,1,0,25.94,1,38.60,1,20.54,2,5
5,0,3,0,1,29.52,1,42.12,1,20.98,5,3
5,1,6,0,0,15.35,1,30.18,1,25.12,4,6
10,3,5,0,0,-inf,0,-inf,1,25.73,7,5
4,1,6,1,0,21.19,1,34.53,1,23.46,3,5
7,0,4,0,1,15.97,1,29.57,1,23.36,7,4
10,0,5,0,1,11.12,1,18.75,1,25.60,10,5
3,0,7,1,0,21.90,1,34.36,1,23.46,3,6
2,0,5,0,1,33.84,1,45.79,1,20.43,2,5
6,0,7,1,0,7.91,1,22.28,1,25.82,6,6
2,0,5,1,0,33.80,1,45.90,1,18.88,2,4
6,0,7,0,1,10.40,1,22.77,1,25.18,6,7
6,1,5,0,0,17.33,1,30.18,1,23.47,5,5
3,1,5,1,0,29.79,1,42.06,1,21.32,2,4
7,2,4,0,0,-inf,0,30.18,1,22.28,5,4
10,2,3,0,0,-inf,0,27.10,1,30.75,8,3
6,0,4,0,1,21.86,1,34.40,1,23.70,6,4
3,1,5,1,0,29.57,1,41.91,1,20.47,2,4
3,0,7,0,1,21.38,1,33.78,1,21.96,3,7
9,0,7,0,1,4.91,1,13.73,1,26.68,9,7
5,0,5,0,1,22.23,1,34.45,1,22.62,5,5
7,2,2,1,0,24.95,0,37.89,0,15.69,5,1
6,1,2,0,0,29.64,1,41.89,1,19.10,5,2
4,0,6,0,1,22.19,1,35.84,1,27.19,4,6
3,1,6,0,0,26.14,1,38.15,1,22.70,2,6
3,0,3,0,1,38.21,1,49.84,1,20.76,3,3
2,0,3,0,1,42.62,1,53.69,1,20.88,2,3
2,0,4,0,1,38.07,1,49.61,1,18.30,2,4
4,0,5,0,1,25.96,1,38.32,1,23.33,4,5
7,0,4,0,1,19.15,1,32.07,1,26.68,7,4
2,0,10,2,0,-inf,0,-inf,1,23.35,2,8
1,0,3,0,1,46.75,1,57.05,0,-89.77,1,3
2,0,6,3,0,29.10,0,41.60,1,18.14,2,3
5,0,4,0,1,27.49,1,39.80,1,27.53,5,4
7,2,4,0,0,18.46,0,30.24,1,23.16,5,4
6,0,8,2,0,-inf,0,17.98,1,24.85,6,6
6,1,3,0,0,25.14,1,37.88,1,21.63,5,3
7,2,6,0,0,-inf,0,21.51,1,25.20,5,6
7,0,6,0,1,12.50,1,25.75,1,31.47,7,6
7,1,5,0,0,11.88,1,25.82,1,23.91,6,5
3,0,1,0,1,48.90,1,57.88,0,-83.59,3,1
5,0,5,0,1,21.10,1,34.31,1,23.70,5,5
7,0,5,0,1,14.01,1,26.09,1,24.04,7,5
5,0,9,0,1,11.71,1,20.99,1,26.61,5,9
3,0,5,1,1,29.46,1,42.15,1,21.23,3,4
5,0,3,0,1,32.09,1,43.80,1,28.00,5,3
7,1,5,1,0,13.21,1,26.31,1,23.81,6,4
8,1,9,1,0,-inf,1,6.52,1,26.56,7,8
3,0,3,1,0,38.34,1,49.87,1,18.79,3,2
5,1,3,1,0,29.99,1,42.27,1,20.78,4,2
4,0,4,0,1,29.86,1,42.03,1,23.51,4,4
7,0,1,0,1,28.76,1,40.95,0,-84.87,7,1
2,0,3,0,1,44.64,1,54.62,1,23.76,2,3
9,0,4,0,1,14.94,1,23.38,1,24.16,9,4
3,0,4,0,1,34.34,1,46.19,1,20.40,3,4
5,3,6,1,0,17.38,0,30.23,1,24.29,2,5
5,0,9,0,1,10.38,1,19.79,1,26.15,5,9
5,1,6,1,0,18.19,1,30.83,1,23.52,4,5
3,0,6,0,1,25.19,1,37.99,1,22.57,3,6
5,0,3,0,1,29.42,1,42.08,1,23.28,5,3
3,0,7,0,1,20.16,1,33.46,1,22.16,3,7
3,0,2,2,0,42.50,0,53.64,0,15.27,3,0
4,0,3,0,1,33.81,1,46.12,1,21.32,4,3
8,0,3,0,1,19.97,1,30.34,1,22.46,8,3
2,1,3,0,0,42.54,1,53.64,0,16.72,1,3
3,0,1,1,0,47.03,1,56.89,0,-89.31,3,0
8,4,5,0,0,-inf,0,21.26,1,25.91,4,5
4,0,4,1,0,31.55,1,43.56,1,25.67,4,3
13,1,1,0,0,-inf,1,32.00,0,-84.30,12,1
7,0,7,0,1,5.49,1,18.50,1,26.18,7,7
5,1,5,0,0,23.07,1,35.90,1,27.00,4,5
1,0,4,0,1,42.46,1,53.06,0,-88.21,1,4
5,0,4,0,1,25.74,1,38.29,1,23.44,5,4
3,0,4,0,1,34.35,1,46.18,1,18.99,3,4
4,1,8,1,0,16.21,1,26.95,1,24.33,3,7
6,1,8,1,0,7.75,1,17.77,1,24.52,5,7
9,1,6,0,0,-inf,1,16.54,1,24.54,8,6
6,1,5,0,0,15.33,1,30.07,1,23.18,5,5
8,1,1,0,0,-inf,1,38.39,0,-85.30,7,1
4,0,7,0,1,17.44,1,30.39,1,26.09,4,7
4,0,2,0,1,38.43,1,49.82,1,19.06,4,2
7,0,7,0,1,5.91,1,20.28,1,27.43,7,7
2,0,3,1,0,42.19,1,53.44,1,17.28,2,2
5,0,7,0,1,12.75,1,27.08,1,24.76,5,7
6,1,1,0,1,34.26,1,45.10,0,-87.29,5,1
5,0,2,0,1,36.08,1,47.40,1,22.03,5,2
6,1,4,0,0,20.92,1,34.22,1,22.95,5,4
3,0,3,1,0,38.32,1,50.01,1,19.15,3,2
5,2,3,0,0,29.75,0,41.96,1,21.30,3,3
5,1,8,1,0,-inf,1,23.71,1,24.92,4,7
6,0,7,0,1,9.21,1,22.25,1,25.11,6,7
1,0,2,0,1,51.17,1,60.66,0,-91.40,1,2
5,0,9,0,1,10.25,1,20.77,1,27.44,5,9
1,0,5,0,1,37.82,1,48.84,0,-87.87,1,5
7,1,4,0,0,20.87,1,32.12,1,27.51,6,4
4,0,4,0,1,31.50,1,43.44,1,25.86,4,4
7,0,4,0,1,16.89,1,30.01,1,23.38,7,4
6,1,6,0,0,15.38,1,27.96,1,25.62,5,6
1,0,3,0,1,46.79,1,56.91,0,-90.05,1,3
6,0,4,1,0,20.59,1,34.10,1,23.47,6,3
2,0,7,0,1,27.84,1,39.65,1,22.63,2,7
5,1,1,0,0,40.02,1,50.46,0,-85.49,4,1
10,1,6,0,0,-inf,1,15.62,1,28.98,9,6
7,0,10,0,1,4.17,1,11.83,1,28.66,7,10
6,0,7,1,0,10.93,1,22.88,1,23.76,6,6
7,0,6,2,0,9.17,0,22.05,1,23.39,7,4
3,0,8,1,0,19.36,1,30.71,1,23.56,3,7
9,0,4,1,1,16.80,1,25.12,1,25.28,9,3
4,0,8,1,0,-inf,1,26.27,1,25.50,4,7
4,1,2,0,0,38.11,1,49.64,1,18.17,3,2
5,1,4,0,0,27.66,1,39.80,1,27.55,4,4
3,0,5,0,1,29.25,1,41.87,1,23.47,3,5
2,1,6,0,0,31.68,1,43.80,0,22.89,1,6
4,0,6,0,1,20.78,1,34.19,1,23.19,4,6
6,0,6,1,0,16.82,1,29.64,1,28.05,6,5
5,0,2,0,1,34.25,1,45.90,1,18.67,5,2
4,0,2,0,1,38.21,1,49.73,1,21.08,4,2
8,1,4,0,0,-inf,1,26.12,1,23.76,7,4
5,0,4,0,1,27.81,1,40.00,1,26.25,5,4
3,0,9,0,1,20.37,1,28.37,1,24.05,3,9
3,0,5,0,1,29.74,1,42.06,1,21.59,3,5
7,2,8,0,0,2.00,0,14.82,1,24.61,5,8
4,0,5,0,1,27.95,1,40.14,1,24.95,4,5
3,0,5,1,0,30.75,1,42.81,1,20.66,3,4
2,0,6,2,0,29.06,0,41.22,1,20.58,2,4
4,0,3,0,1,34.03,1,46.07,1,19.80,4,3
8,1,4,1,0,-inf,1,27.28,1,23.68,7,3
7,0,5,1,0,12.25,1,26.47,1,24.74,7,4
3,0,4,0,1,33.89,1,46.22,1,21.78,3,4
3,0,0,0,1,51.03,1,56.91,0,-89.82,3,0
5,0,7,1,0,12.53,1,26.38,1,24.72,5,6
6,2,2,0,0,28.57,0,41.48,1,19.28,4,2
5,0,5,0,1,23.07,1,34.70,1,23.98,5,5
6,0,6,1,0,13.31,1,26.43,1,24.72,6,5
3,1,3,0,0,38.12,1,49.91,1,19.21,2,3
4,0,3,0,1,34.11,1,45.99,1,22.13,4,3
7,2,1,0,0,-inf,1,41.06,0,-85.56,5,1
6,0,5,1,0,17.82,1,30.59,1,23.75,6,4
3,0,3,1,0,40.38,1,50.98,1,23.94,3,2
2,0,4,0,1,38.30,1,49.77,1,19.59,2,4
5,0,7,1,0,12.93,1,26.17,1,24.00,5,6
6,1,5,0,0,19.24,1,32.12,1,27.93,5,5
4,1,2,0,0,38.32,1,49.77,1,17.45,3,2
9,0,2,0,1,24.01,1,32.11,1,20.51,9,2
4,0,12,1,0,-inf,1,21.17,1,24.09,4,11
8,0,7,1,0,-inf,1,16.32,1,28.80,8,6
4,0,7,0,1,19.15,1,30.56,1,24.53,4,7
5,0,3,0,1,29.92,1,42.07,1,20.97,5,3
7,0,4,0,1,17.01,1,29.88,1,24.77,7,4
3,1,5,0,0,29.81,1,42.22,1,20.53,2,5
5,0,3,0,1,29.78,1,41.95,1,22.97,5,3
2,0,8,0,1,26.53,1,36.64,1,20.98,2,8
3,0,3,0,1,38.70,1,50.12,1,17.52,3,3
9,1,5,0,0,12.04,1,21.54,1,25.85,8,5
6,0,5,0,1,16.31,1,30.38,1,24.24,6,5
8,0,4,0,1,15.10,1,26.43,1,24.18,8,4
12,1,4,0,0,-inf,1,21.37,1,25.12,11,4
5,0,4,0,1,28.18,1,39.71,1,27.98,5,4
2,0,3,0,1,42.53,1,53.58,1,15.02,2,3
3,0,6,0,1,25.40,1,38.46,1,22.41,3,6
6,0,0,0,1,40.20,1,46.82,0,-83.01,6,0
7,0,4,0,1,19.59,1,32.25,1,28.06,7,4
5,0,2,0,1,33.70,1,45.73,1,19.19,5,2
6,0,4,2,0,24.20,1,36.35,1,26.47,6,2
4,0,3,0,1,36.27,1,47.58,1,21.51,4,3
4,0,2,0,1,38.17,1,49.78,1,20.94,4,2
7,0,5,0,1,15.14,1,28.42,1,27.91,7,5
2,1,6,0,0,30.30,1,41.93,0,17.71,1,6
4,0,7,0,1,16.99,1,30.58,1,22.26,4,7
1,1,2,0,0,51.17,1,60.65,0,-90.87,0,2
1,0,4,0,1,42.53,1,53.13,0,-87.45,1,4
4,0,8,0,1,15.95,1,27.01,1,23.63,4,8
4,0,5,0,1,27.61,1,39.70,1,26.77,4,5
5,1,8,1,0,-inf,1,23.70,1,24.71,4,7
5,1,6,0,0,17.61,1,30.21,1,23.47,4,6
4,2,5,0,0,25.61,0,38.11,1,24.47,2,5
10,1,3,0,0,-inf,1,25.91,1,27.05,9,3
9,0,6,0,1,8.61,1,18.15,1,26.18,9,6
5,1,3,1,0,29.41,1,42.14,1,19.33,4,2
3,1,3,0,0,38.14,1,49.91,1,19.16,2,3
9,0,7,1,0,2.32,1,11.70,1,26.53,9,6
4,1,10,3,0,-inf,0,23.34,1,25.27,3,7
7,2,3,1,0,21.16,0,33.84,1,22.55,5,2
8,0,7,1,0,-inf,1,18.38,1,30.21,8,6
6,1,5,0,0,18.14,1,30.96,1,23.72,5,5
5,2,5,1,0,20.30,1,33.59,1,22.30,3,4
4,0,2,0,1,38.22,1,49.79,1,19.52,4,2
4,0,8,1,1,15.80,1,27.40,1,26.05,4,7
2,1,8,0,0,25.31,1,36.27,0,21.02,1,8
7,0,3,0,1,24.53,1,36.39,1,26.19,7,3
1,0,5,0,1,38.62,1,49.30,0,-86.43,1,5
4,0,2,0,1,38.49,1,49.84,1,20.07,4,2
6,1,4,1,0,21.34,1,34.40,1,22.13,5,3
3,1,3,1,0,38.29,1,49.97,1,18.84,2,2
4,0,2,0,1,38.83,1,49.96,1,20.36,4,2
3,0,7,0,1,23.73,1,34.48,1,23.03,3,7
4,0,6,1,0,21.88,1,34.48,1,23.59,4,5
6,1,3,0,0,23.62,1,38.01,1,22.37,5,3
5,0,6,0,1,18.70,1,32.01,1,27.05,5,6
2,0,8,1,0,-inf,1,33.05,1,20.39,2,7
2,0,9,0,1,23.40,1,31.83,1,22.06,2,9
7,1,4,0,0,17.48,1,30.64,1,23.24,6,4
7,1,2,0,0,25.03,1,37.59,1,20.08,6,2
3,0,3,0,1,38.43,1,50.00,1,19.08,3,3
6,0,6,0,1,12.59,1,26.43,1,25.21,6,6
6,0,3,0,1,25.83,1,38.27,1,25.28,6,3
7,0,4,0,1,20.88,1,31.57,1,28.02,7,4
5,1,3,0,0,29.61,1,42.09,1,20.26,4,3
2,0,5,0,1,34.73,1,45.89,1,20.56,2,5
9,2,4,0,0,-inf,0,21.08,1,25.05,7,4
5,0,7,1,0,12.84,1,26.30,1,24.75,5,6
7,0,3,0,1,21.26,1,34.03,1,23.07,7,3
6,2,4,0,0,25.93,0,37.07,1,30.12,4,4
3,0,3,0,1,38.43,1,50.08,1,18.15,3,3
5,0,4,0,1,25.39,1,38.21,1,21.49,5,4
4,1,3,0,0,33.72,1,45.85,1,20.93,3,3
5,0,6,0,1,21.03,1,33.80,1,31.11,5,6
3,0,4,1,0,34.23,1,46.22,1,20.75,3,3
6,0,1,0,1,37.05,1,47.09,0,-84.45,6,1
5,1,3,0,0,30.00,1,42.24,1,21.48,4,3
11,0,7,0,1,5.81,1,11.50,1,29.49,11,7
6,0,6,2,0,12.44,0,26.25,1,24.32,6,4
3,0,2,1,0,42.48,1,53.61,0,17.73,3,1
4,2,2,1,0,38.31,0,49.82,0,18.00,2,1
7,2,6,1,0,9.37,1,23.09,1,23.74,5,5
4,0,7,1,0,16.53,1,30.25,1,22.22,4,6
9,0,5,0,1,10.68,1,20.58,1,24.30,9,5
1,0,1,0,1,55.43,1,64.00,0,-198.00,1,1
4,0,3,0,1,34.04,1,46.09,1,17.86,4,3
2,0,5,1,0,33.82,1,45.71,1,20.59,2,4
5,2,4,0,0,25.65,0,38.36,1,22.39,3,4
5,0,6,0,1,18.39,1,30.48,1,23.91,5,6
2,0,3,0,1,42.58,1,53.69,1,19.06,2,3
4,0,4,0,1,30.00,1,42.52,1,22.52,4,4
6,0,4,0,1,24.06,1,36.06,1,26.34,6,4
6,0,1,0,1,34.64,1,45.20,0,-85.82,6,1
7,1,7,0,0,4.58,1,20.15,1,28.46,6,7
6,0,9,1,0,-inf,1,17.40,1,26.32,6,8
8,0,11,0,1,1.58,1,8.89,1,29.16,8,11
5,0,2,0,1,34.51,1,45.85,1,19.77,5,2
9,1,6,0,0,-inf,1,17.59,1,29.40,8,6
6,0,6,0,1,13.26,1,26.73,1,25.23,6,6
7,0,5,1,0,16.07,1,26.83,1,25.09,7,4
4,0,2,0,1,38.16,1,49.81,1,19.58,4,2
8,1,7,0,0,-inf,1,15.27,1,28.75,7,7
4,0,5,3,0,26.06,0,38.53,1,23.27,4,2
3,0,5,1,0,29.65,1,41.89,1,21.15,3,4
7,0,10,1,0,-inf,1,9.75,1,27.26,7,9
1,0,8,1,1,29.25,1,38.48,0,-86.03,1,7
5,0,3,0,1,30.11,1,42.30,1,22.72,5,3
3,0,3,0,1,38.43,1,50.02,1,20.99,3,3
6,0,0,0,1,38.13,1,44.85,0,-86.35,6,0
3,0,4,0,1,36.15,1,47.47,1,25.20,3,4
7,1,3,0,0,21.97,1,36.08,1,26.08,6,3
8,1,3,1,0,-inf,1,30.03,1,22.40,7,2
7,1,7,2,0,-inf,0,18.06,1,26.01,6,5
2,1,4,0,0,38.26,1,49.82,0,15.58,1,4
6,0,4,0,1,20.89,1,34.55,1,24.01,6,4
7,0,1,1,0,32.20,1,41.24,0,-86.34,7,0
1,0,4,0,1,42.47,1,53.01,0,-88.39,1,4
3,0,5,0,1,30.27,1,42.40,1,21.08,3,5
2,0,6,1,0,29.75,1,42.09,1,21.41,2,5
1,0,5,0,1,37.88,1,49.00,0,-86.90,1,5
3,0,10,1,0,-inf,1,25.06,1,22.34,3,9
3,0,3,1,0,38.02,1,49.77,1,18.47,3,2
8,0,4,0,1,14.86,1,26.41,1,25.25,8,4
3,0,4,0,1,34.29,1,46.21,1,20.31,3,4
5,0,1,0,1,37.77,1,49.05,0,-87.74,5,1
6,0,5,0,1,17.27,1,29.89,1,24.48,6,5
3,0,7,0,1,23.68,1,34.78,1,23.12,3,7
4,0,7,1,0,18.06,1,30.43,1,22.94,4,6
3,1,5,0,0,29.60,1,41.97,1,20.77,2,5
5,0,4,0,1,27.76,1,39.69,1,27.73,5,4
3,0,10,0,1,19.24,1,27.83,1,24.93,3,10
4,0,1,0,1,42.67,1,53.14,0,-88.05,4,1
3,0,5,0,1,29.77,1,42.18,1,23.79,3,5
5,1,6,0,0,16.54,1,30.15,1,23.50,4,6
3,1,7,1,0,23.78,1,36.17,1,25.98,2,6
6,0,6,0,1,12.69,1,26.32,1,25.13,6,6
4,0,4,0,1,29.43,1,41.99,1,21.70,4,4
6,0,7,0,1,13.61,1,25.95,1,30.72,6,7
6,0,7,0,1,11.29,1,24.52,1,27.55,6,7
2,1,4,0,0,38.46,1,49.85,0,17.17,1,4
6,1,8,0,0,9.37,1,20.76,1,28.06,5,8
3,0,3,0,1,38.37,1,49.87,1,20.67,3,3
4,1,2,0,0,38.44,1,49.83,1,18.21,3,2
5,0,3,1,0,29.67,1,42.23,1,21.47,5,2
5,0,3,0,1,29.15,1,41.82,1,22.90,5,3
7,0,6,0,1,9.75,1,22.84,1,26.56,7,6
6,0,2,1,0,30.47,1,42.26,0,20.44,6,1
4,0,5,0,1,25.55,1,38.33,1,22.51,4,5
6,1,0,0,0,38.46,1,45.16,0,-86.34,5,0
4,1,5,0,0,26.08,1,38.50,1,22.83,3,5
6,0,8,0,1,7.98,1,19.32,1,26.36,6,8
3,0,2,0,1,42.21,1,53.53,1,16.97,3,2
6,1,5,0,0,16.48,1,30.02,1,23.88,5,5
2,0,6,0,1,28.48,1,41.66,1,19.67,2,6
8,2,7,0,0,-inf,1,14.48,1,25.33,6,7
3,0,3,0,1,38.22,1,49.87,1,17.89,3,3
5,1,4,1,0,25.57,1,38.33,1,21.85,4,3
4,0,6,0,1,23.61,1,35.74,1,24.19,4,6
4,1,4,0,0,29.73,1,42.15,1,20.73,3,4
4,0,3,0,1,34.43,1,46.49,1,20.10,4,3
8,2,3,0,0,-inf,0,28.62,1,23.72,6,3
5,0,6,1,0,17.45,1,30.36,1,24.49,5,5
4,0,8,1,0,-inf,1,26.06,1,25.76,4,7
8,1,5,0,0,-inf,1,24.18,1,28.78,7,5
7,1,3,0,0,21.49,1,34.40,1,23.74,6,3
3,0,4,0,1,34.36,1,46.25,1,19.56,3,4
5,0,2,0,1,33.84,1,45.78,1,19.48,5,2
4,1,3,0,1,34.31,1,46.20,1,20.42,3,3
5,0,4,0,1,25.44,1,38.07,1,22.76,5,4
4,0,7,0,1,21.09,1,32.14,1,26.65,4,7
2,0,5,0,1,36.36,1,47.76,1,23.38,2,5
5,0,3,0,1,30.08,1,41.98,1,21.41,5,3
5,0,6,0,1,16.78,1,30.17,1,24.81,5,6
7,0,5,0,1,14.72,1,26.26,1,25.96,7,5
5,0,4,0,1,25.57,1,38.20,1,24.41,5,4
7,0,6,2,0,9.04,0,22.03,1,25.90,7,4
5,0,9,1,0,-inf,1,20.46,1,29.47,5,8
9,1,3,0,0,-inf,1,28.12,1,24.59,8,3
6,1,4,1,0,20.08,1,33.64,1,22.12,5,3
4,0,5,1,0,25.26,1,38.06,1,23.00,4,4
7,0,4,0,1,18.11,1,30.53,1,24.73,7,4
6,0,7,1,0,10.42,1,23.29,1,28.16,6,6
4,0,6,0,1,21.41,1,34.33,1,24.38,4,6
4,1,5,0,0,25.74,1,38.48,1,24.42,3,5
1,0,5,1,0,40.19,1,50.53,0,-83.19,1,4
1,0,7,0,1,27.62,1,40.81,0,-86.32,1,7
3,0,7,0,1,21.98,1,34.31,1,22.01,3,7
5,0,5,1,0,20.82,1,34.19,1,22.48,5,4
4,0,7,2,0,16.35,1,30.30,1,22.89,4,5
3,0,4,0,1,36.06,1,47.52,1,25.18,3,4
5,1,7,1,0,16.30,1,28.07,1,28.62,4,6
6,0,5,0,1,18.73,1,31.73,1,24.95,6,5
5,2,7,1,0,13.63,0,26.05,1,24.80,3,6
4,0,6,0,1,19.96,1,33.82,1,22.80,4,6
3,0,9,1,0,-inf,1,29.26,1,25.51,3,8
6,1,7,1,0,12.37,1,24.90,1,27.53,5,6
7,1,2,0,0,28.13,1,39.48,1,25.48,6,2
5,2,6,0,0,18.36,0,30.27,1,23.79,3,6
5,0,6,0,1,17.20,1,30.47,1,24.65,5,6
4,1,4,1,0,30.14,1,42.35,1,22.81,3,3
5,1,6,0,0,18.02,1,30.42,1,24.41,4,6
8,0,7,1,0,6.91,1,18.73,1,30.86,8,6
1,1,3,0,0,46.98,1,57.05,0,-88.59,0,3
4,0,7,0,1,21.42,1,32.34,1,27.74,4,7
5,2,5,0,0,22.10,1,34.76,1,22.66,3,5
2,0,4,1,0,38.67,1,50.01,1,20.19,2,3
6,0,0,0,1,38.32,1,45.26,0,-86.82,6,0
10,1,3,0,0,-inf,1,25.02,1,24.81,9,3
1,0,7,0,1,31.02,1,43.04,0,-83.41,1,7
3,0,2,1,1,42.66,1,53.72,0,15.04,3,1
5,0,4,0,1,27.42,1,39.57,1,26.34,5,4
4,0,5,1,0,25.58,1,38.34,1,23.05,4,4
0,0,3,0,1,51.14,1,56.96,0,-90.08,0,3
3,1,7,0,0,22.89,1,34.74,1,22.08,2,7
4,0,2,0,1,38.42,1,49.86,1,20.75,4,2
4,0,2,0,1,38.54,1,49.83,1,19.95,4,2
4,0,5,0,1,25.53,1,38.22,1,22.28,4,5
7,1,7,0,0,6.39,1,20.42,1,29.63,6,7
3,1,7,0,0,22.57,1,34.29,1,24.01,2,7
4,0,2,0,1,38.37,1,49.83,1,18.43,4,2
11,1,5,1,0,-inf,1,18.88,1,30.51,10,4
7,1,2,0,0,26.60,1,37.95,1,21.30,6,2
5,2,6,0,0,15.92,0,30.00,1,23.58,3,6
2,0,4,0,1,38.23,1,49.69,1,19.48,2,4
1,0,7,0,1,30.33,1,40.98,0,-86.70,1,7
6,1,3,0,0,25.12,1,38.07,1,22.10,5,3
1,0,6,0,1,33.88,1,45.23,0,-87.24,1,6
9,2,5,1,0,-inf,0,18.13,1,25.06,7,4
3,1,5,0,0,29.79,1,42.07,1,21.26,2,5
7,0,4,1,0,17.01,1,30.21,1,24.09,7,3
2,1,8,0,0,26.70,1,37.33,0,24.56,1,8
4,0,3,0,1,34.01,1,46.05,1,18.82,4,3
4,0,4,0,1,30.08,1,42.41,1,21.10,4,4
7,0,10,1,1,2.00,1,9.88,1,26.27,7,9
9,2,7,0,0,-inf,0,9.20,1,26.37,7,7
8,2,8,0,0,3.00,0,11.63,1,26.34,6,8
3,0,9,1,0,-inf,1,26.60,1,22.05,3,8
5,1,7,0,0,16.03,1,28.81,1,27.51,4,7
7,1,3,0,0,21.80,1,34.31,1,24.11,6,3
2,1,4,0,0,38.99,1,50.31,0,18.39,1,4
6,0,8,1,0,-inf,1,20.28,1,28.24,6,7
3,0,7,1,0,21.71,1,34.28,1,23.25,3,6
4,0,2,0,1,38.52,1,49.91,1,19.82,4,2
4,0,5,0,1,27.89,1,39.83,1,26.33,4,5
5,0,8,2,0,-inf,0,20.49,1,24.65,5,6
6,1,6,0,0,12.66,1,26.28,1,24.76,5,6
4,0,3,0,1,34.53,1,46.23,1,20.33,4,3
4,0,3,0,1,33.75,1,45.90,1,20.35,4,3
6,2,3,0,0,25.03,0,37.98,1,21.12,4,3
3,0,7,0,1,21.57,1,34.26,1,22.65,3,7
7,0,0,0,1,34.58,1,41.58,0,-86.37,7,0
4,0,5,1,1,25.43,1,38.12,1,22.35,4,4
4,0,8,1,0,16.88,1,28.49,1,26.61,4,7
7,1,4,1,0,18.63,1,31.96,1,28.36,6,3
0,0,1,0,1,59.84,1,64.00,0,-198.00,0,1
5,0,7,1,0,16.63,1,29.45,1,27.44,5,6
3,1,10,0,0,19.14,1,24.96,1,23.81,2,10
6,0,8,1,0,6.91,1,18.78,1,25.08,6,7
0,0,6,0,1,39.83,1,46.40,0,-83.75,0,6
5,0,4,0,1,28.10,1,39.81,1,27.56,5,4
2,0,6,0,1,32.30,1,43.63,1,24.58,2,6
4,0,5,1,0,25.26,1,38.33,1,23.95,4,4
3,0,8,0,1,20.28,1,30.98,1,24.84,3,8
7,1,5,0,0,16.08,1,28.37,1,27.36,6,5
4,1,0,0,0,46.83,1,53.04,0,-87.48,3,0
10,1,3,1,0,-inf,1,24.96,1,23.95,9,2
2,0,3,0,1,43.14,1,53.95,1,17.37,2,3
1,0,7,0,1,31.76,1,42.45,0,-83.42,1,7
6,1,1,0,0,36.45,1,46.49,0,-83.28,5,1
6,0,3,0,1,26.05,1,38.32,1,21.39,6,3
3,0,6,2,0,25.16,0,38.14,1,21.93,3,4
4,0,6,0,1,21.40,1,34.64,1,23.35,4,6
7,1,7,0,1,8.55,1,18.89,1,24.11,6,7
2,0,5,0,1,34.09,1,46.02,1,20.41,2,5
4,0,9,0,1,15.18,1,23.25,1,25.67,4,9
5,0,2,0,1,34.30,1,46.15,1,21.76,5,2
4,0,5,0,1,26.00,1,38.42,1,22.60,4,5
2,0,6,0,1,30.61,1,41.90,1,22.31,2,6
9,2,5,0,0,-inf,0,-inf,1,25.10,7,5
4,0,3,0,1,34.10,1,46.06,1,21.18,4,3
3,1,6,0,0,24.72,1,38.01,1,21.95,2,6
2,0,1,0,1,51.29,1,60.76,0,-91.77,2,1
6,0,6,0,1,14.01,1,26.66,1,25.14,6,6
5,0,3,0,1,29.52,1,42.29,1,22.07,5,3
12,1,6,1,0,-inf,1,13.00,1,26.39,11,5
6,1,8,0,0,5.17,1,17.95,1,24.89,5,8
6,0,7,0,1,16.72,1,27.99,1,28.67,6,7
5,1,2,0,0,34.47,1,45.80,1,20.43,4,2
4,0,4,0,1,30.20,1,42.53,1,21.32,4,4
3,1,4,1,0,36.16,1,47.24,1,25.68,2,3
3,0,5,0,1,29.84,1,42.09,1,20.61,3,5
3,0,3,0,1,38.75,1,50.20,1,18.72,3,3
5,0,4,0,1,25.83,1,38.24,1,24.67,5,4
4,0,3,0,1,33.94,1,46.04,1,22.65,4,3
6,0,4,0,1,22.01,1,34.57,1,26.68,6,4
3,0,8,1,0,-inf,1,30.71,1,22.95,3,7
8,0,5,0,1,12.37,1,23.58,1,25.76,8,5
2,0,2,0,1,46.92,1,57.41,1,16.11,2,2
3,0,7,0,1,23.25,1,34.71,1,22.18,3,7
6,0,5,0,1,17.67,1,30.01,1,23.26,6,5
3,1,5,1,0,29.93,1,42.32,1,21.18,2,4
10,0,6,1,0,5.91,1,17.25,1,28.11,10,5
3,0,6,0,1,27.89,1,39.67,1,24.45,3,6
2,0,3,0,1,42.31,1,53.49,1,17.04,2,3
8,0,2,0,1,24.45,1,34.54,1,21.70,8,2
5,0,7,1,0,11.82,1,25.70,1,24.93,5,6
10,0,2,0,1,23.51,1,29.72,1,24.62,10,2
2,0,7,1,0,27.93,1,37.94,1,20.26,2,6
4,0,4,0,1,30.02,1,42.16,1,20.19,4,4
8,0,2,0,1,23.43,1,34.74,1,20.76,8,2
4,0,2,0,1,38.45,1,49.79,1,18.72,4,2
8,1,7,2,0,3.58,0,15.28,1,25.35,7,5
6,0,6,0,1,12.84,1,26.12,1,25.51,6,6
9,0,2,0,1,23.38,1,32.78,1,24.01,9,2
7,0,6,0,1,9.23,1,22.45,1,26.10,7,6
4,0,6,1,0,21.41,1,34.08,1,23.05,4,5
4,0,3,0,1,34.36,1,46.27,1,21.04,4,3
3,0,4,1,0,34.29,1,46.22,1,21.62,3,3
6,1,8,4,0,5.58,0,18.15,1,23.35,5,4
2,0,5,1,0,34.28,1,46.11,1,20.56,2,4
7,1,6,0,0,8.49,1,24.00,1,27.86,6,6
3,0,8,1,0,19.17,1,31.45,1,25.43,3,7
3,0,5,0,1,29.26,1,41.98,1,20.72,3,5
3,0,6,0,1,25.71,1,38.07,1,23.44,3,6
3,0,4,0,1,34.17,1,46.14,1,21.17,3,4
2,1,2,1,0,46.94,1,57.41,0,13.02,1,1
5,1,6,0,0,19.71,1,32.18,1,27.91,4,6
0,0,8,1,0,32.00,1,38.11,0,-85.88,0,7
7,1,6,0,0,11.88,1,24.31,1,27.47,6,6
6,1,4,0,0,20.28,1,34.09,1,23.48,5,4
3,0,5,0,1,29.87,1,42.03,1,23.55,3,5
6,0,7,0,1,10.71,1,23.27,1,26.60,6,7
4,0,5,1,0,25.38,1,37.85,1,23.14,4,4
5,1,7,0,0,14.43,1,26.36,1,22.86,4,7
3,1,5,0,0,29.40,1,41.79,1,22.05,2,5
8,0,8,2,0,-inf,0,9.30,1,27.26,8,6
3,0,7,0,1,21.43,1,33.65,1,22.17,3,7
3,0,6,0,1,28.09,1,39.92,1,25.95,3,6
4,0,4,1,0,29.61,1,42.33,1,23.70,4,3
6,0,5,3,0,18.23,0,30.65,1,22.86,6,2
4,1,5,0,0,26.28,1,38.81,1,22.48,3,5
2,0,2,0,1,47.09,1,57.46,1,12.99,2,2
5,1,7,0,0,13.76,1,26.36,1,23.79,4,7
6,0,4,0,1,20.94,1,34.23,1,23.68,6,4
5,1,5,1,0,21.77,1,34.60,1,22.52,4,4
5,0,2,0,1,36.02,1,45.65,1,27.60,5,2
8,0,6,1,0,6.91,1,20.81,1,29.14,8,5
6,1,6,0,0,13.75,1,26.77,1,25.36,5,6
8,0,3,0,1,20.23,1,30.91,1,22.45,8,3
1,0,3,0,1,46.87,1,56.96,0,-89.15,1,3
4,0,2,0,1,38.34,1,49.77,1,20.72,4,2
4,0,3,0,1,33.96,1,46.13,1,21.74,4,3
1,0,6,1,0,37.02,1,47.18,0,-83.54,1,5
7,0,1,0,1,27.71,1,40.97,0,-85.74,7,1
4,0,7,1,0,15.63,1,29.16,1,23.88,4,6
7,0,1,0,1,31.33,1,41.59,0,-86.46,7,1
10,3,4,0,0,-inf,0,-inf,1,25.08,7,4
5,0,5,0,1,20.87,1,34.36,1,25.44,5,5
9,2,3,1,0,-inf,0,25.90,1,22.76,7,2
9,2,5,1,0,-inf,1,18.63,1,23.98,7,4
6,0,8,0,1,7.75,1,20.47,1,27.25,6,8
1,0,7,0,1,30.75,1,41.43,0,-86.21,1,7
6,0,3,0,1,24.56,1,37.67,1,22.46,6,3
4,0,7,1,0,17.09,1,30.18,1,21.02,4,6
4,1,3,0,0,34.00,1,45.98,1,20.17,3,3
6,0,5,1,0,21.47,1,33.60,1,30.35,6,4
7,1,6,1,0,-inf,1,21.68,1,25.75,6,5
4,0,6,0,1,24.00,1,35.76,1,27.06,4,6
4,0,1,0,1,42.29,1,52.86,0,-87.19,4,1
4,0,3,0,1,33.56,1,45.80,1,22.14,4,3
8,2,3,1,0,-inf,1,32.47,1,26.48,6,2
4,0,8,0,1,16.96,1,28.35,1,28.20,4,8
5,0,8,0,1,11.26,1,23.35,1,26.27,5,8
7,1,7,1,0,3.17,1,18.42,1,25.20,6,6
5,0,5,0,1,22.05,1,34.52,1,24.34,5,5
4,0,8,1,0,-inf,1,24.86,1,23.94,4,7
7,0,5,0,1,12.76,1,26.47,1,24.21,7,5
6,0,4,0,1,21.82,1,34.43,1,23.67,6,4
5,0,6,2,0,19.06,0,31.73,1,27.64,5,4
11,1,4,0,0,-inf,1,21.07,1,26.58,10,4
3,1,6,0,0,26.16,1,38.56,1,22.67,2,6
5,1,5,0,0,19.63,1,33.65,1,24.25,4,5
8,0,2,0,1,25.63,1,35.93,1,25.95,8,2
2,0,9,0,1,24.33,1,33.60,1,24.74,2,9
5,0,4,1,0,25.54,1,38.35,1,22.60,5,3
4,0,7,1,0,16.36,1,30.20,1,23.07,4,6
7,1,4,0,0,-inf,1,30.46,1,24.38,6,4
4,0,6,0,1,21.02,1,34.34,1,22.43,4,6
6,1,4,0,1,23.74,1,36.21,1,25.58,5,4
4,0,7,0,1,16.73,1,30.10,1,22.98,4,7
7,0,3,1,0,21.77,1,34.07,1,22.43,7,2
3,0,7,0,1,18.94,1,33.56,1,22.89,3,7
9,0,5,0,1,11.95,1,20.84,1,24.94,9,5
7,0,6,1,0,9.55,1,22.32,1,25.53,7,5
3,0,1,0,1,46.93,1,56.99,0,-89.64,3,1
6,0,7,1,0,8.04,1,21.89,1,24.53,6,6
3,0,5,0,1,29.34,1,42.11,1,20.83,3,5
4,1,8,0,0,16.09,1,27.39,1,24.36,3,8
5,0,4,0,1,25.40,1,38.07,1,23.65,5,4
3,0,3,0,1,38.33,1,50.00,1,21.27,3,3
6,1,2,0,0,28.84,1,41.52,1,20.46,5,2
2,1,8,2,0,23.44,1,34.81,0,20.25,1,6
10,1,3,0,0,-inf,1,26.00,1,22.51,9,3
6,0,6,1,0,12.73,1,26.35,1,24.01,6,5
3,0,5,0,1,30.14,1,42.38,1,22.57,3,5
4,1,5,0,0,26.23,1,38.89,1,22.72,3,5
4,0,3,0,1,34.01,1,46.00,1,21.69,4,3
2,0,2,0,1,47.24,1,57.52,1,20.99,2,2
8,0,9,1,0,-inf,1,7.96,1,26.93,8,8
6,3,2,1,0,33.26,0,44.03,0,19.22,3,1
3,0,6,1,0,26.06,1,38.16,1,21.84,3,5
3,0,4,0,1,34.30,1,46.19,1,22.04,3,4
5,0,4,0,1,25.18,1,38.18,1,21.84,5,4
10,1,6,1,0,-inf,1,13.03,1,27.35,9,5
4,0,5,1,0,25.86,1,38.34,1,22.79,4,4
5,0,5,0,1,21.56,1,34.49,1,24.73,5,5
7,0,7,0,1,7.34,1,18.79,1,25.18,7,7
3,0,6,0,1,25.70,1,38.26,1,21.83,3,6
6,0,0,0,1,39.39,1,46.87,0,-83.56,6,0
4,1,4,0,0,29.44,1,41.93,1,21.19,3,4
1,0,3,1,1,47.10,1,57.05,0,-89.24,1,2
3,0,4,0,1,33.99,1,46.03,1,21.93,3,4
6,0,4,2,0,20.79,0,34.08,1,21.41,6,2
5,0,1,0,1,38.64,1,49.13,0,-87.93,5,1
6,1,4,2,0,20.55,0,33.70,1,22.38,5,2
5,2,7,1,0,12.37,0,26.39,1,23.25,3,6
3,1,7,1,0,21.51,1,34.47,1,22.21,2,6
4,0,3,1,0,33.82,1,46.08,1,20.99,4,2
4,1,7,2,0,-inf,1,29.31,1,23.67,3,5
1,0,6,1,0,35.48,1,45.46,0,-87.41,1,5
10,0,3,1,0,19.21,1,27.34,1,24.65,10,2
7,0,4,0,1,18.65,1,30.41,1,23.22,7,4
3,0,8,2,0,18.99,0,30.36,1,21.20,3,6
3,0,4,1,0,33.84,1,45.95,1,20.80,3,3
7,3,3,0,0,21.51,0,34.02,1,23.13,4,3
4,1,4,0,0,32.45,1,43.81,1,26.10,3,4
5,2,5,1,0,20.97,0,34.32,1,22.77,3,4
7,0,4,1,0,18.38,1,31.85,1,25.42,7,3
4,0,9,2,0,-inf,0,22.01,1,22.40,4,7
3,1,7,0,0,22.06,1,33.92,1,20.65,2,7
3,1,6,0,0,24.96,1,38.18,1,23.63,2,6
1,0,6,0,1,35.31,1,45.27,0,-86.02,1,6
3,0,9,2,0,-inf,0,26.64,1,23.45,3,7
3,0,3,0,1,38.24,1,49.93,1,18.40,3,3
4,0,5,0,1,26.53,1,39.62,1,26.69,4,5
5,0,5,1,0,20.55,1,34.31,1,22.03,5,4
6,0,4,1,0,21.68,1,34.38,1,22.34,6,3
4,0,2,1,0,38.27,1,49.77,0,18.38,4,1
8,1,3,1,0,-inf,1,30.32,1,23.95,7,2
6,0,6,2,0,-inf,1,25.47,1,26.09,6,4
6,0,2,0,1,29.82,1,42.01,1,19.55,6,2
2,0,6,2,0,28.66,0,41.21,1,17.30,2,4
2,0,2,0,1,46.87,1,57.32,1,14.11,2,2
3,0,2,0,1,42.76,1,53.78,1,16.49,3,2
9,0,6,0,1,9.20,1,18.13,1,28.64,9,6
7,2,6,0,0,11.88,0,24.70,1,27.41,5,6
10,0,4,0,1,15.06,1,22.81,1,25.28,10,4
4,0,1,0,1,42.79,1,53.17,0,-87.41,4,1
4,0,5,1,0,25.65,1,38.63,1,22.25,4,4
4,0,4,0,1,30.14,1,42.32,1,21.19,4,4
5,1,7,0,0,13.96,1,26.48,1,23.82,4,7
7,2,5,0,0,14.56,0,26.93,1,23.63,5,5
1,0,5,0,1,39.15,1,49.24,0,-87.71,1,5
5,0,4,1,1,25.40,1,38.13,1,23.29,5,3
3,0,5,0,1,32.16,1,43.08,1,27.45,3,5
5,1,3,1,0,30.04,1,42.17,1,19.26,4,2
6,1,4,1,0,21.58,1,33.83,1,22.47,5,3
4,0,4,0,1,30.23,1,42.39,1,21.31,4,4
11,2,3,0,0,-inf,0,-inf,1,26.83,9,3
6,0,9,0,1,8.23,1,17.06,1,28.48,6,9
7,1,4,1,0,15.19,1,30.13,1,24.11,6,3
2,0,3,1,0,42.97,1,53.91,1,16.32,2,2
2,0,4,0,1,37.95,1,49.65,1,15.98,2,4
6,2,4,0,0,20.72,0,34.05,1,24.30,4,4
6,0,7,2,0,8.78,0,22.43,1,25.02,6,5
3,0,4,0,1,36.16,1,47.37,1,23.52,3,4
2,1,3,0,0,42.60,1,53.66,0,18.10,1,3
2,1,1,0,0,51.25,1,60.71,0,-92.57,1,1
5,0,9,2,0,-inf,0,18.43,1,25.51,5,7
7,3,4,1,0,16.26,0,29.98,1,21.95,4,3
11,0,3,0,1,19.27,1,27.08,1,25.07,11,3
2,0,6,0,1,30.38,1,41.59,1,20.45,2,6
2,0,6,2,0,30.69,0,42.52,1,21.10,2,4
1,0,5,0,1,38.38,1,49.12,0,-86.76,1,5
4,0,5,0,1,25.88,1,38.34,1,22.34,4,5
1,0,6,1,0,36.30,1,46.77,0,-84.41,1,5
4,1,3,0,1,34.55,1,46.31,1,21.07,3,3
5,0,2,0,1,34.25,1,45.84,1,20.78,5,2
3,0,8,2,0,-inf,0,27.55,1,23.28,3,6
6,0,7,1,0,11.17,1,24.38,1,27.33,6,6
3,0,3,0,1,38.36,1,50.06,1,17.35,3,3
3,0,4,1,0,34.02,1,46.07,1,21.01,3,3
6,0,7,1,0,-inf,1,22.28,1,25.26,6,6
3,1,2,0,0,42.72,1,53.71,1,19.83,2,2
5,0,5,1,0,22.10,1,34.81,1,23.23,5,4
4,1,3,0,0,34.10,1,46.01,1,21.68,3,3
5,0,7,2,1,13.85,1,26.44,1,23.11,5,5
6,0,8,1,1,10.10,1,21.48,1,29.56,6,7
4,0,3,0,1,34.33,1,46.19,1,19.35,4,3
5,0,1,1,1,38.60,1,49.24,0,-86.41,5,0
6,1,2,1,0,30.46,1,41.92,0,18.89,5,1
5,1,6,0,0,17.64,1,30.22,1,24.67,4,6
2,0,2,1,0,46.95,1,57.38,0,12.99,2,1
6,0,5,0,1,17.28,1,30.01,1,22.74,6,5
9,0,6,0,1,6.75,1,14.77,1,26.88,9,6
4,1,6,0,0,22.76,1,36.53,1,26.91,3,6
9,0,11,1,1,1.00,1,4.32,1,30.01,9,10
4,0,7,0,1,18.73,1,31.86,1,26.86,4,7
2,0,6,0,1,29.10,1,41.55,1,19.78,2,6
4,0,8,0,1,16.14,1,28.06,1,26.80,4,8
4,0,7,0,1,16.69,1,29.99,1,24.07,4,7
2,0,5,1,0,34.13,1,46.03,1,17.16,2,4
3,0,7,0,1,22.61,1,36.21,1,23.02,3,7
4,0,1,0,1,42.85,1,53.20,0,-89.22,4,1
5,1,3,0,0,29.35,1,42.13,1,22.59,4,3
9,1,5,1,0,-inf,1,18.61,1,25.59,8,4
7,1,1,0,0,31.31,1,42.87,0,-83.49,6,1
6,1,4,0,1,21.43,1,34.28,1,24.78,5,4
8,0,8,1,0,-inf,1,12.90,1,28.34,8,7
3,0,4,0,1,34.24,1,46.16,1,16.94,3,4
3,0,4,0,1,33.65,1,46.01,1,20.46,3,4
2,0,3,1,0,42.40,1,53.53,1,17.74,2,2
5,0,3,0,1,32.32,1,44.10,1,26.71,5,3
3,0,5,0,1,29.04,1,41.99,1,22.91,3,5
4,0,5,2,0,25.06,0,38.30,1,22.09,4,3
10,0,4,0,1,14.92,1,21.14,1,24.02,10,4
6,1,8,1,0,-inf,1,17.60,1,24.84,5,7
8,0,5,0,1,11.75,1,22.87,1,25.74,8,5
2,0,10,1,0,-inf,1,28.69,1,22.02,2,9
4,0,5,0,1,25.47,1,38.17,1,23.34,4,5
1,0,5,0,1,38.52,1,49.20,0,-87.84,1,5
6,0,5,1,0,18.19,1,30.75,1,24.32,6,4
8,0,4,0,1,15.06,1,26.42,1,23.77,8,4
4,0,5,1,0,25.76,1,38.39,1,21.84,4,4
0,0,9,2,0,-inf,0,33.00,0,-83.31,0,7
4,0,2,0,1,38.23,1,49.68,1,19.04,4,2
5,0,7,1,1,13.17,1,26.46,1,24.55,5,6
7,0,3,0,1,23.25,1,34.65,1,20.71,7,3
5,0,5,2,0,21.57,0,34.78,1,24.45,5,3
4,0,2,0,1,38.28,1,49.71,1,19.91,4,2
4,0,5,0,1,25.43,1,38.27,1,21.64,4,5
9,0,4,1,0,14.91,1,24.41,1,23.82,9,3
7,0,6,1,0,9.71,1,22.61,1,24.72,7,5
5,0,8,0,1,12.38,1,24.47,1,26.65,5,8
1,0,4,0,1,42.38,1,53.00,0,-88.56,1,4
6,1,1,0,0,36.38,1,46.89,0,-83.47,5,1
4,0,2,0,1,38.45,1,49.84,1,19.01,4,2
6,0,0,0,1,38.75,1,45.16,0,-86.50,6,0
9,2,5,0,0,-inf,0,17.34,1,24.50,7,5
7,0,4,0,1,18.94,1,30.47,1,23.71,7,4
3,1,3,0,0,38.30,1,49.87,1,19.57,2,3
7,2,6,2,0,8.85,0,22.67,1,23.94,5,4
5,0,7,1,0,11.05,1,26.35,1,24.34,5,6
3,0,6,0,1,26.65,1,38.54,1,22.74,3,6
7,1,5,1,0,13.33,1,26.32,1,24.34,6,4
3,0,3,0,1,40.40,1,50.96,1,24.10,3,3
2,0,7,0,1,27.08,1,38.64,1,22.88,2,7
1,0,4,0,1,42.88,1,53.26,0,-86.25,1,4
2,1,10,1,1,23.45,1,30.71,0,22.09,1,9
7,0,4,1,0,16.79,1,30.66,1,23.56,7,3
7,1,3,0,0,23.79,1,35.82,1,24.27,6,3
5,0,3,0,1,29.76,1,42.27,1,20.58,5,3
8,0,7,1,0,-inf,1,13.78,1,24.95,8,6
4,1,4,1,0,29.64,1,42.25,1,20.41,3,3
6,0,7,0,1,12.78,1,24.25,1,28.00,6,7
5,0,6,0,1,16.06,1,30.46,1,24.02,5,6
2,0,4,0,1,38.39,1,49.87,1,21.34,2,4
4,1,6,0,0,21.76,1,34.35,1,22.84,3,6
4,0,7,0,1,18.41,1,30.38,1,24.79,4,7
6,0,4,0,1,20.25,1,33.79,1,22.97,6,4
3,0,5,0,1,29.86,1,42.42,1,21.41,3,5
7,2,8,1,0,-inf,0,12.64,1,24.20,5,7
4,0,6,2,0,21.78,0,34.80,1,22.30,4,4
7,0,4,0,1,18.16,1,30.12,1,24.52,7,4
5,0,6,1,0,19.81,1,32.16,1,27.08,5,5
3,0,8,0,1,20.22,1,30.34,1,23.06,3,8
2,1,4,1,0,38.01,1,49.53,0,16.10,1,3
7,1,4,1,0,18.25,1,30.91,1,23.54,6,3
6,1,6,0,0,12.17,1,26.49,1,24.85,5,6
10,1,5,1,0,-inf,1,17.18,1,26.10,9,4
7,0,4,0,1,18.96,1,30.64,1,24.47,7,4
11,0,9,0,1,0.00,1,3.32,1,27.72,11,9
2,1,3,0,0,42.78,1,53.78,0,17.84,1,3
12,1,3,0,0,-inf,1,25.02,1,23.66,11,3
1,0,5,0,1,37.79,1,48.93,0,-87.57,1,5
4,0,7,0,1,19.02,1,30.74,1,25.15,4,7
4,0,5,0,1,25.53,1,38.31,1,23.11,4,5
5,1,4,1,0,26.08,1,38.58,1,22.70,4,3
6,0,6,1,0,12.24,1,26.55,1,24.22,6,5
2,1,4,0,0,38.09,1,49.70,0,18.56,1,4
3,0,6,1,0,25.57,1,38.28,1,21.63,3,5
5,0,5,0,1,22.80,1,35.71,1,26.70,5,5
7,2,2,0,0,-inf,0,37.65,1,20.63,5,2
4,0,9,1,0,-inf,1,24.85,1,24.62,4,8
5,0,5,0,1,21.13,1,34.30,1,22.81,5,5
3,0,3,0,1,38.67,1,50.17,1,20.96,3,3
5,2,8,0,0,11.34,0,22.80,1,24.16,3,8
3,0,9,0,1,19.24,1,27.62,1,23.77,3,9
3,0,4,1,0,34.29,1,46.06,1,21.26,3,3
9,0,6,0,1,6.91,1,16.30,1,24.91,9,6
2,0,8,0,1,24.52,1,33.95,1,22.75,2,8
12,2,4,1,0,-inf,0,-inf,1,24.40,10,3
4,1,5,0,0,25.77,1,38.53,1,22.36,3,5
3,0,3,3,0,38.31,0,49.97,0,17.92,3,0
8,0,5,1,0,10.74,1,21.96,1,25.39,8,4
5,0,0,0,1,44.78,1,50.84,0,-84.09,5,0
4,0,6,0,1,22.13,1,34.33,1,21.64,4,6
3,0,6,0,1,26.48,1,38.22,1,22.73,3,6
4,0,2,0,1,38.47,1,49.92,1,20.04,4,2
4,0,2,0,1,38.09,1,49.72,1,16.45,4,2
9,0,3,0,1,18.94,1,28.54,1,23.63,9,3
7,1,7,0,0,4.58,1,18.49,1,25.48,6,7
5,1,6,0,0,16.63,1,30.37,1,25.45,4,6
7,0,3,0,1,23.77,1,35.83,1,25.90,7,3
5,1,5,0,0,21.69,1,34.60,1,24.60,4,5
6,1,6,1,0,12.53,1,25.92,1,24.68,5,5
3,0,10,1,0,-inf,1,24.99,1,23.66,3,9
5,1,6,2,0,17.09,0,30.59,1,22.06,4,4
5,0,2,0,1,36.35,1,47.40,1,20.44,5,2
6,0,4,0,1,21.51,1,34.75,1,23.58,6,4
5,0,5,0,1,21.26,1,34.37,1,24.49,5,5
3,1,1,0,0,47.09,1,57.07,0,-90.32,2,1
6,0,5,0,1,17.30,1,30.20,1,23.73,6,5
4,0,6,0,1,23.91,1,36.14,1,25.71,4,6
9,0,4,0,1,14.85,1,22.74,1,24.69,9,4
7,0,7,0,1,8.04,1,19.79,1,28.27,7,7
1,0,7,0,1,32.90,1,43.45,0,-84.11,1,7
6,0,6,1,0,14.08,1,27.98,1,26.91,6,5
4,0,8,2,0,-inf,0,25.78,1,24.14,4,6
1,0,4,0,1,42.64,1,53.02,0,-88.18,1,4
8,0,4,1,0,14.81,1,26.98,1,23.61,8,3
2,0,1,0,1,51.16,1,60.67,0,-90.48,2,1
6,1,2,0,1,29.46,1,41.65,1,18.49,5,2
4,0,3,0,1,34.27,1,46.17,1,21.18,4,3
6,0,5,1,0,17.43,1,30.86,1,23.58,6,4
7,1,6,1,0,8.95,1,22.97,1,25.60,6,5
3,1,4,0,0,33.77,1,46.09,1,21.27,2,4
6,0,3,0,1,26.13,1,38.55,1,23.27,6,3
4,0,3,0,1,34.33,1,46.15,1,19.13,4,3
6,1,5,1,0,16.32,1,30.30,1,23.67,5,4
4,0,6,1,0,20.81,1,34.25,1,21.61,4,5
8,0,5,0,1,12.60,1,23.24,1,24.31,8,5
4,0,7,0,1,18.13,1,30.17,1,24.89,4,7
6,1,5,0,0,16.28,1,30.57,1,25.13,5,5
6,0,6,0,1,15.70,1,28.18,1,26.55,6,6
2,1,2,0,0,46.92,1,57.37,0,12.95,1,2
10,2,7,1,0,-inf,0,10.14,1,29.33,8,6
9,1,6,0,0,-inf,1,15.28,1,26.26,8,6
5,0,2,0,1,34.38,1,46.01,1,22.08,5,2
9,1,6,0,0,-inf,1,15.88,1,26.81,8,6
5,0,5,0,1,21.11,1,34.35,1,24.93,5,5
6,0,5,0,1,19.91,1,31.79,1,27.16,6,5
6,0,5,1,0,18.70,1,31.86,1,26.97,6,4
3,0,5,1,0,29.80,1,42.30,1,21.56,3,4
5,1,5,1,0,21.02,1,34.29,1,21.45,4,4
6,0,5,0,1,18.04,1,30.57,1,24.07,6,5
1,0,2,0,1,51.34,1,60.76,0,-93.19,1,2
2,0,2,0,1,46.85,1,57.36,1,15.33,2,2
9,0,6,0,1,6.13,1,17.34,1,27.39,9,6
2,0,6,0,1,30.89,1,41.83,1,21.03,2,6
6,0,7,0,1,13.30,1,25.03,1,28.64,6,7
5,1,2,0,0,33.96,1,45.80,1,17.25,4,2
7,1,8,1,0,-inf,1,13.25,1,26.92,6,7
3,0,5,0,1,29.45,1,41.99,1,22.62,3,5
5,1,4,0,0,25.04,1,38.17,1,22.58,4,4
6,0,4,0,1,24.47,1,36.42,1,26.32,6,4
3,0,2,0,1,42.67,1,53.66,1,18.66,3,2
3,0,6,0,1,25.97,1,38.40,1,23.56,3,6
3,0,3,0,1,38.60,1,50.10,1,22.94,3,3
0,0,5,0,1,42.30,1,49.05,0,-87.25,0,5
4,0,8,2,0,-inf,0,26.10,1,22.97,4,6
10,0,4,0,1,14.72,1,23.30,1,26.35,10,4
6,0,5,0,1,19.58,1,32.18,1,27.92,6,5
6,0,2,0,1,28.83,1,41.45,1,19.80,6,2
4,0,7,1,0,-inf,1,28.65,1,24.34,4,6
8,0,4,1,0,14.94,1,28.58,1,26.19,8,3
6,1,5,0,0,17.07,1,30.48,1,23.39,5,5
5,0,4,1,0,25.86,1,38.26,1,23.10,5,3
3,0,4,1,0,36.38,1,47.64,1,24.16,3,3
3,1,3,0,0,38.55,1,50.05,1,17.99,2,3
7,0,8,2,0,-inf,0,13.37,1,26.39,7,6
6,0,3,0,1,26.32,1,38.54,1,22.87,6,3
1,0,5,1,0,38.23,1,49.04,0,-87.11,1,4
2,0,4,0,1,38.10,1,49.70,1,21.76,2,4
2,1,3,0,0,42.35,1,53.61,0,16.05,1,3
3,0,6,0,1,25.96,1,38.41,1,23.31,3,6
9,1,5,1,0,-inf,1,19.89,1,24.31,8,4
3,0,5,0,1,30.36,1,42.40,1,21.25,3,5
4,0,6,1,0,21.60,1,34.75,1,24.01,4,5
3,0,2,0,1,42.86,1,53.79,1,17.38,3,2
8,1,10,1,0,-inf,1,4.46,1,29.26,7,9
4,0,3,0,1,35.98,1,47.37,1,24.95,4,3
6,1,6,0,0,14.78,1,28.01,1,27.34,5,6
3,0,10,0,1,19.27,1,27.58,1,22.88,3,10
3,0,5,0,1,29.54,1,42.07,1,20.59,3,5
4,0,7,0,1,19.85,1,32.19,1,26.46,4,7
6,0,9,1,0,-inf,1,14.06,1,25.79,6,8
7,1,7,0,0,5.00,1,18.90,1,26.33,6,7
4,0,3,0,1,33.95,1,46.15,1,20.91,4,3
4,0,5,0,1,25.98,1,38.35,1,22.94,4,5
9,0,7,1,0,0.00,1,11.89,1,27.31,9,6
3,0,6,0,1,23.88,1,37.79,1,21.39,3,6
1,0,0,0,1,59.66,1,64.00,0,-198.00,1,0
3,1,5,0,0,28.31,1,41.85,1,22.18,2,5
7,0,5,0,1,15.27,1,28.19,1,27.67,7,5
6,0,3,0,1,25.08,1,37.55,1,22.02,6,3
7,1,0,0,0,33.00,1,41.05,0,-85.74,6,0
6,1,7,0,0,12.02,1,24.45,1,27.65,5,7
6,1,4,0,1,24.13,1,35.62,1,27.74,5,4
1,0,4,0,1,45.22,1,54.57,0,-83.52,1,4
10,1,5,0,1,12.63,1,20.34,1,30.23,9,5
2,0,9,3,0,-inf,0,-inf,1,21.66,2,6
4,0,5,0,1,25.37,1,38.38,1,21.49,4,5
5,0,7,1,0,12.96,1,26.64,1,24.02,5,6
8,1,10,3,0,-inf,0,-inf,1,26.27,7,7
3,0,1,0,1,46.89,1,56.88,0,-89.47,3,1
2,0,1,0,1,51.10,1,60.64,0,-89.83,2,1
4,0,3,0,1,34.39,1,46.30,1,22.17,4,3
8,1,4,0,0,-inf,1,24.97,1,23.87,7,4
2,0,6,0,1,31.89,1,43.79,1,22.30,2,6
4,0,10,0,1,16.08,1,24.89,1,28.27,4,10
3,1,5,0,0,31.78,1,43.57,1,26.52,2,5
4,0,7,0,1,17.68,1,30.22,1,25.39,4,7
4,1,3,1,0,34.07,1,46.17,1,19.96,3,2
4,0,6,3,0,22.34,0,34.27,1,23.81,4,3
10,0,7,2,0,3.17,0,10.97,1,27.85,10,5
6,0,2,0,1,31.08,1,42.21,1,22.09,6,2
1,0,7,1,0,31.32,1,41.29,0,-86.09,1,6
1,0,6,0,1,36.00,1,45.83,0,-86.11,1,6
8,1,5,0,0,-inf,1,21.59,1,24.38,7,5
4,0,7,0,1,17.92,1,30.81,1,24.00,4,7
11,1,8,0,0,-inf,1,5.17,1,30.47,10,8
5,0,7,1,0,13.46,1,26.01,1,24.68,5,6
3,0,7,0,1,23.77,1,34.91,1,24.65,3,7
7,1,8,1,0,-inf,1,14.19,1,25.85,6,7
7,0,5,0,1,14.29,1,26.28,1,24.46,7,5
4,0,2,1,0,38.86,1,50.13,0,19.97,4,1
4,1,1,0,0,42.16,1,52.93,0,-87.57,3,1
10,0,6,0,1,6.91,1,15.72,1,29.61,10,6
4,0,9,1,0,-inf,1,25.15,1,24.23,4,8
4,0,2,1,0,38.15,1,49.77,0,16.13,4,1
6,1,4,0,0,21.94,1,34.84,1,23.42,5,4
2,0,3,0,1,43.33,1,54.12,1,16.56,2,3
5,0,3,2,0,29.88,0,42.17,0,20.84,5,1
10,1,3,1,0,-inf,1,25.11,1,25.31,9,2
6,1,1,0,1,36.35,1,47.08,0,-83.28,5,1
3,0,5,2,0,29.70,0,42.00,1,22.03,3,3
3,0,3,0,1,37.86,1,49.64,1,19.43,3,3
3,0,4,0,1,34.17,1,46.13,1,20.45,3,4
3,0,4,1,0,34.27,1,46.13,1,20.74,3,3
4,0,8,0,1,16.23,1,27.19,1,26.10,4,8
7,1,6,1,0,8.92,1,22.74,1,24.87,6,5
5,0,5,0,1,21.49,1,34.67,1,24.31,5,5
7,0,5,1,0,16.15,1,28.34,1,28.14,7,4
4,0,4,0,1,29.03,1,41.80,1,20.32,4,4
5,0,3,0,1,31.29,1,43.11,1,27.59,5,3
2,0,2,0,1,46.88,1,57.36,1,14.92,2,2
7,0,2,1,0,24.55,1,38.08,0,20.67,7,1
4,2,3,0,0,34.04,0,46.04,1,23.02,2,3
11,0,2,0,1,23.48,1,28.70,1,21.95,11,2
6,1,7,0,0,9.75,1,22.80,1,25.88,5,7
6,1,10,1,0,-inf,1,15.74,1,28.62,5,9
3,0,5,0,1,31.88,1,43.62,1,25.93,3,5
1,0,5,0,1,38.37,1,49.03,0,-86.92,1,5
13,1,6,0,0,-inf,1,12.94,1,26.52,12,6
5,0,6,0,1,18.17,1,30.96,1,22.83,5,6
3,1,5,0,0,29.89,1,42.21,1,21.94,2,5
4,0,2,0,1,38.52,1,49.88,1,19.56,4,2
2,0,6,0,1,31.10,1,41.83,1,20.31,2,6
4,0,7,2,0,16.28,0,29.97,1,23.37,4,5
7,2,8,1,0,1.58,0,14.87,1,25.02,5,7
7,1,3,0,0,22.49,1,34.66,1,21.24,6,3
6,1,6,2,0,13.56,0,26.75,1,23.84,5,4
5,1,7,0,0,12.98,1,26.24,1,23.25,4,7
12,1,6,2,0,-inf,0,13.17,1,29.13,11,4
6,1,9,2,0,-inf,0,-inf,1,28.46,5,7
1,0,5,1,0,38.70,1,49.49,0,-86.70,1,4
5,1,5,0,0,23.65,1,35.97,1,26.63,4,5
2,0,5,0,1,33.73,1,45.86,1,21.25,2,5
4,0,11,2,0,-inf,0,-inf,1,25.80,4,9
6,0,3,0,1,26.40,1,38.46,1,22.44,6,3
6,1,1,1,0,35.46,1,46.59,0,-83.85,5,0
4,0,2,0,1,38.32,1,49.84,1,18.42,4,2
6,1,5,0,0,17.03,1,30.09,1,22.81,5,5
6,0,2,1,0,29.86,1,42.15,0,18.48,6,1
5,0,3,0,1,29.71,1,41.94,1,21.93,5,3
6,0,6,0,1,12.49,1,26.12,1,25.89,6,6
5,0,5,0,1,22.46,1,34.83,1,25.00,5,5
10,0,6,1,0,5.81,1,15.50,1,27.29,10,5
8,0,4,0,1,15.85,1,27.19,1,23.96,8,4
8,0,3,0,1,19.99,1,30.50,1,21.77,8,3
4,0,6,0,1,21.40,1,34.21,1,21.70,4,6
12,1,3,0,0,-inf,1,24.92,1,25.89,11,3
5,0,8,0,1,12.28,1,23.34,1,26.03,5,8
6,1,3,0,0,25.71,1,38.45,1,23.19,5,3
0,0,2,0,1,55.49,1,60.70,0,-91.39,0,2
4,0,4,1,0,29.81,1,42.21,1,20.61,4,3
7,1,10,1,0,-inf,1,9.04,1,26.94,6,9
7,0,7,0,1,8.39,1,19.37,1,25.57,7,7
3,1,5,0,0,32.00,1,43.70,1,26.37,2,5
2,0,5,0,1,34.03,1,45.78,1,18.89,2,5
5,0,3,0,1,30.12,1,42.47,1,20.95,5,3
2,0,6,0,1,29.04,1,41.71,1,22.19,2,6
4,0,7,0,1,20.06,1,32.11,1,26.74,4,7
6,0,6,2,0,11.78,0,25.70,1,25.44,6,4
5,0,6,0,1,16.15,1,30.45,1,24.96,5,6
3,0,7,1,0,20.24,1,33.87,1,23.58,3,6
6,0,6,1,0,12.08,1,26.10,1,24.43,6,5
6,0,4,0,1,20.89,1,34.44,1,21.89,6,4
4,1,3,0,0,34.23,1,46.16,1,20.10,3,3
4,0,7,0,1,20.17,1,32.48,1,24.63,4,7
4,1,3,1,0,33.91,1,46.06,1,20.05,3,2
3,0,6,0,1,27.52,1,39.87,1,25.61,3,6
6,1,4,0,0,21.10,1,33.97,1,22.47,5,4
5,0,7,0,1,13.64,1,26.50,1,25.16,5,7
5,1,2,0,0,33.66,1,45.55,1,20.84,4,2
8,0,5,1,0,13.40,1,25.21,1,27.54,8,4
6,0,4,0,1,21.44,1,34.23,1,23.26,6,4
6,1,3,0,0,23.98,1,37.87,1,22.24,5,3
3,0,5,1,0,30.12,1,42.22,1,22.77,3,4
2,1,5,0,0,34.18,1,45.84,0,20.88,1,5
2,0,3,0,1,42.86,1,53.83,1,18.36,2,3
5,0,8,2,0,10.63,1,22.04,1,24.75,5,6
3,0,2,0,1,42.71,1,53.75,1,16.72,3,2
6,1,6,0,1,12.30,1,26.42,1,24.79,5,6
5,0,9,2,0,-inf,0,18.40,1,26.38,5,7
4,1,3,0,0,34.49,1,46.30,1,19.65,3,3
5,0,5,0,1,21.69,1,34.75,1,23.78,5,5
5,0,4,1,0,24.74,1,38.16,1,21.45,5,3
9,0,3,1,1,19.00,1,29.27,1,25.85,9,2
3,0,8,0,1,19.23,1,31.23,1,23.50,3,8
8,0,7,0,1,4.58,1,15.76,1,25.94,8,7
6,0,5,0,1,17.96,1,30.59,1,25.97,6,5
3,0,7,0,1,22.96,1,34.11,1,21.57,3,7
7,0,4,0,1,16.70,1,30.00,1,24.21,7,4
3,0,6,1,1,25.60,1,38.35,1,21.87,3,5
2,0,4,0,1,38.37,1,49.80,1,19.58,2,4
5,0,5,0,1,21.08,1,34.40,1,23.71,5,5
6,0,5,2,0,16.27,0,30.10,1,22.40,6,3
3,0,4,1,0,34.79,1,46.69,1,19.24,3,3
6,0,5,0,1,19.88,1,31.95,1,26.30,6,5
5,2,5,1,0,20.33,0,34.14,1,24.58,3,4
4,1,1,0,0,42.67,1,53.12,0,-88.40,3,1
5,0,1,0,1,40.56,1,50.82,0,-84.65,5,1
3,0,4,0,1,33.67,1,45.99,1,21.84,3,4
10,0,7,1,1,3.58,1,12.72,1,28.74,10,6
5,0,4,0,1,27.36,1,39.45,1,26.05,5,4
3,0,12,4,0,-inf,0,-inf,1,25.43,3,8
9,1,2,1,0,23.48,1,31.29,0,20.76,8,1
5,0,11,2,0,-inf,0,-inf,1,28.19,5,9
4,0,4,0,1,30.11,1,42.21,1,20.69,4,4
6,0,6,1,0,13.08,1,26.57,1,24.87,6,5
3,0,7,0,1,21.34,1,34.24,1,24.28,3,7
2,0,7,1,0,-inf,1,38.42,1,20.14,2,6
7,1,6,0,0,9.49,1,22.49,1,25.91,6,6
6,0,4,0,1,20.28,1,34.17,1,23.66,6,4
6,0,2,0,1,29.54,1,41.82,1,21.44,6,2
3,0,3,1,0,38.34,1,50.03,1,18.22,3,2
2,0,5,0,1,34.58,1,46.02,1,21.57,2,5
4,2,2,0,0,-inf,0,47.78,1,16.87,2,2
8,0,5,0,1,11.30,1,22.14,1,24.54,8,5
4,0,1,0,1,42.65,1,53.09,0,-87.73,4,1
5,0,3,0,1,29.21,1,42.02,1,20.92,5,3
6,0,7,0,1,10.56,1,24.00,1,26.46,6,7
3,1,5,2,0,29.49,0,42.11,1,21.69,2,3
8,0,6,0,1,8.91,1,19.88,1,28.21,8,6
0,0,6,0,1,39.02,1,45.34,0,-86.52,0,6
1,0,4,1,0,42.58,1,53.13,0,-88.53,1,3
2,1,4,0,0,38.18,1,49.78,0,17.85,1,4
4,0,5,1,0,25.34,1,38.29,1,21.12,4,4
11,0,5,1,0,10.30,1,18.25,1,28.20,11,4
7,2,4,0,0,19.69,0,31.65,1,23.19,5,4
3,0,7,1,0,-inf,1,33.26,1,22.32,3,6
5,0,9,0,1,10.79,1,21.50,1,29.25,5,9
6,1,1,0,0,34.03,1,45.19,0,-86.69,5,1
6,0,5,0,1,18.28,1,31.60,1,28.16,6,5
4,0,5,0,1,25.70,1,38.75,1,20.85,4,5
5,1,5,1,0,21.44,1,34.49,1,23.94,4,4
5,0,7,0,1,15.27,1,26.64,1,23.81,5,7
6,0,5,2,0,18.24,0,31.67,1,26.43,6,3
3,0,5,2,0,29.71,0,42.15,1,20.29,3,3
3,1,4,0,0,33.81,1,45.93,1,19.53,2,4
7,1,6,0,0,10.71,1,23.15,1,25.58,6,6
4,1,5,0,0,25.86,1,38.20,1,21.95,3,5
1,0,5,0,1,38.18,1,49.07,0,-87.39,1,5
8,0,7,1,0,2.58,1,14.94,1,25.44,8,6
3,0,7,1,0,21.42,1,34.51,1,21.24,3,6
7,1,2,0,0,25.39,1,38.04,1,20.37,6,2
3,0,4,0,1,34.41,1,46.27,1,20.70,3,4
7,1,6,0,0,10.13,1,23.32,1,25.73,6,6
6,0,2,0,1,31.70,1,43.33,1,25.40,6,2
5,1,6,0,0,15.40,1,29.56,1,22.71,4,6
10,0,4,0,1,14.65,1,20.95,1,25.01,10,4
4,0,4,0,1,31.96,1,43.61,1,27.72,4,4
10,1,2,1,0,-inf,1,29.72,0,21.06,9,1
6,0,2,1,0,31.21,1,42.11,0,21.25,6,1
2,0,5,0,1,34.51,1,46.08,1,20.33,2,5
4,1,4,0,0,29.97,1,42.36,1,22.07,3,4
4,0,6,0,1,21.87,1,34.45,1,24.21,4,6
6,0,3,0,1,28.26,1,39.88,1,24.49,6,3
1,1,1,0,0,55.54,1,64.00,0,-198.00,0,1
6,0,5,0,1,16.90,1,30.27,1,24.12,6,5
11,2,7,0,0,-inf,0,-inf,1,28.33,9,7
2,0,2,1,0,46.89,1,57.36,0,12.93,2,1
4,0,7,1,0,16.53,1,30.32,1,24.66,4,6
4,0,2,1,0,38.13,1,49.78,0,18.53,4,1
9,1,1,0,0,-inf,1,33.58,0,-85.37,8,1
4,1,7,0,0,18.66,1,30.70,1,21.88,3,7
3,0,5,0,1,30.41,1,42.37,1,22.27,3,5
5,1,3,0,0,32.25,1,43.36,1,26.15,4,3
4,0,5,0,1,25.48,1,38.44,1,23.69,4,5
2,0,8,0,1,25.95,1,36.09,1,23.22,2,8
9,0,3,1,0,19.20,1,28.68,1,24.31,9,2
2,0,6,0,1,30.75,1,42.27,1,19.48,2,6
3,0,0,0,1,50.78,1,56.82,0,-90.33,3,0
9,1,4,1,0,-inf,1,23.83,1,24.30,8,3
7,0,11,0,1,2.00,1,8.85,1,29.13,7,11
6,1,3,0,0,25.54,1,38.17,1,23.10,5,3
6,1,5,0,0,16.05,1,29.92,1,22.85,5,5
4,0,2,0,1,38.31,1,49.67,1,19.60,4,2
3,0,7,0,1,21.80,1,33.77,1,22.08,3,7
5,0,9,1,0,-inf,1,19.77,1,25.79,5,8
4,1,8,0,0,15.50,1,26.29,1,25.42,3,8
6,1,5,0,0,16.95,1,30.05,1,24.81,5,5
2,0,7,0,1,28.76,1,39.73,1,22.47,2,7
6,0,4,0,1,21.38,1,34.22,1,23.01,6,4
4,0,7,0,1,16.61,1,30.11,1,23.86,4,7
2,0,4,0,1,38.20,1,49.81,1,16.05,2,4
5,0,9,1,0,-inf,1,20.28,1,25.90,5,8
0,0,3,0,1,51.03,1,56.96,0,-89.00,0,3
5,1,3,1,0,30.90,1,42.50,1,21.00,4,2
4,0,3,0,1,36.62,1,47.49,1,26.63,4,3
3,0,6,1,0,26.34,1,38.38,1,21.92,3,5
4,0,5,1,1,24.93,1,38.00,1,22.64,4,4
5,1,8,0,0,10.04,1,23.22,1,25.22,4,8
4,0,6,0,1,21.27,1,34.11,1,23.01,4,6
3,2,7,1,0,23.24,0,34.77,0,22.66,1,6
5,1,7,0,0,12.94,1,26.49,1,23.46,4,7
3,1,8,1,0,-inf,1,30.18,1,22.48,2,7
4,0,7,1,0,17.75,1,30.40,1,24.12,4,6
3,0,6,0,1,26.57,1,38.23,1,22.48,3,6
2,0,7,1,0,24.90,1,37.10,1,20.57,2,6
3,0,8,0,1,18.93,1,30.28,1,23.05,3,8
7,0,3,0,1,23.17,1,34.42,1,22.94,7,3
4,0,8,1,0,-inf,1,24.96,1,24.14,4,7
4,1,8,4,0,-inf,0,25.39,1,23.51,3,4
3,0,7,1,0,23.81,1,36.07,1,25.19,3,6
5,2,3,0,0,32.08,0,43.58,1,25.72,3,3
2,1,6,0,0,32.78,1,43.68,0,22.04,1,6
7,0,2,0,1,27.83,1,38.74,1,21.71,7,2
6,1,1,0,0,33.07,1,45.05,0,-87.57,5,1
4,0,4,0,1,30.07,1,42.37,1,21.99,4,4
8,1,3,0,0,-inf,1,28.07,1,21.77,7,3
6,1,6,0,0,12.14,1,26.32,1,24.86,5,6
4,1,4,0,0,29.71,1,42.29,1,21.58,3,4
3,1,7,1,0,21.61,1,34.64,1,22.48,2,6
6,0,3,0,1,25.41,1,38.09,1,22.06,6,3
7,0,3,0,1,21.05,1,33.94,1,21.83,7,3
7,1,4,0,0,18.52,1,31.00,1,25.21,6,4
7,3,6,0,0,-inf,0,22.49,1,25.61,4,6
4,1,6,0,0,22.09,1,34.92,1,22.81,3,6
3,0,5,1,0,29.90,1,42.12,1,20.64,3,4
4,0,4,1,0,30.03,1,42.32,1,22.23,4,3
5,0,9,2,0,-inf,0,18.23,1,26.89,5,7
2,0,5,2,0,33.79,0,45.77,1,19.31,2,3
5,2,5,0,0,20.32,0,34.04,1,23.47,3,5
2,1,4,0,0,38.98,1,50.26,0,17.90,1,4
5,1,8,1,0,15.84,1,26.29,1,30.20,4,7
2,0,2,0,1,46.82,1,57.34,1,16.86,2,2
4,0,5,0,1,25.55,1,38.28,1,24.46,4,5
5,0,6,0,1,17.22,1,30.18,1,23.31,5,6
6,1,11,1,0,-inf,1,12.96,1,26.59,5,10
6,0,6,0,1,13.86,1,27.77,1,27.33,6,6
5,0,6,0,1,17.22,1,30.50,1,24.34,5,6
7,0,5,1,0,13.76,1,26.41,1,25.42,7,4
6,1,4,0,0,24.95,1,36.88,1,29.71,5,4
4,0,5,0,1,25.47,1,38.21,1,22.65,4,5
2,1,4,0,1,38.37,1,49.83,0,17.32,1,4
5,0,8,1,0,-inf,1,21.90,1,25.33,5,7
7,0,4,0,1,17.41,1,30.09,1,24.26,7,4
3,0,2,1,0,42.36,1,53.59,0,17.58,3,1
2,0,9,1,0,-inf,1,30.69,1,21.82,2,8
4,0,0,0,1,46.97,1,53.17,0,-87.60,4,0
3,0,5,0,1,30.51,1,42.42,1,21.99,3,5
7,0,7,1,0,6.17,1,19.73,1,27.45,7,6
8,0,3,1,0,20.16,1,30.62,1,22.46,8,2
8,0,5,0,1,11.08,1,22.83,1,25.16,8,5
15,1,3,0,0,-inf,1,24.89,1,24.58,14,3
4,0,4,0,1,29.51,1,41.98,1,19.09,4,4
9,0,4,0,1,14.64,1,24.64,1,25.36,9,4
6,1,6,1,0,10.08,1,25.88,1,25.27,5,5
10,1,4,0,0,-inf,1,21.26,1,25.47,9,4
2,0,4,0,1,38.92,1,50.12,1,19.61,2,4
1,0,7,0,1,30.95,1,41.74,0,-86.93,1,7
4,0,9,0,1,15.04,1,23.84,1,24.99,4,9
2,1,5,0,0,33.61,1,45.83,0,19.90,1,5
4,0,4,0,1,29.99,1,42.40,1,20.02,4,4
8,0,4,0,1,16.05,1,26.83,1,24.19,8,4
6,0,7,0,1,10.29,1,23.87,1,28.21,6,7
4,0,4,0,1,30.00,1,42.27,1,21.96,4,4
11,1,3,1,0,-inf,1,24.95,1,22.08,10,2
6,0,3,1,1,26.16,1,38.18,1,22.57,6,2
2,0,8,0,1,26.09,1,36.20,1,25.27,2,8
3,1,4,0,0,34.10,1,46.06,1,22.24,2,4
8,0,2,0,1,23.49,1,34.57,1,23.24,8,2
5,0,10,1,0,-inf,1,20.27,1,28.36,5,9
7,0,7,2,0,-inf,0,18.76,1,24.15,7,5
6,1,2,0,1,30.50,1,41.73,1,18.87,5,2
6,0,6,0,1,14.76,1,27.91,1,27.67,6,6
7,0,3,0,1,25.00,1,36.00,1,25.61,7,3
3,0,9,1,0,-inf,1,27.91,1,22.56,3,8
4,0,4,1,0,30.14,1,42.46,1,21.00,4,3
4,0,3,0,1,36.28,1,47.25,1,27.13,4,3
5,0,7,0,1,14.72,1,27.12,1,24.59,5,7
4,1,5,0,0,25.84,1,38.42,1,23.36,3,5
5,1,3,0,0,29.77,1,42.12,1,21.35,4,3
5,0,5,0,1,20.91,1,34.12,1,23.41,5,5
2,0,9,0,1,24.42,1,32.25,1,20.15,2,9
3,0,2,0,1,42.50,1,53.57,1,19.15,3,2
4,2,3,0,0,34.30,0,46.21,1,20.30,2,3
9,1,5,0,0,-inf,1,18.05,1,25.67,8,5
8,0,6,1,0,9.64,1,20.45,1,29.16,8,5
5,1,4,1,0,25.60,1,38.34,1,21.58,4,3
2,0,6,1,0,31.88,1,43.57,1,21.23,2,5
4,0,4,0,1,30.21,1,42.37,1,22.44,4,4
4,0,7,0,1,18.14,1,30.52,1,24.34,4,7
5,0,2,1,0,34.04,1,45.82,0,18.59,5,1
6,0,5,0,1,19.06,1,32.04,1,28.39,6,5
4,1,4,0,1,29.28,1,41.93,1,23.03,3,4
5,1,5,1,0,20.46,1,34.08,1,23.21,4,4
5,0,3,1,0,29.44,1,42.32,1,22.81,5,2
4,0,2,0,1,38.13,1,49.69,1,20.13,4,2
1,0,6,1,0,33.59,1,44.88,0,-86.66,1,5
3,0,1,0,1,46.73,1,57.01,0,-88.03,3,1
6,0,2,0,1,29.18,1,41.51,1,19.14,6,2
9,1,6,0,0,-inf,1,15.26,1,27.21,8,6
5,0,10,1,0,-inf,1,18.88,1,28.78,5,9
6,0,6,0,1,14.00,1,26.43,1,24.20,6,6
6,2,1,1,0,33.44,1,45.00,0,-87.30,4,0
3,0,8,0,1,22.09,1,31.60,1,20.85,3,8
5,0,6,0,1,17.14,1,30.04,1,24.99,5,6
8,0,4,0,1,15.01,1,25.39,1,25.14,8,4
6,1,5,0,0,16.26,1,29.74,1,23.31,5,5
4,0,4,0,1,30.55,1,42.78,1,20.82,4,4
7,0,3,1,0,22.27,1,34.49,1,24.54,7,2
2,0,4,0,1,38.47,1,49.75,1,20.04,2,4
5,0,5,0,1,21.34,1,34.31,1,22.68,5,5
5,1,6,0,0,15.91,1,29.86,1,25.53,4,6
5,0,6,1,0,18.33,1,30.57,1,25.09,5,5
9,1,7,1,0,-inf,1,13.08,1,27.95,8,6
8,0,3,0,1,19.40,1,30.85,1,23.33,8,3
2,1,3,0,0,42.63,1,53.71,0,17.16,1,3
4,2,6,0,0,21.46,0,34.20,1,22.28,2,6
6,1,7,1,0,10.23,1,23.30,1,27.39,5,6
4,0,2,0,1,38.40,1,50.00,1,20.69,4,2
7,0,4,0,1,17.81,1,30.59,1,21.84,7,4
7,0,4,0,1,17.25,1,30.15,1,24.27,7,4
4,0,4,0,1,29.52,1,42.14,1,21.18,4,4
5,0,3,0,1,29.93,1,42.17,1,22.57,5,3
7,0,4,0,1,17.93,1,30.59,1,24.65,7,4
5,0,8,0,1,10.71,1,22.98,1,25.53,5,8
5,1,1,0,0,38.07,1,49.15,0,-87.63,4,1
3,0,6,0,1,24.72,1,37.97,1,22.95,3,6
4,0,8,3,0,-inf,0,25.35,1,23.90,4,5
5,1,6,1,0,16.90,1,30.22,1,24.32,4,5
5,1,2,1,0,34.80,1,46.34,0,19.84,4,1
3,0,5,1,0,30.16,1,42.24,1,20.69,3,4
6,1,3,0,0,25.55,1,38.26,1,21.84,5,3
0,0,5,0,1,42.30,1,49.04,0,-87.82,0,5
3,1,7,0,0,20.05,1,34.28,1,22.03,2,7
6,0,5,0,1,16.72,1,29.91,1,23.81,6,5
6,0,7,1,0,8.27,1,22.40,1,26.22,6,6
6,1,4,0,0,20.51,1,33.89,1,21.37,5,4
5,1,4,0,0,24.89,1,37.75,1,22.83,4,4
5,1,6,0,0,20.04,1,32.04,1,25.97,4,6
6,0,4,0,1,21.28,1,34.27,1,23.50,6,4
2,0,3,0,1,42.72,1,53.70,1,19.07,2,3
5,1,4,0,0,27.46,1,39.78,1,25.39,4,4
7,1,2,0,0,26.86,1,39.61,1,25.66,6,2
5,0,7,0,1,14.66,1,28.17,1,27.11,5,7
5,1,4,2,0,26.50,0,38.71,1,23.08,4,2
7,0,2,0,1,26.88,1,39.42,1,23.50,7,2
6,1,5,0,0,17.28,1,30.36,1,24.30,5,5
3,1,4,0,0,34.27,1,46.13,1,19.61,2,4
2,1,6,2,0,29.26,0,41.80,0,20.77,1,4
2,0,4,0,1,38.58,1,49.86,1,21.42,2,4
6,1,6,0,0,14.55,1,28.02,1,26.51,5,6
6,0,2,0,1,28.23,1,41.27,1,20.21,6,2
10,3,5,0,0,-inf,1,17.16,1,25.56,7,5
3,0,2,0,1,42.69,1,53.76,1,17.39,3,2
3,0,8,1,0,-inf,1,30.64,1,25.17,3,7
6,0,10,1,0,-inf,1,12.92,1,26.08,6,9
4,0,3,1,0,34.15,1,46.09,1,23.32,4,2
5,0,4,0,1,26.59,1,38.64,1,23.67,5,4
8,0,6,0,1,6.91,1,19.30,1,25.26,8,6
7,0,2,0,1,27.04,1,37.87,1,20.91,7,2
6,0,5,1,0,15.43,1,30.19,1,23.91,6,4
3,0,4,0,1,33.60,1,45.81,1,22.00,3,4
6,0,3,0,1,24.43,1,37.84,1,22.22,6,3
2,0,4,0,1,39.36,1,50.36,1,18.15,2,4
5,1,5,0,0,21.46,1,34.20,1,23.34,4,5
6,0,7,1,0,8.59,1,22.39,1,24.69,6,6
3,0,5,1,0,29.74,1,42.17,1,23.11,3,4
3,1,1,0,0,46.84,1,56.99,0,-89.26,2,1
4,0,3,1,0,34.64,1,46.47,1,19.98,4,2
6,0,7,0,1,8.64,1,21.95,1,24.07,6,7
5,0,5,0,1,25.35,1,37.35,1,31.41,5,5
6,0,5,0,1,18.21,1,30.47,1,24.44,6,5
4,0,4,0,1,30.00,1,42.35,1,22.64,4,4
7,2,6,1,0,6.49,1,21.12,1,23.47,5,5
4,0,3,0,1,33.87,1,45.99,1,20.36,4,3
2,1,7,1,0,-inf,1,37.10,0,16.64,1,6
7,1,5,1,0,-inf,1,25.46,1,23.75,6,4
7,0,0,0,1,36.58,1,41.40,0,-86.86,7,0
7,1,2,0,1,26.63,1,37.83,1,22.76,6,2
4,0,7,1,0,-inf,1,29.81,1,23.51,4,6
5,1,4,0,0,25.53,1,38.27,1,24.17,4,4
4,0,4,2,0,29.92,0,42.24,1,22.53,4,2
6,1,2,0,0,29.87,1,41.75,1,17.03,5,2
6,0,4,0,1,21.15,1,34.14,1,23.21,6,4
1,0,3,0,1,47.01,1,57.02,0,-88.91,1,3
3,0,3,0,1,37.92,1,49.62,1,21.37,3,3
4,0,6,0,1,20.35,1,34.15,1,23.69,4,6
7,0,6,0,1,14.75,1,26.08,1,29.55,7,6
9,1,10,2,0,-inf,0,-inf,1,27.93,8,8
8,1,4,0,0,-inf,1,25.96,1,23.32,7,4
5,0,1,0,1,38.26,1,49.13,0,-87.99,5,1
4,0,6,0,1,25.56,1,37.44,1,29.09,4,6
6,0,8,0,1,9.29,1,20.51,1,28.39,6,8
5,0,4,0,1,26.19,1,38.56,1,23.52,5,4
1,0,3,0,1,46.72,1,56.72,0,-88.48,1,3
4,0,4,0,1,29.33,1,42.13,1,22.29,4,4
4,0,5,1,0,29.35,1,40.82,1,31.40,4,4
6,0,4,0,1,20.12,1,33.74,1,23.50,6,4
6,0,7,0,1,13.02,1,25.92,1,29.00,6,7
4,1,0,0,0,46.79,1,53.16,0,-87.23,3,0
7,0,3,0,1,24.36,1,35.28,1,19.57,7,3
6,0,2,1,0,29.69,1,41.55,0,20.07,6,1
5,0,0,0,1,43.25,1,49.59,0,-85.92,5,0
5,1,2,0,0,34.00,1,45.88,1,17.75,4,2
5,0,7,1,0,10.84,1,26.30,1,23.70,5,6
3,0,7,1,0,23.52,1,34.45,1,23.04,3,6
6,1,8,0,0,7.81,1,19.36,1,26.06,5,8
6,1,7,0,0,11.62,1,24.08,1,26.18,5,7
1,0,4,0,1,42.66,1,53.15,0,-87.28,1,4
7,0,6,0,1,10.49,1,22.57,1,24.72,7,6
7,1,5,0,1,12.69,1,26.26,1,25.30,6,5
7,1,4,0,0,19.96,1,31.37,1,24.63,6,4
5,1,8,0,0,11.68,1,23.24,1,25.36,4,8
2,0,10,1,0,-inf,1,28.73,1,24.71,2,9
3,0,7,0,1,24.13,1,34.84,1,22.92,3,7
5,0,7,1,0,-inf,1,26.59,1,24.31,5,6
4,0,7,1,0,17.78,1,30.43,1,22.67,4,6
9,1,2,0,0,-inf,1,30.70,1,23.19,8,2
4,0,3,0,1,34.57,1,46.33,1,21.28,4,3
3,0,5,0,1,30.34,1,42.43,1,23.29,3,5
7,0,9,0,1,4.00,1,14.56,1,29.87,7,9
4,2,3,1,0,34.15,0,46.17,1,20.12,2,2
5,0,5,1,0,20.58,1,34.21,1,22.55,5,4
6,0,8,1,0,-inf,1,19.44,1,28.58,6,7
4,0,6,1,0,23.82,1,35.37,1,27.92,4,5
5,1,6,1,0,16.55,1,30.29,1,22.64,4,5
4,0,3,0,1,33.93,1,46.01,1,22.00,4,3
9,1,5,1,0,-inf,1,20.33,1,24.63,8,4
5,0,6,0,1,17.18,1,30.33,1,24.60,5,6
7,3,4,2,0,16.36,0,30.30,1,22.09,4,2
4,0,5,0,1,24.48,1,37.85,1,21.37,4,5
6,0,6,0,1,13.17,1,25.76,1,23.99,6,6
4,0,6,1,0,21.21,1,34.33,1,24.39,4,5
4,0,7,0,1,20.95,1,33.39,1,26.94,4,7
4,0,5,0,1,25.37,1,38.23,1,22.23,4,5
1,0,5,1,0,38.28,1,48.95,0,-87.49,1,4
3,0,2,0,1,42.68,1,53.75,1,18.04,3,2
4,0,6,0,1,21.67,1,34.18,1,25.28,4,6
3,0,4,0,1,34.39,1,46.23,1,20.85,3,4
5,1,6,0,0,20.61,1,32.54,1,26.81,4,6
4,1,2,0,0,38.15,1,49.61,1,18.52,3,2
8,1,8,0,0,-inf,1,13.97,1,31.59,7,8
6,0,6,1,0,15.09,1,27.98,1,27.76,6,5
6,2,7,0,0,7.91,0,22.27,1,23.87,4,7
3,0,12,1,0,-inf,1,25.00,1,23.52,3,11
9,2,7,0,0,-inf,0,9.49,1,26.64,7,7
8,0,4,0,1,14.84,1,26.66,1,23.16,8,4
7,1,8,0,0,4.32,1,16.43,1,29.08,6,8
5,1,4,0,0,25.55,1,38.25,1,23.61,4,4
5,0,4,0,1,25.38,1,38.21,1,23.36,5,4
7,1,6,0,0,8.21,1,22.41,1,25.01,6,6
5,1,8,1,0,-inf,1,21.64,1,24.31,4,7
6,1,12,1,0,-inf,1,13.58,1,26.50,5,11
3,0,5,0,1,31.47,1,43.47,1,25.92,3,5
6,1,4,0,0,23.42,1,35.88,1,26.75,5,4
6,0,2,0,1,30.00,1,42.11,1,22.89,6,2
3,0,2,1,0,42.65,1,53.65,0,19.57,3,1
6,0,6,0,1,14.07,1,26.84,1,23.77,6,6
3,0,2,0,1,42.60,1,53.61,1,20.06,3,2
4,0,8,1,1,15.64,1,26.42,1,22.92,4,7
5,0,5,0,1,21.04,1,34.41,1,22.99,5,5
4,0,7,1,1,20.69,1,32.26,1,28.54,4,6
6,0,5,0,1,19.47,1,32.23,1,28.28,6,5
1,0,4,0,1,42.52,1,53.01,0,-88.10,1,4
5,1,3,0,0,29.49,1,41.97,1,21.78,4,3
6,1,4,1,0,21.04,1,34.37,1,22.99,5,3
8,2,5,0,0,11.49,0,23.33,1,25.61,6,5
14,1,2,0,1,23.50,1,28.72,1,24.73,13,2
6,0,4,0,1,23.75,1,35.94,1,26.21,6,4
3,0,8,1,0,-inf,1,29.73,1,22.00,3,7
2,0,3,1,0,42.64,1,53.65,1,18.18,2,2
7,0,2,0,1,27.80,1,38.59,1,20.71,7,2
3,1,4,0,0,34.36,1,46.16,1,20.06,2,4
6,0,4,1,0,21.28,1,33.92,1,22.39,6,3
4,1,4,0,0,29.45,1,42.14,1,22.86,3,4
5,1,4,0,0,25.14,1,38.12,1,21.55,4,4
11,1,4,0,0,-inf,1,21.20,1,25.30,10,4
5,0,3,0,1,30.12,1,42.20,1,22.07,5,3
2,0,4,0,1,38.85,1,50.01,1,17.68,2,4
5,0,3,0,1,29.92,1,42.28,1,21.34,5,3
4,0,7,0,1,21.85,1,33.71,1,26.91,4,7
6,0,3,1,0,25.96,1,38.29,1,21.51,6,2
4,1,3,0,0,36.50,1,47.35,1,25.09,3,3
4,0,7,1,0,19.80,1,31.76,1,25.58,4,6
8,1,4,0,0,-inf,1,26.63,1,23.90,7,4
8,0,4,1,0,16.50,1,28.13,1,27.65,8,3
3,0,5,1,0,29.70,1,42.16,1,22.03,3,4
4,1,2,0,0,38.03,1,49.82,1,17.78,3,2
3,0,7,0,1,24.33,1,34.91,1,23.06,3,7
4,0,6,0,1,19.75,1,33.75,1,24.55,4,6
8,1,5,0,0,13.22,1,24.92,1,26.40,7,5
5,0,10,0,1,10.82,1,19.45,1,28.38,5,10
8,1,5,1,0,-inf,1,22.17,1,25.92,7,4
4,1,6,1,0,22.24,1,35.69,1,26.69,3,5
3,0,4,0,1,33.98,1,46.11,1,20.88,3,4
3,1,3,0,0,40.42,1,50.83,1,23.17,2,3
6,0,2,0,1,30.58,1,42.07,1,19.00,6,2
2,0,9,0,1,23.32,1,32.53,1,24.08,2,9
4,0,3,0,1,34.36,1,46.20,1,21.18,4,3
7,0,6,1,0,9.95,1,24.03,1,30.18,7,5
2,0,5,0,1,36.20,1,47.43,1,21.62,2,5
3,0,9,0,1,19.89,1,28.35,1,22.35,3,9
2,0,4,0,1,38.18,1,49.70,1,20.05,2,4
5,1,4,1,0,26.00,1,38.36,1,23.47,4,3
6,1,9,0,0,6.32,1,16.88,1,24.90,5,9
1,1,5,1,0,38.51,1,49.15,0,-87.09,0,4
3,0,7,0,1,23.21,1,34.51,1,25.34,3,7
8,0,4,0,1,15.34,1,26.72,1,23.52,8,4
3,0,8,0,1,20.04,1,31.86,1,23.71,3,8
3,0,4,1,0,34.01,1,46.13,1,20.32,3,3
6,0,3,1,0,27.09,1,39.60,1,25.43,6,2
5,0,4,1,0,25.96,1,38.37,1,21.74,5,3
7,0,4,1,0,17.97,1,30.80,1,23.16,7,3
7,0,7,0,1,4.58,1,18.22,1,25.31,7,7
4,0,4,0,1,29.73,1,42.18,1,22.21,4,4
8,1,4,0,0,-inf,1,25.94,1,24.52,7,4
4,0,4,0,1,29.38,1,42.17,1,22.45,4,4
7,0,2,0,1,28.55,1,39.79,1,24.95,7,2
1,0,2,0,1,51.43,1,60.81,0,-88.19,1,2
2,0,5,1,0,36.22,1,45.82,1,26.33,2,4
3,0,4,1,0,33.80,1,46.05,1,19.33,3,3
8,0,3,0,1,21.01,1,31.25,1,23.50,8,3
7,0,4,1,0,18.22,1,30.58,1,24.17,7,3
3,0,14,3,0,-inf,0,-inf,1,26.25,3,11
8,2,5,0,0,-inf,0,22.71,1,24.10,6,5
8,1,4,0,0,14.86,1,27.35,1,23.39,7,4
5,0,6,1,0,16.51,1,30.32,1,23.98,5,5
2,0,3,0,1,42.74,1,53.68,1,18.92,2,3
8,1,5,1,0,-inf,1,23.49,1,27.12,7,4
4,0,4,1,0,29.75,1,42.19,1,22.40,4,3
4,2,2,0,0,38.16,0,49.78,1,19.29,2,2
3,0,3,1,0,38.54,1,50.05,1,17.53,3,2
6,0,6,1,0,12.04,1,26.12,1,25.21,6,5
4,0,5,1,0,25.48,1,38.27,1,22.40,4,4
6,1,3,0,0,24.85,1,38.15,1,22.56,5,3
6,0,10,2,0,-inf,0,-inf,1,27.16,6,8
4,0,5,0,1,27.42,1,39.87,1,26.31,4,5
5,0,5,0,1,21.46,1,34.48,1,22.96,5,5
1,0,5,0,1,38.12,1,49.08,0,-87.64,1,5
3,0,7,0,1,20.86,1,33.98,1,22.22,3,7
3,0,8,1,0,20.29,1,30.93,1,21.79,3,7
3,0,4,0,1,33.30,1,45.72,1,18.96,3,4
5,0,7,2,0,12.96,1,26.10,1,23.64,5,5
4,0,3,0,1,34.04,1,46.00,1,20.11,4,3
3,0,5,2,0,29.52,0,41.98,1,19.65,3,3
2,0,5,2,0,34.68,0,45.77,1,21.63,2,3
5,0,8,1,0,-inf,1,22.53,1,25.09,5,7
6,0,2,2,0,30.53,1,41.82,0,17.10,6,0
1,0,2,0,1,51.06,1,60.66,0,-90.26,1,2
1,0,3,1,0,46.96,1,57.06,0,-90.31,1,2
5,1,2,0,0,34.22,1,46.20,1,17.47,4,2
10,0,4,2,0,14.47,0,22.95,1,26.73,10,2
9,0,1,0,1,27.95,1,34.32,0,-85.87,9,1
5,0,5,0,1,21.33,1,34.42,1,22.41,5,5
4,0,10,2,0,-inf,0,-inf,1,26.69,4,8
3,0,5,0,1,31.99,1,43.74,1,24.21,3,5
5,1,9,1,0,-inf,1,21.68,1,27.56,4,8
5,0,4,0,1,25.78,1,38.39,1,23.85,5,4
7,0,6,0,1,11.59,1,24.38,1,27.52,7,6
8,2,4,1,0,-inf,0,24.39,1,25.01,6,3
10,1,1,0,0,-inf,1,32.00,0,-85.28,9,1
5,0,5,0,1,21.59,1,34.74,1,22.58,5,5
2,0,1,0,1,51.19,1,60.71,0,-91.59,2,1
3,0,6,0,1,25.48,1,38.17,1,22.73,3,6
2,1,6,0,0,29.48,1,41.88,0,19.92,1,6
6,0,7,0,1,10.10,1,22.86,1,25.81,6,7
3,0,5,1,0,30.32,1,42.35,1,21.78,3,4
2,0,4,0,1,38.35,1,49.92,1,18.94,2,4
6,1,6,1,0,15.43,1,28.23,1,28.25,5,5
1,1,8,1,0,-inf,1,38.78,0,-86.19,0,7
2,0,4,0,1,37.95,1,49.74,1,18.10,2,4
6,0,2,0,1,29.78,1,41.55,1,20.52,6,2
6,0,4,1,1,23.50,1,36.07,1,27.37,6,3
2,0,7,0,1,26.46,1,37.85,1,20.44,2,7
4,1,4,0,0,29.83,1,42.30,1,21.10,3,4
4,0,9,1,0,-inf,1,22.30,1,25.35,4,8
3,1,3,0,0,38.46,1,49.94,1,18.88,2,3
3,1,4,0,0,34.04,1,46.09,1,21.62,2,4
1,0,5,1,0,38.46,1,49.32,0,-87.51,1,4
5,0,2,0,1,36.01,1,47.31,1,21.75,5,2
9,1,2,0,0,-inf,1,31.50,1,19.84,8,2
4,1,4,0,0,29.98,1,42.22,1,20.79,3,4
9,0,3,1,0,20.57,1,29.12,1,24.35,9,2
5,0,4,0,1,25.08,1,38.23,1,23.12,5,4
3,1,5,0,0,32.00,1,43.65,1,23.96,2,5
8,0,5,1,0,11.90,1,24.06,1,24.88,8,4
1,0,4,0,1,42.41,1,53.07,0,-87.29,1,4
2,0,4,0,1,38.36,1,49.88,1,16.90,2,4
9,0,8,0,1,1.00,1,10.00,1,28.91,9,8
4,0,5,1,0,27.64,1,39.87,1,25.77,4,4
8,0,6,1,0,6.98,1,19.27,1,24.73,8,5
2,0,7,0,1,27.85,1,39.67,1,22.35,2,7
8,0,9,0,1,2.58,1,8.78,1,26.31,8,9
3,1,4,0,0,33.70,1,45.89,1,19.71,2,4
8,2,3,0,0,-inf,0,27.82,1,21.98,6,3
8,2,4,0,0,-inf,0,24.76,1,24.17,6,4
2,0,2,0,1,47.15,1,57.47,1,15.53,2,2
9,0,7,1,0,3.00,1,13.44,1,27.71,9,6
8,0,4,0,1,18.29,1,28.75,1,26.91,8,4
8,0,1,0,1,28.77,1,38.02,0,-85.51,8,1
6,1,5,1,0,16.35,1,30.06,1,24.74,5,4
1,0,2,0,1,51.23,1,60.69,0,-89.59,1,2
9,1,2,0,0,-inf,1,30.97,1,19.81,8,2
6,0,5,1,0,18.38,1,30.86,1,22.74,6,4
4,0,3,0,1,33.78,1,45.96,1,20.58,4,3
8,1,5,1,0,-inf,1,22.37,1,24.08,7,4
3,1,5,0,0,29.99,1,42.48,1,17.98,2,5
1,0,5,1,0,38.83,1,49.36,0,-86.49,1,4
1,0,6,0,1,35.53,1,45.28,0,-87.02,1,6
8,1,8,1,0,-inf,1,10.25,1,25.54,7,7
5,0,4,2,0,25.89,0,38.30,1,21.37,5,2
5,0,2,1,0,36.24,1,47.49,0,23.43,5,1
3,0,7,1,0,20.69,1,33.95,1,23.09,3,6
3,0,3,0,1,40.39,1,50.90,1,25.19,3,3
1,0,7,0,1,32.20,1,42.82,0,-83.56,1,7
5,0,6,1,0,20.17,1,32.14,1,27.54,5,5
9,1,1,0,0,27.76,1,35.17,0,-85.03,8,1
2,0,8,1,0,-inf,1,31.66,1,21.40,2,7
4,1,7,1,0,15.66,1,29.82,1,23.69,3,6
7,0,5,0,1,11.77,1,26.25,1,26.23,7,5
7,2,9,0,0,-inf,1,12.42,1,25.01,5,9
9,1,2,0,0,-inf,1,31.26,1,20.32,8,2
8,0,2,0,1,24.35,1,34.91,1,21.15,8,2
2,0,9,1,0,-inf,1,28.75,1,22.08,2,8
3,0,9,0,1,20.34,1,29.91,1,23.18,3,9
3,0,6,0,1,26.91,1,38.70,1,21.36,3,6
1,0,7,0,1,29.29,1,40.94,0,-85.68,1,7
8,0,4,0,1,14.62,1,26.57,1,23.57,8,4
5,0,5,0,1,21.00,1,34.20,1,25.55,5,5
4,0,8,1,0,-inf,1,26.03,1,23.77,4,7
6,0,7,0,1,10.71,1,22.73,1,25.79,6,7
8,1,3,1,0,-inf,1,29.86,1,23.83,7,2
6,1,7,1,0,-inf,1,22.83,1,24.85,5,6
6,1,3,0,0,26.20,1,38.24,1,22.09,5,3
6,0,7,1,0,10.98,1,23.94,1,29.57,6,6
5,1,4,0,0,27.35,1,39.55,1,26.54,4,4
1,0,6,0,1,34.14,1,45.33,0,-87.21,1,6
7,1,7,0,0,7.29,1,20.59,1,29.08,6,7
3,0,6,0,1,25.74,1,37.73,1,23.13,3,6
3,0,5,0,1,30.33,1,42.41,1,22.96,3,5
5,1,11,2,0,-inf,0,-inf,1,25.36,4,9
5,2,5,1,0,20.82,0,34.16,1,21.92,3,4
12,2,3,0,0,-inf,1,24.89,1,24.39,10,3
2,0,4,0,1,37.94,1,49.68,1,20.11,2,4
5,1,6,0,0,20.74,1,32.21,1,26.70,4,6
3,0,2,0,1,42.52,1,53.61,1,18.65,3,2
5,0,4,0,1,25.81,1,38.53,1,22.55,5,4
6,0,4,0,1,21.29,1,34.09,1,21.86,6,4
2,1,7,1,0,-inf,1,39.44,0,22.42,1,6
4,1,6,0,0,20.74,1,33.87,1,22.50,3,6
9,2,3,0,0,-inf,0,27.32,1,25.72,7,3
3,0,6,0,1,23.90,1,37.78,1,23.20,3,6
6,1,1,0,0,34.31,1,45.22,0,-86.73,5,1
4,0,2,0,1,37.95,1,49.68,1,16.01,4,2
4,0,5,0,1,25.27,1,38.22,1,22.02,4,5
5,0,2,0,1,34.42,1,45.98,1,18.43,5,2
4,0,5,2,0,25.57,0,38.21,1,21.42,4,3
7,0,5,0,1,12.34,1,25.67,1,23.15,7,5
7,1,7,2,0,-inf,0,18.45,1,25.16,6,5
11,1,2,0,0,-inf,1,28.66,1,21.28,10,2
11,0,4,2,0,14.67,1,22.57,1,26.29,11,2
3,1,4,0,0,33.90,1,45.97,1,18.78,2,4
3,0,4,0,1,34.07,1,46.10,1,22.37,3,4
11,0,3,0,1,19.12,1,26.00,1,26.07,11,3
5,0,2,0,1,34.33,1,45.81,1,20.24,5,2
7,0,3,0,1,20.28,1,34.00,1,21.73,7,3
8,0,3,1,0,19.07,1,31.75,1,24.15,8,2
1,0,1,0,1,55.42,1,64.00,0,-198.00,1,1
5,0,2,0,1,34.01,1,45.79,1,19.20,5,2
2,0,7,1,0,26.40,1,38.00,1,20.26,2,6
4,0,5,0,1,25.78,1,38.22,1,24.93,4,5
7,0,9,0,1,2.58,1,13.29,1,26.13,7,9
4,0,5,0,1,25.96,1,38.51,1,23.54,4,5
3,0,6,0,1,26.09,1,38.09,1,21.21,3,6
3,1,6,0,0,26.50,1,38.36,1,21.51,2,6
6,0,5,0,1,19.55,1,32.11,1,28.50,6,5
3,0,10,0,1,19.25,1,26.57,1,24.26,3,10
3,1,8,0,0,18.86,1,29.59,1,22.67,2,8
4,0,1,0,1,43.29,1,53.37,0,-84.89,4,1
3,0,4,0,1,34.23,1,46.23,1,22.00,3,4
4,0,4,0,1,29.80,1,42.29,1,23.53,4,4
8,1,5,0,0,11.38,1,23.05,1,24.38,7,5
5,0,4,0,1,27.88,1,39.78,1,23.88,5,4
5,0,4,0,1,25.79,1,38.59,1,21.77,5,4
6,0,2,0,1,32.41,1,44.00,1,25.00,6,2
3,1,5,1,0,28.81,1,41.87,1,22.49,2,4
7,1,5,0,0,-inf,1,25.35,1,23.79,6,5
4,1,2,0,0,37.91,1,49.66,1,18.34,3,2
4,0,6,0,1,20.83,1,34.03,1,23.64,4,6
6,0,6,0,1,13.35,1,27.40,1,29.93,6,6
1,0,8,2,0,-inf,0,37.04,0,-85.13,1,6
8,1,4,0,0,15.01,1,26.50,1,23.82,7,4
6,0,3,0,1,27.38,1,39.78,1,23.10,6,3
5,1,3,0,0,30.39,1,42.46,1,22.31,4,3
3,0,4,0,1,34.25,1,46.09,1,22.21,3,4
9,1,5,0,0,-inf,1,20.12,1,25.15,8,5
8,1,3,1,0,20.16,1,32.03,1,25.39,7,2
7,0,8,1,0,-inf,1,15.41,1,28.10,7,7
9,1,2,0,0,-inf,1,30.73,1,22.15,8,2
3,0,3,0,1,38.65,1,50.14,1,21.31,3,3
8,0,3,0,1,24.40,1,34.14,1,31.75,8,3
8,0,6,0,1,10.04,1,20.97,1,26.81,8,6
4,1,5,1,0,25.90,1,38.84,1,22.46,3,4
9,0,5,0,1,11.10,1,20.77,1,25.07,9,5
3,1,7,1,0,21.70,1,34.71,1,22.45,2,6
6,0,4,0,1,21.78,1,34.46,1,23.16,6,4
5,1,2,1,0,33.36,1,45.65,0,18.58,4,1
2,0,6,0,1,29.83,1,41.66,1,19.62,2,6
4,1,5,0,0,27.62,1,39.49,1,26.60,3,5
4,0,6,1,0,22.00,1,34.60,1,23.25,4,5
6,0,5,1,0,16.42,1,30.25,1,22.56,6,4
2,0,6,0,1,30.23,1,41.96,1,20.81,2,6
2,0,1,0,1,51.18,1,60.71,0,-91.62,2,1
2,0,6,0,1,30.44,1,41.93,1,20.51,2,6
5,0,7,0,1,14.50,1,28.13,1,27.16,5,7
4,0,7,0,1,18.55,1,31.77,1,25.34,4,7
8,0,4,0,1,19.54,1,30.53,1,27.58,8,4
9,0,5,0,1,12.77,1,23.47,1,27.19,9,5
3,0,6,0,1,24.50,1,37.84,1,21.80,3,6
5,0,8,1,0,-inf,1,21.51,1,23.39,5,7
6,2,5,0,0,17.68,0,30.10,1,22.29,4,5
4,2,4,0,0,31.02,0,43.14,1,22.16,2,4
10,0,2,0,1,23.46,1,30.99,1,20.07,10,2
6,0,2,0,1,28.98,1,41.60,1,22.77,6,2
5,0,8,1,0,-inf,1,21.85,1,25.30,5,7
2,1,7,0,0,24.58,1,37.37,0,20.45,1,7
5,0,2,1,0,34.50,1,46.05,0,18.96,5,1
3,0,4,0,1,33.65,1,45.76,1,19.22,3,4
4,0,9,1,0,-inf,1,24.04,1,24.62,4,8
2,0,5,0,1,34.09,1,45.88,1,18.86,2,5
4,0,9,1,0,-inf,1,23.49,1,30.88,4,8
6,0,6,0,1,16.00,1,27.80,1,27.84,6,6
7,0,7,0,1,6.91,1,18.30,1,25.78,7,7
4,2,8,2,0,16.89,0,29.80,1,26.23,2,6
3,0,4,0,1,33.51,1,45.82,1,19.57,3,4
2,0,1,0,1,51.31,1,60.69,0,-91.60,2,1
1,0,1,0,1,55.54,1,64.00,0,-198.00,1,1
3,1,3,0,0,37.80,1,49.67,1,19.15,2,3
5,0,5,0,1,20.66,1,34.02,1,25.25,5,5
7,0,4,1,0,17.99,1,30.34,1,23.75,7,3
3,0,7,0,1,24.22,1,36.16,1,24.60,3,7
5,0,8,1,0,-inf,1,22.55,1,26.51,5,7
6,0,9,2,0,-inf,0,-inf,1,24.11,6,7
3,0,4,0,1,34.18,1,46.00,1,19.53,3,4
5,0,4,0,1,25.85,1,38.60,1,23.82,5,4
7,0,2,0,1,26.69,1,39.44,1,22.67,7,2
2,0,6,1,0,29.06,1,41.82,1,19.98,2,5
10,0,3,0,1,19.27,1,27.60,1,24.05,10,3
8,0,7,0,1,2.00,1,14.88,1,26.08,8,7
4,0,5,0,1,25.96,1,38.35,1,24.22,4,5
9,1,4,0,0,-inf,1,22.17,1,24.79,8,4
5,0,3,0,1,29.74,1,42.10,1,23.22,5,3
6,0,3,0,1,25.96,1,38.25,1,24.36,6,3
5,1,3,0,0,29.01,1,41.87,1,22.08,4,3
3,0,2,0,1,42.33,1,53.54,1,15.21,3,2
5,0,6,0,1,17.55,1,30.86,1,27.42,5,6
4,0,4,0,1,29.72,1,42.22,1,19.81,4,4
4,0,4,0,1,29.86,1,42.24,1,21.57,4,4
3,1,5,0,0,29.64,1,42.06,1,20.22,2,5
2,0,2,0,1,47.05,1,57.43,1,17.43,2,2
3,2,9,1,0,19.30,0,28.48,0,25.33,1,8
3,0,5,1,0,29.63,1,41.93,1,20.41,3,4
2,0,6,0,1,29.59,1,41.93,1,20.70,2,6
2,0,8,2,0,-inf,0,32.95,1,27.60,2,6
3,1,2,0,0,42.36,1,53.51,1,16.30,2,2
7,0,8,1,0,4.46,1,16.36,1,28.98,7,7
4,1,3,1,0,36.43,1,47.09,1,26.59,3,2
7,0,6,0,1,7.75,1,22.01,1,25.77,7,6
6,0,5,0,1,18.76,1,32.18,1,27.34,6,5
8,0,4,0,1,15.99,1,27.44,1,25.17,8,4
6,2,2,0,0,31.72,0,43.36,1,23.29,4,2
5,0,5,1,0,21.09,1,34.23,1,23.46,5,4
3,0,3,0,1,38.38,1,49.96,1,17.55,3,3
2,0,2,0,1,47.02,1,57.48,1,15.65,2,2
2,1,3,0,0,42.37,1,53.58,0,17.03,1,3
4,0,2,1,0,38.67,1,49.96,0,19.71,4,1
4,0,5,0,1,27.67,1,39.85,1,25.75,4,5
8,0,4,0,1,20.38,1,31.48,1,32.34,8,4
5,1,6,1,0,17.61,1,30.36,1,23.54,4,5
3,0,5,0,1,30.37,1,42.30,1,21.59,3,5
8,0,6,0,1,8.75,1,20.70,1,27.94,8,6
6,1,4,1,0,21.84,1,34.48,1,23.23,5,3
7,0,4,0,1,18.83,1,30.77,1,24.76,7,4
5,0,3,0,1,31.83,1,43.19,1,26.51,5,3
4,0,1,0,1,42.43,1,53.05,0,-88.90,4,1
4,0,5,0,1,25.71,1,38.40,1,24.38,4,5
7,0,4,0,1,19.36,1,30.67,1,23.01,7,4
4,0,5,1,0,25.38,1,38.36,1,23.20,4,4
4,0,6,0,1,21.33,1,34.52,1,22.72,4,6
5,0,3,0,1,29.40,1,41.89,1,19.68,5,3
3,0,6,1,0,26.21,1,38.32,1,21.70,3,5
8,0,8,0,1,1.58,1,12.11,1,28.28,8,8
6,0,7,0,1,10.91,1,23.19,1,25.47,6,7
4,0,5,1,0,26.19,1,38.31,1,20.71,4,4
5,1,5,1,0,20.74,1,34.24,1,23.28,4,4
3,1,6,1,0,26.81,1,38.61,1,20.95,2,5
6,1,5,0,0,16.69,1,30.02,1,23.54,5,5
2,2,3,0,0,42.41,0,53.59,0,17.78,0,3
5,0,7,0,1,14.25,1,27.70,1,26.80,5,7
9,2,4,1,0,-inf,0,26.22,1,27.39,7,3
8,1,12,1,0,2.58,1,7.64,1,30.60,7,11
5,0,2,0,1,34.86,1,46.10,1,19.28,5,2
3,1,6,1,0,26.24,1,38.17,1,21.43,2,5
3,0,6,2,0,24.89,0,37.69,1,22.51,3,4
6,1,5,0,0,16.87,1,30.48,1,23.23,5,5
3,0,3,0,1,38.37,1,50.08,1,18.58,3,3
3,0,5,1,0,28.79,1,41.63,1,22.47,3,4
5,0,6,0,1,18.78,1,31.99,1,25.01,5,6
1,0,9,0,1,27.66,1,34.58,0,-85.43,1,9
5,0,6,0,1,16.86,1,30.08,1,24.46,5,6
5,0,7,0,1,14.06,1,26.00,1,25.38,5,7
7,2,6,0,0,7.75,0,22.25,1,25.92,5,6
7,0,2,0,1,27.24,1,38.10,1,22.21,7,2
6,2,1,0,0,33.52,0,45.24,0,-87.80,4,1
4,1,4,0,0,29.86,1,42.08,1,20.24,3,4
5,0,2,0,1,33.90,1,45.76,1,19.15,5,2
6,0,1,0,1,34.48,1,45.47,0,-87.20,6,1
4,1,2,0,0,38.36,1,49.67,1,19.58,3,2
2,0,3,0,1,42.83,1,53.80,1,18.17,2,3
5,0,8,0,1,10.09,1,22.70,1,24.21,5,8
10,1,4,0,0,-inf,1,23.03,1,25.18,9,4
5,2,1,0,0,37.91,0,48.83,0,-89.14,3,1
4,1,4,0,0,29.34,1,41.74,1,21.90,3,4
4,0,3,1,0,34.02,1,46.15,1,19.27,4,2
10,1,4,1,0,14.81,1,24.67,1,26.43,9,3
